wretched	-4.20	0.97
victim	-4.10	0.81
worst	-3.95	1.25
curse	-3.92	1.07
dreadful	-3.92	1.27
doom	-3.86	1.16
fate	-3.84	1.03
miserable	-3.78	0.94
wicked	-3.74	0.96
wretch	-3.72	0.84
fearful	-3.68	1.38
condition	-3.52	1.30
weak	-3.51	0.92
terrible	-3.49	1.54
worse	-3.48	1.49
helpless	-3.41	1.11
bloody	-3.39	1.62
calamity	-3.34	0.95
monster	-3.34	1.57
ignorant	-3.32	0.77
disgrace	-3.30	1.33
awful	-3.25	1.69
doomed	-3.25	0.53
dreaded	-3.22	1.26
destitute	-3.21	0.95
deadly	-3.16	1.22
desolate	-3.15	1.46
reproach	-3.14	1.15
dependent	-3.14	0.91
death	-3.11	0.63
vengeance	-3.11	1.17
blind	-3.02	0.87
effects	-3.00	1.86
ill	-2.99	1.22
cruel	-2.98	0.43
creatures	-2.97	0.88
consequences	-2.97	1.27
faults	-2.96	1.49
selfishness	-2.96	1.19
enemies	-2.93	1.30
foolish	-2.91	0.80
folly	-2.89	1.19
pursued	-2.89	2.11
silly	-2.89	0.91
pity	-2.88	0.99
injustice	-2.86	1.31
bitterness	-2.85	1.47
sick	-2.85	0.98
wounded	-2.85	0.96
dread	-2.84	0.81
prisoners	-2.84	1.63
strife	-2.84	1.47
stupid	-2.82	1.19
hatred	-2.81	1.62
wrath	-2.81	1.48
evils	-2.80	1.36
envy	-2.79	1.60
fatal	-2.78	0.79
jealousy	-2.77	1.60
scorn	-2.76	1.58
inevitable	-2.76	0.79
orphan	-2.75	1.24
lot	-2.75	1.63
hopeless	-2.74	0.47
injurious	-2.73	1.75
ragged	-2.73	1.25
revenge	-2.68	1.58
rage	-2.68	1.60
injury	-2.67	1.40
suspicion	-2.64	1.60
hostility	-2.63	1.65
frightful	-2.63	2.08
ruin	-2.62	0.58
cruelty	-2.59	0.77
error	-2.59	1.47
anger	-2.59	1.67
violence	-2.59	0.67
foe	-2.58	0.60
victims	-2.57	0.32
errors	-2.57	1.51
frightened	-2.55	1.18
ignorance	-2.55	0.70
fool	-2.54	1.07
cure	-2.53	1.46
spectacle	-2.53	2.03
wrong	-2.53	1.53
restless	-2.52	1.70
villain	-2.50	0.43
hell	-2.50	1.00
speculations	-2.49	1.85
hungry	-2.49	1.26
poison	-2.48	1.44
oppression	-2.46	0.74
shame	-2.46	0.59
madness	-2.45	0.54
sin	-2.44	1.36
affair	-2.43	1.84
misery	-2.42	0.54
passions	-2.42	1.18
presented	-2.42	2.22
irish	-2.41	1.41
weakness	-2.40	0.50
dying	-2.40	1.16
disease	-2.39	0.62
ridiculous	-2.39	1.77
neglect	-2.39	0.76
insult	-2.38	0.90
reflections	-2.38	1.75
deed	-2.37	0.72
wandering	-2.37	1.78
aroused	-2.36	1.89
dislike	-2.36	1.79
mat	-2.35	1.29
selfish	-2.34	0.45
contempt	-2.33	1.20
tyranny	-2.32	0.67
alas	-2.32	1.50
torture	-2.30	0.36
feeble	-2.30	0.64
crime	-2.28	0.99
painful	-2.28	1.95
abuse	-2.28	0.77
undoubtedly	-2.27	1.82
misfortune	-2.26	0.64
insensible	-2.25	0.59
event	-2.25	2.03
temptation	-2.24	1.54
poverty	-2.24	0.49
reckless	-2.24	0.54
beast	-2.24	0.63
hereditary	-2.23	1.72
vice	-2.23	0.70
jack	-2.23	1.65
sad	-2.22	1.76
unjust	-2.21	0.60
punish	-2.21	0.82
influences	-2.21	1.77
burn	-2.21	1.69
mortal	-2.20	1.59
delay	-2.20	2.18
dangerous	-2.19	1.59
drunk	-2.18	1.77
nelly	-2.18	1.45
bitter	-2.17	1.02
complaint	-2.17	0.69
formal	-2.17	1.94
guilt	-2.17	0.76
crimes	-2.17	1.02
committed	-2.16	1.07
tendency	-2.16	1.79
furious	-2.16	0.80
fierce	-2.16	0.87
defiance	-2.16	1.33
exciting	-2.15	2.04
occurred	-2.15	2.15
recollection	-2.14	1.97
remorse	-2.13	0.59
disgust	-2.12	1.08
sighed	-2.12	1.49
effect	-2.11	1.79
base	-2.11	0.50
temper	-2.11	1.70
fever	-2.10	0.47
fury	-2.10	1.10
threatened	-2.10	0.61
henceforth	-2.07	1.91
influence	-2.07	1.89
unworthy	-2.06	0.45
vanity	-2.05	0.86
destruction	-2.04	0.58
born	-2.04	1.50
crisis	-2.04	0.82
useless	-2.04	0.42
commit	-2.04	0.98
danger	-2.04	0.75
falsehood	-2.04	0.93
jealous	-2.03	1.86
disappointment	-2.02	0.89
re	-2.01	1.76
dirty	-2.01	0.84
extravagant	-2.01	0.42
unnecessary	-2.00	2.14
mood	-1.97	1.80
fear	-1.96	0.66
terror	-1.96	0.77
utterly	-1.95	0.56
horror	-1.95	0.72
angry	-1.94	0.89
wrongs	-1.93	0.89
mad	-1.93	0.52
perish	-1.93	0.36
encounter	-1.92	0.64
prejudice	-1.92	0.97
tobacco	-1.91	2.12
sickness	-1.91	0.23
mischief	-1.90	1.64
despair	-1.90	0.60
conflict	-1.90	0.79
continually	-1.89	1.82
separation	-1.89	2.11
apprehension	-1.88	0.75
desperate	-1.87	0.73
punishment	-1.87	0.75
agony	-1.86	0.78
shock	-1.86	0.63
dangers	-1.85	0.69
suffering	-1.84	0.26
anguish	-1.84	0.70
impressed	-1.83	2.17
offence	-1.83	0.97
tremendous	-1.82	0.99
loss	-1.82	0.54
false	-1.82	0.62
insanity	-1.81	0.49
ruined	-1.81	0.54
wounds	-1.80	0.49
charge	-1.80	0.59
distress	-1.80	0.39
causes	-1.80	0.98
boy	-1.79	1.39
sudden	-1.78	0.81
punished	-1.78	0.90
weary	-1.78	0.63
pride	-1.77	1.30
threatening	-1.77	0.55
naked	-1.77	0.75
rival	-1.76	0.80
guilty	-1.76	1.07
hostile	-1.76	0.86
unconscious	-1.74	0.57
pain	-1.74	0.51
escaped	-1.74	0.74
fiery	-1.73	0.65
murmured	-1.72	1.61
indignation	-1.72	1.34
treason	-1.72	0.78
recall	-1.72	2.38
utter	-1.71	0.68
children	-1.71	1.54
nervous	-1.70	0.29
child	-1.70	1.55
weeping	-1.70	1.52
stirred	-1.69	1.85
feared	-1.69	1.77
fault	-1.69	1.01
woe	-1.67	0.74
apprehensions	-1.67	0.81
result	-1.67	0.84
fellow	-1.65	1.47
lest	-1.65	0.59
willie	-1.65	1.62
uneasy	-1.65	0.44
indifferent	-1.65	0.52
living	-1.65	1.48
idle	-1.64	0.56
vulgar	-1.64	0.53
totally	-1.63	0.52
awaited	-1.63	0.52
formidable	-1.62	0.73
weapons	-1.62	0.71
spared	-1.62	0.26
woman	-1.62	1.26
savage	-1.61	0.39
murder	-1.61	0.95
violent	-1.61	0.62
inglehardt	-1.61	0.90
difficulties	-1.60	0.77
absurd	-1.60	0.55
ambition	-1.60	1.05
stir	-1.60	1.07
insane	-1.59	0.38
rescue	-1.58	0.61
enemy	-1.58	0.74
creature	-1.58	1.49
mingled	-1.57	0.80
suffer	-1.57	0.63
controversy	-1.57	1.04
physician	-1.57	0.49
blow	-1.56	0.56
exhausted	-1.56	0.63
captive	-1.55	0.58
stake	-1.55	0.48
sorrow	-1.53	0.71
prey	-1.53	0.46
suspicions	-1.53	1.10
widow	-1.53	1.55
results	-1.53	1.00
alarm	-1.51	0.65
drinking	-1.51	2.05
charged	-1.50	0.73
travis	-1.50	1.02
forgot	-1.50	0.34
caused	-1.50	0.66
condemned	-1.49	0.54
defects	-1.48	1.09
battle	-1.48	0.81
unnatural	-1.48	0.62
suffered	-1.47	0.42
against	-1.46	0.69
operation	-1.46	1.15
regret	-1.46	0.68
obstacles	-1.46	0.67
foes	-1.45	0.73
refuge	-1.45	0.69
occasioned	-1.45	0.55
attack	-1.45	0.48
hammond	-1.45	0.71
anxiety	-1.44	0.70
recalled	-1.44	2.32
oppressed	-1.44	0.45
sinking	-1.43	0.62
impatience	-1.43	0.99
flames	-1.43	0.70
dog	-1.43	0.57
traced	-1.43	0.55
illness	-1.43	0.39
fears	-1.43	0.75
sins	-1.42	0.78
indignant	-1.42	0.70
contest	-1.42	0.71
relieved	-1.41	0.50
indifference	-1.41	0.56
exposure	-1.41	0.66
sentence	-1.40	0.45
struggle	-1.40	0.56
excited	-1.39	0.81
tempted	-1.39	0.53
savages	-1.38	0.46
severe	-1.37	0.44
armed	-1.37	0.79
neglected	-1.37	0.42
muttered	-1.36	0.81
fugitive	-1.36	0.49
gods	-1.35	0.56
crushed	-1.35	0.33
stroke	-1.35	0.52
witnessed	-1.35	1.17
indulgence	-1.34	0.69
alarmed	-1.34	0.49
impatient	-1.33	0.58
unknown	-1.33	0.56
patients	-1.33	0.56
hunger	-1.33	0.23
changes	-1.32	0.84
doubts	-1.32	0.71
lad	-1.31	0.87
indians	-1.30	0.49
agitation	-1.30	0.83
saved	-1.29	0.27
agitated	-1.29	0.40
devil	-1.28	0.69
beings	-1.28	0.72
peril	-1.28	0.49
sinclair	-1.28	1.06
barry	-1.28	0.78
prison	-1.27	0.50
blame	-1.27	0.57
dick	-1.27	0.92
mother	-1.27	1.66
ensued	-1.27	0.66
relieve	-1.26	0.43
treatment	-1.26	0.41
faint	-1.26	0.67
failure	-1.26	0.66
criminal	-1.26	0.64
events	-1.26	1.04
objections	-1.25	0.55
beasts	-1.25	0.51
mistake	-1.25	0.96
haughty	-1.25	1.13
change	-1.24	0.48
abandoned	-1.24	0.33
dismal	-1.24	0.70
check	-1.24	0.84
ones	-1.23	1.01
consequence	-1.23	0.76
defeat	-1.21	0.48
conditions	-1.21	0.50
despotism	-1.21	0.63
sufferings	-1.20	0.39
lonely	-1.20	0.86
necessarily	-1.19	0.51
state	-1.19	0.52
reckon	-1.19	1.01
struggles	-1.19	0.56
lover	-1.19	1.54
extreme	-1.18	0.40
save	-1.18	0.41
hinkley	-1.18	0.70
couch	-1.18	0.76
troubles	-1.18	0.49
act	-1.18	0.83
excite	-1.17	0.76
pursue	-1.17	0.61
attendant	-1.17	0.41
frame	-1.17	0.37
confusion	-1.17	0.33
hurt	-1.17	0.74
extremity	-1.16	0.39
sadness	-1.16	0.63
bottle	-1.16	1.16
destiny	-1.16	0.61
timid	-1.16	0.86
jail	-1.16	0.49
severity	-1.15	0.43
shared	-1.15	0.38
animal	-1.15	0.74
wolf	-1.14	0.50
hospital	-1.14	0.53
wound	-1.14	0.45
spite	-1.14	0.32
fight	-1.14	0.57
impress	-1.13	0.87
confession	-1.13	0.74
alleged	-1.13	0.60
acts	-1.13	0.87
infant	-1.12	1.04
partial	-1.12	0.71
weapon	-1.12	0.56
trembling	-1.12	0.45
troubled	-1.12	0.54
engage	-1.12	0.56
war	-1.12	0.80
tremble	-1.12	0.53
meanwhile	-1.12	0.62
pressure	-1.11	0.99
accused	-1.11	0.78
excitement	-1.10	0.76
fighting	-1.10	0.53
seriously	-1.10	0.37
perished	-1.10	0.33
produced	-1.10	0.99
knife	-1.10	0.54
produce	-1.10	1.00
ef	-1.09	0.99
fought	-1.09	0.60
burned	-1.08	0.86
expense	-1.08	0.71
maxwell	-1.08	0.65
overcome	-1.08	0.43
issue	-1.08	0.59
examined	-1.08	0.45
expose	-1.08	0.61
aim	-1.08	0.54
endure	-1.07	0.37
lucia	-1.07	0.99
pockets	-1.07	0.57
circumstances	-1.07	0.86
startling	-1.07	1.18
partly	-1.07	0.36
killed	-1.07	0.48
cup	-1.07	0.98
differences	-1.06	0.66
wholly	-1.05	0.41
solitary	-1.04	0.84
severely	-1.04	0.46
powerful	-1.04	0.88
produces	-1.04	0.95
decay	-1.02	0.20
jest	-1.02	0.97
grief	-1.02	1.07
rejected	-1.02	0.52
arbitrary	-1.02	0.48
dead	-1.01	1.01
irresistible	-1.01	0.63
spare	-1.01	0.54
lone	-1.01	0.88
wars	-1.01	0.55
arrested	-1.01	0.51
conclusion	-1.00	0.54
witness	-0.99	0.59
mistaken	-0.99	0.53
midst	-0.99	0.54
lion	-0.99	0.51
medicine	-0.99	0.43
debate	-0.99	0.63
toil	-0.99	0.42
spell	-0.98	0.67
race	-0.98	0.47
conclusions	-0.98	0.72
absence	-0.98	0.54
destroyed	-0.98	0.37
laudonniere	-0.98	0.51
excess	-0.98	0.79
mysterious	-0.98	0.79
barren	-0.97	0.67
instant	-0.97	0.34
whom	-0.97	1.68
l	-0.97	0.53
sex	-0.97	1.97
waste	-0.97	0.58
petty	-0.97	0.41
nurse	-0.96	1.07
apt	-0.96	0.46
occurrence	-0.96	1.26
objection	-0.96	0.51
opposition	-0.96	0.64
avoided	-0.96	0.54
ellie	-0.95	0.94
simon	-0.95	0.44
harm	-0.95	0.72
sword	-0.94	0.51
wasted	-0.94	0.31
release	-0.94	0.52
serious	-0.94	0.49
pistol	-0.93	0.55
deer	-0.93	0.48
occur	-0.93	0.78
bewildered	-0.93	0.41
gratification	-0.93	0.73
prisoner	-0.93	0.52
remedy	-0.93	0.84
thar	-0.92	0.88
train	-0.92	0.52
confused	-0.92	0.39
slightest	-0.92	0.48
resist	-0.92	0.57
negro	-0.91	0.76
eagerness	-0.91	0.71
rests	-0.91	0.36
correct	-0.91	0.83
risk	-0.91	0.75
revolution	-0.91	0.64
blows	-0.91	0.52
liable	-0.91	0.44
gloomy	-0.90	0.80
medical	-0.90	0.48
fired	-0.90	0.30
plea	-0.90	0.51
realized	-0.90	0.61
necessities	-0.90	0.38
elder	-0.90	1.17
present	-0.89	0.51
ward	-0.89	0.51
hunt	-0.89	0.53
resistance	-0.89	0.52
wreck	-0.89	0.40
producing	-0.89	0.99
ambitious	-0.89	0.64
discovery	-0.89	0.53
slave	-0.89	0.46
subjected	-0.88	0.32
injured	-0.88	0.65
pack	-0.88	0.50
deficiency	-0.88	0.61
vernon	-0.88	0.51
harsh	-0.87	0.22
startled	-0.87	0.44
whales	-0.87	0.50
tempest	-0.87	0.69
exerted	-0.87	1.00
deserted	-0.87	0.51
shot	-0.86	0.30
tidings	-0.86	0.50
encountered	-0.86	0.48
remove	-0.86	0.47
existence	-0.86	0.51
whale	-0.85	0.53
opponents	-0.85	0.54
soldiers	-0.85	0.45
removal	-0.85	0.49
cunning	-0.85	0.42
warrior	-0.85	0.45
attacked	-0.84	0.29
sorrows	-0.84	0.52
odd	-0.84	0.59
garrison	-0.84	0.46
slain	-0.84	0.48
fortunes	-0.83	0.43
reform	-0.83	0.49
dogs	-0.83	0.47
consequently	-0.83	0.41
interference	-0.82	0.60
incident	-0.82	1.21
stevens	-0.82	0.59
speculation	-0.82	0.59
errand	-0.82	0.61
self	-0.82	0.53
consumed	-0.82	0.65
trial	-0.81	0.38
swear	-0.81	0.75
justly	-0.81	0.46
dreary	-0.80	0.73
baron	-0.80	0.66
avoid	-0.80	0.58
escape	-0.80	0.45
trials	-0.80	0.34
doctor	-0.79	0.74
tired	-0.79	0.81
proceeds	-0.79	0.51
desert	-0.79	0.74
gideon	-0.78	0.42
motives	-0.78	0.63
thereof	-0.78	0.40
roused	-0.78	0.56
witnesses	-0.78	0.25
surrender	-0.78	0.45
revolutionary	-0.78	0.58
peers	-0.78	0.30
sadly	-0.77	0.72
pistols	-0.77	0.33
suggested	-0.77	0.54
chiefs	-0.76	0.41
affected	-0.76	0.34
ralph	-0.76	0.83
anticipated	-0.76	0.56
storm	-0.76	0.74
jones	-0.76	0.69
county	-0.76	0.40
prejudices	-0.75	0.59
sway	-0.75	0.64
oscar	-0.75	0.76
wild	-0.75	0.29
difference	-0.75	0.56
theories	-0.75	0.68
girl	-0.75	1.56
gun	-0.75	0.28
ned	-0.74	0.55
worn	-0.74	0.55
fires	-0.74	1.01
sergeant	-0.74	0.60
commission	-0.74	0.49
sheep	-0.74	0.57
powder	-0.74	0.50
nerves	-0.74	0.35
sam	-0.74	0.71
edgerton	-0.73	0.55
scene	-0.73	1.14
dominion	-0.73	0.53
complain	-0.73	0.47
wilderness	-0.73	0.80
grew	-0.73	0.57
harley	-0.73	0.47
bim	-0.73	0.56
succession	-0.72	0.42
carrie	-0.72	1.22
heathen	-0.72	0.49
mighty	-0.72	0.49
owing	-0.72	0.47
crying	-0.72	0.99
reasoning	-0.71	0.61
mixture	-0.71	0.25
awaken	-0.71	0.74
parson	-0.71	0.69
jury	-0.71	0.39
agency	-0.71	0.79
exist	-0.71	0.38
manabozho	-0.71	0.51
hang	-0.71	0.72
comparatively	-0.71	0.68
lap	-0.70	1.05
suggest	-0.70	0.76
judgment	-0.70	0.42
vague	-0.70	0.42
alike	-0.70	0.39
pursuit	-0.70	0.63
execution	-0.70	0.47
seemingly	-0.70	0.34
boots	-0.70	0.64
fellows	-0.70	0.75
including	-0.69	0.61
notwithstanding	-0.69	0.36
ha	-0.69	0.69
action	-0.69	0.67
tiger	-0.69	0.65
offensive	-0.69	0.87
ben	-0.69	0.81
justify	-0.69	0.42
rodney	-0.69	0.66
strong	-0.69	0.37
surprise	-0.68	0.77
shaken	-0.68	0.34
excuse	-0.68	0.48
track	-0.68	0.51
everlasting	-0.68	0.67
andrew	-0.68	0.62
luck	-0.67	1.97
doubtful	-0.67	0.60
lead	-0.67	0.50
reminded	-0.67	0.92
mourning	-0.67	0.49
shoes	-0.67	0.64
cause	-0.67	0.39
son	-0.67	1.31
formation	-0.67	0.34
sink	-0.66	0.12
die	-0.66	0.49
disappointed	-0.66	0.48
charley	-0.66	1.02
score	-0.66	0.22
positively	-0.66	0.47
guns	-0.66	0.27
pursuing	-0.66	0.60
habits	-0.66	0.52
course	-0.66	0.58
soldier	-0.66	0.65
sisters	-0.66	1.09
sleeping	-0.66	0.81
baby	-0.65	1.14
prevailed	-0.65	0.40
older	-0.65	0.73
awakened	-0.65	0.61
civil	-0.65	0.52
create	-0.65	0.39
urge	-0.65	0.56
glass	-0.65	1.10
suggestions	-0.65	0.64
fancies	-0.65	0.55
resisted	-0.65	0.50
arguments	-0.65	0.58
died	-0.65	1.08
question	-0.65	0.55
guardian	-0.64	0.84
constant	-0.64	0.47
rifle	-0.64	0.31
bobby	-0.64	0.72
flush	-0.64	0.74
arrows	-0.64	0.25
drink	-0.64	1.23
wonder	-0.64	0.57
premises	-0.64	0.21
resumed	-0.64	0.53
motive	-0.64	0.44
trembled	-0.64	0.49
jaspar	-0.63	0.43
isaac	-0.63	0.86
suspected	-0.63	0.89
stronger	-0.63	0.52
women	-0.63	0.96
composed	-0.63	0.43
parke	-0.62	0.91
intense	-0.62	0.74
ashes	-0.62	0.48
removing	-0.62	0.45
studies	-0.62	0.57
effected	-0.62	0.66
forces	-0.62	0.61
hunter	-0.62	0.37
flight	-0.62	0.16
claude	-0.62	0.69
particulars	-0.62	0.94
respects	-0.61	0.47
samuel	-0.61	0.92
discussion	-0.61	0.45
bed	-0.61	0.70
candle	-0.61	0.53
too	-0.61	0.58
torn	-0.61	0.51
geraldine	-0.61	0.54
shield	-0.61	0.37
giant	-0.61	0.60
descent	-0.61	0.39
flame	-0.61	0.80
grandmother	-0.61	1.19
arid	-0.60	0.53
feed	-0.60	0.49
storms	-0.60	0.44
invisible	-0.60	0.41
willy	-0.60	0.54
unexpected	-0.60	0.59
kings	-0.60	0.59
cannon	-0.60	0.24
interview	-0.60	0.54
burning	-0.60	0.81
pair	-0.59	0.66
rush	-0.59	0.21
flock	-0.59	0.71
unlike	-0.59	0.46
anxious	-0.59	0.49
violation	-0.59	0.85
absorbed	-0.59	0.39
experienced	-0.59	0.33
hard	-0.59	0.45
hypothesis	-0.59	0.54
frenchmen	-0.59	0.20
ella	-0.59	0.90
armies	-0.59	0.25
cries	-0.59	0.62
surely	-0.58	0.68
thomas	-0.58	0.95
perpetual	-0.58	0.63
eh	-0.58	0.79
grandfather	-0.58	1.07
probable	-0.58	0.49
mothers	-0.58	1.01
violently	-0.58	0.20
dispute	-0.57	0.41
curiosity	-0.57	0.67
ellen	-0.57	1.11
authority	-0.57	0.70
health	-0.57	0.68
swamp	-0.57	0.45
worldly	-0.57	0.58
parliament	-0.57	0.39
aristocracy	-0.57	0.54
commons	-0.57	0.39
gratified	-0.57	0.54
detected	-0.56	0.38
axe	-0.56	0.30
acting	-0.56	0.53
stealing	-0.56	0.67
difficulty	-0.56	0.74
development	-0.56	0.42
younger	-0.56	1.14
cares	-0.56	0.52
checked	-0.56	0.54
drank	-0.55	1.16
quarrel	-0.55	0.53
favored	-0.55	2.06
captain	-0.55	0.79
reports	-0.55	0.35
walter	-0.55	0.79
monarch	-0.55	0.60
balls	-0.55	0.28
married	-0.55	1.20
colonel	-0.55	0.86
solely	-0.55	0.35
clothes	-0.55	0.62
entertained	-0.54	0.86
proves	-0.54	0.46
jonas	-0.54	0.56
camp	-0.54	0.51
peculiarities	-0.54	0.56
exposed	-0.54	0.42
wept	-0.54	1.46
follow	-0.54	0.47
johnson	-0.54	0.84
sailor	-0.54	0.63
pipe	-0.54	0.59
based	-0.54	0.21
occasion	-0.54	0.79
old	-0.54	1.50
william	-0.54	0.97
vacant	-0.54	0.51
pretensions	-0.53	0.47
frank	-0.53	0.70
cat	-0.53	0.52
fox	-0.53	0.33
control	-0.53	0.66
boys	-0.53	0.93
showed	-0.53	0.45
conscious	-0.53	0.24
mainly	-0.53	0.32
trouble	-0.53	0.31
abstract	-0.53	0.62
awoke	-0.53	0.48
sheriff	-0.53	0.20
fire	-0.53	0.74
alive	-0.53	0.44
chase	-0.52	0.29
hide	-0.52	0.21
rollo	-0.52	0.60
betrayed	-0.52	0.22
struggled	-0.52	0.42
nonsense	-0.52	0.72
opposed	-0.52	0.27
hat	-0.52	0.60
aloud	-0.52	0.73
haste	-0.51	0.40
final	-0.51	0.62
hesitation	-0.51	0.47
mallex	-0.51	0.62
warriors	-0.51	0.47
theirs	-0.51	0.25
ireland	-0.51	0.40
brothers	-0.51	1.02
depths	-0.50	0.51
companions	-0.50	0.59
adam	-0.50	0.66
reginald	-0.50	0.67
power	-0.50	0.75
joe	-0.50	0.84
exertion	-0.50	0.32
existing	-0.50	0.51
blanche	-0.50	1.01
entertain	-0.50	0.89
absolutely	-0.50	0.43
mary	-0.50	1.22
bag	-0.50	0.59
cast	-0.49	0.49
mystery	-0.49	0.41
crook	-0.49	0.32
joseph	-0.49	0.94
army	-0.49	0.20
solemn	-0.49	0.59
roland	-0.49	0.81
tail	-0.49	0.39
lily	-0.48	0.73
lords	-0.48	0.43
necessity	-0.48	0.60
endless	-0.48	0.59
brother	-0.48	1.24
guided	-0.48	0.42
coat	-0.48	0.63
winkle	-0.48	0.81
eva	-0.48	1.07
reformation	-0.48	0.53
aged	-0.48	0.86
constantly	-0.48	0.59
ceremony	-0.48	0.45
wine	-0.48	1.29
mark	-0.48	0.43
foremost	-0.47	0.57
horse	-0.47	0.37
jennie	-0.47	1.12
sons	-0.47	1.06
cheesy	-0.47	0.53
howland	-0.47	0.75
cases	-0.47	0.29
tribes	-0.47	0.20
recollect	-0.47	0.74
husband	-0.47	1.46
fled	-0.47	0.21
originally	-0.47	0.39
burr	-0.46	0.54
eldest	-0.46	1.16
deprived	-0.46	0.50
infancy	-0.46	0.86
lighted	-0.46	0.66
recovered	-0.46	0.33
astonishment	-0.46	0.50
dull	-0.46	0.49
casting	-0.46	0.36
martin	-0.46	0.74
jasper	-0.46	0.58
exhibited	-0.46	0.51
practised	-0.45	0.38
matters	-0.45	0.62
matter	-0.45	0.53
happened	-0.45	0.94
marie	-0.45	0.71
saving	-0.45	0.37
impressions	-0.45	0.49
indulge	-0.45	0.33
shook	-0.45	0.60
heir	-0.44	0.97
gale	-0.44	0.45
conquered	-0.44	0.17
proud	-0.44	0.94
alfred	-0.44	0.71
uniform	-0.44	0.65
tim	-0.44	0.59
sorrowful	-0.44	0.61
immediate	-0.44	0.48
array	-0.44	0.37
theory	-0.44	0.66
nobles	-0.44	0.55
wilson	-0.44	0.77
experiments	-0.44	0.58
fit	-0.44	0.40
tribe	-0.44	0.22
arise	-0.44	0.47
attorney	-0.44	0.23
lieutenant	-0.44	0.64
associates	-0.44	0.49
showing	-0.44	0.23
nathan	-0.44	0.61
fallen	-0.44	0.14
schemes	-0.43	0.47
hero	-0.43	0.57
jerry	-0.43	0.56
searching	-0.43	0.49
rational	-0.43	0.36
seeming	-0.43	0.51
bird	-0.43	0.67
family	-0.43	1.13
arrow	-0.43	0.21
passion	-0.43	1.80
bodily	-0.43	0.26
phenomena	-0.43	0.38
bitterly	-0.43	1.45
topic	-0.43	0.83
hesitated	-0.43	0.52
subordinate	-0.43	0.31
physical	-0.42	0.30
heels	-0.42	0.38
contrary	-0.42	0.24
submitted	-0.42	0.21
betray	-0.42	0.46
answers	-0.42	0.46
burden	-0.42	0.15
passionate	-0.42	0.86
fed	-0.42	0.46
driver	-0.42	0.39
approved	-0.42	0.59
loves	-0.41	1.92
exercise	-0.41	0.68
julia	-0.41	0.73
pupils	-0.41	0.50
conviction	-0.41	0.69
randolph	-0.41	0.36
reduced	-0.41	0.32
relate	-0.41	1.00
happen	-0.41	0.57
wandered	-0.41	0.89
commissioners	-0.41	0.15
exercised	-0.41	0.76
fix	-0.40	0.51
submit	-0.40	0.24
sharp	-0.40	0.26
conscience	-0.40	0.72
court	-0.40	0.22
messenger	-0.40	0.27
exclusively	-0.40	0.30
positive	-0.40	0.58
neighbor	-0.40	0.64
statute	-0.40	0.36
jurors	-0.40	0.23
experiment	-0.40	0.55
independent	-0.40	0.37
decision	-0.40	0.24
german	-0.40	0.42
nigh	-0.40	0.42
discipline	-0.40	0.54
almost	-0.40	0.30
ruffleton	-0.40	0.31
conducted	-0.40	0.46
agnes	-0.39	1.03
incidents	-0.39	1.23
judges	-0.39	0.22
affairs	-0.39	0.58
lowe	-0.39	0.83
loaded	-0.39	0.20
evinced	-0.39	0.28
animals	-0.39	0.38
expressed	-0.39	0.39
indicate	-0.39	0.54
school	-0.39	0.50
troops	-0.39	0.19
vain	-0.39	0.40
body	-0.39	0.41
estates	-0.39	0.45
systems	-0.39	0.55
throne	-0.39	0.48
deserved	-0.38	0.51
awake	-0.38	0.48
caution	-0.38	0.60
seized	-0.38	0.20
obscure	-0.38	0.32
sensation	-0.38	0.69
bounds	-0.38	0.51
dudley	-0.38	0.70
mental	-0.38	0.27
apparently	-0.38	0.24
founded	-0.38	0.20
discharged	-0.37	0.21
created	-0.37	0.21
reasons	-0.37	0.34
entirely	-0.37	0.26
remains	-0.37	0.47
incapable	-0.37	0.28
weep	-0.37	0.87
admired	-0.37	1.87
adopted	-0.37	0.51
tom	-0.37	0.75
dutch	-0.37	0.42
inquiries	-0.36	0.53
lip	-0.36	0.52
lean	-0.36	0.52
general	-0.36	0.34
ended	-0.36	0.63
pillow	-0.36	0.64
m	-0.36	0.55
treat	-0.36	0.46
parent	-0.36	1.03
club	-0.36	0.26
benjamin	-0.36	0.63
susan	-0.36	0.80
negroes	-0.36	0.27
cry	-0.36	0.39
birth	-0.35	0.39
proceedings	-0.35	0.23
likewise	-0.35	0.47
guard	-0.35	0.34
courts	-0.35	0.27
andy	-0.35	0.67
smith	-0.35	0.76
losing	-0.35	0.22
advantages	-0.35	0.72
repeat	-0.35	0.55
daughters	-0.35	1.16
coal	-0.35	0.55
iv	-0.35	0.40
senses	-0.35	0.23
bought	-0.35	0.48
clad	-0.35	0.63
grows	-0.35	0.65
struck	-0.35	0.18
discoveries	-0.35	0.70
ball	-0.35	0.32
doing	-0.35	0.78
detail	-0.35	0.65
outer	-0.35	0.46
exceptions	-0.35	0.28
protector	-0.35	0.57
blount	-0.35	0.50
recorded	-0.35	0.75
foster	-0.35	0.49
explain	-0.34	0.56
disturbed	-0.34	0.56
fancied	-0.34	0.77
signs	-0.34	0.23
altogether	-0.34	0.26
wives	-0.34	1.06
specimens	-0.34	0.46
philosophical	-0.34	0.66
oil	-0.34	0.84
robert	-0.34	0.85
smoke	-0.34	0.54
hanging	-0.34	0.32
smiling	-0.34	0.80
practice	-0.34	0.59
african	-0.34	0.19
invariably	-0.34	0.15
oh	-0.34	1.02
sansoucy	-0.34	0.74
reflection	-0.34	0.47
ideas	-0.34	0.57
lightning	-0.34	0.39
awe	-0.34	0.84
announcement	-0.34	0.53
position	-0.33	0.50
quid	-0.33	0.56
f	-0.33	0.44
popular	-0.33	0.62
ashamed	-0.33	0.55
alone	-0.33	0.60
things	-0.33	0.46
strange	-0.33	0.55
whereas	-0.33	0.31
shouted	-0.33	0.56
care	-0.33	0.68
expedition	-0.33	0.13
smoking	-0.33	1.07
doubt	-0.33	0.86
british	-0.32	0.16
society	-0.32	0.42
margaret	-0.32	1.11
john	-0.32	0.87
crown	-0.32	0.47
named	-0.32	0.94
almighty	-0.32	0.84
wake	-0.32	0.44
wife	-0.32	1.41
signal	-0.32	0.53
eager	-0.32	0.52
empty	-0.32	0.34
smiled	-0.32	0.81
picked	-0.32	0.47
ultimate	-0.32	0.36
arrest	-0.32	0.42
communicate	-0.32	0.46
sank	-0.32	0.39
rushed	-0.32	0.23
doubtless	-0.31	0.40
fanny	-0.31	1.03
cotton	-0.31	0.74
pause	-0.31	0.45
gates	-0.31	0.51
vi	-0.31	0.43
instinct	-0.31	0.97
legal	-0.31	0.32
feelings	-0.31	0.83
awhile	-0.31	0.41
indian	-0.31	0.17
louis	-0.31	0.59
indicated	-0.31	0.20
changing	-0.31	0.63
encourage	-0.31	0.53
fathers	-0.31	0.76
henry	-0.31	0.82
mate	-0.30	0.31
questions	-0.30	0.37
desires	-0.30	0.79
mounted	-0.30	0.19
conquest	-0.30	0.59
katy	-0.30	0.65
force	-0.30	0.39
objects	-0.30	0.32
scenes	-0.30	0.97
case	-0.30	0.22
wildly	-0.30	0.39
claire	-0.30	0.68
view	-0.30	0.60
perceive	-0.30	0.48
knee	-0.30	0.77
kill	-0.30	0.49
division	-0.29	0.44
cell	-0.29	0.20
affecting	-0.29	0.84
jane	-0.29	0.75
americans	-0.29	0.44
record	-0.29	0.75
forgotten	-0.29	0.45
roger	-0.29	0.59
persons	-0.29	0.53
shown	-0.29	0.48
person	-0.29	0.69
title	-0.29	0.45
miller	-0.29	0.71
represented	-0.29	0.63
studying	-0.29	0.49
lamb	-0.29	0.75
decided	-0.29	0.24
oldest	-0.29	0.78
arose	-0.29	0.13
stern	-0.28	0.42
stuff	-0.28	0.62
live	-0.28	0.54
crew	-0.28	0.37
english	-0.28	0.40
blaze	-0.28	0.71
surprised	-0.28	0.46
reported	-0.28	0.12
president	-0.28	0.31
beaten	-0.28	0.22
tears	-0.28	0.60
guly	-0.28	0.52
judicial	-0.28	0.27
justified	-0.28	0.46
philosophy	-0.28	0.61
quantities	-0.28	0.73
earl	-0.28	0.92
charles	-0.27	0.72
acted	-0.27	0.31
impulse	-0.27	0.80
lee	-0.27	0.67
officers	-0.27	0.23
world	-0.27	0.53
franklin	-0.27	0.50
signed	-0.27	0.48
erskine	-0.27	0.66
astonished	-0.27	0.55
deeply	-0.27	0.38
flushed	-0.27	0.27
female	-0.27	0.90
approach	-0.27	0.14
activity	-0.27	0.52
naval	-0.27	0.15
presence	-0.27	0.56
wear	-0.27	0.58
appetite	-0.27	0.36
teacher	-0.27	0.60
boston	-0.27	0.55
story	-0.27	0.60
describe	-0.27	0.60
details	-0.27	0.76
commodore	-0.26	0.45
empire	-0.26	0.19
look	-0.26	0.49
scotch	-0.26	0.50
continue	-0.26	0.38
elements	-0.26	0.48
wiser	-0.26	0.57
authorities	-0.26	0.30
playing	-0.26	0.66
kissed	-0.26	1.08
yer	-0.26	0.63
noise	-0.26	0.24
refer	-0.26	0.68
expression	-0.26	0.51
election	-0.26	0.14
thunder	-0.26	0.34
posterity	-0.26	0.45
masters	-0.26	0.16
alice	-0.26	0.62
interrupted	-0.26	0.45
law	-0.26	0.39
ai	-0.26	0.60
swept	-0.26	0.34
wherein	-0.26	0.43
murray	-0.25	0.50
edward	-0.25	0.98
laborer	-0.25	0.26
james	-0.25	0.77
stormy	-0.25	0.47
carolina	-0.25	0.14
flora	-0.25	0.58
downward	-0.25	0.15
fort	-0.25	0.18
ing	-0.25	0.38
uncle	-0.25	0.87
military	-0.25	0.16
inclination	-0.25	0.47
completely	-0.25	0.31
princes	-0.25	0.23
servants	-0.25	0.69
whilst	-0.25	0.43
altered	-0.25	0.49
deepest	-0.25	0.45
character	-0.25	0.42
emily	-0.25	0.73
apart	-0.25	0.17
urged	-0.24	0.20
gain	-0.24	0.60
edith	-0.24	0.77
flash	-0.24	0.38
n	-0.24	0.44
express	-0.24	0.34
regiment	-0.24	0.26
dropped	-0.24	0.20
jefferson	-0.24	0.26
em	-0.24	0.63
gloom	-0.24	0.33
chains	-0.24	0.51
lawrence	-0.24	0.64
lamp	-0.24	0.66
problem	-0.24	0.27
men	-0.24	0.54
criticism	-0.24	0.39
folks	-0.24	0.63
kate	-0.24	0.82
field	-0.24	0.29
surrounded	-0.23	0.46
ship	-0.23	0.26
lift	-0.23	0.40
thurston	-0.23	0.55
compromise	-0.23	0.23
process	-0.23	0.46
coffin	-0.23	0.41
howe	-0.23	0.54
adams	-0.23	0.44
responsibility	-0.23	0.29
sworn	-0.23	0.22
commonly	-0.23	0.20
french	-0.23	0.15
decide	-0.23	0.24
carpenter	-0.23	0.38
ar	-0.23	0.61
george	-0.23	0.93
hush	-0.23	0.98
rejoined	-0.23	0.60
realm	-0.23	0.51
procession	-0.23	0.51
remaining	-0.23	0.52
anna	-0.23	1.03
phyllis	-0.23	0.63
dear	-0.22	1.10
expectations	-0.22	0.49
fleet	-0.22	0.15
nicholas	-0.22	0.48
flashing	-0.22	0.64
duke	-0.22	0.87
congress	-0.22	0.24
conceal	-0.22	0.23
confessed	-0.22	0.61
search	-0.22	0.12
adding	-0.22	0.30
laborers	-0.22	0.38
hidden	-0.22	0.19
start	-0.22	0.18
brain	-0.22	0.44
slaves	-0.22	0.22
argument	-0.22	0.37
father	-0.22	1.41
massachusetts	-0.22	0.19
clerk	-0.22	0.25
majority	-0.21	0.15
flat	-0.21	0.22
social	-0.21	0.49
commander	-0.21	0.33
rule	-0.21	0.39
facts	-0.21	0.49
council	-0.21	0.15
bacon	-0.21	0.57
reign	-0.21	0.42
fro	-0.21	0.52
bear	-0.21	0.14
exertions	-0.21	0.50
hid	-0.21	0.12
project	-0.21	0.40
t	-0.21	0.51
seemed	-0.21	0.45
tone	-0.21	0.67
motion	-0.21	0.31
logic	-0.21	0.64
major	-0.21	0.45
horses	-0.20	0.29
walker	-0.20	0.42
confirmed	-0.20	0.31
rapidly	-0.20	0.45
leg	-0.20	0.50
settlers	-0.20	0.20
agents	-0.20	0.21
destroy	-0.20	0.46
rushing	-0.20	0.24
ahead	-0.20	0.16
merely	-0.20	0.18
purely	-0.20	0.21
felt	-0.20	0.65
ah	-0.20	0.69
offended	-0.20	0.46
chief	-0.20	0.14
craft	-0.20	0.23
legislation	-0.20	0.37
ernest	-0.20	0.91
nephew	-0.20	1.03
mamma	-0.20	0.91
depend	-0.20	0.33
monarchy	-0.20	0.24
pollen	-0.20	0.43
alluded	-0.20	0.61
prince	-0.20	0.72
annie	-0.20	0.97
legislature	-0.20	0.19
grave	-0.19	0.54
napoleon	-0.19	0.33
bones	-0.19	0.32
wood	-0.19	0.49
wilkins	-0.19	0.41
committee	-0.19	0.11
stranger	-0.19	0.42
judge	-0.19	0.31
responsible	-0.19	0.53
zenobia	-0.19	0.76
families	-0.19	0.84
cried	-0.19	0.66
garments	-0.19	0.43
legislative	-0.19	0.31
hasty	-0.19	0.45
pains	-0.19	0.31
proposition	-0.18	0.24
straw	-0.18	0.33
object	-0.18	0.49
mistress	-0.18	0.96
instances	-0.18	0.29
presents	-0.18	0.70
ophelia	-0.18	0.69
remainder	-0.18	0.51
races	-0.18	0.19
dragged	-0.18	0.14
leader	-0.18	0.16
developed	-0.18	0.41
papa	-0.18	0.74
nobility	-0.18	0.60
et	-0.18	0.39
duly	-0.18	0.47
heap	-0.18	0.33
southern	-0.18	0.15
holden	-0.18	0.30
inquiry	-0.18	0.37
dat	-0.18	0.56
leaders	-0.18	0.12
strongly	-0.18	0.35
declaring	-0.18	0.17
bill	-0.18	0.18
treated	-0.18	0.35
eagle	-0.18	0.28
still	-0.18	0.60
king	-0.18	0.32
human	-0.18	0.61
chapter	-0.18	0.28
suspect	-0.17	0.53
middleton	-0.17	0.80
bidding	-0.17	0.69
burst	-0.17	0.46
undertaking	-0.17	0.27
pennsylvania	-0.17	0.15
washington	-0.17	0.29
buried	-0.17	0.27
habit	-0.17	0.54
steal	-0.17	0.35
demanded	-0.17	0.47
news	-0.17	0.49
wearing	-0.17	0.41
assembly	-0.17	0.14
delivered	-0.17	0.53
followed	-0.17	0.22
past	-0.17	0.68
frequently	-0.16	0.36
natives	-0.16	0.15
senate	-0.16	0.13
local	-0.16	0.32
virginia	-0.16	0.17
louise	-0.16	0.83
gentleman	-0.16	0.84
pale	-0.16	0.45
farm	-0.16	0.44
blast	-0.16	0.43
seize	-0.16	0.26
partington	-0.16	0.24
jenny	-0.16	0.85
la	-0.16	0.44
mentioned	-0.16	0.60
conduct	-0.16	0.28
whig	-0.16	0.17
sister	-0.16	1.42
ahab	-0.16	0.56
opinions	-0.16	0.47
pocket	-0.16	0.23
boats	-0.16	0.24
representatives	-0.16	0.13
broken	-0.16	0.25
sofa	-0.16	0.42
clara	-0.16	1.02
dashed	-0.16	0.17
spain	-0.16	0.20
manifested	-0.16	0.30
labors	-0.15	0.27
lucy	-0.15	0.70
wanting	-0.15	0.45
harry	-0.15	0.61
decline	-0.15	0.37
convention	-0.15	0.13
thrust	-0.15	0.16
watched	-0.15	0.28
lying	-0.15	0.43
daring	-0.15	0.25
executive	-0.15	0.26
federal	-0.15	0.29
suddenly	-0.15	0.22
mabel	-0.15	0.67
missouri	-0.15	0.17
thoughts	-0.15	0.70
c	-0.15	0.30
governments	-0.15	0.27
vote	-0.15	0.13
leads	-0.15	0.20
conference	-0.15	0.22
mexican	-0.15	0.16
recent	-0.15	0.78
cooper	-0.15	0.53
boat	-0.15	0.25
restrain	-0.15	0.31
turns	-0.15	0.43
darkness	-0.15	0.34
household	-0.15	0.68
statements	-0.15	0.39
nevertheless	-0.15	0.41
settle	-0.15	0.23
scheme	-0.15	0.51
asleep	-0.15	0.45
voyage	-0.15	0.14
comprehend	-0.15	0.51
emperor	-0.15	0.35
civilization	-0.15	0.58
marched	-0.14	0.14
mansion	-0.14	0.62
proceeding	-0.14	0.10
impression	-0.14	0.66
movement	-0.14	0.22
navy	-0.14	0.15
off	-0.14	0.32
throat	-0.14	0.43
district	-0.14	0.14
appointed	-0.14	0.14
secrets	-0.14	0.43
contemplated	-0.14	0.46
supposition	-0.14	0.37
exclaimed	-0.14	0.65
under	-0.14	0.17
lies	-0.14	0.36
webster	-0.14	0.11
arthur	-0.14	0.59
kentucky	-0.14	0.15
officer	-0.14	0.56
coffee	-0.14	1.14
suggestion	-0.14	0.29
instead	-0.14	0.54
without	-0.14	0.62
mere	-0.14	0.20
grey	-0.14	0.54
roman	-0.14	0.37
votes	-0.13	0.14
ay	-0.13	0.55
hamilton	-0.13	0.58
secret	-0.13	0.62
starting	-0.13	0.25
contact	-0.13	0.16
passes	-0.13	0.11
fragments	-0.13	0.17
helen	-0.13	0.75
images	-0.13	0.56
le	-0.13	0.45
widely	-0.13	0.46
ancestors	-0.13	0.38
deck	-0.13	0.25
administration	-0.13	0.20
distinguish	-0.13	0.53
jurisdiction	-0.13	0.35
gentlemen	-0.13	0.43
supported	-0.13	0.13
maine	-0.13	0.17
dey	-0.13	0.58
notion	-0.13	0.36
manifest	-0.13	0.21
pointed	-0.13	0.24
temporary	-0.13	0.54
fell	-0.13	0.22
stick	-0.13	0.26
impulses	-0.12	0.79
boldly	-0.12	0.27
trace	-0.12	0.16
separated	-0.12	0.43
poured	-0.12	0.35
heroes	-0.12	0.54
elected	-0.12	0.13
states	-0.12	0.18
visiting	-0.12	0.43
countess	-0.12	1.12
spanish	-0.12	0.16
united	-0.12	0.19
bundle	-0.12	0.28
bare	-0.12	0.28
grim	-0.12	0.37
forgiveness	-0.12	0.72
florence	-0.12	0.81
struggling	-0.12	0.26
d	-0.12	0.41
related	-0.12	0.89
den	-0.12	0.52
fat	-0.12	0.75
parents	-0.12	1.37
appointment	-0.12	0.20
respected	-0.12	1.52
command	-0.12	0.23
royal	-0.12	0.31
suit	-0.12	0.23
led	-0.12	0.17
crept	-0.12	0.17
anxiously	-0.12	0.26
extent	-0.11	0.60
ran	-0.11	0.18
points	-0.11	0.22
ugly	-0.11	1.42
supreme	-0.11	0.31
pour	-0.11	0.29
magic	-0.11	0.81
commanded	-0.11	0.29
clothing	-0.11	0.45
throw	-0.11	0.10
solemnly	-0.11	0.51
customs	-0.11	0.30
discussed	-0.11	0.21
disagreeable	-0.11	2.29
van	-0.11	0.50
austria	-0.11	0.20
limbs	-0.11	0.26
apply	-0.11	0.26
element	-0.11	0.67
bayard	-0.11	0.56
raise	-0.11	0.18
withdrawn	-0.11	0.24
monsieur	-0.11	0.55
lay	-0.11	0.44
proved	-0.11	0.26
observations	-0.10	0.67
enterprise	-0.10	0.30
characters	-0.10	0.35
castle	-0.10	0.28
reserved	-0.10	0.48
regarded	-0.10	0.64
arms	-0.10	0.87
handkerchief	-0.10	0.33
moving	-0.10	0.16
fay	-0.10	0.39
chair	-0.10	0.43
addressing	-0.10	0.44
attitude	-0.10	0.53
departure	-0.10	0.43
wet	-0.10	0.51
watch	-0.10	0.14
africa	-0.10	0.16
estate	-0.10	0.36
summoned	-0.10	0.13
involved	-0.10	0.32
examine	-0.10	0.19
borne	-0.10	0.11
acknowledged	-0.10	0.69
bench	-0.10	0.11
lawyer	-0.10	0.32
abandon	-0.10	0.15
previous	-0.10	0.75
dreams	-0.09	0.41
foundations	-0.09	0.13
insist	-0.09	0.49
plunged	-0.09	0.14
department	-0.09	0.15
wherever	-0.09	0.38
evident	-0.09	0.22
drop	-0.09	0.74
appeal	-0.09	0.32
secretary	-0.09	0.13
maria	-0.09	1.03
abruptly	-0.09	0.18
evidence	-0.09	0.29
gradually	-0.09	0.40
slow	-0.09	0.22
combined	-0.09	0.35
vous	-0.09	0.44
canoe	-0.09	0.17
plantation	-0.09	0.31
marry	-0.09	1.00
prevented	-0.09	0.48
cross	-0.09	0.32
thinks	-0.08	0.55
wants	-0.08	0.18
organization	-0.08	0.24
weight	-0.08	0.16
mud	-0.08	0.34
naturally	-0.08	0.38
lost	-0.08	0.32
spectacles	-0.08	0.49
pulled	-0.08	0.27
nina	-0.08	0.61
darkened	-0.08	0.21
occasions	-0.08	0.27
admission	-0.08	0.14
clare	-0.08	0.65
topics	-0.08	0.32
sir	-0.08	0.76
melancholy	-0.08	0.69
wondering	-0.08	0.29
democratic	-0.08	0.22
lordship	-0.08	0.42
vessel	-0.08	0.19
resolutions	-0.08	0.10
quick	-0.08	0.20
students	-0.08	0.18
finding	-0.08	0.19
un	-0.08	0.43
happens	-0.08	0.74
candidate	-0.08	0.13
bar	-0.08	0.14
cabinet	-0.08	0.28
flung	-0.08	0.16
mexico	-0.08	0.16
driving	-0.07	0.23
gordon	-0.07	0.58
senator	-0.07	0.15
hole	-0.07	0.16
graves	-0.07	0.57
measures	-0.07	0.28
bonnet	-0.07	0.40
repeated	-0.07	0.39
traveller	-0.07	0.21
visitor	-0.07	0.28
recommend	-0.07	0.20
college	-0.07	0.19
enough	-0.07	0.52
nations	-0.07	0.14
instruction	-0.07	0.20
subjects	-0.07	0.32
civilized	-0.07	0.16
backward	-0.07	0.23
seizing	-0.07	0.28
satisfy	-0.07	0.23
daughter	-0.07	1.38
sunk	-0.07	0.21
prevent	-0.07	0.43
affect	-0.07	0.43
agent	-0.07	0.17
covering	-0.07	0.21
boxes	-0.07	0.28
tastes	-0.07	0.51
pick	-0.07	0.36
withdraw	-0.07	0.12
calhoun	-0.07	0.10
functions	-0.07	0.32
rank	-0.07	0.46
organized	-0.07	0.15
afterwards	-0.07	0.55
territories	-0.07	0.27
academy	-0.07	0.20
oath	-0.07	0.33
pronounced	-0.07	0.21
journey	-0.07	0.16
records	-0.07	0.52
creation	-0.07	0.30
labour	-0.07	0.17
theatre	-0.07	0.40
sorts	-0.07	0.67
potter	-0.06	0.37
emotions	-0.06	0.86
yielding	-0.06	0.15
bernard	-0.06	0.46
government	-0.06	0.33
memories	-0.06	0.78
girls	-0.06	0.95
parallel	-0.06	0.11
people	-0.06	0.20
therein	-0.06	0.19
connecticut	-0.06	0.16
squire	-0.06	0.68
sovereignty	-0.06	0.43
gradual	-0.06	0.62
successfully	-0.06	0.24
brethren	-0.06	0.56
grasped	-0.06	0.42
edwards	-0.06	0.48
politician	-0.06	0.13
attracted	-0.06	0.59
university	-0.06	0.19
de	-0.06	0.46
band	-0.06	0.19
actions	-0.06	0.38
nation	-0.06	0.18
car	-0.06	0.17
mostly	-0.06	0.17
advance	-0.06	0.15
preference	-0.06	0.64
pope	-0.05	0.23
route	-0.05	0.16
india	-0.05	0.13
herself	-0.05	0.94
era	-0.05	0.28
acquainted	-0.05	0.36
dashing	-0.05	0.59
territory	-0.05	0.23
aspect	-0.05	0.65
whoever	-0.05	0.38
western	-0.05	0.15
dim	-0.05	0.26
convince	-0.05	0.37
dis	-0.05	0.53
artificial	-0.05	0.28
between	-0.05	0.51
ascertained	-0.05	0.22
fall	-0.05	0.14
beside	-0.05	0.36
hudson	-0.05	0.24
whip	-0.05	0.29
application	-0.05	0.32
sustained	-0.05	0.36
appears	-0.05	0.19
calculated	-0.05	0.53
wool	-0.05	0.27
sublime	-0.05	0.77
emotion	-0.05	1.03
largely	-0.05	0.48
career	-0.04	0.25
consisting	-0.04	0.18
wagon	-0.04	0.16
cattle	-0.04	0.33
working	-0.04	0.27
party	-0.04	0.15
companion	-0.04	0.71
european	-0.04	0.15
count	-0.04	0.78
brief	-0.04	0.61
adoption	-0.04	0.12
speed	-0.04	0.27
pardon	-0.04	0.42
uncertain	-0.04	0.28
adventure	-0.04	1.00
consciousness	-0.04	0.41
need	-0.04	0.42
retreat	-0.04	0.37
execute	-0.04	0.26
practically	-0.04	0.17
considering	-0.04	0.28
proceed	-0.04	0.12
constituted	-0.04	0.21
albert	-0.04	0.44
whispered	-0.04	0.83
cost	-0.04	0.22
clinton	-0.04	0.60
thing	-0.04	0.75
anne	-0.04	0.70
right	-0.04	0.72
sovereign	-0.04	0.35
armstrong	-0.04	0.49
departed	-0.04	0.29
teachers	-0.04	0.25
board	-0.04	0.21
business	-0.04	0.20
govern	-0.04	0.17
answered	-0.03	0.59
thrown	-0.03	0.18
because	-0.03	0.79
consisted	-0.03	0.09
class	-0.03	0.16
speaker	-0.03	0.18
relief	-0.03	0.35
taylor	-0.03	0.34
yes	-0.03	0.72
legs	-0.03	0.37
tends	-0.03	0.75
rude	-0.03	0.41
clayton	-0.03	0.54
described	-0.03	0.59
universally	-0.03	0.72
tiff	-0.03	0.55
box	-0.03	0.24
south	-0.03	0.15
colleges	-0.03	0.18
bow	-0.03	0.29
deliberate	-0.03	0.45
telling	-0.03	0.42
eastern	-0.03	0.12
discover	-0.03	0.20
member	-0.03	0.14
chiefly	-0.03	0.27
governed	-0.03	0.29
merits	-0.03	0.47
threw	-0.03	0.18
teeth	-0.03	0.21
members	-0.03	0.16
isabella	-0.03	1.40
solitude	-0.03	0.62
commence	-0.03	0.13
engagement	-0.03	0.45
broke	-0.03	0.11
california	-0.03	0.13
bowed	-0.03	0.43
teaching	-0.03	0.19
recommended	-0.02	0.72
republic	-0.02	0.22
continued	-0.02	0.57
sacrifice	-0.02	0.27
views	-0.02	0.42
institution	-0.02	0.18
sleep	-0.02	0.62
exhibition	-0.02	0.60
france	-0.02	0.22
display	-0.02	0.41
avail	-0.02	0.47
travel	-0.02	0.17
ho	-0.02	0.50
proposed	-0.02	0.18
governor	-0.02	0.32
aunt	-0.02	0.86
certainty	-0.02	0.56
persuade	-0.02	0.20
wore	-0.02	0.40
forgive	-0.02	0.91
also	-0.02	0.46
cousin	-0.02	0.98
democracy	-0.02	0.31
worlds	-0.02	0.24
expressing	-0.02	0.43
belong	-0.02	0.13
investigation	-0.02	0.28
classes	-0.02	0.14
restraint	-0.02	0.38
ll	-0.02	0.52
winnie	-0.02	0.60
neighbors	-0.02	0.65
statement	-0.02	0.39
unfortunately	-0.02	0.24
lose	-0.02	0.27
ships	-0.02	0.14
darted	-0.02	0.14
europe	-0.02	0.14
wilmot	-0.02	0.68
rise	-0.02	0.12
feeling	-0.02	0.98
filling	-0.01	0.51
swell	-0.01	0.30
amongst	-0.01	0.40
absent	-0.01	0.65
province	-0.01	0.13
shaking	-0.01	0.44
inquired	-0.01	0.54
purse	-0.01	0.23
added	-0.01	0.53
sweep	-0.01	0.19
rock	-0.01	0.17
using	-0.01	0.13
literally	-0.01	0.55
hurry	-0.01	0.29
vessels	-0.01	0.15
confined	-0.01	0.27
hereafter	-0.01	0.55
throwing	-0.01	0.17
en	-0.01	0.31
strangely	-0.01	0.22
pupil	-0.01	0.21
rear	-0.01	0.12
new	-0.01	0.18
remote	-0.01	0.23
holland	-0.01	0.20
marriage	-0.01	0.92
venture	-0.01	0.22
imposed	-0.01	0.18
dream	-0.01	0.41
silk	-0.01	0.34
assisted	-0.01	0.45
hive	-0.01	0.27
germany	-0.01	0.18
britain	-0.01	0.14
example	-0.01	0.63
stiff	-0.01	0.47
contents	-0.01	0.25
gravely	-0.00	0.52
cape	-0.00	0.12
quite	-0.00	0.33
colonial	-0.00	0.11
pecuniary	-0.00	0.30
sciences	-0.00	0.22
further	-0.00	0.58
sympathies	-0.00	0.74
drops	-0.00	0.40
pulling	-0.00	0.22
roar	-0.00	0.36
ii	-0.00	0.33
adds	-0.00	0.15
rolled	-0.00	0.19
bold	-0.00	0.31
russia	-0.00	0.16
veil	-0.00	0.19
meantime	0.00	0.18
cut	0.00	0.15
hunting	0.00	0.33
granite	0.00	0.17
comb	0.00	0.27
responded	0.00	0.52
michael	0.00	0.60
risen	0.00	0.10
stopping	0.00	0.13
melted	0.00	0.21
carrying	0.00	0.11
group	0.00	0.29
supposing	0.00	0.55
consider	0.00	0.19
carries	0.01	0.10
funeral	0.01	0.43
hurried	0.01	0.11
falls	0.01	0.21
falling	0.01	0.23
exercises	0.01	0.16
china	0.01	0.22
cloak	0.01	0.31
concealed	0.01	0.10
turning	0.01	0.42
shoot	0.01	0.23
heavily	0.01	0.23
laboring	0.01	0.43
converted	0.01	0.08
loose	0.01	0.23
briefly	0.01	0.28
flying	0.01	0.23
consideration	0.01	0.62
asked	0.01	0.60
intensity	0.01	0.65
fill	0.01	0.46
combs	0.01	0.27
rufus	0.01	0.58
dwelt	0.01	0.33
sprang	0.01	0.16
rocky	0.01	0.21
carriage	0.01	0.21
system	0.01	0.28
umbrella	0.01	0.12
helped	0.01	0.61
done	0.01	0.85
offers	0.01	0.51
replied	0.01	0.55
theological	0.01	0.18
thread	0.01	0.14
doctrine	0.01	0.64
benefit	0.01	0.61
texas	0.01	0.15
rode	0.02	0.18
stated	0.02	0.26
swift	0.02	0.16
respecting	0.02	0.33
des	0.02	0.29
tomb	0.02	0.34
watching	0.02	0.23
wax	0.02	0.22
professor	0.02	0.17
existed	0.02	0.56
notions	0.02	0.51
connection	0.02	0.51
move	0.02	0.14
whether	0.02	0.46
distinctly	0.02	0.40
parted	0.02	0.60
introduction	0.02	0.19
haye	0.02	0.61
constitution	0.02	0.31
pull	0.02	0.24
floor	0.02	0.32
testimony	0.02	0.31
transferred	0.02	0.21
parties	0.02	0.19
domain	0.02	0.19
colony	0.02	0.20
presenting	0.02	0.62
calling	0.02	0.36
fingers	0.02	0.30
divided	0.03	0.12
resolution	0.03	0.24
suffice	0.03	0.53
deeds	0.03	0.56
ancient	0.03	0.38
breathing	0.03	0.75
seats	0.03	0.23
offered	0.03	0.52
mysteries	0.03	0.42
protected	0.03	0.40
declare	0.03	0.32
imperial	0.03	0.16
acknowledge	0.03	0.34
whigs	0.03	0.34
feast	0.03	0.60
experience	0.03	0.31
inquire	0.03	0.23
communities	0.03	0.15
north	0.03	0.11
landing	0.03	0.17
departments	0.03	0.18
driven	0.03	0.18
sugar	0.03	1.00
daily	0.03	0.41
income	0.03	0.21
pieces	0.03	0.13
drove	0.03	0.24
age	0.03	0.61
tear	0.03	0.35
manner	0.03	0.62
promptly	0.03	0.12
therefore	0.03	0.26
hitherto	0.03	0.50
aware	0.03	0.21
mercy	0.03	0.69
sight	0.04	0.72
forest	0.04	0.33
amidst	0.04	0.19
source	0.04	0.30
pacific	0.04	0.10
forward	0.04	0.22
ghost	0.04	0.43
examination	0.04	0.22
glancing	0.04	0.27
regards	0.04	0.56
observe	0.04	0.30
elizabeth	0.04	0.55
being	0.04	0.21
deny	0.04	0.26
clover	0.04	0.48
supplied	0.04	0.38
orleans	0.04	0.75
representative	0.04	0.19
defined	0.04	0.20
formerly	0.04	0.22
management	0.04	0.49
west	0.04	0.10
steadily	0.04	0.44
opportunity	0.04	0.79
wealthy	0.04	0.46
deeper	0.04	0.28
better	0.04	0.77
removed	0.04	0.30
riding	0.04	0.20
master	0.04	0.56
generation	0.04	0.22
guarded	0.04	0.38
total	0.04	0.62
seat	0.04	0.20
peter	0.05	0.44
lovers	0.05	0.40
simply	0.05	0.18
either	0.05	0.30
edge	0.05	0.15
strength	0.05	0.42
lectures	0.05	0.14
leaving	0.05	0.36
chosen	0.05	0.10
hands	0.05	0.50
operations	0.05	0.29
pressing	0.05	0.46
sweeping	0.05	0.17
pushed	0.05	0.16
laws	0.05	0.48
centre	0.05	0.18
harbor	0.05	0.16
sections	0.05	0.20
arrangements	0.05	0.31
referred	0.05	0.28
external	0.05	0.32
aside	0.05	0.27
memory	0.05	0.80
dress	0.05	0.37
seas	0.05	0.18
included	0.05	0.16
aye	0.05	0.34
considerations	0.05	0.42
america	0.05	0.12
prevail	0.05	0.30
basis	0.05	0.26
raising	0.05	0.29
utterance	0.05	0.49
concerns	0.05	0.30
becomes	0.05	0.17
remember	0.05	0.65
flew	0.05	0.21
charter	0.05	0.19
sitting	0.05	0.29
coast	0.05	0.11
imagine	0.05	0.34
accordance	0.05	0.48
keen	0.05	0.23
sailed	0.05	0.14
universe	0.05	0.29
additional	0.05	0.54
primary	0.05	0.18
line	0.05	0.09
frequent	0.05	0.28
sigh	0.05	0.46
coach	0.05	0.18
east	0.06	0.09
ages	0.06	0.18
political	0.06	0.29
report	0.06	0.16
superiority	0.06	0.42
food	0.06	0.38
profession	0.06	0.17
down	0.06	0.28
competent	0.06	0.18
student	0.06	0.14
strongest	0.06	0.50
glanced	0.06	0.25
subsequent	0.06	0.37
explained	0.06	0.35
slavery	0.06	0.42
roll	0.06	0.19
knees	0.06	0.63
o	0.06	0.60
message	0.06	0.11
reason	0.06	0.30
commencement	0.06	0.22
requiring	0.06	0.41
distant	0.06	0.19
filled	0.06	0.34
become	0.06	0.12
mission	0.06	0.27
mass	0.06	0.13
session	0.06	0.14
retire	0.06	0.25
interposed	0.06	0.68
arm	0.06	0.41
associations	0.06	0.52
flashed	0.06	0.33
confess	0.06	0.42
curtain	0.06	0.17
presume	0.06	0.32
guide	0.06	0.43
landholm	0.06	0.57
clergyman	0.06	0.50
successive	0.06	0.15
majesty	0.06	0.57
sail	0.07	0.17
limits	0.07	0.21
swarm	0.07	0.20
continent	0.07	0.12
begin	0.07	0.17
clearly	0.07	0.16
hold	0.07	0.16
determine	0.07	0.22
paris	0.07	0.27
rises	0.07	0.14
languages	0.07	0.11
labor	0.07	0.20
education	0.07	0.19
canada	0.07	0.12
landed	0.07	0.14
farmers	0.07	0.59
e	0.07	0.23
crowded	0.07	0.22
desk	0.07	0.18
fact	0.07	0.35
grasp	0.07	0.38
shadow	0.07	0.29
coarse	0.07	0.60
appearance	0.07	0.59
gulf	0.07	0.12
show	0.07	0.17
somewhat	0.07	0.20
material	0.07	0.14
institutions	0.07	0.28
freely	0.07	0.29
nose	0.07	0.25
northern	0.07	0.15
linwood	0.07	0.82
gazed	0.07	0.30
expectation	0.07	0.44
egypt	0.08	0.27
declared	0.08	0.14
san	0.08	0.31
appear	0.08	0.37
madam	0.08	0.65
steamer	0.08	0.19
direction	0.08	0.10
channel	0.08	0.14
brood	0.08	0.22
atlantic	0.08	0.11
placing	0.08	0.21
seated	0.08	0.28
lacey	0.08	0.67
winthrop	0.08	0.54
actual	0.08	0.28
glance	0.08	0.24
pointing	0.08	0.33
assist	0.08	0.33
sustain	0.08	0.47
enter	0.08	0.19
traces	0.08	0.14
accordingly	0.08	0.19
compact	0.08	0.23
inside	0.08	0.19
degrees	0.08	0.16
deem	0.08	0.24
rapid	0.08	0.22
slight	0.08	0.36
chairs	0.08	0.20
philadelphia	0.08	0.22
onward	0.08	0.13
shawl	0.08	0.32
hand	0.08	0.57
completed	0.08	0.79
generations	0.09	0.16
string	0.09	0.26
provinces	0.09	0.12
grown	0.09	0.54
scientific	0.09	0.36
theme	0.09	0.52
assuming	0.09	0.22
cap	0.09	0.37
limited	0.09	0.24
determination	0.09	0.44
push	0.09	0.15
vision	0.09	0.91
scholars	0.09	0.22
established	0.09	0.22
chinese	0.09	0.22
followers	0.09	0.33
office	0.09	0.13
slept	0.09	0.49
aurelia	0.09	0.75
himself	0.09	0.19
minds	0.09	0.41
proof	0.09	0.34
defend	0.09	0.53
information	0.09	0.33
nest	0.09	0.26
italy	0.09	0.17
politics	0.09	0.29
instance	0.09	0.29
disappeared	0.09	0.14
caught	0.09	0.13
swarming	0.09	0.20
teach	0.09	0.14
railroad	0.09	0.12
tax	0.09	0.18
rocks	0.09	0.21
contract	0.10	0.24
stretched	0.10	0.19
police	0.10	0.31
approaching	0.10	0.15
mississippi	0.10	0.11
accomplish	0.10	0.52
colonies	0.10	0.10
protect	0.10	0.55
philip	0.10	0.57
obeyed	0.10	0.31
possession	0.10	0.26
host	0.10	0.33
swarms	0.10	0.20
yard	0.10	0.19
among	0.10	0.39
howard	0.10	0.58
turned	0.10	0.21
structure	0.10	0.19
inasmuch	0.10	0.29
account	0.10	0.55
purchase	0.10	0.20
behalf	0.10	0.35
beat	0.10	0.35
machine	0.10	0.21
drive	0.10	0.17
putting	0.10	0.15
victory	0.10	0.42
contemplation	0.10	0.20
patiently	0.10	0.35
started	0.10	0.19
dwell	0.10	0.59
arrive	0.10	0.50
explanation	0.10	0.20
lifting	0.10	0.18
formed	0.10	0.09
purposes	0.10	0.21
meetings	0.10	0.17
training	0.10	0.19
holding	0.10	0.26
descend	0.10	0.08
sat	0.10	0.30
vital	0.10	0.24
clay	0.10	0.13
dame	0.10	0.57
seem	0.10	0.40
bay	0.10	0.14
altar	0.11	0.41
virtues	0.11	0.66
others	0.11	0.34
profit	0.11	0.29
discharge	0.11	0.17
ecclesiastical	0.11	0.19
rid	0.11	0.16
dare	0.11	0.41
ranks	0.11	0.24
side	0.11	0.18
period	0.11	0.35
assertion	0.11	0.41
subsequently	0.11	0.15
york	0.11	0.21
moved	0.11	0.10
gray	0.11	0.46
highly	0.11	0.67
stones	0.11	0.18
lie	0.11	0.36
recognize	0.11	0.21
towards	0.11	0.13
agreed	0.11	0.17
help	0.11	0.40
establishment	0.11	0.18
arrival	0.11	0.17
sits	0.11	0.24
turn	0.11	0.18
glided	0.11	0.16
task	0.11	0.20
laid	0.11	0.22
while	0.11	0.22
periods	0.11	0.29
mean	0.11	0.62
constitutional	0.11	0.41
sending	0.11	0.14
studied	0.11	0.13
combination	0.11	0.35
allusion	0.11	0.32
walked	0.11	0.19
waiting	0.11	0.19
imagined	0.11	0.82
talking	0.11	0.37
proceeded	0.12	0.13
powers	0.12	0.32
waited	0.12	0.29
directed	0.12	0.12
custom	0.12	0.29
provision	0.12	0.30
thence	0.12	0.14
abolition	0.12	0.38
globe	0.12	0.14
science	0.12	0.27
ruins	0.12	0.16
characteristics	0.12	0.36
heat	0.12	0.58
thus	0.12	0.34
pace	0.12	0.15
instructed	0.12	0.52
tent	0.12	0.12
sort	0.12	0.25
lodge	0.12	0.27
bees	0.12	0.24
vainly	0.12	0.38
sealed	0.12	0.14
islands	0.12	0.14
obey	0.12	0.18
hastened	0.12	0.16
hence	0.12	0.12
rolling	0.12	0.20
direct	0.12	0.26
discretion	0.12	0.19
head	0.12	0.44
company	0.12	0.15
advancing	0.12	0.07
wing	0.12	0.22
scott	0.12	0.31
frontier	0.12	0.33
seeing	0.12	0.26
instructions	0.12	0.13
rely	0.12	0.41
conceived	0.12	0.24
assistant	0.12	0.36
carefully	0.12	0.14
displayed	0.12	0.28
cells	0.12	0.22
concerning	0.12	0.38
supernatural	0.12	0.34
countries	0.12	0.11
eternal	0.12	0.63
convictions	0.12	0.42
reserve	0.13	0.56
depends	0.13	0.35
considered	0.13	0.29
taught	0.13	0.15
advanced	0.13	0.11
toward	0.13	0.14
humanity	0.13	0.42
clung	0.13	1.35
sheet	0.13	0.18
spoke	0.13	0.31
concern	0.13	0.44
forming	0.13	0.12
shower	0.13	0.33
citizens	0.13	0.19
end	0.13	0.16
ye	0.13	0.51
market	0.13	0.27
hot	0.13	0.67
honey	0.13	0.25
favorable	0.13	2.11
settled	0.13	0.31
nearer	0.13	0.29
advised	0.13	0.22
theology	0.13	0.26
american	0.13	0.12
decidedly	0.13	0.25
accident	0.13	1.89
scotland	0.13	0.17
name	0.13	0.75
hint	0.13	0.20
join	0.13	0.20
efficient	0.13	0.48
measure	0.13	0.39
cutting	0.13	0.19
cook	0.13	0.59
doors	0.13	0.20
perceived	0.13	0.30
merchant	0.13	0.26
withdrew	0.13	0.27
renewed	0.13	0.37
admit	0.14	0.26
citizen	0.14	0.15
mention	0.14	0.76
bee	0.14	0.18
foundation	0.14	0.18
prospects	0.14	0.46
rising	0.14	0.20
mountain	0.14	0.18
ride	0.14	0.21
priests	0.14	0.24
reply	0.14	0.30
shows	0.14	0.29
whither	0.14	0.35
shakspeare	0.14	0.17
looking	0.14	0.27
republican	0.14	0.29
examples	0.14	0.25
shores	0.14	0.14
seems	0.14	0.43
advocate	0.14	0.15
stand	0.14	0.23
hundreds	0.14	0.12
face	0.14	0.24
lips	0.14	0.30
countenance	0.14	0.34
farmer	0.14	0.36
outward	0.14	0.32
schools	0.14	0.33
settlement	0.14	0.14
resting	0.14	0.35
sell	0.14	0.15
lately	0.14	0.44
shore	0.14	0.16
convey	0.14	0.15
instantly	0.14	0.16
trained	0.14	0.15
belonging	0.14	0.23
exception	0.14	0.20
multitude	0.14	0.25
summit	0.14	0.13
practical	0.14	0.35
waves	0.15	0.25
draw	0.15	0.11
bore	0.15	0.09
england	0.15	0.16
silent	0.15	0.33
post	0.15	0.12
became	0.15	0.16
patient	0.15	0.55
counsel	0.15	0.26
latitude	0.15	0.12
knows	0.15	0.62
beginning	0.15	0.18
articles	0.15	0.18
marian	0.15	0.70
making	0.15	0.17
sanction	0.15	0.26
returned	0.15	0.38
feels	0.15	0.18
passing	0.15	0.12
cloud	0.15	0.30
work	0.15	0.23
aught	0.15	0.74
beg	0.15	0.50
sit	0.15	0.24
looked	0.15	0.26
opinion	0.15	0.49
pole	0.15	0.33
fortune	0.15	0.39
product	0.15	0.18
remain	0.15	0.26
paused	0.15	0.20
fairly	0.15	0.16
poet	0.15	0.31
boast	0.15	0.38
interfere	0.15	0.26
according	0.15	0.38
exhibit	0.15	0.29
carried	0.15	0.14
slowly	0.15	0.16
circle	0.15	0.29
placed	0.15	0.20
visitors	0.15	0.31
cover	0.15	0.14
history	0.16	0.60
owned	0.16	0.10
normal	0.16	0.33
adventures	0.16	0.78
upper	0.16	0.12
forced	0.16	0.23
meet	0.16	0.21
forget	0.16	0.57
certainly	0.16	0.52
miss	0.16	0.88
fixed	0.16	0.15
supposed	0.16	0.48
stores	0.16	0.19
ohio	0.16	0.29
opportunities	0.16	0.76
shortly	0.16	0.37
away	0.16	0.16
vegetable	0.16	0.19
resemblance	0.16	0.29
consolation	0.16	0.30
marks	0.16	0.25
provisions	0.16	0.25
cars	0.16	0.18
claims	0.16	0.26
descended	0.16	0.14
beneath	0.16	0.18
movements	0.16	0.28
bodies	0.16	0.31
leaned	0.16	0.40
study	0.16	0.21
plainly	0.16	0.16
obvious	0.16	0.25
servant	0.16	0.51
inform	0.16	0.17
trade	0.16	0.20
tied	0.16	0.31
island	0.16	0.14
darling	0.16	1.42
bows	0.16	0.30
perform	0.16	0.20
how	0.16	0.67
illustration	0.16	0.31
products	0.16	0.26
adopt	0.16	0.17
sensitive	0.16	0.41
corn	0.16	0.83
properly	0.17	0.19
lifted	0.17	0.31
neighboring	0.17	0.24
banner	0.17	0.30
greek	0.17	0.12
load	0.17	0.26
directly	0.17	0.10
put	0.17	0.17
fly	0.17	0.21
mouth	0.17	0.19
individuals	0.17	0.12
nor	0.17	0.45
plan	0.17	0.33
finger	0.17	0.26
corner	0.17	0.22
goods	0.17	0.19
drew	0.17	0.18
discovered	0.17	0.34
speedily	0.17	0.13
returns	0.17	0.13
undertake	0.17	0.28
rope	0.17	0.34
modern	0.17	0.15
evidently	0.17	0.18
b	0.17	0.22
cheeks	0.17	0.23
yielded	0.17	0.31
dust	0.17	0.30
sails	0.17	0.23
stepped	0.17	0.17
lessons	0.17	0.12
sale	0.17	0.14
service	0.17	0.18
kitchen	0.17	0.24
strike	0.17	0.25
build	0.17	0.12
canal	0.17	0.10
eagerly	0.17	0.48
beach	0.17	0.16
chamber	0.17	0.31
carry	0.17	0.10
owner	0.17	0.21
hesitate	0.17	0.24
exchange	0.17	0.23
occasional	0.17	0.21
earnestly	0.18	0.85
saying	0.18	0.39
otherwise	0.18	0.38
lend	0.18	0.14
outside	0.18	0.12
impart	0.18	0.56
partially	0.18	0.33
fashion	0.18	0.32
strangers	0.18	0.23
profits	0.18	0.24
leading	0.18	0.14
inhabitants	0.18	0.22
regarding	0.18	0.17
queen	0.18	0.41
hollingsworth	0.18	0.59
intentions	0.18	0.41
vanished	0.18	0.26
entrance	0.18	0.14
farther	0.18	0.08
importance	0.18	0.32
both	0.18	0.20
deposited	0.18	0.11
pen	0.18	0.10
performed	0.18	0.29
informed	0.18	0.26
claim	0.18	0.24
taking	0.18	0.13
hollow	0.18	0.25
smart	0.18	0.66
why	0.18	0.61
ocean	0.18	0.21
fence	0.18	0.19
ceased	0.18	0.13
promote	0.18	0.49
discourse	0.18	0.20
marked	0.18	0.51
rigid	0.18	0.65
manage	0.18	0.17
assembled	0.18	0.18
denied	0.18	0.37
handed	0.18	0.11
accounts	0.18	0.45
platform	0.18	0.12
covered	0.18	0.22
feel	0.18	0.46
s	0.18	0.49
hastily	0.18	0.20
raised	0.18	0.15
table	0.18	0.30
recognized	0.18	0.24
assigned	0.18	0.09
winding	0.19	0.19
walking	0.19	0.21
hill	0.19	0.19
took	0.19	0.16
sign	0.19	0.21
guess	0.19	0.50
please	0.19	0.61
eye	0.19	0.28
production	0.19	0.28
afterward	0.19	0.34
applied	0.19	0.19
extended	0.19	0.10
observed	0.19	0.40
shadows	0.19	0.26
glances	0.19	0.32
passage	0.19	0.09
occupied	0.19	0.15
hives	0.19	0.27
grow	0.19	0.37
balance	0.19	0.36
presently	0.19	0.25
expended	0.19	0.18
ours	0.19	0.49
lock	0.19	0.14
somehow	0.19	0.46
reality	0.19	0.26
laying	0.19	0.22
sand	0.19	0.25
beyond	0.19	0.11
convinced	0.19	0.36
bottom	0.19	0.20
behind	0.19	0.18
clam	0.19	0.48
talked	0.19	0.49
steps	0.19	0.17
glow	0.19	0.60
suspended	0.19	0.23
amid	0.19	0.35
gets	0.19	0.32
minister	0.19	0.24
entering	0.19	0.18
karen	0.20	0.50
triumph	0.20	0.45
association	0.20	0.50
access	0.20	0.22
dark	0.20	0.29
distinction	0.20	0.50
madame	0.20	0.69
gather	0.20	0.12
occupy	0.20	0.11
sea	0.20	0.19
dense	0.20	0.21
gabriella	0.20	1.34
blessing	0.20	0.47
warrant	0.20	0.24
duties	0.20	0.22
clock	0.20	0.25
bringing	0.20	0.10
pond	0.20	0.18
stood	0.20	0.23
compare	0.20	0.16
resort	0.20	0.30
window	0.20	0.22
hearing	0.20	0.21
yards	0.20	0.08
consent	0.20	0.26
visits	0.20	0.13
murmur	0.20	0.49
faculties	0.20	0.35
somebody	0.20	0.54
energies	0.20	0.43
latin	0.20	0.11
blush	0.20	0.30
principles	0.20	0.38
lines	0.20	0.08
runs	0.20	0.11
indeed	0.20	0.63
ladies	0.21	0.68
clasped	0.21	0.83
purchased	0.21	0.10
assert	0.21	0.23
attend	0.21	0.14
attendance	0.21	0.29
held	0.21	0.20
ca	0.21	0.49
quarters	0.21	0.23
wishes	0.21	0.43
ask	0.21	0.49
current	0.21	0.20
arundel	0.21	0.53
prove	0.21	0.24
across	0.21	0.14
piece	0.21	0.30
yield	0.21	0.21
declaration	0.21	0.34
slumber	0.21	0.44
central	0.21	0.34
take	0.21	0.21
plans	0.21	0.31
dozen	0.21	0.08
securing	0.21	0.18
accompany	0.21	0.29
surplus	0.21	0.19
pass	0.21	0.23
room	0.21	0.28
open	0.21	0.14
aid	0.21	0.26
specific	0.21	0.27
crossed	0.21	0.11
big	0.21	0.37
uttered	0.21	0.23
within	0.21	0.09
constitute	0.21	0.18
separate	0.21	0.12
ministry	0.21	0.25
game	0.21	0.37
strictly	0.21	0.29
leaning	0.21	0.28
eggs	0.21	0.45
terms	0.21	0.15
readers	0.21	0.15
rome	0.21	0.16
seal	0.21	0.16
competition	0.22	0.17
previously	0.22	0.21
solid	0.22	0.11
wall	0.22	0.12
containing	0.22	0.27
ordered	0.22	0.32
visible	0.22	0.13
reasonable	0.22	0.25
lands	0.22	0.19
realize	0.22	0.25
mountains	0.22	0.24
expressive	0.22	0.24
steam	0.22	0.21
mankind	0.22	0.31
pile	0.22	0.17
opening	0.22	0.14
closing	0.22	0.22
opposite	0.22	0.10
march	0.22	0.17
suppose	0.22	0.55
cleared	0.22	0.18
passengers	0.22	0.31
latter	0.22	0.20
engaged	0.22	0.15
closely	0.22	0.83
cheek	0.22	0.23
bears	0.22	0.16
brow	0.22	0.22
yours	0.22	0.74
invested	0.22	0.33
learn	0.22	0.26
column	0.22	0.24
scholar	0.22	0.12
natural	0.22	0.21
height	0.22	0.13
speak	0.22	0.41
closet	0.22	0.17
sold	0.22	0.14
part	0.22	0.14
space	0.22	0.13
absolute	0.22	0.57
finally	0.22	0.16
anybody	0.22	0.54
steep	0.22	0.14
letter	0.22	0.08
obligations	0.22	0.32
innumerable	0.22	0.13
mournful	0.22	0.61
offices	0.23	0.18
naples	0.23	0.23
depart	0.23	0.43
accompanied	0.23	0.43
remark	0.23	0.32
eyes	0.23	0.24
inspired	0.23	0.39
along	0.23	0.18
ascended	0.23	0.13
shape	0.23	0.45
buy	0.23	0.21
tell	0.23	0.56
road	0.23	0.19
efforts	0.23	0.41
reaching	0.23	0.09
step	0.23	0.16
actually	0.23	0.24
shoulder	0.23	0.39
appeared	0.23	0.23
windows	0.23	0.22
moments	0.23	0.18
rough	0.23	0.30
shake	0.23	0.23
centuries	0.23	0.23
vigor	0.23	0.27
noticed	0.23	0.34
sources	0.23	0.27
iii	0.23	0.34
locked	0.23	0.14
subject	0.23	0.49
silence	0.23	0.25
employed	0.23	0.22
add	0.23	0.23
foreign	0.23	0.14
faithfully	0.23	0.20
fully	0.23	0.19
waters	0.23	0.23
respective	0.23	0.14
truths	0.24	0.37
near	0.24	0.15
neck	0.24	0.49
portions	0.24	0.14
entered	0.24	0.19
whenever	0.24	0.20
wo	0.24	0.47
forehead	0.24	0.26
travellers	0.24	0.35
door	0.24	0.19
population	0.24	0.15
interests	0.24	0.29
queer	0.24	1.38
tower	0.24	0.18
already	0.24	0.47
supply	0.24	0.24
distance	0.24	0.07
shut	0.24	0.11
demands	0.24	0.30
ice	0.24	0.26
follows	0.24	0.24
answer	0.24	0.44
understanding	0.24	0.21
interested	0.24	0.47
admitted	0.24	0.40
hester	0.24	0.48
foot	0.24	0.14
concerned	0.24	0.28
kindred	0.24	0.70
extending	0.24	0.14
drawing	0.24	0.13
crowned	0.24	0.15
however	0.24	0.38
wooden	0.24	0.14
tables	0.24	0.19
thither	0.24	0.34
beating	0.24	0.25
ascertain	0.25	0.38
editor	0.25	0.10
demand	0.25	0.20
each	0.25	0.10
wisely	0.25	0.18
mill	0.25	0.21
revealed	0.25	0.41
capital	0.25	0.19
number	0.25	0.16
contain	0.25	0.22
successful	0.25	0.40
requires	0.25	0.19
sides	0.25	0.13
deceived	0.25	1.27
pastor	0.25	0.38
survey	0.25	0.27
yourself	0.25	0.43
remarks	0.25	0.28
belongs	0.25	0.14
trunk	0.25	0.27
different	0.25	0.16
speaking	0.25	0.26
running	0.25	0.18
tenderly	0.25	1.28
taken	0.25	0.13
stock	0.25	0.23
interior	0.25	0.13
machinery	0.25	0.18
healthy	0.25	0.57
opens	0.25	0.08
manufacture	0.25	0.19
section	0.25	0.16
dared	0.25	0.40
substance	0.25	0.23
intellectual	0.25	0.24
sorry	0.25	0.65
clouds	0.25	0.30
veins	0.25	0.53
fast	0.25	0.17
gazing	0.25	0.30
approached	0.25	0.18
oak	0.25	0.44
performance	0.25	0.20
closed	0.25	0.15
individual	0.25	0.19
opened	0.26	0.15
equally	0.26	0.18
meeting	0.26	0.13
wrought	0.26	0.34
huge	0.26	0.17
worked	0.26	0.23
tend	0.26	0.71
declined	0.26	0.13
commercial	0.26	0.17
asking	0.26	0.41
key	0.26	0.11
procured	0.26	0.16
wages	0.26	0.20
establish	0.26	0.46
knowing	0.26	0.54
mixed	0.26	0.47
flag	0.26	0.15
fastened	0.26	0.43
drawn	0.26	0.11
range	0.26	0.18
later	0.26	0.26
willingly	0.26	0.28
professional	0.26	0.15
cheerfully	0.26	0.13
justice	0.26	0.39
built	0.26	0.18
propose	0.26	0.20
point	0.26	0.31
eternity	0.26	0.83
deliver	0.26	0.22
venerable	0.26	0.52
narrative	0.26	0.65
politicians	0.26	0.10
get	0.26	0.27
midnight	0.26	0.35
mines	0.26	0.17
vicinity	0.26	0.19
consumption	0.26	0.26
standing	0.26	0.24
rapidity	0.26	0.35
moreover	0.26	0.20
correspondence	0.26	0.14
prayers	0.26	0.37
stole	0.26	0.34
moral	0.26	0.24
sent	0.26	0.19
call	0.26	0.37
began	0.27	0.38
defence	0.27	0.54
send	0.27	0.23
welfare	0.27	0.63
collected	0.27	0.11
snowy	0.27	0.25
plains	0.27	0.29
yonder	0.27	0.50
elsewhere	0.27	0.26
smallest	0.27	0.20
bless	0.27	0.92
kinds	0.27	0.46
materials	0.27	0.20
holds	0.27	0.09
diminished	0.27	0.42
place	0.27	0.36
philosopher	0.27	0.27
national	0.27	0.32
prayed	0.27	1.21
listened	0.27	0.27
writing	0.27	0.10
gate	0.27	0.23
run	0.27	0.21
anywhere	0.27	0.50
homeward	0.27	0.33
known	0.27	0.72
heed	0.27	0.21
understand	0.27	0.52
win	0.27	0.29
something	0.27	0.56
gathered	0.27	0.19
interest	0.27	0.47
nobody	0.27	0.56
laughed	0.27	0.79
treasury	0.27	0.15
stone	0.27	0.13
retained	0.27	0.45
differ	0.27	0.32
lake	0.27	0.15
stairs	0.27	0.20
induced	0.27	0.25
thoroughly	0.27	0.15
listening	0.27	0.23
mould	0.27	0.29
through	0.28	0.19
reach	0.28	0.16
want	0.28	0.48
uses	0.28	0.16
features	0.28	0.27
inspiration	0.28	0.47
thank	0.28	0.64
names	0.28	0.30
woods	0.28	0.30
wrapped	0.28	0.21
century	0.28	0.23
heavy	0.28	0.30
pressed	0.28	0.67
beard	0.28	0.30
wash	0.28	0.20
catch	0.28	0.31
manufactures	0.28	0.21
go	0.28	0.36
called	0.28	0.28
river	0.28	0.18
private	0.28	0.12
immediately	0.28	0.19
term	0.28	0.13
looks	0.28	0.34
london	0.28	0.17
community	0.28	0.15
fourteen	0.28	0.17
priest	0.28	0.27
sixteen	0.28	0.17
trifling	0.28	0.50
am	0.28	0.62
extend	0.28	0.21
lesson	0.28	0.15
thirteen	0.28	0.16
remained	0.28	0.33
themselves	0.28	0.23
speeches	0.28	0.09
everything	0.28	0.45
recover	0.28	0.47
brick	0.28	0.17
commerce	0.28	0.20
breast	0.28	0.71
friend	0.28	0.78
thinking	0.28	0.56
bridge	0.29	0.15
preferred	0.29	0.38
joined	0.29	0.53
faded	0.29	0.36
less	0.29	0.23
possibly	0.29	0.49
obtaining	0.29	0.19
list	0.29	0.13
mile	0.29	0.11
orator	0.29	0.13
seldom	0.29	0.18
possessed	0.29	0.62
rivers	0.29	0.18
around	0.29	0.42
lived	0.29	1.15
conceive	0.29	0.25
induce	0.29	0.22
conveyed	0.29	0.21
perhaps	0.29	0.59
wheat	0.29	0.50
orders	0.29	0.26
sense	0.29	0.41
although	0.29	0.41
shop	0.29	0.23
success	0.29	0.48
sphere	0.29	0.30
forever	0.29	0.80
thin	0.29	0.30
expenses	0.29	0.24
bring	0.29	0.13
parts	0.29	0.12
probably	0.29	0.39
gaze	0.29	0.30
resources	0.29	0.29
effectually	0.29	0.38
vivid	0.29	0.62
announced	0.29	0.19
regularly	0.29	0.09
sentiments	0.29	0.55
literature	0.29	0.19
hut	0.29	0.23
seek	0.29	0.31
groups	0.29	0.35
somewhere	0.30	0.40
ministers	0.30	0.27
insisted	0.30	0.31
forth	0.30	0.19
top	0.30	0.16
valleys	0.30	0.29
treaty	0.30	0.33
area	0.30	0.11
offer	0.30	0.21
increased	0.30	0.45
public	0.30	0.21
write	0.30	0.20
assistance	0.30	0.22
travelling	0.30	0.27
issued	0.30	0.10
miles	0.30	0.09
connected	0.30	0.63
spoken	0.30	0.28
moment	0.30	0.26
unusual	0.30	0.40
stop	0.30	0.30
choice	0.30	0.26
see	0.30	0.45
lowest	0.30	0.15
remarked	0.30	0.36
timber	0.30	0.20
embraced	0.30	0.53
laughing	0.30	0.76
guest	0.30	0.44
landlord	0.30	1.31
cheap	0.30	0.22
deemed	0.30	0.17
understood	0.30	0.37
rent	0.30	0.14
free	0.30	0.42
idea	0.30	0.32
below	0.30	0.10
salary	0.30	0.18
mind	0.30	0.47
brought	0.31	0.15
reader	0.31	0.18
observation	0.31	0.39
gigantic	0.31	0.28
directions	0.31	0.19
compass	0.31	0.15
advice	0.31	0.25
persuaded	0.31	0.24
infinite	0.31	0.60
tide	0.31	0.19
mechanical	0.31	0.24
masses	0.31	0.20
countrymen	0.31	0.20
attention	0.31	0.48
attended	0.31	0.39
introduced	0.31	0.31
distribution	0.31	0.27
way	0.31	0.33
lawyers	0.31	0.13
ardor	0.31	0.79
request	0.31	0.20
debt	0.31	0.21
figure	0.31	0.64
whence	0.31	0.10
stage	0.31	0.33
imagination	0.31	0.41
tea	0.31	1.12
firmly	0.31	0.58
choose	0.31	0.16
bezan	0.31	1.31
though	0.31	0.72
round	0.31	0.15
sprung	0.31	0.27
employ	0.31	0.14
attending	0.31	0.22
myself	0.31	0.34
pledge	0.31	0.51
romance	0.31	0.75
exists	0.31	0.33
fundamental	0.31	0.37
publication	0.31	0.12
went	0.31	0.22
italian	0.31	0.13
mist	0.31	0.31
series	0.32	0.20
circumstance	0.32	1.95
writings	0.32	0.16
busy	0.32	0.54
bent	0.32	0.40
loud	0.32	0.39
probability	0.32	0.53
forty	0.32	0.11
property	0.32	0.34
wave	0.32	0.20
folded	0.32	0.49
stout	0.32	0.29
columns	0.32	0.14
curtains	0.32	0.20
lower	0.32	0.12
sooner	0.32	0.25
hoped	0.32	1.33
times	0.32	0.18
constructed	0.32	0.13
phrase	0.32	0.15
notice	0.32	0.49
lights	0.32	0.42
rarely	0.32	0.29
robe	0.32	0.31
begins	0.32	0.12
thirty	0.32	0.12
three	0.32	0.11
talk	0.32	0.43
official	0.32	0.29
eleven	0.32	0.12
distinct	0.32	0.17
know	0.32	0.62
warning	0.32	0.22
puts	0.32	0.14
revenue	0.32	0.20
compared	0.32	0.37
belief	0.32	0.52
wondered	0.32	1.31
couple	0.32	0.12
endowed	0.32	0.20
sufficiently	0.32	0.18
breadth	0.32	0.12
wealth	0.32	0.45
design	0.32	0.37
reached	0.32	0.12
two	0.32	0.12
knowledge	0.32	0.22
god	0.32	0.65
permission	0.33	0.26
guests	0.33	0.35
readily	0.33	0.21
faculty	0.33	0.32
numbers	0.33	0.19
amount	0.33	0.24
compelled	0.33	0.24
whose	0.33	0.61
sixty	0.33	0.11
ways	0.33	0.18
creator	0.33	0.53
pray	0.33	0.69
eight	0.33	0.11
ought	0.33	0.29
six	0.33	0.12
four	0.33	0.12
nine	0.33	0.12
seven	0.33	0.12
dried	0.33	0.81
leave	0.33	0.42
scattered	0.33	0.13
giving	0.33	0.11
merit	0.33	0.46
refused	0.33	0.19
crowd	0.33	0.22
acquaintance	0.33	0.54
brook	0.33	0.23
progress	0.33	0.33
twelve	0.33	0.12
especially	0.33	0.13
brave	0.33	0.36
thousands	0.33	0.12
eighteen	0.33	0.11
requested	0.33	0.23
least	0.33	0.29
itself	0.33	0.42
damp	0.33	0.52
thick	0.33	0.27
strengthened	0.33	0.40
find	0.33	0.21
tale	0.33	0.50
mode	0.33	0.55
five	0.33	0.11
clergy	0.33	0.24
relation	0.34	0.40
second	0.34	0.27
use	0.34	0.13
say	0.34	0.63
hundred	0.34	0.11
missionary	0.34	0.21
ground	0.34	0.20
newspapers	0.34	0.10
grounds	0.34	0.34
introduce	0.34	0.23
fifteen	0.34	0.11
twenty	0.34	0.11
speech	0.34	0.14
representation	0.34	0.27
moves	0.34	0.27
ten	0.34	0.11
black	0.34	0.31
kingdom	0.34	0.44
prices	0.34	0.20
easily	0.34	0.22
lives	0.34	0.33
note	0.34	0.12
sets	0.34	0.21
quoted	0.34	0.29
admiration	0.34	0.90
restoration	0.34	0.58
quantity	0.34	0.47
worth	0.34	0.12
possesses	0.34	0.39
observing	0.34	0.11
description	0.34	0.54
inclined	0.34	0.34
hither	0.34	0.33
begged	0.34	0.43
reading	0.34	0.11
friends	0.34	0.64
washed	0.34	0.26
earlier	0.34	0.25
fifty	0.34	0.10
shade	0.34	0.28
organ	0.34	0.13
gained	0.34	0.34
accept	0.34	0.17
inner	0.34	0.27
passages	0.34	0.12
thousand	0.35	0.10
comparison	0.35	0.31
rested	0.35	0.34
port	0.35	0.36
don	0.35	0.41
folds	0.35	0.17
possibility	0.35	0.51
nearest	0.35	0.36
reference	0.35	0.36
walls	0.35	0.17
journal	0.35	0.10
belonged	0.35	0.31
getting	0.35	0.28
costume	0.35	0.37
let	0.35	0.33
begun	0.35	0.43
contained	0.35	0.17
advantage	0.35	0.54
stream	0.35	0.20
unless	0.35	0.32
relations	0.35	0.34
hall	0.35	0.24
banks	0.35	0.13
represent	0.35	0.14
anything	0.35	0.69
hills	0.35	0.24
commands	0.35	0.28
poem	0.35	0.10
pounds	0.35	0.20
agricultural	0.35	0.16
occasionally	0.35	0.22
wonders	0.35	0.37
economy	0.35	0.31
crossing	0.35	0.31
derived	0.35	0.20
bills	0.35	0.11
read	0.35	0.09
former	0.35	0.35
doubted	0.35	0.92
bending	0.36	0.49
following	0.36	0.20
acquired	0.36	0.20
spread	0.36	0.15
unto	0.36	0.78
wanted	0.36	0.53
set	0.36	0.12
several	0.36	0.10
wind	0.36	0.53
merchants	0.36	0.15
close	0.36	0.12
writer	0.36	0.09
else	0.36	0.67
flood	0.36	0.32
afraid	0.36	0.64
descending	0.36	0.23
audience	0.36	0.15
heads	0.36	0.24
greatly	0.36	0.26
life	0.36	0.41
apartments	0.36	0.38
make	0.36	0.17
rain	0.36	0.38
allow	0.36	0.25
purpose	0.36	0.51
hast	0.36	0.74
regions	0.36	0.29
consists	0.36	0.30
won	0.36	0.35
carpet	0.36	0.41
measured	0.36	0.39
front	0.36	0.20
preach	0.36	0.32
serve	0.36	0.35
bank	0.36	0.12
preacher	0.36	0.15
whatever	0.37	0.26
inches	0.37	0.11
city	0.37	0.24
riches	0.37	0.25
rooms	0.37	0.38
special	0.37	0.23
many	0.37	0.15
christopher	0.37	0.52
apostles	0.37	0.51
active	0.37	0.26
educated	0.37	0.42
becoming	0.37	0.23
receiving	0.37	0.13
1st	0.37	0.22
comprehensive	0.37	0.28
think	0.37	0.67
yet	0.37	0.74
commenced	0.37	0.35
flow	0.37	0.20
agriculture	0.37	0.17
rules	0.37	0.43
review	0.37	0.16
neither	0.37	0.55
richard	0.37	1.31
surface	0.37	0.19
nothing	0.37	0.71
consented	0.37	0.23
seeking	0.37	0.40
often	0.37	0.27
judged	0.37	0.40
date	0.37	0.27
paths	0.37	0.39
sum	0.37	0.18
throng	0.37	0.26
statesman	0.37	0.22
house	0.37	0.33
perception	0.37	0.26
wait	0.37	0.29
visited	0.37	0.30
obtained	0.37	0.20
bell	0.37	0.36
refuse	0.37	0.20
asserted	0.37	0.31
stopped	0.37	0.20
disposed	0.37	0.22
lingered	0.38	0.28
used	0.38	0.12
text	0.38	0.13
written	0.38	0.08
picture	0.38	0.70
qualified	0.38	0.20
pursuits	0.38	0.33
policy	0.38	0.35
scale	0.38	0.20
communication	0.38	0.29
million	0.38	0.11
pretend	0.38	0.36
resolve	0.38	0.24
contrast	0.38	0.93
book	0.38	0.12
back	0.38	0.36
poetical	0.38	0.36
definite	0.38	0.41
intend	0.38	0.25
exclusive	0.38	0.40
acquisition	0.38	0.15
expected	0.38	0.50
accepted	0.38	0.16
extension	0.38	0.39
published	0.38	0.11
calmly	0.38	0.46
childish	0.38	0.40
happily	0.38	0.33
corresponding	0.38	0.39
cabin	0.39	0.44
language	0.39	0.10
meant	0.39	0.44
fifth	0.39	0.22
page	0.39	0.27
usually	0.39	0.16
poetry	0.39	0.13
intent	0.39	0.54
annually	0.39	0.14
exceedingly	0.39	0.31
critical	0.39	0.26
letters	0.39	0.08
maid	0.39	1.42
nearly	0.39	0.12
historian	0.39	0.27
returning	0.39	0.30
relating	0.39	0.50
square	0.39	0.09
single	0.39	0.12
millions	0.39	0.12
obtain	0.39	0.20
papers	0.39	0.09
town	0.39	0.25
bade	0.39	0.46
length	0.39	0.10
springing	0.39	0.25
namely	0.39	0.25
library	0.39	0.17
hue	0.39	0.27
water	0.39	0.64
circulation	0.39	0.19
chose	0.39	0.22
shares	0.39	0.12
careless	0.39	1.25
tells	0.39	0.28
keeping	0.39	0.25
christ	0.39	0.61
interval	0.39	0.25
enthusiasm	0.39	0.92
words	0.39	0.16
candy	0.39	0.43
employment	0.39	0.24
hath	0.40	0.83
native	0.40	0.49
quietly	0.40	0.41
mount	0.40	0.16
promising	0.40	0.20
level	0.40	0.15
found	0.40	0.38
does	0.40	0.36
store	0.40	0.27
wish	0.40	0.38
selection	0.40	0.58
test	0.40	0.38
acquire	0.40	0.27
continues	0.40	0.20
feet	0.40	0.09
effort	0.40	0.58
break	0.40	0.26
unwilling	0.40	0.23
spiritual	0.40	0.39
union	0.40	0.40
hopes	0.40	0.59
changed	0.40	0.30
specimen	0.40	0.42
claimed	0.40	0.31
needs	0.40	0.19
unite	0.40	0.24
even	0.40	0.63
cities	0.41	0.17
money	0.41	0.13
calls	0.41	0.26
got	0.41	0.52
left	0.41	0.39
ve	0.41	0.50
high	0.41	0.12
gladly	0.41	0.32
believe	0.41	0.56
thou	0.41	0.69
significant	0.41	0.22
faces	0.41	0.60
primitive	0.41	0.31
portion	0.41	0.36
valley	0.41	0.23
residence	0.41	0.24
support	0.41	0.28
deep	0.41	0.20
frozen	0.41	0.37
plate	0.41	0.40
roof	0.41	0.21
closer	0.42	0.55
roads	0.42	0.22
snow	0.42	0.38
failed	0.42	0.55
ordinary	0.42	0.23
baptism	0.42	0.53
prairie	0.42	0.34
try	0.42	0.33
pearl	0.42	0.41
middle	0.42	0.19
address	0.42	0.16
color	0.42	0.27
give	0.42	0.12
construction	0.42	0.33
apparent	0.42	0.63
country	0.42	0.17
manufacturing	0.42	0.17
margin	0.42	0.19
years	0.42	0.21
cold	0.42	0.54
apartment	0.42	0.41
street	0.42	0.24
value	0.42	0.20
origin	0.42	0.48
duty	0.43	0.51
longer	0.43	0.22
fail	0.43	0.27
building	0.43	0.19
resolved	0.43	0.26
submission	0.43	0.55
industry	0.43	0.21
instrument	0.43	0.24
preceding	0.43	0.34
paul	0.43	0.47
doth	0.43	0.59
article	0.43	0.30
really	0.43	0.58
extremely	0.43	0.72
parlor	0.43	0.38
expressions	0.43	0.54
broad	0.43	0.16
knight	0.43	0.33
paying	0.43	0.19
ventured	0.43	0.36
keep	0.43	0.31
positions	0.43	0.31
velvet	0.43	0.25
arranged	0.43	0.14
preparation	0.43	0.33
saint	0.43	0.44
meat	0.43	0.67
ago	0.43	0.29
souls	0.43	0.80
saviour	0.43	0.69
longed	0.43	1.27
visit	0.43	0.34
forests	0.43	0.30
doctrines	0.43	0.49
speaks	0.43	0.30
silently	0.43	0.22
modes	0.44	0.57
prime	0.44	0.40
passed	0.44	0.20
solution	0.44	0.32
main	0.44	0.26
satisfactory	0.44	0.36
designs	0.44	0.28
stay	0.44	0.47
takes	0.44	0.25
arts	0.44	0.18
copy	0.44	0.12
given	0.44	0.17
invited	0.44	0.45
circles	0.44	0.14
cent	0.44	0.19
wrote	0.44	0.25
succeeded	0.44	0.64
creek	0.44	0.33
testament	0.44	0.34
books	0.44	0.11
addressed	0.44	0.21
capable	0.44	0.51
temperature	0.44	0.49
intellect	0.44	0.23
path	0.44	0.34
cease	0.44	0.48
skin	0.44	0.26
manhood	0.44	0.17
sermons	0.44	0.13
hung	0.44	0.31
allowed	0.45	0.25
bosom	0.45	0.72
acres	0.45	0.23
branch	0.45	0.26
towns	0.45	0.21
appreciate	0.45	0.25
supplies	0.45	0.29
wide	0.45	0.15
prompt	0.45	0.26
quickly	0.45	0.25
termed	0.45	0.28
observer	0.45	0.30
dollars	0.45	0.11
hardly	0.45	0.49
scriptures	0.45	0.31
lady	0.45	1.39
few	0.45	0.15
except	0.45	0.36
congregation	0.45	0.30
steel	0.45	0.26
ingenuity	0.45	0.29
sandy	0.45	0.42
revelation	0.45	0.49
intervals	0.45	0.24
writers	0.45	0.11
disposition	0.45	0.60
increasing	0.45	0.42
abode	0.45	0.61
remembered	0.45	1.17
encouraged	0.45	0.42
none	0.45	0.60
require	0.45	0.23
favorite	0.45	0.48
permanent	0.45	0.33
earth	0.45	0.51
ends	0.46	0.18
iron	0.46	0.24
restore	0.46	0.68
maintained	0.46	0.56
methods	0.46	0.42
limit	0.46	0.39
permit	0.46	0.35
sketch	0.46	0.45
having	0.46	0.30
learning	0.46	0.19
finds	0.46	0.25
listen	0.46	0.23
stands	0.46	0.29
readiness	0.46	0.42
half	0.46	0.14
currency	0.46	0.18
trying	0.46	0.44
providence	0.46	0.41
basket	0.46	0.46
gone	0.46	0.47
per	0.46	0.18
species	0.46	0.27
joys	0.46	0.49
together	0.46	0.39
avenue	0.46	0.39
desire	0.47	0.58
attempts	0.47	0.47
eminence	0.47	0.17
situated	0.47	0.20
preparations	0.47	0.27
spot	0.47	0.28
gallant	0.47	0.46
scarcely	0.47	0.49
elapsed	0.47	0.24
granted	0.47	0.29
tall	0.47	0.59
ourselves	0.47	0.24
contributed	0.47	0.34
dollar	0.47	0.12
eat	0.47	0.72
fish	0.47	0.60
minutes	0.47	0.18
grant	0.47	0.48
various	0.47	0.18
region	0.47	0.39
obliged	0.47	0.25
streams	0.48	0.25
careful	0.48	0.32
tales	0.48	0.42
stories	0.48	0.47
return	0.48	0.37
quarter	0.48	0.17
lecture	0.48	0.27
wont	0.48	0.29
grain	0.48	0.48
came	0.48	0.21
original	0.48	0.25
never	0.48	0.74
fourth	0.48	0.18
noted	0.48	0.34
preparing	0.48	0.37
favor	0.48	0.49
intimate	0.48	0.47
met	0.48	0.23
paper	0.48	0.14
magnitude	0.48	0.28
addition	0.49	0.30
permitted	0.49	0.26
legitimate	0.49	0.34
destined	0.49	0.33
station	0.49	0.29
gathering	0.49	0.34
prophet	0.49	0.42
recently	0.49	0.30
growing	0.49	0.34
whisper	0.49	0.28
scripture	0.49	0.34
breathed	0.49	0.46
third	0.49	0.19
document	0.49	0.33
rendered	0.49	0.40
grandeur	0.49	0.74
statesmen	0.49	0.22
monument	0.49	0.24
principle	0.49	0.55
gleam	0.49	0.37
pretended	0.49	0.31
hearth	0.49	0.49
scarce	0.49	0.30
covenant	0.49	0.54
believed	0.50	1.30
satisfaction	0.50	0.44
sees	0.50	0.28
shades	0.50	0.29
dreaming	0.50	0.32
meaning	0.50	0.22
rights	0.50	0.53
prepare	0.50	0.31
accustomed	0.50	0.21
contrived	0.50	0.35
kiss	0.50	0.69
internal	0.50	0.47
morals	0.50	0.28
breaking	0.50	0.20
propriety	0.50	0.37
tread	0.50	0.33
shoulders	0.50	0.26
rose	0.50	0.22
winds	0.50	0.52
bishop	0.50	0.28
sought	0.51	0.47
poets	0.51	0.19
bible	0.51	0.30
dressed	0.51	0.55
voluntary	0.51	0.29
log	0.51	0.35
strive	0.51	0.53
gravity	0.51	0.30
afford	0.51	0.20
bark	0.51	0.29
promised	0.51	0.33
communion	0.51	0.38
christianity	0.51	0.42
december	0.51	0.22
certain	0.51	0.25
dry	0.51	0.46
heard	0.51	0.31
fondly	0.51	1.29
conversation	0.51	0.45
furniture	0.51	0.33
whole	0.51	0.42
walk	0.51	0.35
furnished	0.51	0.19
pulpit	0.51	0.19
pay	0.51	0.14
lord	0.51	0.51
straight	0.52	0.24
occupation	0.52	0.33
authors	0.52	0.21
far	0.52	0.49
printed	0.52	0.15
soon	0.52	0.27
during	0.52	0.30
footsteps	0.52	0.34
row	0.52	0.28
determined	0.52	0.29
bind	0.52	0.72
smaller	0.52	0.32
increase	0.52	0.46
floated	0.52	0.35
prepared	0.52	0.20
gave	0.52	0.13
told	0.52	0.46
clean	0.52	0.45
obligation	0.52	0.53
pencil	0.52	0.29
hotel	0.52	0.31
author	0.53	0.24
january	0.53	0.23
sometimes	0.53	0.23
energy	0.53	0.49
goes	0.53	0.29
regular	0.53	0.27
likely	0.53	0.38
bushes	0.53	0.28
preaching	0.53	0.27
makes	0.53	0.24
horizon	0.53	0.26
ingenious	0.53	0.77
creed	0.53	0.38
narrow	0.53	0.21
labored	0.53	0.45
arrived	0.54	0.30
shall	0.54	0.32
imperfect	0.54	1.44
young	0.54	1.24
agree	0.54	0.29
sure	0.54	0.55
composition	0.54	0.20
real	0.54	0.30
jesus	0.54	0.60
intended	0.54	0.28
response	0.54	0.26
promises	0.54	0.52
poems	0.54	0.22
invitation	0.54	0.17
possess	0.55	0.47
pages	0.55	0.22
volumes	0.55	0.18
higher	0.55	0.18
nay	0.55	1.20
haven	0.55	0.30
larger	0.55	0.37
furnish	0.55	0.21
talents	0.55	0.29
salt	0.55	0.56
meal	0.55	0.57
particular	0.55	0.22
fame	0.55	0.33
thought	0.55	1.26
dearest	0.55	1.44
upward	0.56	0.28
productions	0.56	0.36
price	0.56	0.24
accurate	0.56	0.54
average	0.56	0.51
literary	0.56	0.27
everybody	0.56	0.48
inward	0.56	0.50
unity	0.56	0.56
earliest	0.56	0.33
prayer	0.56	0.48
coin	0.56	0.15
trusted	0.56	1.11
conspicuous	0.56	0.30
chain	0.56	0.28
match	0.56	0.50
strove	0.56	0.58
capacity	0.56	0.40
smile	0.56	0.58
april	0.56	0.22
branches	0.56	0.30
come	0.56	0.34
protection	0.56	0.55
cherished	0.57	1.05
dost	0.57	0.69
churches	0.57	0.25
hers	0.57	0.50
substantial	0.57	0.26
generally	0.57	0.31
days	0.57	0.27
sagacity	0.57	0.28
conception	0.57	0.34
pleasures	0.57	0.32
red	0.57	0.26
bit	0.57	0.52
plates	0.57	0.26
elevated	0.57	0.18
alliance	0.57	0.51
places	0.57	0.30
niece	0.57	1.38
breakfast	0.57	0.45
smooth	0.57	0.26
outline	0.57	0.39
fashionable	0.57	0.35
sole	0.57	0.38
annual	0.57	0.24
assure	0.57	0.46
share	0.58	0.31
unable	0.58	0.42
going	0.58	0.48
lakes	0.58	0.36
word	0.58	0.22
reception	0.58	0.33
honors	0.58	0.33
palace	0.58	0.27
february	0.58	0.25
deserves	0.58	0.29
youth	0.58	0.69
served	0.58	0.44
embrace	0.58	1.14
gospel	0.58	0.49
estimate	0.58	0.54
brown	0.58	0.31
glowing	0.58	0.41
ears	0.59	0.30
footnote	0.59	0.41
sermon	0.59	0.25
bride	0.59	1.33
newspaper	0.59	0.24
complexion	0.59	0.37
wings	0.59	0.30
might	0.59	0.41
tie	0.59	0.53
encouragement	0.59	0.23
touched	0.59	0.24
ready	0.59	0.28
temples	0.59	0.28
softly	0.59	0.35
seen	0.59	0.56
crimson	0.59	0.30
concluded	0.59	0.29
improvement	0.60	0.31
stalk	0.60	0.29
hair	0.60	0.34
waving	0.60	0.29
benefits	0.60	0.49
figures	0.60	0.35
striving	0.60	0.56
honest	0.60	0.48
privilege	0.60	0.52
cared	0.60	1.26
thine	0.61	0.86
reputation	0.61	0.26
tried	0.61	0.57
ere	0.61	0.32
glittering	0.61	0.36
milk	0.61	0.82
assumed	0.61	0.38
intelligence	0.61	0.33
exceed	0.61	0.51
necessary	0.61	0.61
hoping	0.61	0.39
brings	0.61	0.24
inch	0.61	0.26
precise	0.61	0.41
glimpse	0.61	0.34
divine	0.61	0.62
funds	0.61	0.35
proportion	0.62	0.42
muslin	0.62	0.20
judicious	0.62	0.26
proportions	0.62	0.35
means	0.62	0.61
same	0.62	0.34
church	0.62	0.40
sounded	0.62	0.38
clothed	0.62	0.27
personal	0.62	0.38
exactly	0.62	0.37
weeks	0.62	0.24
months	0.62	0.25
land	0.62	0.38
regard	0.62	0.71
bearing	0.62	0.33
cherish	0.62	1.40
beloved	0.63	1.10
method	0.63	0.53
secured	0.63	0.31
long	0.63	0.21
intention	0.63	0.53
beds	0.63	0.40
knew	0.63	1.28
select	0.63	0.30
inferior	0.63	0.37
profound	0.63	0.34
edges	0.63	0.34
chill	0.63	0.64
essential	0.63	0.34
assume	0.63	0.36
since	0.63	0.27
extensive	0.63	0.39
surrounding	0.63	0.40
ample	0.63	0.36
qualities	0.64	0.36
assent	0.64	0.35
cents	0.64	0.24
skill	0.64	0.37
softened	0.64	0.32
fertile	0.64	0.32
precious	0.64	0.12
instruments	0.64	0.26
light	0.64	0.41
exchanged	0.64	0.27
attain	0.64	0.44
arch	0.64	0.37
year	0.64	0.26
attached	0.64	1.11
elevation	0.64	0.30
enlarged	0.64	0.27
fitted	0.64	0.26
render	0.64	0.37
eloquence	0.64	0.22
blood	0.64	0.43
sake	0.64	1.24
fruits	0.65	0.62
domestic	0.65	0.30
springs	0.65	0.34
everywhere	0.65	0.27
professed	0.65	0.62
attempting	0.65	0.59
stocks	0.65	0.50
obedience	0.65	0.70
salvation	0.65	0.56
leaf	0.65	0.32
indispensable	0.65	0.33
attempt	0.65	0.57
october	0.65	0.25
press	0.65	0.33
keeps	0.65	1.23
throughout	0.65	0.49
degree	0.65	0.50
short	0.65	0.25
talent	0.66	0.28
adequate	0.66	0.36
designed	0.66	0.33
services	0.66	0.30
nowhere	0.66	0.26
provided	0.66	0.35
religious	0.66	0.45
gold	0.66	0.17
sound	0.66	0.36
retain	0.66	0.46
invention	0.66	0.34
artist	0.66	0.24
rate	0.66	0.40
endeavored	0.66	0.59
needed	0.67	0.34
prominent	0.67	0.36
heroic	0.67	0.43
until	0.67	0.26
willing	0.67	0.31
maiden	0.67	1.18
endeavoring	0.67	0.59
similar	0.67	0.33
procure	0.67	0.28
once	0.67	0.36
immortal	0.67	0.63
again	0.67	0.31
extra	0.67	0.33
associated	0.67	0.34
yellow	0.67	0.31
deserve	0.67	0.32
lofty	0.68	0.36
endeavor	0.68	0.56
relative	0.68	0.56
historical	0.68	0.47
attempted	0.68	0.58
prudence	0.68	0.31
trees	0.68	0.37
dreamed	0.68	1.06
irregular	0.68	0.31
saints	0.68	0.60
wedding	0.68	0.41
tongue	0.68	0.26
first	0.68	0.27
fountain	0.68	0.40
roots	0.68	0.40
colors	0.68	0.31
courage	0.68	0.42
thorough	0.68	0.55
payment	0.68	0.34
principal	0.69	0.26
architecture	0.69	0.22
yesterday	0.69	0.30
twilight	0.69	0.40
low	0.69	0.40
play	0.69	0.50
august	0.69	0.29
treasure	0.69	0.31
resolute	0.69	0.21
1kb	0.69	0.45
greater	0.69	0.49
improvements	0.69	0.43
provide	0.69	0.30
pleased	0.69	0.40
safely	0.69	0.30
promise	0.69	0.48
charm	0.69	0.90
oft	0.69	0.45
above	0.69	0.23
bound	0.69	0.34
fond	0.69	1.29
enabled	0.69	0.47
enable	0.69	0.48
heartily	0.69	0.48
thoughtful	0.70	0.71
depth	0.70	0.42
seeks	0.70	0.51
feature	0.70	0.59
equality	0.70	0.56
temple	0.70	0.19
touch	0.70	0.43
able	0.70	0.49
brighter	0.70	0.60
attachment	0.70	1.40
remembrance	0.70	1.25
visions	0.70	0.28
pine	0.71	0.39
warmly	0.71	1.04
prefer	0.71	0.23
sounds	0.71	0.38
parish	0.71	0.34
seed	0.71	0.44
slightly	0.71	0.39
echo	0.71	0.32
liberties	0.71	0.65
lane	0.71	0.26
soul	0.71	1.26
buildings	0.71	0.33
painted	0.71	0.30
sentiment	0.71	0.61
collection	0.71	0.25
selected	0.72	0.35
bread	0.72	0.80
steady	0.72	0.28
blue	0.72	0.27
numerous	0.72	0.28
satisfied	0.72	0.57
green	0.72	0.32
useful	0.72	0.29
planting	0.72	0.39
gives	0.72	0.32
floating	0.72	0.40
works	0.72	0.27
luxury	0.72	0.39
usefulness	0.72	0.29
admire	0.72	0.45
affections	0.72	1.31
streets	0.72	0.43
metal	0.72	0.29
september	0.72	0.30
intercourse	0.73	0.34
cloth	0.73	0.37
supper	0.73	0.59
month	0.73	0.30
wished	0.73	0.49
entitled	0.73	0.37
common	0.73	0.31
kept	0.73	0.29
halls	0.73	0.31
root	0.73	0.37
recognition	0.73	0.28
attained	0.73	0.37
flowing	0.73	0.36
copper	0.74	0.29
edition	0.74	0.35
important	0.74	0.42
boughs	0.74	0.34
humble	0.74	0.46
ever	0.74	1.17
november	0.74	0.33
difficult	0.74	0.48
july	0.74	0.30
always	0.74	0.49
forms	0.74	0.41
enormous	0.74	0.50
retired	0.74	0.41
hour	0.74	0.29
heart	0.74	1.21
ability	0.74	0.38
ray	0.75	0.36
volume	0.75	0.36
illustrated	0.75	0.35
maintain	0.75	0.63
eminently	0.75	0.52
expect	0.75	0.29
independence	0.75	0.42
faithful	0.75	0.37
contains	0.75	0.35
considerable	0.75	0.46
accuracy	0.75	0.64
variety	0.75	0.30
coming	0.75	0.37
frost	0.76	0.47
angels	0.76	0.73
receive	0.76	0.25
required	0.76	0.52
varieties	0.76	0.47
superior	0.76	0.37
june	0.76	0.31
bid	0.76	0.47
paid	0.76	0.32
last	0.76	0.30
whispering	0.76	0.34
future	0.76	0.39
paint	0.76	0.29
shelter	0.76	0.44
desired	0.76	0.35
twice	0.76	0.28
setting	0.77	0.26
paradise	0.77	0.50
hear	0.77	0.37
erected	0.77	0.30
harvest	0.77	0.55
enthusiastic	0.77	0.35
credit	0.77	0.29
industrious	0.77	0.31
hours	0.77	0.28
locks	0.77	0.45
lack	0.77	0.31
sufficient	0.78	0.53
affords	0.78	0.40
liked	0.78	1.08
prospect	0.78	0.60
small	0.78	0.28
eminent	0.78	0.25
stem	0.78	0.35
heavens	0.78	0.39
sympathy	0.78	0.72
scarlet	0.78	0.29
till	0.79	0.29
effective	0.79	0.32
orange	0.79	0.36
ornament	0.79	0.32
catholic	0.79	0.35
illustrations	0.79	0.36
enlightened	0.79	0.30
weather	0.79	0.61
abundant	0.79	0.34
treasures	0.79	0.27
sparkling	0.79	0.41
nights	0.79	0.43
form	0.79	0.41
type	0.80	0.39
consistent	0.80	0.42
wishing	0.80	0.38
owe	0.80	0.40
precisely	0.80	0.38
faintly	0.80	0.39
double	0.80	0.37
marble	0.80	0.35
gallery	0.80	0.34
ring	0.80	0.52
managed	0.80	0.36
artists	0.80	0.26
nature	0.80	0.43
earnestness	0.80	0.50
houses	0.80	0.37
culture	0.80	0.32
seasons	0.81	0.43
sacred	0.81	0.33
earnest	0.81	0.40
peculiar	0.81	0.40
energetic	0.81	0.23
pleasure	0.81	0.40
vigorous	0.81	0.51
noblest	0.81	0.39
colored	0.81	0.29
dancing	0.82	0.52
plain	0.82	0.39
romantic	0.82	0.83
elaborate	0.82	0.39
impossible	0.82	0.46
bud	0.82	0.51
succeeding	0.82	0.46
soil	0.82	0.35
moderate	0.82	0.37
eloquent	0.82	0.35
planted	0.82	0.39
purple	0.82	0.34
standard	0.83	0.42
vast	0.83	0.44
pictures	0.83	0.39
art	0.83	0.38
adieu	0.83	0.54
gift	0.83	0.28
played	0.83	0.52
characteristic	0.83	0.44
famous	0.83	0.22
here	0.83	0.51
assured	0.84	0.37
extraordinary	0.84	0.41
patience	0.84	0.52
minute	0.84	0.42
firm	0.84	0.34
erect	0.84	0.41
effectual	0.84	0.43
virtue	0.84	0.57
portrait	0.84	0.40
benevolence	0.84	0.55
taste	0.85	0.30
flowed	0.85	0.30
portraits	0.85	0.34
fancy	0.85	0.25
growth	0.85	0.59
possessing	0.85	0.40
tree	0.85	0.50
rays	0.85	0.37
stately	0.85	0.42
applause	0.85	0.38
arrangement	0.86	0.47
comes	0.86	0.31
bestow	0.86	0.30
bond	0.86	0.56
believing	0.86	0.54
subdued	0.86	0.44
genius	0.86	0.30
comforts	0.86	0.38
immense	0.86	0.49
night	0.86	0.47
gently	0.86	0.30
size	0.86	0.53
heaven	0.87	1.15
mutual	0.87	0.56
religion	0.87	0.44
improve	0.87	0.60
devoted	0.87	0.52
worship	0.87	0.54
dwelling	0.87	0.49
abroad	0.87	0.28
received	0.88	0.20
finest	0.88	1.27
moon	0.88	0.35
succeed	0.88	0.42
privileges	0.88	0.45
christians	0.88	0.40
voice	0.88	0.42
beheld	0.88	1.40
neighborhood	0.88	0.32
dawn	0.88	0.40
farewell	0.89	0.89
highest	0.89	0.33
truly	0.89	0.69
dew	0.89	0.48
protestant	0.89	0.38
notes	0.89	0.29
chances	0.89	1.56
behold	0.89	1.24
hardy	0.89	0.36
writes	0.89	0.39
majestic	0.89	0.44
seeds	0.89	0.39
kindness	0.89	0.60
mine	0.89	1.25
curls	0.90	0.41
poetic	0.90	0.35
white	0.90	0.40
shone	0.90	0.37
thee	0.90	1.24
districts	0.90	0.42
earthly	0.90	1.19
parting	0.90	0.89
honored	0.90	0.81
integrity	0.90	0.41
perfectly	0.91	0.41
largest	0.91	0.46
basin	0.91	0.36
honor	0.91	0.35
daylight	0.91	0.39
exalted	0.91	0.30
flesh	0.91	0.37
eating	0.91	1.36
painter	0.91	0.31
spent	0.91	0.38
grand	0.91	0.45
prosperity	0.92	0.52
truth	0.92	0.50
executed	0.92	0.49
amusement	0.92	0.44
commanding	0.92	0.35
dinner	0.92	0.56
painting	0.92	0.33
christian	0.93	0.50
finish	0.93	0.42
cultivated	0.93	0.38
bestowed	0.93	0.28
disturb	0.93	0.48
season	0.93	0.47
genuine	0.94	0.38
utmost	0.94	0.52
charity	0.94	0.60
afforded	0.94	0.35
wisdom	0.94	0.46
slender	0.94	0.37
upright	0.94	0.33
holy	0.94	0.53
imitation	0.94	0.39
border	0.94	0.36
curious	0.95	0.47
blessings	0.95	0.33
tones	0.95	0.43
touching	0.95	0.37
sunlight	0.95	0.41
saw	0.95	0.44
ties	0.95	1.27
hearts	0.95	1.07
convenience	0.95	0.44
morality	0.95	0.41
rather	0.95	0.38
courtesy	0.95	0.35
shallow	0.96	0.37
angel	0.96	1.04
afternoon	0.96	0.45
plants	0.96	0.41
learned	0.96	0.33
particularly	0.96	0.49
distinguished	0.96	0.28
refinement	0.96	0.30
uncommon	0.96	0.50
ear	0.97	0.32
secure	0.97	0.58
early	0.97	0.43
zeal	0.97	0.71
medium	0.97	0.59
stillness	0.97	0.49
patriotism	0.97	0.52
suited	0.97	0.43
deal	0.97	1.34
situation	0.98	1.44
rosy	0.98	0.45
shed	0.98	0.29
shining	0.98	0.29
breath	0.98	0.54
atmosphere	0.98	0.57
polished	0.98	0.43
air	0.98	0.50
noon	0.98	0.40
intelligent	0.98	0.43
liberty	0.98	0.58
sketches	0.98	0.51
innocence	0.98	0.77
possible	0.98	0.34
sunset	0.98	0.41
rang	0.99	0.57
sun	0.99	0.41
climate	0.99	0.47
bliss	0.99	1.07
leaves	0.99	0.45
foliage	0.99	0.41
week	0.99	0.40
animated	0.99	0.38
striking	0.99	0.76
next	1.00	0.39
beams	1.00	0.35
reflected	1.00	0.39
delight	1.00	0.39
silver	1.00	0.30
trust	1.00	1.14
amused	1.00	0.30
sky	1.01	0.37
ardent	1.01	0.97
hearty	1.01	0.32
liberal	1.01	0.36
pear	1.02	0.70
adapted	1.02	0.66
token	1.02	0.43
quince	1.02	0.67
spirit	1.02	1.02
grass	1.02	0.47
greatest	1.02	0.40
generosity	1.02	0.57
happier	1.02	1.23
sensible	1.03	0.53
attentions	1.03	0.29
offering	1.03	0.30
abundance	1.03	0.57
shoots	1.03	0.62
greatness	1.04	0.34
gifts	1.04	0.33
pears	1.04	0.71
bloom	1.05	0.40
style	1.05	0.36
breeze	1.05	0.55
plant	1.05	0.44
bells	1.05	0.53
valuable	1.05	0.42
another	1.05	0.35
fun	1.05	0.98
apples	1.06	0.73
fortunately	1.06	1.52
villages	1.06	0.43
ringing	1.06	0.56
stars	1.06	0.38
hail	1.06	0.37
patriotic	1.06	0.37
delicate	1.07	0.48
picturesque	1.07	0.92
voices	1.07	0.52
grace	1.07	0.54
tenderness	1.07	1.04
manly	1.08	0.29
breathe	1.08	0.41
dignified	1.08	0.61
dance	1.08	0.54
glory	1.08	0.43
varied	1.08	0.42
singularly	1.08	0.50
cultivation	1.09	0.49
fruit	1.09	0.73
grove	1.09	0.53
laugh	1.09	0.70
singing	1.09	0.50
birds	1.10	0.51
honorable	1.10	0.31
strain	1.10	0.41
ripe	1.10	0.68
fidelity	1.10	0.57
hymn	1.10	0.30
greeted	1.10	0.46
simple	1.10	0.32
spend	1.10	0.36
respect	1.10	1.15
ornamental	1.10	0.48
village	1.11	0.36
fields	1.11	0.50
thanks	1.11	0.39
childhood	1.11	0.90
moonlight	1.11	0.52
brightness	1.11	0.39
star	1.11	0.43
productive	1.12	0.64
assurance	1.12	0.44
laughter	1.12	0.61
approbation	1.12	0.49
costly	1.13	0.41
honesty	1.13	0.42
preserved	1.14	1.12
due	1.14	0.46
besides	1.14	1.06
glorious	1.14	0.42
reward	1.14	0.43
rest	1.14	0.50
music	1.14	0.46
winter	1.14	0.58
beautifully	1.14	0.36
day	1.15	0.47
affection	1.15	1.19
desirable	1.15	0.38
virtuous	1.15	0.42
friendly	1.15	0.25
shout	1.15	0.55
faith	1.16	1.08
usual	1.16	0.42
thereby	1.16	1.49
mirth	1.16	0.63
devotion	1.16	1.13
skies	1.16	0.38
sweetly	1.17	0.37
comfort	1.17	0.50
manners	1.17	0.48
sincere	1.17	0.54
cheer	1.17	0.44
improved	1.17	1.09
splendor	1.17	0.44
sabbath	1.18	0.37
safety	1.19	1.07
piety	1.19	0.64
sung	1.19	0.47
garden	1.19	0.51
heavenly	1.19	0.99
entire	1.19	1.19
restored	1.19	1.10
shine	1.19	0.46
sober	1.20	0.40
thy	1.20	1.00
evening	1.20	0.43
large	1.20	0.39
late	1.20	0.53
christmas	1.20	0.39
reverence	1.20	1.14
musical	1.20	0.48
friendship	1.20	1.04
sincerity	1.20	0.59
exact	1.20	1.15
prudent	1.21	0.40
morning	1.21	0.48
leisure	1.21	0.37
charms	1.22	1.05
expedient	1.22	1.41
strict	1.22	1.09
sport	1.22	1.04
eve	1.22	0.49
bend	1.23	1.12
landscape	1.23	0.62
homage	1.24	1.07
flower	1.24	0.51
complete	1.24	1.20
contented	1.24	1.08
clear	1.24	0.35
quality	1.24	1.12
flowers	1.24	0.51
respectable	1.24	0.42
familiar	1.25	1.14
universal	1.25	1.09
wonderful	1.25	0.53
proper	1.25	0.45
cordial	1.26	0.34
innocent	1.26	0.97
sunshine	1.26	0.53
cottage	1.26	0.52
bright	1.26	0.43
kindly	1.26	0.21
dignity	1.27	0.35
blossoms	1.27	0.55
autumn	1.28	0.65
youthful	1.28	0.87
adorned	1.29	0.40
spring	1.29	0.54
esteem	1.29	0.65
ideal	1.29	0.38
image	1.30	0.96
remarkable	1.31	0.53
virgin	1.31	0.35
blessed	1.31	0.90
generous	1.31	0.32
warm	1.31	0.54
chance	1.31	1.34
praise	1.31	0.34
affectionate	1.32	0.31
profitable	1.32	0.56
apple	1.32	1.16
benevolent	1.32	0.40
model	1.32	0.95
suitable	1.32	0.40
hospitality	1.33	0.35
novel	1.33	1.21
says	1.33	1.08
accomplished	1.33	0.92
delicacy	1.34	0.36
songs	1.34	0.53
sing	1.34	0.37
sang	1.34	0.50
worthy	1.35	0.78
preserve	1.35	1.05
song	1.35	0.43
warmth	1.36	0.38
desirous	1.36	1.34
simplicity	1.36	0.40
goodness	1.37	0.89
enjoyment	1.37	0.46
appropriate	1.38	0.56
finished	1.38	0.99
golden	1.38	0.44
refined	1.38	0.43
celebrated	1.40	0.85
gratitude	1.40	0.91
illustrious	1.40	0.96
roses	1.41	0.56
beauties	1.41	1.02
modest	1.41	0.92
welcome	1.41	0.34
fairy	1.41	0.98
equal	1.41	1.05
comparative	1.41	0.92
loving	1.42	0.69
order	1.42	1.06
homes	1.43	0.90
statue	1.44	0.94
yon	1.44	1.05
requisite	1.45	0.99
wit	1.45	0.39
fragrant	1.46	0.57
gracious	1.46	0.83
peculiarly	1.46	1.17
delighted	1.47	0.83
handsome	1.47	0.56
kind	1.49	0.73
wondrous	1.49	0.95
gorgeous	1.49	0.41
mirror	1.50	0.99
repose	1.51	0.48
freedom	1.51	0.96
wise	1.51	0.93
sweetness	1.51	0.42
prize	1.52	1.19
magnificent	1.52	0.50
hope	1.52	0.75
thankful	1.52	0.85
lightly	1.53	1.11
humor	1.53	0.89
just	1.53	1.10
security	1.54	0.94
walks	1.54	1.09
spirits	1.54	0.76
fair	1.55	0.86
amiable	1.55	0.76
scenery	1.55	1.05
brilliant	1.55	0.51
rich	1.56	0.54
full	1.57	0.81
glad	1.57	1.02
cool	1.58	1.01
smiles	1.60	0.82
easy	1.60	0.40
neat	1.61	0.53
flavor	1.61	0.97
singular	1.62	0.73
pretty	1.62	0.87
home	1.63	0.98
comfortable	1.63	0.93
rare	1.63	0.80
indebted	1.63	0.99
true	1.65	0.82
rejoice	1.65	0.87
merry	1.66	0.89
opera	1.67	0.84
calm	1.67	0.50
tender	1.68	0.28
morn	1.68	0.93
joy	1.69	0.67
amusing	1.69	1.12
confident	1.69	0.76
excellence	1.70	0.75
splendid	1.70	0.53
gentle	1.70	0.69
harmony	1.70	0.81
purity	1.72	0.65
confidence	1.72	0.79
interesting	1.72	0.98
noble	1.73	0.73
park	1.73	0.94
joyous	1.74	0.87
summer	1.74	0.97
graceful	1.74	0.82
peace	1.76	0.79
admirable	1.76	0.93
happiness	1.77	0.68
elegant	1.77	0.57
hopeful	1.77	0.66
sunny	1.79	0.92
gay	1.79	0.79
loveliness	1.80	0.75
sunday	1.81	0.92
pious	1.82	0.83
soft	1.82	0.83
beauty	1.82	0.72
fresh	1.84	0.83
perfection	1.84	0.68
safe	1.85	0.73
ease	1.85	0.66
nice	1.85	0.95
quiet	1.85	0.79
radiant	1.86	0.71
plenty	1.87	0.91
convenient	1.89	0.78
best	1.91	0.93
content	1.91	0.70
genial	1.91	0.63
beautiful	1.92	0.81
enjoyed	1.92	0.63
sweet	1.92	0.93
gardens	1.95	0.80
mild	1.97	0.75
enjoy	1.98	0.64
serene	2.02	0.64
pure	2.08	0.62
peaceful	2.08	0.79
exquisite	2.10	0.51
cheerful	2.12	0.78
delicious	2.12	0.77
pleasing	2.12	0.85
lively	2.13	0.79
agreeable	2.21	0.78
fine	2.23	0.72
attractive	2.24	0.87
rural	2.24	0.90
grateful	2.30	0.54
charming	2.42	0.68
