wicked	-4.28	0.98
wretched	-4.12	1.01
dreadful	-4.04	1.41
hell	-3.97	1.14
victims	-3.74	1.22
fearful	-3.73	1.45
victim	-3.67	1.07
terrible	-3.66	1.46
cruel	-3.61	1.14
blind	-3.60	0.93
dismal	-3.56	1.38
failing	-3.49	1.66
ugly	-3.46	1.57
murdered	-3.44	1.12
unjust	-3.42	1.17
prey	-3.39	1.62
murder	-3.39	1.51
hostility	-3.39	1.52
frightful	-3.35	1.71
wretch	-3.35	0.85
ridiculous	-3.34	1.40
awful	-3.33	1.71
deed	-3.33	1.50
mischief	-3.31	1.36
foul	-3.30	1.36
helpless	-3.28	1.13
horror	-3.26	1.46
sinking	-3.20	1.48
worst	-3.19	1.56
vulgar	-3.14	1.22
miserable	-3.09	1.40
ignorant	-3.09	0.77
distress	-3.08	1.26
stupid	-3.08	0.78
unnatural	-3.08	1.35
absurd	-3.07	1.34
agony	-3.06	1.27
ruined	-3.06	0.99
violence	-3.02	1.32
struggling	-3.01	0.91
revenge	-3.00	1.35
disaster	-2.98	1.17
sin	-2.94	1.32
injustice	-2.92	1.30
vice	-2.88	1.27
inevitable	-2.87	1.55
desolate	-2.85	1.01
bloody	-2.82	0.92
oppression	-2.82	1.30
error	-2.76	1.49
weak	-2.73	1.09
brute	-2.73	1.36
suspicion	-2.72	1.28
indignant	-2.71	1.52
worse	-2.70	1.17
falsehood	-2.69	0.87
creatures	-2.68	1.10
dependent	-2.68	1.09
feeble	-2.68	1.16
blame	-2.67	1.62
restless	-2.66	1.52
wrath	-2.66	1.69
hatred	-2.66	1.71
frightened	-2.65	1.02
gross	-2.65	1.06
corruption	-2.63	1.48
base	-2.62	0.63
vengeance	-2.60	1.63
affair	-2.60	1.71
painful	-2.59	1.66
jealousy	-2.55	1.64
enormous	-2.54	1.79
hungry	-2.54	1.22
silly	-2.53	0.91
tremendous	-2.52	1.15
consequences	-2.51	1.60
threatening	-2.51	0.83
hard	-2.51	1.64
wreck	-2.50	0.65
wrong	-2.50	1.56
foes	-2.49	1.65
ignorance	-2.48	0.70
arise	-2.48	1.61
dying	-2.47	1.20
danger	-2.47	1.54
temptation	-2.47	1.60
lonely	-2.46	1.20
dread	-2.46	0.79
deserted	-2.45	0.78
errors	-2.45	1.66
evils	-2.44	1.75
scorn	-2.42	1.74
hopeless	-2.42	0.66
folly	-2.41	0.71
bitterness	-2.41	1.56
rage	-2.41	1.86
death	-2.41	0.53
defiance	-2.40	1.87
mad	-2.39	1.58
trifling	-2.39	1.89
false	-2.39	0.57
contempt	-2.38	1.80
creed	-2.37	2.41
fear	-2.35	1.55
fierce	-2.35	1.83
abandoned	-2.35	0.54
fatal	-2.35	0.64
cure	-2.35	1.32
weakness	-2.34	0.49
anger	-2.33	1.86
selfish	-2.33	0.75
strange	-2.32	1.96
fury	-2.31	1.99
curse	-2.30	1.40
shame	-2.30	1.05
deadly	-2.30	0.83
slain	-2.27	0.51
misery	-2.27	0.50
useless	-2.26	0.57
crime	-2.26	1.05
personally	-2.25	1.78
punished	-2.24	0.93
treason	-2.24	0.93
drunk	-2.23	1.69
terror	-2.22	0.80
dumb	-2.21	0.51
dirty	-2.21	0.75
dreary	-2.20	0.81
committed	-2.19	1.14
insult	-2.19	0.67
creature	-2.18	1.17
encounter	-2.18	0.58
beast	-2.17	0.37
prejudice	-2.17	0.92
poverty	-2.16	0.43
agency	-2.16	1.75
sick	-2.16	1.42
commit	-2.15	1.09
endure	-2.13	0.58
doomed	-2.11	0.28
vanity	-2.11	0.70
literally	-2.11	1.90
ruin	-2.10	0.45
disgrace	-2.10	0.54
tyranny	-2.09	0.96
peril	-2.09	0.61
illustrious	-2.07	1.81
crisis	-2.06	0.80
startling	-2.05	2.02
penalty	-2.05	0.90
offensive	-2.05	2.02
bitter	-2.04	0.86
crimes	-2.03	1.12
suffering	-2.03	0.34
despair	-2.03	0.75
help	-2.02	1.49
utterly	-2.01	0.71
occurrence	-2.01	2.26
conflict	-2.01	0.67
injury	-2.00	0.99
knight	-2.00	1.70
tired	-2.00	1.57
booth	-2.00	0.46
offence	-1.99	1.06
alarm	-1.99	0.82
indignation	-1.98	1.45
pride	-1.98	1.86
neglect	-1.98	0.74
influence	-1.98	2.02
suffered	-1.97	0.56
cry	-1.97	1.28
beasts	-1.97	0.44
guilty	-1.97	1.07
actions	-1.97	1.63
disappointment	-1.97	0.89
suffer	-1.96	0.50
wine	-1.96	2.19
wrongs	-1.95	0.95
anxiety	-1.95	0.75
wentworth	-1.95	1.64
deeds	-1.94	1.36
charged	-1.94	0.66
drinking	-1.94	2.22
considering	-1.93	1.78
influences	-1.93	1.91
disgust	-1.93	1.30
reckless	-1.93	0.47
abuse	-1.92	0.87
misfortune	-1.92	0.47
superstition	-1.90	0.43
destruction	-1.89	0.64
fool	-1.88	0.57
disease	-1.88	0.41
nt	-1.88	2.48
protest	-1.87	0.65
failure	-1.87	0.62
violent	-1.87	0.57
apprehension	-1.86	0.82
villain	-1.86	0.73
wounded	-1.86	0.54
shock	-1.86	0.55
angry	-1.86	0.99
insane	-1.85	0.54
astonishment	-1.85	0.90
petty	-1.85	0.47
fault	-1.84	0.81
utter	-1.83	0.46
foolish	-1.83	0.59
hereafter	-1.82	2.13
unnecessary	-1.82	0.70
dalton	-1.82	1.76
reproach	-1.82	0.97
irving	-1.81	2.14
guilt	-1.81	0.90
melancholy	-1.81	1.73
fiercely	-1.81	1.43
severe	-1.81	0.56
mingled	-1.79	1.80
excite	-1.79	1.15
sickness	-1.76	0.34
punishment	-1.75	0.90
desperate	-1.74	0.45
check	-1.73	1.94
enemies	-1.73	0.81
solitary	-1.73	0.89
dangers	-1.73	0.93
timid	-1.73	0.73
devil	-1.73	0.37
wild	-1.73	0.82
loss	-1.73	0.44
pity	-1.72	1.88
against	-1.72	0.59
confusion	-1.72	0.45
dull	-1.72	0.50
struggle	-1.71	0.56
savage	-1.71	0.74
confession	-1.71	0.75
sex	-1.70	1.76
sins	-1.69	0.96
serpent	-1.69	1.85
event	-1.68	0.73
wounds	-1.68	0.38
tempest	-1.67	0.93
hunger	-1.67	0.36
crazy	-1.67	1.57
clifden	-1.67	1.67
faults	-1.66	1.06
battle	-1.66	0.66
ill	-1.66	1.68
threatened	-1.66	0.59
fever	-1.65	0.49
recalled	-1.65	2.37
connected	-1.64	2.43
excess	-1.64	0.87
uncertain	-1.64	0.65
killed	-1.64	0.38
accident	-1.63	0.74
foe	-1.62	1.17
cup	-1.61	1.20
bless	-1.61	1.64
weeping	-1.60	1.64
favorable	-1.60	2.27
named	-1.58	1.76
madness	-1.58	0.68
hostile	-1.57	0.72
nervous	-1.57	0.55
beings	-1.57	0.57
weary	-1.57	0.78
dogs	-1.56	0.43
accused	-1.56	0.94
awkward	-1.56	0.63
anguish	-1.56	0.74
severely	-1.55	0.34
illness	-1.55	0.39
idle	-1.55	0.48
feared	-1.55	1.81
startled	-1.54	0.50
baby	-1.54	1.70
grim	-1.53	0.59
strife	-1.52	1.09
pain	-1.52	0.71
drank	-1.51	1.14
totally	-1.49	0.58
spared	-1.49	0.46
defeat	-1.48	0.46
harsh	-1.48	0.71
drop	-1.47	1.09
fate	-1.47	0.53
ambition	-1.47	1.02
gloomy	-1.46	0.75
childish	-1.45	0.33
trembling	-1.45	0.54
quarrel	-1.45	0.54
prisoners	-1.44	0.38
intense	-1.44	0.91
avoid	-1.43	0.89
condemned	-1.43	0.51
excited	-1.43	0.81
trial	-1.42	0.76
aroused	-1.42	0.81
effects	-1.41	0.86
invalid	-1.40	0.65
sufferings	-1.40	0.54
traitor	-1.40	0.41
alleged	-1.40	0.87
solitude	-1.39	0.51
born	-1.39	1.81
impatient	-1.38	0.69
bottle	-1.38	1.29
drink	-1.38	1.32
lest	-1.38	0.52
conspicuous	-1.37	2.06
charges	-1.37	0.69
opposition	-1.37	0.70
widow	-1.37	1.67
trouble	-1.37	0.45
glass	-1.36	1.30
plot	-1.36	0.62
captive	-1.36	0.52
circumstance	-1.36	0.85
boy	-1.35	1.78
difficulties	-1.35	0.95
heavenly	-1.34	1.67
desert	-1.34	0.69
bewildered	-1.34	0.37
blank	-1.34	0.54
formidable	-1.33	0.60
serious	-1.33	0.89
crushed	-1.33	0.63
chill	-1.33	0.60
sorrow	-1.33	0.92
children	-1.32	1.77
bull	-1.32	0.44
feed	-1.31	0.46
sudden	-1.31	0.75
passions	-1.30	1.07
waste	-1.30	0.50
unconscious	-1.30	0.43
tale	-1.29	1.99
poison	-1.29	0.77
drowned	-1.28	0.47
defects	-1.28	1.08
hunt	-1.27	0.42
trials	-1.27	0.59
struggles	-1.27	0.28
rude	-1.27	0.50
liked	-1.24	1.92
flock	-1.24	0.48
dead	-1.24	0.70
medicine	-1.24	0.52
surgeon	-1.23	0.53
prison	-1.23	0.50
cunning	-1.23	0.69
blows	-1.22	0.48
grief	-1.22	0.93
storm	-1.21	1.11
leads	-1.21	0.64
bitterly	-1.21	1.58
alarmed	-1.21	0.43
curiosity	-1.20	0.79
causes	-1.19	0.96
anxious	-1.19	0.48
troubles	-1.19	0.73
troubled	-1.19	0.50
avoided	-1.18	0.88
liable	-1.17	0.50
responsible	-1.17	0.40
yankees	-1.17	0.41
coffee	-1.17	1.24
deepest	-1.16	0.67
hurricane	-1.16	0.88
hospital	-1.16	0.58
bear	-1.16	0.50
groan	-1.16	0.57
cat	-1.16	0.30
excessive	-1.15	0.73
perish	-1.15	0.42
injured	-1.15	0.31
caused	-1.15	0.57
unworthy	-1.14	0.60
toil	-1.14	0.33
fiery	-1.14	1.03
dangerous	-1.13	0.94
big	-1.13	0.70
surprise	-1.13	0.96
agitation	-1.12	0.51
objections	-1.12	0.89
harm	-1.12	0.71
coarse	-1.11	0.78
armed	-1.11	0.48
destroyed	-1.11	0.39
beaten	-1.10	0.37
attacks	-1.10	0.51
thousands	-1.10	0.59
prisoner	-1.09	0.49
ashamed	-1.09	0.53
haughty	-1.09	0.91
dragged	-1.09	0.52
consequence	-1.09	0.69
brand	-1.09	0.42
mysterious	-1.08	0.73
hesitation	-1.08	0.60
deer	-1.08	0.26
infant	-1.08	1.28
acts	-1.08	0.81
jealous	-1.07	2.08
awe	-1.07	0.93
sink	-1.07	0.43
physician	-1.07	0.59
defeated	-1.06	0.27
stormy	-1.06	0.58
taste	-1.06	2.30
darkness	-1.06	0.62
involved	-1.05	0.71
criminal	-1.05	0.89
waverly	-1.05	0.51
daughter	-1.04	1.80
kill	-1.04	0.46
sybil	-1.04	1.87
risk	-1.04	0.55
neglected	-1.03	0.60
ice	-1.03	0.64
crying	-1.03	1.14
contest	-1.03	0.39
fight	-1.03	0.49
appetite	-1.02	0.74
puzzled	-1.02	0.43
dog	-1.02	0.53
hampton	-1.01	0.50
astonished	-1.01	0.38
wilderness	-1.01	0.56
tidings	-1.00	0.50
escaped	-1.00	0.39
stern	-1.00	0.77
vain	-1.00	0.58
piece	-1.00	0.56
arrest	-0.99	0.58
arrested	-0.99	0.60
disagreeable	-0.99	2.09
muttered	-0.99	0.69
exposed	-0.98	0.69
responsibility	-0.98	0.51
lion	-0.98	0.36
warfare	-0.98	0.41
occurred	-0.98	1.08
gesture	-0.97	0.89
burden	-0.96	0.32
events	-0.96	0.84
tea	-0.96	1.04
indifferent	-0.96	0.48
savages	-0.96	0.50
wound	-0.96	0.16
suggest	-0.96	0.70
act	-0.96	0.60
died	-0.95	1.37
suspicious	-0.95	0.49
war	-0.95	0.40
cross	-0.95	0.59
decisive	-0.95	0.64
passion	-0.95	2.25
associations	-0.94	0.69
start	-0.94	0.56
gloom	-0.94	0.67
battles	-0.94	0.37
poured	-0.94	1.04
milk	-0.94	1.08
fox	-0.94	0.25
pains	-0.94	0.32
consumption	-0.93	0.37
resist	-0.93	0.70
job	-0.93	0.53
fighting	-0.93	0.36
prejudices	-0.92	0.68
wandered	-0.92	0.65
sunk	-0.92	0.51
child	-0.92	1.83
incapable	-0.92	0.24
borne	-0.92	0.33
vague	-0.92	0.68
gale	-0.91	0.71
tremble	-0.91	0.58
odd	-0.91	1.03
remedy	-0.91	0.86
operations	-0.91	0.55
polly	-0.90	0.65
concerned	-0.90	0.54
excitement	-0.89	0.83
barn	-0.89	0.53
sacrifices	-0.89	0.47
sorrows	-0.89	0.46
conclusions	-0.88	0.77
confused	-0.88	0.38
whereas	-0.88	0.47
campaign	-0.88	0.48
bodily	-0.88	0.28
oppose	-0.88	0.54
sugar	-0.88	1.04
souls	-0.88	0.47
resistance	-0.87	0.51
minor	-0.87	0.82
unexpected	-0.86	0.65
perpetual	-0.86	0.54
extraordinary	-0.86	0.89
total	-0.86	0.72
direct	-0.85	1.02
surprised	-0.85	0.46
sentence	-0.85	0.66
deceived	-0.85	1.55
sez	-0.85	1.20
bare	-0.84	0.52
slightest	-0.84	0.77
rent	-0.84	0.64
depths	-0.84	0.45
awakened	-0.84	0.45
mother	-0.83	1.85
mystery	-0.83	0.52
connection	-0.83	0.75
gigantic	-0.83	0.54
seal	-0.82	0.72
rebels	-0.82	0.24
instances	-0.82	0.79
sharp	-0.82	0.41
insurrection	-0.82	0.35
empty	-0.82	0.44
siege	-0.81	0.23
confessed	-0.81	0.58
worn	-0.81	0.43
spite	-0.81	0.76
burst	-0.81	0.68
fires	-0.81	0.55
capture	-0.80	0.24
wife	-0.80	1.85
reasonable	-0.80	0.67
admit	-0.80	0.61
rebellion	-0.80	0.41
wasted	-0.80	0.34
artificial	-0.80	0.63
drain	-0.80	0.58
mere	-0.79	0.53
father	-0.79	1.85
legitimate	-0.79	0.80
doubtful	-0.79	0.37
guy	-0.79	0.65
salle	-0.78	0.49
result	-0.78	0.70
fears	-0.78	0.53
mistake	-0.78	0.73
soldiers	-0.78	0.68
differences	-0.78	0.79
controversy	-0.78	0.51
disappointed	-0.78	0.63
phenomena	-0.78	0.78
bar	-0.78	0.97
shocked	-0.77	0.49
instinct	-0.77	0.83
captured	-0.77	0.15
difficulty	-0.76	0.65
elsie	-0.76	1.16
club	-0.76	0.83
shoot	-0.76	0.21
aged	-0.76	1.26
archy	-0.76	0.56
relieve	-0.76	0.40
wholly	-0.76	0.48
steal	-0.75	0.51
blast	-0.75	0.67
roused	-0.75	0.48
escape	-0.75	0.26
water	-0.75	0.98
nurse	-0.75	1.10
buried	-0.75	0.45
whom	-0.74	1.80
singular	-0.74	1.23
without	-0.74	0.58
stolen	-0.74	0.43
doubts	-0.74	0.55
agent	-0.74	0.68
care	-0.73	1.21
eat	-0.73	0.74
mercy	-0.73	0.75
falling	-0.73	0.45
news	-0.72	0.53
interference	-0.72	0.91
action	-0.72	0.82
remove	-0.72	0.41
separation	-0.72	0.53
relieved	-0.71	0.43
animals	-0.71	0.21
intent	-0.71	0.40
subjected	-0.71	0.57
possibility	-0.71	0.76
powerful	-0.70	0.65
shorn	-0.70	0.43
results	-0.70	0.69
details	-0.70	0.91
katy	-0.70	1.08
retreat	-0.70	0.14
cigar	-0.70	0.89
rival	-0.69	0.76
attacked	-0.69	0.14
sank	-0.69	0.49
imposed	-0.69	0.47
sneak	-0.69	0.21
dark	-0.69	0.62
regret	-0.69	1.23
probability	-0.69	0.65
animal	-0.69	0.37
sake	-0.69	1.76
fought	-0.69	0.39
eaten	-0.69	0.73
occur	-0.69	0.55
philippa	-0.69	0.54
prevail	-0.69	0.59
deserved	-0.69	0.44
slight	-0.68	0.44
whites	-0.68	0.42
pike	-0.68	0.38
dick	-0.68	0.79
objection	-0.68	0.66
surprising	-0.67	0.83
frame	-0.67	0.51
abner	-0.67	0.59
fellows	-0.67	0.85
police	-0.67	0.49
wilford	-0.67	0.95
hurt	-0.67	0.54
incident	-0.67	1.39
executed	-0.66	0.70
flames	-0.66	0.93
overcome	-0.66	0.48
circumstances	-0.66	0.60
confess	-0.66	0.42
hut	-0.66	0.50
unknown	-0.66	0.45
obvious	-0.66	0.97
cause	-0.65	0.46
multitude	-0.65	0.41
grandfather	-0.65	1.44
sons	-0.65	1.17
sensation	-0.65	0.54
wandering	-0.64	0.46
mighty	-0.64	0.46
saved	-0.64	0.33
constant	-0.64	0.41
wildly	-0.64	0.44
shared	-0.64	0.26
governed	-0.64	0.56
unfortunately	-0.64	0.38
game	-0.64	0.26
cares	-0.64	0.33
sheep	-0.63	0.24
son	-0.63	1.61
extreme	-0.63	0.61
arose	-0.63	0.33
dhu	-0.63	1.03
indians	-0.63	0.21
falls	-0.63	0.44
slow	-0.63	0.59
feeling	-0.63	1.50
cameron	-0.62	0.98
torn	-0.62	0.22
seriously	-0.62	0.46
seeming	-0.62	0.54
dora	-0.62	0.57
ate	-0.62	0.72
thunder	-0.61	0.68
recovered	-0.61	0.51
doctor	-0.61	0.83
lawry	-0.61	0.43
senator	-0.61	0.43
motive	-0.61	0.46
exception	-0.61	0.47
blow	-0.61	0.24
ned	-0.61	0.64
delay	-0.61	0.48
eager	-0.61	0.48
altogether	-0.61	0.44
discovery	-0.61	0.58
reverse	-0.61	0.51
secrets	-0.60	0.56
allies	-0.60	0.22
ho	-0.60	0.31
meal	-0.60	0.72
hunter	-0.60	0.40
exists	-0.60	0.49
desires	-0.59	0.56
movements	-0.59	0.46
drive	-0.59	0.56
leap	-0.59	0.30
hit	-0.59	0.24
roar	-0.59	0.67
purely	-0.59	0.32
damon	-0.58	0.60
fitz	-0.58	0.40
elder	-0.58	1.40
conceive	-0.58	0.44
recover	-0.58	0.57
freely	-0.58	0.96
mount	-0.58	0.47
strike	-0.58	0.28
ai	-0.57	0.86
destroy	-0.57	0.36
treatment	-0.57	0.39
motives	-0.57	0.53
engagement	-0.57	0.34
continually	-0.57	0.34
daughters	-0.57	1.49
rocky	-0.57	0.46
wars	-0.57	0.34
amy	-0.56	0.72
huge	-0.56	0.52
ghost	-0.56	0.35
necessities	-0.56	0.65
stake	-0.56	0.21
tobacco	-0.56	0.86
expense	-0.56	0.29
shield	-0.55	0.29
assist	-0.55	0.39
filled	-0.55	0.62
fortunes	-0.55	0.47
naked	-0.55	0.37
leading	-0.55	0.51
alfred	-0.54	1.00
angels	-0.54	0.47
force	-0.54	0.63
occasional	-0.54	0.44
supper	-0.54	0.67
spirits	-0.54	1.57
created	-0.54	0.40
jake	-0.54	0.59
witness	-0.54	0.44
marvellous	-0.54	0.99
pipe	-0.54	0.73
natures	-0.54	0.47
mothers	-0.54	1.17
ordinary	-0.53	0.57
fathers	-0.53	0.93
popular	-0.53	0.54
affairs	-0.53	0.56
oil	-0.53	0.79
fellow	-0.53	1.62
englishman	-0.53	0.81
horses	-0.53	0.23
noll	-0.52	0.79
jim	-0.52	0.43
boys	-0.52	1.07
heir	-0.52	1.05
dash	-0.52	0.41
difference	-0.52	0.69
tom	-0.52	0.55
herself	-0.52	1.22
faint	-0.52	0.72
aloud	-0.52	0.94
decay	-0.52	0.52
cattle	-0.52	0.25
conceived	-0.52	0.68
exhausted	-0.52	0.46
bute	-0.51	0.73
morris	-0.51	0.90
concern	-0.51	0.27
wilson	-0.51	0.79
shot	-0.51	0.15
lip	-0.51	0.83
irresistible	-0.51	0.90
entertain	-0.51	0.44
witnessed	-0.51	0.78
forces	-0.51	0.62
bag	-0.51	0.49
tin	-0.50	0.62
lillie	-0.50	0.46
unusual	-0.50	0.82
mistaken	-0.50	0.58
breakfast	-0.50	0.66
hannah	-0.50	0.84
wherein	-0.50	0.48
sarah	-0.50	1.19
ancestors	-0.50	0.54
male	-0.50	0.80
prince	-0.49	0.54
swear	-0.49	0.75
asleep	-0.49	0.73
roll	-0.49	0.48
thar	-0.49	0.93
matters	-0.49	0.68
women	-0.49	1.08
absolutely	-0.49	0.44
margaret	-0.48	0.94
hurry	-0.48	0.52
enemy	-0.48	0.16
necessity	-0.48	0.64
pelham	-0.48	0.20
indifference	-0.48	0.65
ellen	-0.48	1.14
partner	-0.48	1.06
oath	-0.48	0.99
adds	-0.48	0.48
conquer	-0.48	0.34
destiny	-0.48	0.44
praying	-0.48	0.47
rescue	-0.48	0.29
flies	-0.48	0.46
conduct	-0.48	0.72
impulse	-0.48	0.82
attack	-0.48	0.20
positively	-0.48	0.53
sooner	-0.47	0.74
fashion	-0.47	0.59
warning	-0.47	0.70
aristocracy	-0.47	0.53
joe	-0.47	0.38
lad	-0.47	1.06
proceedings	-0.47	0.44
heavy	-0.47	0.22
inventor	-0.47	0.47
sailor	-0.47	0.96
tear	-0.47	0.54
artillery	-0.47	0.14
wants	-0.47	0.46
mark	-0.47	0.76
isaline	-0.47	0.30
married	-0.46	1.55
younger	-0.46	1.38
based	-0.46	0.67
cromwell	-0.46	0.43
lean	-0.46	0.41
parasyte	-0.46	0.25
supernatural	-0.46	0.66
brings	-0.46	0.14
gradual	-0.46	0.70
honey	-0.46	0.53
armies	-0.46	0.21
mudge	-0.46	0.36
submission	-0.46	0.46
wealthy	-0.46	1.04
priest	-0.46	0.54
dinner	-0.46	0.63
families	-0.45	0.95
princes	-0.45	0.47
housekeeper	-0.45	0.99
spare	-0.45	0.64
sha	-0.45	0.69
helen	-0.45	1.07
flour	-0.45	0.69
butter	-0.45	0.71
fish	-0.45	0.59
soldier	-0.45	0.84
dies	-0.45	0.61
giants	-0.45	0.59
got	-0.45	0.86
preceded	-0.45	0.54
mary	-0.44	1.38
trail	-0.44	0.19
probable	-0.44	0.65
squire	-0.44	0.76
osborne	-0.44	0.59
rid	-0.44	0.29
follows	-0.44	0.43
giant	-0.44	0.54
julia	-0.44	0.48
proves	-0.44	0.40
defense	-0.44	0.53
presence	-0.44	0.34
quantities	-0.44	0.49
witnesses	-0.43	0.43
uncle	-0.43	1.24
betsy	-0.43	0.74
hunting	-0.43	0.53
family	-0.43	1.37
communicated	-0.43	0.42
die	-0.43	0.61
dotty	-0.43	0.91
smoking	-0.43	0.93
authorities	-0.43	0.55
charge	-0.43	0.18
successful	-0.43	0.48
camp	-0.43	0.16
swept	-0.43	0.36
parent	-0.43	1.34
descendants	-0.43	0.82
heaven	-0.43	0.69
failed	-0.43	0.68
rebel	-0.43	0.12
frederick	-0.42	0.59
numbers	-0.42	0.46
household	-0.42	0.63
absence	-0.42	0.70
drops	-0.42	0.67
craft	-0.42	0.30
stuff	-0.42	2.14
assault	-0.42	0.15
fed	-0.42	0.25
attending	-0.42	0.35
boast	-0.42	0.43
insects	-0.42	0.44
pour	-0.42	0.77
assisted	-0.42	0.34
israel	-0.41	0.51
repeat	-0.41	0.48
fill	-0.41	0.46
amused	-0.41	0.39
raise	-0.41	0.32
amid	-0.41	0.51
name	-0.41	1.26
manifest	-0.41	0.69
christina	-0.41	0.60
succeeded	-0.41	0.24
struggled	-0.41	0.48
calling	-0.41	0.52
flyaway	-0.41	0.97
flora	-0.41	0.76
waldo	-0.41	0.67
woe	-0.41	0.80
brothers	-0.40	1.25
mortal	-0.40	0.65
stomach	-0.40	0.27
succession	-0.40	0.63
countrymen	-0.40	0.43
wonder	-0.40	0.59
doom	-0.40	0.91
overthrow	-0.40	0.50
change	-0.40	0.51
medium	-0.40	0.38
nephew	-0.39	1.31
agents	-0.39	0.50
vainly	-0.39	0.38
immediate	-0.39	0.99
rifle	-0.39	0.20
flank	-0.39	0.13
living	-0.39	0.78
gal	-0.39	0.50
doubt	-0.39	0.74
forgive	-0.39	1.04
adventure	-0.39	1.01
don	-0.39	0.41
pronounced	-0.39	0.32
sublime	-0.39	0.61
jack	-0.39	0.79
score	-0.38	0.18
ones	-0.38	1.08
sort	-0.38	0.79
attraction	-0.38	0.72
mamma	-0.38	1.32
solution	-0.38	0.54
oldest	-0.38	1.22
limbs	-0.38	0.46
boiled	-0.38	0.61
galldove	-0.38	0.47
exciting	-0.38	2.27
line	-0.38	0.18
affected	-0.38	0.20
relative	-0.38	0.46
shuffles	-0.38	0.23
firing	-0.37	0.11
darling	-0.37	1.42
harry	-0.37	0.67
weapon	-0.37	0.30
solely	-0.37	0.32
pray	-0.37	0.90
midst	-0.37	0.17
maybe	-0.37	0.94
removed	-0.37	0.41
lee	-0.37	0.09
peculiarities	-0.37	0.62
cavalry	-0.37	0.14
tongues	-0.37	0.38
rush	-0.37	0.18
strongest	-0.37	0.75
support	-0.37	0.64
legislation	-0.37	0.78
amusing	-0.37	2.16
thurston	-0.36	0.72
cover	-0.36	0.10
origin	-0.36	0.54
fell	-0.36	0.23
whip	-0.36	0.22
battery	-0.36	0.11
kenelm	-0.36	0.67
ranks	-0.36	0.27
imperfect	-0.36	0.38
sisters	-0.36	1.43
sustained	-0.36	0.34
soup	-0.36	0.64
hasty	-0.36	0.26
rough	-0.36	0.48
bacon	-0.36	0.33
birth	-0.36	0.76
brains	-0.36	0.37
amongst	-0.36	0.31
parents	-0.36	1.44
successfully	-0.36	0.39
preston	-0.36	0.63
exhibition	-0.36	0.52
struck	-0.36	0.19
incidents	-0.36	1.23
c	-0.36	0.21
lightning	-0.36	0.35
shell	-0.36	0.14
bed	-0.36	0.74
interested	-0.36	0.43
add	-0.36	0.67
troops	-0.35	0.13
fired	-0.35	0.13
relatives	-0.35	1.38
chase	-0.35	0.19
fat	-0.35	0.30
bread	-0.35	0.79
commission	-0.35	0.34
wondered	-0.35	1.07
ward	-0.35	0.82
garrison	-0.35	0.12
careless	-0.35	0.49
considerations	-0.35	0.62
under	-0.35	0.65
supposing	-0.35	0.55
remote	-0.35	0.43
control	-0.35	1.10
source	-0.35	0.67
richmond	-0.35	0.10
fall	-0.35	0.17
merchant	-0.35	0.81
hardy	-0.34	1.88
meat	-0.34	0.70
anticipated	-0.34	0.36
baron	-0.34	0.47
hole	-0.34	0.19
run	-0.34	0.21
bone	-0.34	0.19
box	-0.34	0.42
crept	-0.34	0.24
celebrated	-0.34	0.50
pope	-0.34	0.35
shenac	-0.34	0.95
batteries	-0.34	0.10
neutral	-0.34	0.37
plunged	-0.34	0.18
excuse	-0.33	0.61
pipes	-0.33	0.58
heroes	-0.33	0.42
yoo	-0.33	0.65
wat	-0.33	0.65
tail	-0.33	0.30
discharged	-0.33	0.12
wuz	-0.33	0.65
hez	-0.33	0.65
ez	-0.33	0.65
financial	-0.33	0.59
trembled	-0.33	0.42
sed	-0.33	0.65
bin	-0.33	0.65
driven	-0.33	0.15
sich	-0.33	0.65
ther	-0.33	0.65
mud	-0.33	0.25
porter	-0.33	0.40
hev	-0.33	0.65
hed	-0.33	0.65
kin	-0.33	0.65
spot	-0.33	0.50
niggers	-0.33	0.64
agin	-0.33	0.65
situation	-0.33	0.47
opposed	-0.33	0.24
uv	-0.33	0.62
rising	-0.33	0.47
wept	-0.32	1.45
wilton	-0.32	0.23
shaking	-0.32	0.50
git	-0.32	0.65
races	-0.32	0.22
guns	-0.32	0.10
cries	-0.32	0.58
nigger	-0.32	0.61
acting	-0.32	0.52
sam	-0.32	0.45
clerk	-0.32	0.57
create	-0.32	0.39
tribe	-0.32	0.31
fun	-0.32	0.70
driver	-0.32	0.30
weight	-0.32	0.18
dropping	-0.32	0.25
fly	-0.32	0.43
wich	-0.32	0.60
girl	-0.32	1.61
richard	-0.32	0.83
producing	-0.31	0.34
fer	-0.31	0.62
sally	-0.31	0.75
jury	-0.31	0.64
dear	-0.31	1.43
emily	-0.31	0.78
tears	-0.31	0.61
ben	-0.31	0.37
ha	-0.31	0.79
picter	-0.31	0.32
encountered	-0.31	0.34
straw	-0.31	0.25
bein	-0.31	0.64
badly	-0.31	0.23
expectation	-0.31	0.59
ends	-0.31	0.28
happens	-0.31	0.43
horace	-0.31	0.79
pardon	-0.31	0.76
rushing	-0.31	0.24
decided	-0.31	0.52
gun	-0.31	0.14
existing	-0.30	0.68
giltwood	-0.30	0.51
forgetting	-0.30	0.62
changes	-0.30	0.46
maude	-0.30	1.32
marie	-0.30	0.92
flesh	-0.30	0.20
indian	-0.30	0.14
whose	-0.30	0.73
column	-0.30	0.11
bodies	-0.30	0.22
salome	-0.30	0.67
mcclellan	-0.30	0.08
em	-0.30	0.66
innocence	-0.30	0.47
edward	-0.30	0.64
insist	-0.30	0.27
conclusion	-0.30	0.59
openly	-0.30	0.29
hollow	-0.30	0.49
leg	-0.30	0.22
mixed	-0.30	0.87
served	-0.29	0.47
names	-0.29	0.40
colored	-0.29	0.57
favor	-0.29	0.70
lot	-0.29	0.33
hired	-0.29	0.61
army	-0.29	0.13
james	-0.29	0.54
march	-0.29	0.37
chapman	-0.29	0.41
teeth	-0.29	0.37
afore	-0.29	0.65
effect	-0.29	0.74
ruins	-0.29	0.54
questions	-0.29	0.41
barnes	-0.29	0.74
rosamond	-0.29	0.98
positions	-0.29	0.28
waves	-0.29	0.35
yielded	-0.29	0.38
match	-0.28	0.68
salt	-0.28	0.68
farmers	-0.28	0.73
uniform	-0.28	0.43
infantry	-0.28	0.10
hesitated	-0.28	0.58
produce	-0.28	0.40
luck	-0.28	2.33
grown	-0.28	0.76
tion	-0.28	0.17
mehitable	-0.28	0.76
settle	-0.28	0.28
formation	-0.28	0.56
gentleman	-0.28	1.19
logical	-0.28	0.62
ridge	-0.28	0.19
henry	-0.28	0.66
lap	-0.28	1.15
despotism	-0.28	0.93
habit	-0.28	0.59
starting	-0.28	0.50
revolution	-0.28	0.31
cases	-0.28	0.65
sharply	-0.27	0.41
tastes	-0.27	0.53
warren	-0.27	0.64
oh	-0.27	0.90
traveller	-0.27	0.28
teaching	-0.27	0.58
harriet	-0.27	0.63
breaking	-0.27	0.50
awoke	-0.27	0.44
rejected	-0.27	0.68
beef	-0.27	0.68
brain	-0.27	0.55
constitute	-0.27	0.49
save	-0.27	0.63
aunt	-0.27	1.20
cried	-0.27	0.69
rational	-0.27	0.31
asks	-0.27	0.51
further	-0.27	0.27
temperance	-0.27	0.73
driving	-0.27	0.32
slope	-0.27	0.17
gilbert	-0.27	0.76
liz	-0.27	0.47
hurried	-0.27	0.23
deny	-0.27	0.61
insisted	-0.27	0.43
similar	-0.26	0.66
persons	-0.26	0.61
blanche	-0.26	0.63
recorded	-0.26	0.69
eternity	-0.26	0.42
philosopher	-0.26	0.32
natives	-0.26	0.22
christ	-0.26	0.71
parties	-0.26	0.24
chiefs	-0.26	0.32
deane	-0.26	0.60
b	-0.26	0.17
jane	-0.26	1.34
favored	-0.26	2.31
mordaunt	-0.26	0.57
cook	-0.26	0.56
woman	-0.26	1.65
load	-0.26	0.11
prevent	-0.26	0.71
eggs	-0.26	0.43
skipper	-0.26	0.40
traverse	-0.26	0.72
butler	-0.25	0.17
feature	-0.25	0.90
doctrines	-0.25	0.67
tents	-0.25	0.18
judged	-0.25	0.59
exercise	-0.25	0.79
missed	-0.25	0.52
namely	-0.25	0.45
daring	-0.25	0.40
lois	-0.25	0.59
sensitive	-0.25	0.50
sadness	-0.25	0.83
paul	-0.25	0.48
madison	-0.25	0.33
thereof	-0.25	0.36
prevented	-0.25	0.35
h	-0.25	0.22
miss	-0.25	1.24
saving	-0.25	0.41
yielding	-0.25	0.55
remarked	-0.25	0.71
bart	-0.25	0.47
business	-0.24	0.52
plate	-0.24	0.51
partial	-0.24	0.67
barton	-0.24	0.61
horse	-0.24	0.19
joseph	-0.24	0.95
self	-0.24	0.53
wid	-0.24	0.44
nonsense	-0.24	0.67
accompanied	-0.24	0.72
filling	-0.24	0.51
ef	-0.24	0.61
heathen	-0.24	0.26
walter	-0.24	0.45
haste	-0.23	0.27
sailors	-0.23	0.40
thank	-0.23	1.00
tribes	-0.23	0.18
god	-0.23	0.64
martha	-0.23	0.75
leaped	-0.23	0.25
dispute	-0.23	0.33
rear	-0.23	0.08
secession	-0.23	0.42
fort	-0.23	0.09
exist	-0.23	0.58
appeal	-0.23	0.58
rod	-0.23	0.30
fragments	-0.23	0.17
departure	-0.23	0.28
society	-0.23	0.45
cottage	-0.23	0.67
instead	-0.23	0.30
jason	-0.23	0.51
proclamation	-0.23	0.31
sweeping	-0.23	0.19
goin	-0.23	0.58
servants	-0.23	0.86
cannon	-0.22	0.17
distinguished	-0.22	0.64
swift	-0.22	0.21
approach	-0.22	0.21
hay	-0.22	0.31
party	-0.22	0.27
justify	-0.22	0.39
resort	-0.22	0.31
colburne	-0.22	0.30
men	-0.22	0.81
captain	-0.22	0.41
earl	-0.22	0.58
reference	-0.22	0.55
convinced	-0.22	0.31
strength	-0.22	0.62
boots	-0.22	0.31
owing	-0.22	0.47
warriors	-0.22	0.36
tent	-0.21	0.36
fur	-0.21	0.60
helped	-0.21	0.28
wondering	-0.21	0.64
king	-0.21	0.53
power	-0.21	0.83
shake	-0.21	0.58
jesus	-0.21	0.68
outward	-0.21	0.43
need	-0.21	0.61
regiments	-0.21	0.16
hot	-0.21	0.73
deck	-0.21	0.34
laura	-0.21	0.43
suggested	-0.21	0.62
forest	-0.21	0.41
lying	-0.21	0.36
row	-0.21	0.18
sigh	-0.21	0.53
operation	-0.21	0.39
regularly	-0.21	0.49
missionary	-0.21	0.45
william	-0.21	0.86
person	-0.21	0.85
flood	-0.21	0.34
addition	-0.21	0.51
conceal	-0.20	0.15
evidently	-0.20	0.33
cardinal	-0.20	0.43
grant	-0.20	0.30
san	-0.20	0.21
robert	-0.20	0.70
tempted	-0.20	0.57
creator	-0.20	0.81
endowed	-0.20	0.34
quality	-0.20	0.68
pet	-0.20	0.58
depth	-0.20	0.22
confederate	-0.20	0.16
whilst	-0.20	0.54
naval	-0.20	0.18
aside	-0.20	0.66
charles	-0.20	0.62
negroes	-0.20	0.68
confined	-0.20	0.33
assigned	-0.20	0.36
advance	-0.20	0.07
yer	-0.20	0.55
briefly	-0.19	0.53
farmer	-0.19	0.72
deeply	-0.19	0.28
experiment	-0.19	0.38
partly	-0.19	0.21
officer	-0.19	0.22
uttered	-0.19	0.47
advancing	-0.19	0.10
rolled	-0.19	0.19
get	-0.19	0.49
external	-0.19	0.71
brethren	-0.19	0.39
final	-0.19	0.68
davy	-0.19	0.78
landlord	-0.19	0.35
messrs	-0.19	0.71
catch	-0.19	0.13
marriage	-0.19	1.29
arbaces	-0.19	0.62
proprietor	-0.19	0.59
federal	-0.19	0.15
testimony	-0.19	0.42
race	-0.19	0.51
m	-0.19	0.57
dat	-0.18	0.48
division	-0.18	0.09
dar	-0.18	0.45
suspected	-0.18	1.01
acknowledge	-0.18	0.29
salvation	-0.18	0.65
ole	-0.18	0.47
horn	-0.18	0.22
almost	-0.18	0.35
fallen	-0.18	0.27
heavens	-0.18	0.45
fortress	-0.18	0.09
neighbors	-0.18	0.79
professed	-0.18	0.67
temporary	-0.18	0.39
young	-0.18	1.65
possibly	-0.18	0.58
undoubtedly	-0.18	0.24
wives	-0.18	1.06
sword	-0.18	0.17
ob	-0.18	0.47
chinese	-0.18	0.13
beach	-0.18	0.24
jumped	-0.18	0.27
class	-0.17	0.58
stick	-0.17	0.36
bones	-0.17	0.10
whar	-0.17	0.47
brian	-0.17	0.42
accustomed	-0.17	0.54
bears	-0.17	0.13
bob	-0.17	0.71
arguments	-0.17	0.41
hastened	-0.17	0.13
longing	-0.17	1.03
suddenly	-0.17	0.51
elsewhere	-0.17	0.45
removal	-0.17	0.30
adam	-0.17	0.46
voted	-0.17	0.15
dan	-0.17	0.71
throne	-0.17	0.44
pete	-0.17	0.30
board	-0.17	0.31
colonel	-0.17	0.31
impression	-0.17	0.44
entertained	-0.17	0.45
emotions	-0.17	0.94
guards	-0.17	0.23
behalf	-0.17	0.44
marks	-0.17	0.10
signal	-0.17	0.15
george	-0.16	0.65
pair	-0.16	0.29
kent	-0.16	0.26
noted	-0.16	0.37
engaged	-0.16	0.16
canoe	-0.16	0.15
related	-0.16	0.98
female	-0.16	0.78
surrender	-0.16	0.10
brush	-0.16	0.39
den	-0.16	0.43
john	-0.16	0.86
sir	-0.16	0.81
hide	-0.16	0.24
educated	-0.16	0.58
mounted	-0.16	0.13
rolling	-0.16	0.26
relief	-0.16	0.44
mabel	-0.16	0.37
capable	-0.16	0.29
commander	-0.16	0.32
crew	-0.16	0.34
invasion	-0.16	0.44
descent	-0.16	0.67
january	-0.16	0.58
eagerly	-0.16	0.30
boat	-0.16	0.26
pockets	-0.16	0.28
hang	-0.16	0.21
april	-0.16	0.58
acquainted	-0.16	0.61
davis	-0.16	0.26
september	-0.15	0.60
sleeping	-0.15	0.60
inward	-0.15	0.55
jump	-0.15	0.23
ashes	-0.15	0.28
castle	-0.15	0.17
frost	-0.15	0.33
alike	-0.15	0.56
lady	-0.15	0.97
august	-0.15	0.60
ve	-0.15	0.57
pieces	-0.15	0.16
theirs	-0.15	0.35
jerusalem	-0.15	0.47
loaded	-0.15	0.10
december	-0.15	0.59
sire	-0.15	0.51
general	-0.15	0.10
weapons	-0.15	0.18
ship	-0.15	0.30
led	-0.15	0.12
peter	-0.15	0.61
judicial	-0.15	0.53
minds	-0.15	0.40
july	-0.15	0.59
produced	-0.14	0.62
wood	-0.14	0.39
absorbed	-0.14	0.38
argument	-0.14	0.44
confirmed	-0.14	0.22
debate	-0.14	0.23
ocean	-0.14	0.18
beg	-0.14	0.84
gazing	-0.14	0.28
solemn	-0.14	0.59
dashed	-0.14	0.17
keen	-0.14	0.31
mention	-0.14	0.27
lawyer	-0.14	0.25
elizabeth	-0.14	0.76
kingdom	-0.14	0.51
ashore	-0.14	0.29
cleared	-0.14	0.17
eminent	-0.14	0.43
ye	-0.14	0.59
growing	-0.14	0.46
dense	-0.14	0.31
nor	-0.14	0.88
writes	-0.14	0.44
others	-0.14	0.48
conditions	-0.14	0.58
belonged	-0.14	0.56
obligation	-0.14	0.31
mate	-0.14	0.40
needs	-0.14	0.70
lines	-0.14	0.19
forms	-0.14	0.61
david	-0.14	0.70
flowed	-0.14	0.40
corps	-0.14	0.10
mysteries	-0.13	0.24
ceremony	-0.13	0.14
vessel	-0.13	0.28
ll	-0.13	0.58
wings	-0.13	0.30
steamer	-0.13	0.21
rendered	-0.13	0.16
sand	-0.13	0.22
betrayed	-0.13	0.32
shoes	-0.13	0.32
hereditary	-0.13	0.24
ter	-0.13	0.54
eh	-0.13	0.55
anchor	-0.13	0.31
consider	-0.13	0.43
appointment	-0.13	0.26
hugh	-0.13	0.66
conversion	-0.13	0.37
hero	-0.13	0.50
worked	-0.13	0.49
expedition	-0.13	0.30
sheet	-0.13	0.21
backward	-0.13	0.25
duke	-0.13	0.50
organs	-0.13	0.18
estates	-0.13	0.44
powder	-0.13	0.28
judge	-0.13	0.54
pulpit	-0.13	0.12
cultivation	-0.13	0.60
too	-0.13	0.64
rushed	-0.13	0.24
shadow	-0.13	0.44
vital	-0.13	0.80
hundreds	-0.13	0.15
quick	-0.13	0.20
w	-0.13	0.24
foremost	-0.13	0.37
ministry	-0.12	0.52
warrant	-0.12	0.28
handed	-0.12	0.24
abroad	-0.12	0.48
working	-0.12	0.46
passionate	-0.12	1.03
flight	-0.12	0.14
smith	-0.12	0.82
wheels	-0.12	0.23
allister	-0.12	0.96
johnny	-0.12	0.49
companies	-0.12	0.19
dis	-0.12	0.52
movement	-0.12	0.24
reckon	-0.12	0.55
curious	-0.12	0.92
vessels	-0.12	0.14
johnson	-0.12	0.32
sign	-0.12	0.21
officers	-0.12	0.19
massa	-0.12	0.52
birds	-0.12	0.47
delight	-0.12	0.68
brigade	-0.12	0.12
fleet	-0.12	0.20
question	-0.12	0.31
dem	-0.12	0.48
immense	-0.12	0.69
asking	-0.11	0.54
napoleon	-0.11	0.14
vii	-0.11	0.19
courts	-0.11	0.67
bore	-0.11	0.30
shortly	-0.11	0.53
step	-0.11	0.22
parke	-0.11	0.39
mansion	-0.11	0.64
stop	-0.11	0.83
execution	-0.11	0.57
lacy	-0.11	0.64
older	-0.11	0.56
lieutenant	-0.11	0.26
fred	-0.11	0.37
orleans	-0.11	0.14
meantime	-0.11	0.44
ravenel	-0.11	0.41
tile	-0.11	0.22
fanny	-0.11	1.01
demanded	-0.11	0.38
play	-0.11	0.29
lawyers	-0.11	0.24
lake	-0.11	0.20
october	-0.11	0.58
dropped	-0.11	0.21
d	-0.11	0.41
sprung	-0.11	0.15
madam	-0.11	0.82
ay	-0.10	1.12
merits	-0.10	0.46
bridge	-0.10	0.13
thomas	-0.10	0.57
persuade	-0.10	0.20
readiness	-0.10	0.69
lies	-0.10	0.20
flutter	-0.10	0.23
telling	-0.10	0.78
sister	-0.10	1.60
fountain	-0.10	0.51
remarkable	-0.10	0.96
dey	-0.10	0.52
monroe	-0.10	0.08
mitten	-0.10	0.39
du	-0.10	0.57
pursued	-0.10	0.17
jest	-0.10	0.59
boats	-0.10	0.21
mental	-0.10	0.45
thinks	-0.10	2.06
surface	-0.10	0.24
intention	-0.10	0.29
wagon	-0.10	0.19
port	-0.10	0.20
queen	-0.10	0.46
member	-0.10	0.41
travelling	-0.10	0.77
pistol	-0.10	0.19
wal	-0.10	0.56
sylvia	-0.10	0.63
reduced	-0.10	0.26
fit	-0.10	0.84
defence	-0.10	0.48
story	-0.10	0.95
bottom	-0.10	0.21
draws	-0.10	0.33
attracted	-0.09	0.41
conquest	-0.09	0.36
hint	-0.09	0.50
brother	-0.09	1.62
kitchen	-0.09	0.39
re	-0.09	0.75
lamb	-0.09	0.41
remark	-0.09	0.15
wooden	-0.09	0.19
sacrifice	-0.09	0.40
senses	-0.09	0.20
absent	-0.09	0.50
extra	-0.09	0.09
revealed	-0.09	0.46
raw	-0.09	0.42
grandmother	-0.09	0.80
called	-0.09	0.76
points	-0.09	0.34
tore	-0.09	0.21
iii	-0.09	0.27
alive	-0.09	0.34
labors	-0.09	0.24
plantation	-0.09	0.42
becoming	-0.09	0.40
abandon	-0.09	0.29
examined	-0.09	0.21
heavily	-0.09	0.28
nothin	-0.08	0.62
gathering	-0.08	0.26
jackson	-0.08	0.08
partially	-0.08	0.25
staff	-0.08	0.09
sprang	-0.08	0.24
constituted	-0.08	0.29
stirred	-0.08	0.74
anxiously	-0.08	0.34
throw	-0.08	0.12
mostly	-0.08	0.30
adams	-0.08	0.37
february	-0.08	0.47
evident	-0.08	0.41
nobles	-0.08	0.23
main	-0.08	0.12
classes	-0.08	0.33
commissioners	-0.08	0.26
where	-0.08	0.65
folks	-0.08	0.61
adding	-0.08	0.28
enters	-0.08	0.50
phil	-0.08	0.66
cut	-0.08	0.18
current	-0.08	0.20
bend	-0.08	0.16
dust	-0.08	0.23
invisible	-0.08	0.37
exercised	-0.08	0.90
morton	-0.08	0.46
species	-0.08	0.16
worldly	-0.08	0.30
bout	-0.08	0.55
awake	-0.07	0.53
rohan	-0.07	0.31
june	-0.07	0.52
1st	-0.07	0.38
slept	-0.07	0.58
being	-0.07	0.44
prove	-0.07	0.30
gods	-0.07	0.59
religious	-0.07	0.58
association	-0.07	0.16
girls	-0.07	1.00
element	-0.07	0.94
somebody	-0.07	0.79
local	-0.07	0.49
bell	-0.07	0.47
word	-0.07	0.30
thick	-0.07	0.31
jones	-0.07	0.53
executive	-0.07	0.35
proceeding	-0.07	0.40
satisfy	-0.07	0.31
landed	-0.07	0.31
election	-0.07	0.19
deliberately	-0.07	0.20
francis	-0.07	0.55
motion	-0.07	0.11
dublin	-0.07	0.28
kissed	-0.07	1.03
rock	-0.07	0.23
baptist	-0.06	0.18
mean	-0.06	0.70
gypsy	-0.06	0.64
deeper	-0.06	0.43
ix	-0.06	0.15
uses	-0.06	0.21
declaring	-0.06	0.19
marched	-0.06	0.16
started	-0.06	0.28
stroke	-0.06	0.30
boldly	-0.06	0.18
aided	-0.06	0.35
contents	-0.06	0.34
personal	-0.06	0.41
defend	-0.06	0.37
flat	-0.06	0.20
universe	-0.06	0.64
fortune	-0.06	0.43
extremely	-0.06	0.20
washed	-0.06	0.34
lincoln	-0.06	0.13
comparison	-0.06	0.61
austria	-0.06	0.16
endless	-0.06	0.36
case	-0.06	0.38
parish	-0.06	0.29
burnt	-0.06	0.35
including	-0.06	0.14
majority	-0.06	0.17
added	-0.06	0.45
decision	-0.06	0.40
leaders	-0.06	0.17
shouted	-0.06	0.40
throng	-0.05	0.23
murmured	-0.05	0.89
rode	-0.05	0.17
russia	-0.05	0.19
slipped	-0.05	0.16
court	-0.05	0.63
horizon	-0.05	0.55
regiment	-0.05	0.11
drove	-0.05	0.21
gates	-0.05	0.14
e	-0.05	0.29
yonder	-0.05	0.31
ii	-0.05	0.25
secretary	-0.05	0.15
gilt	-0.05	0.23
taxes	-0.05	0.23
principal	-0.05	0.49
mill	-0.05	0.27
succeed	-0.05	0.29
yankee	-0.05	0.48
yes	-0.05	0.82
ahead	-0.05	0.63
ruth	-0.05	0.91
china	-0.05	0.22
among	-0.05	0.63
coach	-0.05	0.22
november	-0.05	0.50
landing	-0.05	0.21
hush	-0.05	0.68
electric	-0.05	0.21
secret	-0.05	0.48
cave	-0.05	0.10
impressions	-0.05	0.53
saviour	-0.05	0.69
ground	-0.05	0.22
harbor	-0.05	0.16
gets	-0.05	0.28
dinks	-0.04	0.75
r	-0.04	0.27
navy	-0.04	0.16
speculation	-0.04	0.31
remember	-0.04	0.97
louis	-0.04	0.40
williams	-0.04	0.36
wind	-0.04	0.41
sandy	-0.04	0.24
pomp	-0.04	0.40
broken	-0.04	0.19
objects	-0.04	0.29
providence	-0.04	0.24
marching	-0.04	0.14
importance	-0.04	0.34
likewise	-0.04	0.27
cabin	-0.04	0.32
hidden	-0.04	0.11
shore	-0.04	0.16
facts	-0.04	0.48
ventured	-0.04	0.69
saints	-0.04	0.55
clay	-0.04	0.14
tide	-0.04	0.25
whispered	-0.04	0.64
riding	-0.04	0.18
passengers	-0.04	0.20
nerves	-0.04	0.36
royal	-0.04	0.26
frequent	-0.04	0.40
sole	-0.04	0.34
organized	-0.04	0.30
vi	-0.03	0.17
wheat	-0.03	0.39
clergyman	-0.03	0.30
temple	-0.03	0.33
clothes	-0.03	0.34
iv	-0.03	0.30
knocked	-0.03	0.18
lay	-0.03	0.35
students	-0.03	0.26
chose	-0.03	0.59
corn	-0.03	0.44
woodbury	-0.03	0.45
washington	-0.03	0.14
major	-0.03	0.33
willingly	-0.03	0.20
strong	-0.03	0.34
interrupted	-0.03	0.52
apparently	-0.03	0.21
lords	-0.03	0.23
table	-0.03	0.33
felt	-0.03	0.88
comparatively	-0.03	0.38
petition	-0.03	0.18
anybody	-0.03	0.81
christians	-0.03	0.32
specimen	-0.03	0.52
descend	-0.03	0.35
settlement	-0.03	0.13
declare	-0.03	0.27
sighed	-0.03	0.52
van	-0.03	0.59
ships	-0.03	0.18
kate	-0.03	0.81
manning	-0.03	0.39
belong	-0.03	0.47
russell	-0.03	0.45
conscious	-0.03	0.38
large	-0.03	0.56
mexican	-0.03	0.13
civil	-0.03	0.44
substitute	-0.03	0.27
calls	-0.02	0.28
parson	-0.02	0.27
commanded	-0.02	0.16
creation	-0.02	0.70
tina	-0.02	0.61
expressed	-0.02	0.52
samuel	-0.02	0.53
conference	-0.02	0.18
guess	-0.02	0.58
pushed	-0.02	0.19
habits	-0.02	0.51
fled	-0.02	0.37
deacon	-0.02	0.31
rocks	-0.02	0.22
jefferson	-0.02	0.14
millions	-0.02	0.17
guard	-0.02	0.29
rejoined	-0.02	0.42
seward	-0.02	0.17
americans	-0.02	0.26
reign	-0.02	0.29
ambitious	-0.02	0.42
bishop	-0.02	0.23
owner	-0.02	0.27
please	-0.02	0.78
wade	-0.02	0.26
admiration	-0.02	1.24
shirt	-0.02	0.33
exclaimed	-0.02	0.51
pierrot	-0.02	0.41
bernard	-0.02	0.36
exit	-0.02	0.55
heap	-0.02	0.23
fugitive	-0.02	0.31
lose	-0.02	0.28
attended	-0.01	0.19
estate	-0.01	0.44
dim	-0.01	0.55
el	-0.01	0.52
flew	-0.01	0.16
cape	-0.01	0.23
discourse	-0.01	0.22
sergeant	-0.01	0.52
message	-0.01	0.14
governor	-0.01	0.15
company	-0.01	0.10
proportions	-0.01	0.59
hid	-0.01	0.31
n	-0.01	0.58
parliament	-0.01	0.16
sails	-0.01	0.22
ireland	-0.01	0.21
charleston	-0.01	0.10
professional	-0.01	0.24
corners	-0.01	0.44
happened	-0.01	0.79
sailed	-0.01	0.14
schooner	-0.01	0.25
stronger	-0.01	0.43
sea	-0.01	0.24
charter	-0.01	0.17
veil	-0.01	0.23
parker	-0.01	0.62
spectacle	-0.01	0.62
meanwhile	-0.01	0.13
runs	-0.01	0.26
advances	-0.01	0.19
prussia	-0.01	0.16
single	-0.01	0.18
health	-0.01	0.50
religion	-0.01	0.68
advocate	-0.01	0.23
steep	-0.01	0.19
columns	-0.01	0.11
joint	-0.00	0.21
members	-0.00	0.18
rip	-0.00	0.35
waiting	-0.00	0.26
fix	-0.00	0.49
entirely	-0.00	0.42
republican	-0.00	0.31
neighboring	-0.00	0.14
hastily	-0.00	0.36
proud	-0.00	0.73
blessing	-0.00	0.37
unseen	-0.00	0.38
individuals	-0.00	0.28
sitting	-0.00	0.37
tendency	-0.00	0.63
kings	0.00	0.19
conquered	0.00	0.17
watch	0.00	0.25
faraday	0.00	0.27
university	0.00	0.19
bay	0.00	0.13
s	0.00	0.54
alexander	0.00	0.32
owned	0.00	0.32
office	0.00	0.20
ivy	0.00	0.61
cabinet	0.00	0.15
generation	0.00	0.51
refer	0.00	0.19
occasion	0.00	0.31
assembly	0.00	0.18
prominent	0.00	0.62
path	0.00	0.15
problem	0.00	0.53
renewed	0.00	0.27
holy	0.01	0.54
bars	0.01	0.20
seized	0.01	0.30
tread	0.01	0.30
council	0.01	0.21
previously	0.01	0.58
wool	0.01	0.33
ball	0.01	0.20
president	0.01	0.15
inch	0.01	0.15
originally	0.01	0.21
tables	0.01	0.31
basket	0.01	0.37
mistress	0.01	1.20
writ	0.01	0.59
depends	0.01	0.45
cotton	0.01	0.27
car	0.01	0.16
teacher	0.01	0.25
f	0.01	0.20
relate	0.01	0.85
corporation	0.01	0.15
interfere	0.01	0.32
l	0.01	0.25
departments	0.01	0.26
represents	0.01	0.66
front	0.01	0.13
quantity	0.01	0.26
custom	0.01	0.53
lend	0.01	0.33
urged	0.01	0.14
channel	0.01	0.22
flying	0.01	0.18
recent	0.01	0.37
constructed	0.01	0.20
people	0.01	0.31
snow	0.01	0.37
concealed	0.01	0.12
stanley	0.02	0.86
seas	0.02	0.22
emperor	0.02	0.17
merchants	0.02	0.28
crawford	0.02	0.46
through	0.02	0.26
especially	0.02	0.48
preferred	0.02	0.56
edgar	0.02	0.35
irish	0.02	0.16
chiefly	0.02	0.22
somewhere	0.02	0.28
summit	0.02	0.18
followers	0.02	0.25
course	0.02	0.29
scholar	0.02	0.23
elevation	0.02	0.55
attend	0.02	0.18
contact	0.02	0.50
service	0.02	0.15
loud	0.02	0.55
consciousness	0.02	0.53
mr	0.02	0.23
assertion	0.02	0.44
numerous	0.02	0.19
deep	0.02	0.54
politicians	0.02	0.14
commons	0.02	0.16
masses	0.02	0.17
flung	0.02	0.18
strikes	0.02	0.16
echo	0.02	0.51
cease	0.02	0.42
dutch	0.02	0.54
pleased	0.02	0.45
fore	0.02	0.27
ceased	0.02	0.25
pile	0.02	0.23
discuss	0.02	0.23
nobility	0.02	0.33
chapter	0.02	0.28
lead	0.02	0.17
consists	0.03	0.24
lecture	0.03	0.50
mode	0.03	0.32
thrown	0.03	0.18
inquiry	0.03	0.33
revenue	0.03	0.24
committee	0.03	0.17
positive	0.03	0.56
glancing	0.03	0.31
wolfe	0.03	1.88
ran	0.03	0.23
instance	0.03	0.58
pulse	0.03	0.70
reasons	0.03	0.49
watching	0.03	0.26
egypt	0.03	0.17
quite	0.03	0.43
matter	0.03	0.31
present	0.03	0.63
winds	0.03	0.43
income	0.03	0.17
pressing	0.03	0.55
calhoun	0.03	0.10
process	0.03	0.33
meetings	0.03	0.15
institute	0.03	0.20
evidence	0.03	0.41
purpose	0.03	0.39
customs	0.03	0.36
regarded	0.03	0.79
instantly	0.03	0.37
inquired	0.03	0.51
triumph	0.03	0.69
farm	0.03	0.31
philip	0.03	0.38
gulf	0.03	0.16
talked	0.03	0.80
grain	0.03	0.40
smooth	0.03	0.46
community	0.04	0.29
spiritual	0.04	0.65
sending	0.04	0.30
literary	0.04	0.51
discussed	0.04	0.26
adoption	0.04	0.30
streets	0.04	0.21
modes	0.04	0.41
lucy	0.04	0.53
woods	0.04	0.36
hill	0.04	0.21
appointed	0.04	0.20
session	0.04	0.14
priests	0.04	0.24
pull	0.04	0.18
franklin	0.04	0.21
revelation	0.04	0.37
disappeared	0.04	0.20
indebted	0.04	0.26
timber	0.04	0.25
colleges	0.04	0.28
preach	0.04	0.33
burned	0.04	0.38
senate	0.04	0.19
throwing	0.04	0.18
legislative	0.04	0.40
organization	0.04	0.45
earnestly	0.04	0.27
stock	0.04	0.25
2d	0.04	0.38
approved	0.04	0.21
hamilton	0.04	0.23
ing	0.04	0.15
gray	0.04	0.38
lifting	0.04	0.18
preaching	0.04	0.26
stream	0.04	0.28
count	0.04	0.44
threw	0.04	0.19
saddle	0.04	0.24
medical	0.04	0.32
rhode	0.04	0.15
travellers	0.04	0.42
pursue	0.04	0.52
aim	0.05	0.25
arrival	0.05	0.12
master	0.05	1.01
river	0.05	0.18
mines	0.05	0.66
ah	0.05	0.72
running	0.05	0.18
dame	0.05	0.55
functions	0.05	0.34
elements	0.05	0.79
gospel	0.05	0.45
wherever	0.05	0.24
getting	0.05	0.43
elected	0.05	0.20
chief	0.05	0.23
prevailed	0.05	0.35
scholars	0.05	0.22
tax	0.05	0.22
hoped	0.05	0.85
completely	0.05	0.42
begged	0.05	0.37
knock	0.05	0.17
rises	0.05	0.22
ports	0.05	0.12
grey	0.05	0.29
muscles	0.05	0.19
express	0.05	0.64
administration	0.05	0.30
characteristic	0.05	0.62
gracious	0.05	0.47
offices	0.05	0.23
field	0.05	0.34
answers	0.05	0.40
chap	0.05	0.59
interview	0.05	0.18
military	0.05	0.28
agreed	0.05	0.12
theories	0.05	0.39
lie	0.05	0.38
patent	0.05	0.13
combination	0.05	0.35
declared	0.05	0.35
moreover	0.05	0.40
catholic	0.05	0.35
prayer	0.05	0.23
russian	0.05	0.11
countess	0.06	0.70
coal	0.06	0.30
food	0.06	0.43
cliff	0.06	0.21
emotion	0.06	0.93
pace	0.06	0.26
ministers	0.06	0.22
herbert	0.06	0.56
divine	0.06	0.58
y	0.06	0.28
methods	0.06	0.39
supported	0.06	0.18
bird	0.06	0.26
knife	0.06	0.24
britain	0.06	0.16
thankful	0.06	0.67
majesty	0.06	0.25
profits	0.06	0.21
double	0.06	0.64
faculty	0.06	0.31
institution	0.06	0.26
internal	0.06	0.42
hither	0.06	0.42
powers	0.06	0.51
preached	0.06	0.19
exclusively	0.06	0.24
vote	0.06	0.17
department	0.06	0.21
inner	0.06	0.14
divided	0.06	0.13
shores	0.06	0.13
searching	0.06	0.19
cousin	0.06	1.56
yourself	0.06	0.59
colony	0.06	0.12
glaucus	0.06	0.76
moderate	0.06	0.59
gravely	0.06	0.49
decidedly	0.06	0.56
nydia	0.06	0.78
speed	0.06	0.12
prayers	0.07	0.17
passing	0.07	0.24
sight	0.07	0.49
afraid	0.07	0.74
moving	0.07	0.12
stones	0.07	0.14
judges	0.07	0.54
minister	0.07	0.22
legislature	0.07	0.21
preacher	0.07	0.24
damp	0.07	0.47
mountain	0.07	0.22
mist	0.07	0.39
upward	0.07	0.13
sides	0.07	0.18
signs	0.07	0.26
reports	0.07	0.25
california	0.07	0.11
why	0.07	0.79
creek	0.07	0.17
thrust	0.07	0.19
prophet	0.07	0.36
paths	0.07	0.20
visitor	0.07	0.27
considerable	0.07	0.75
teachers	0.07	0.29
retired	0.07	0.36
included	0.07	0.18
cars	0.07	0.12
edge	0.07	0.19
crowd	0.07	0.33
generations	0.07	0.29
citizens	0.07	0.34
skin	0.07	0.19
flint	0.07	0.12
letting	0.07	0.16
culture	0.07	0.58
policy	0.07	0.38
oliver	0.07	0.31
victory	0.07	0.30
wrapped	0.07	0.23
enter	0.07	0.51
subsequent	0.08	0.59
studies	0.08	0.22
advanced	0.08	0.07
wo	0.08	0.61
talk	0.08	0.61
professor	0.08	0.16
expenses	0.08	0.22
glanced	0.08	0.36
inches	0.08	0.14
pulled	0.08	0.22
broke	0.08	0.28
ultimate	0.08	0.95
lectures	0.08	0.15
raising	0.08	0.17
taxation	0.08	0.28
meeting	0.08	0.14
college	0.08	0.16
resolutions	0.08	0.20
islands	0.08	0.09
democratic	0.08	0.27
sorts	0.08	0.78
delivered	0.08	0.11
bride	0.08	1.11
statements	0.08	0.38
contrary	0.08	0.38
truths	0.08	0.41
independent	0.08	0.39
island	0.08	0.09
speaker	0.08	0.13
violation	0.08	0.78
direction	0.08	0.08
th	0.08	0.57
monday	0.08	0.40
fact	0.08	0.33
sermon	0.08	0.11
scotland	0.08	0.13
cold	0.08	0.54
none	0.08	0.79
whoever	0.08	0.57
reserved	0.08	0.55
pointing	0.08	0.36
forests	0.08	0.33
erie	0.08	0.10
mentioned	0.08	0.61
cast	0.08	0.17
interests	0.08	0.35
universal	0.08	0.85
lift	0.09	0.43
trained	0.09	0.18
whether	0.09	0.29
submitted	0.09	0.18
caught	0.09	0.23
convention	0.09	0.22
detected	0.09	0.22
saint	0.09	0.48
sail	0.09	0.21
dozen	0.09	0.19
continued	0.09	0.44
replied	0.09	0.50
inhabitants	0.09	0.22
thin	0.09	0.48
steam	0.09	0.21
regards	0.09	0.29
saturday	0.09	0.40
sentiments	0.09	0.68
grasp	0.09	0.66
county	0.09	0.17
report	0.09	0.19
philadelphia	0.09	0.12
instincts	0.09	0.51
laying	0.09	0.23
praise	0.09	0.55
arthur	0.09	0.66
something	0.09	0.80
atlantic	0.09	0.10
doubtless	0.09	0.24
shells	0.09	0.13
academy	0.09	0.18
annual	0.09	0.21
stout	0.09	0.58
ma	0.09	0.57
smaller	0.09	0.19
many	0.09	0.22
reuben	0.09	0.72
turning	0.09	0.38
rain	0.09	0.43
concerning	0.09	0.59
answered	0.09	0.50
property	0.09	0.35
smoke	0.09	0.38
maurice	0.09	0.53
platform	0.09	0.11
quarters	0.09	0.22
corner	0.09	0.32
cutting	0.09	0.15
greatly	0.09	0.39
build	0.09	0.15
et	0.09	0.24
stage	0.09	0.17
off	0.09	0.24
road	0.10	0.13
resolution	0.10	0.27
thinking	0.10	0.80
parallel	0.10	0.15
candle	0.10	0.35
pupils	0.10	0.58
bonnet	0.10	0.67
coast	0.10	0.09
production	0.10	0.21
submit	0.10	0.14
moses	0.10	0.37
smiled	0.10	0.48
opinions	0.10	0.38
discussion	0.10	0.34
eternal	0.10	0.87
church	0.10	0.31
convictions	0.10	0.66
extremity	0.10	0.13
kiss	0.10	1.12
rigid	0.10	0.56
enthusiasm	0.10	0.99
grounds	0.10	0.24
politics	0.10	0.34
reported	0.10	0.13
commercial	0.10	0.39
command	0.10	0.14
perform	0.10	0.19
roads	0.10	0.15
pearl	0.10	0.55
wonderful	0.10	0.82
goes	0.10	0.38
subject	0.10	0.77
springs	0.10	0.24
top	0.10	0.18
crowded	0.10	0.21
congress	0.10	0.27
range	0.10	0.15
connecticut	0.10	0.14
viii	0.10	0.18
prayed	0.10	0.49
foot	0.10	0.17
wished	0.10	0.62
crossing	0.10	0.15
sway	0.10	0.63
amendment	0.10	0.21
acres	0.10	0.13
performed	0.10	0.17
shook	0.10	0.42
worthy	0.10	0.42
feel	0.10	0.62
everybody	0.10	0.77
railroad	0.10	0.09
number	0.10	0.15
themselves	0.11	0.37
italy	0.11	0.13
suit	0.11	0.28
directly	0.11	0.15
illinois	0.11	0.10
associated	0.11	0.44
advantage	0.11	0.43
province	0.11	0.18
citizen	0.11	0.36
pocket	0.11	0.20
benefit	0.11	0.37
happen	0.11	0.55
rapidity	0.11	0.53
valley	0.11	0.18
clock	0.11	0.18
method	0.11	0.51
democracy	0.11	0.39
regarding	0.11	0.17
clergy	0.11	0.20
gentlemen	0.11	0.58
remembered	0.11	0.69
divide	0.11	0.15
loose	0.11	0.17
france	0.11	0.14
venerable	0.11	0.21
particulars	0.11	0.75
decide	0.11	0.24
canada	0.11	0.12
confederacy	0.11	0.33
meet	0.11	0.32
trunk	0.11	0.21
pick	0.11	0.13
point	0.11	0.14
york	0.11	0.08
school	0.11	0.19
sensible	0.11	0.67
famous	0.11	0.49
sadly	0.11	0.25
mountains	0.11	0.22
talking	0.11	0.58
stepped	0.11	0.23
wheel	0.11	0.13
turns	0.11	0.27
patiently	0.11	0.18
resumed	0.11	0.28
mechanical	0.11	0.30
pennsylvania	0.11	0.13
alone	0.12	0.62
representatives	0.12	0.17
traced	0.12	0.15
massachusetts	0.12	0.14
footsteps	0.12	0.24
stairs	0.12	0.27
date	0.12	0.21
strictly	0.12	0.66
guardian	0.12	1.01
guests	0.12	0.45
mission	0.12	0.27
gaze	0.12	0.21
inferior	0.12	0.54
forgotten	0.12	0.64
average	0.12	0.30
nights	0.12	0.38
side	0.12	0.24
empire	0.12	0.26
yard	0.12	0.23
windows	0.12	0.26
also	0.12	0.71
product	0.12	0.16
eastern	0.12	0.10
superiority	0.12	0.58
chair	0.12	0.40
altar	0.12	0.16
bois	0.12	0.47
steps	0.12	0.18
hanging	0.12	0.22
design	0.12	0.37
duties	0.12	0.20
perceive	0.12	0.25
bee	0.12	0.31
presently	0.12	0.44
puts	0.12	0.16
compromise	0.12	0.40
instant	0.12	0.39
generals	0.12	0.31
nearest	0.12	0.46
square	0.12	0.12
alluded	0.12	0.41
sum	0.12	0.22
city	0.12	0.13
societies	0.12	0.30
performance	0.13	0.21
subsequently	0.13	0.32
designs	0.13	0.27
depend	0.13	0.54
assumed	0.13	0.47
resources	0.13	0.34
below	0.13	0.17
protestant	0.13	0.30
twice	0.13	0.49
proceeds	0.13	0.14
student	0.13	0.16
collected	0.13	0.11
sell	0.13	0.12
consisted	0.13	0.11
dare	0.13	0.54
moved	0.13	0.19
civilized	0.13	0.14
voyage	0.13	0.26
churches	0.13	0.20
jersey	0.13	0.13
notions	0.13	0.36
contract	0.13	0.22
attached	0.13	0.49
room	0.13	0.32
changed	0.13	0.15
communities	0.13	0.19
everywhere	0.13	0.42
new	0.13	0.10
institutions	0.13	0.40
walking	0.13	0.21
fast	0.13	0.22
approached	0.13	0.25
gathered	0.13	0.30
hudson	0.13	0.09
wear	0.13	0.30
bill	0.13	0.24
chapel	0.13	0.12
chosen	0.13	0.16
affect	0.13	0.23
hat	0.13	0.27
opens	0.13	0.27
wet	0.13	0.39
germany	0.13	0.12
comes	0.13	0.41
foreign	0.13	0.22
dreamed	0.13	0.67
products	0.13	0.18
towns	0.13	0.17
second	0.13	0.16
des	0.13	0.24
laws	0.13	0.52
fence	0.13	0.25
counted	0.13	0.19
heights	0.13	0.20
feet	0.13	0.13
went	0.13	0.31
cities	0.14	0.17
political	0.14	0.43
con	0.14	0.11
judgment	0.14	0.65
important	0.14	0.77
leaving	0.14	0.35
gas	0.14	0.36
rivers	0.14	0.21
proved	0.14	0.43
relation	0.14	0.26
editor	0.14	0.25
buttons	0.14	0.35
prospects	0.14	0.55
returned	0.14	0.41
desk	0.14	0.26
provinces	0.14	0.16
chamber	0.14	0.28
alice	0.14	0.86
faculties	0.14	0.31
cost	0.14	0.17
madeleine	0.14	0.50
reason	0.14	0.38
placing	0.14	0.24
theology	0.14	0.32
newt	0.14	0.63
cap	0.14	0.27
shade	0.14	0.43
break	0.14	0.13
train	0.14	0.13
work	0.14	0.54
widely	0.14	0.40
nay	0.14	1.03
respective	0.14	0.24
monarch	0.14	0.44
spain	0.14	0.16
pointed	0.14	0.14
british	0.14	0.11
noise	0.14	0.35
studied	0.14	0.13
borders	0.14	0.12
deal	0.14	0.62
fire	0.14	0.38
yield	0.15	0.17
strongly	0.15	0.14
summoned	0.15	0.32
diminished	0.15	0.32
chicago	0.15	0.08
wake	0.15	0.29
exhibit	0.15	0.47
shadows	0.15	0.47
down	0.15	0.26
statement	0.15	0.40
bible	0.15	0.35
chairs	0.15	0.28
blew	0.15	0.35
building	0.15	0.19
lives	0.15	0.54
observations	0.15	0.31
notice	0.15	0.23
places	0.15	0.16
newspaper	0.15	0.18
pacific	0.15	0.11
lightly	0.15	0.22
using	0.15	0.15
physical	0.15	0.54
efficient	0.15	0.52
centre	0.15	0.11
sunday	0.15	0.22
along	0.15	0.19
activity	0.15	0.41
theresa	0.15	0.63
proportion	0.15	0.30
daisy	0.15	0.62
western	0.15	0.10
mainly	0.15	0.32
yards	0.15	0.11
assembled	0.15	0.17
waters	0.15	0.31
stone	0.15	0.17
studying	0.15	0.17
declaration	0.15	0.27
hearth	0.15	0.31
various	0.15	0.24
district	0.15	0.19
canal	0.15	0.09
yesterday	0.15	0.35
walked	0.15	0.26
simply	0.15	0.30
manufacture	0.15	0.20
reasoning	0.15	0.43
maryland	0.15	0.16
commonly	0.15	0.29
becomes	0.15	0.10
philosophy	0.15	0.25
steel	0.15	0.24
discharge	0.15	0.23
ended	0.16	0.14
schools	0.16	0.22
profit	0.16	0.39
parlor	0.16	0.30
experiments	0.16	0.29
proposition	0.16	0.30
text	0.16	0.18
commenced	0.16	0.11
leslie	0.16	0.39
put	0.16	0.21
discover	0.16	0.20
answering	0.16	0.39
soil	0.16	0.26
soils	0.16	0.24
admitted	0.16	0.25
adopted	0.16	0.21
clouds	0.16	0.42
systems	0.16	0.44
often	0.16	0.67
trying	0.16	0.63
ca	0.16	0.59
la	0.16	0.26
proof	0.16	0.53
ohio	0.16	0.14
remarks	0.16	0.25
coat	0.16	0.29
space	0.16	0.10
study	0.16	0.25
move	0.16	0.13
england	0.16	0.12
scripture	0.16	0.26
vigorous	0.16	0.31
increased	0.16	0.33
onward	0.16	0.20
subordinate	0.16	0.45
exercises	0.16	0.22
sweep	0.16	0.25
negro	0.16	0.53
certainly	0.16	0.71
sofa	0.16	0.32
addressing	0.16	0.35
hall	0.16	0.26
proposed	0.16	0.22
walk	0.16	0.20
seeking	0.16	0.27
month	0.16	0.38
statesman	0.16	0.17
mississippi	0.16	0.11
marry	0.17	1.47
composed	0.17	0.14
congregation	0.17	0.16
shape	0.17	0.35
knees	0.17	0.52
lord	0.17	0.78
errand	0.17	0.25
post	0.17	0.14
gramont	0.17	0.69
guarded	0.17	0.35
height	0.17	0.15
hotel	0.17	0.22
subtle	0.17	0.37
cultivated	0.17	0.52
pastor	0.17	0.56
reform	0.17	0.43
rome	0.17	0.17
wearing	0.17	0.35
individual	0.17	0.69
iron	0.17	0.21
nest	0.17	0.40
stirring	0.17	0.59
neighborhood	0.17	0.31
recommended	0.17	0.15
night	0.17	0.36
actual	0.17	0.57
spanish	0.17	0.09
mexico	0.17	0.20
justified	0.17	0.49
built	0.17	0.17
outer	0.17	0.17
lakes	0.17	0.14
feast	0.17	0.55
stores	0.17	0.18
separated	0.17	0.26
unconsciously	0.17	0.37
hearing	0.17	0.22
chain	0.17	0.53
behind	0.17	0.20
vicinity	0.17	0.19
christianity	0.17	0.43
floor	0.18	0.32
protected	0.18	0.38
cloud	0.18	0.40
sermons	0.18	0.18
lawrence	0.18	0.61
sorry	0.18	0.55
subjects	0.18	0.47
entrance	0.18	0.17
acted	0.18	0.34
pretended	0.18	0.37
record	0.18	0.66
funds	0.18	0.22
examine	0.18	0.19
doctrine	0.18	0.45
carried	0.18	0.24
town	0.18	0.16
approaching	0.18	0.35
riches	0.18	0.42
america	0.18	0.13
bark	0.18	0.43
instruction	0.18	0.23
wages	0.18	0.17
repeated	0.18	0.53
purposes	0.18	0.27
belongs	0.18	0.16
window	0.18	0.27
observe	0.18	0.25
views	0.18	0.40
arrived	0.18	0.17
holds	0.18	0.19
several	0.18	0.17
entering	0.18	0.24
le	0.18	0.24
imperial	0.18	0.24
west	0.18	0.09
crossed	0.18	0.18
generally	0.18	0.71
missouri	0.18	0.19
track	0.18	0.33
wishes	0.18	0.22
periods	0.18	0.16
en	0.18	0.26
respecting	0.18	0.36
surrounded	0.18	0.21
laid	0.18	0.25
sphere	0.19	0.23
slowly	0.19	0.27
display	0.19	0.67
coming	0.19	0.38
speeches	0.19	0.15
broadway	0.19	0.15
rulers	0.19	0.28
necessarily	0.19	0.20
european	0.19	0.22
cloak	0.19	0.25
heat	0.19	0.40
languages	0.19	0.14
solemnly	0.19	0.31
speaks	0.19	0.53
referred	0.19	0.23
doing	0.19	0.78
seemed	0.19	0.43
distant	0.19	0.21
boston	0.19	0.12
stopped	0.19	0.34
paris	0.19	0.15
friends	0.19	1.04
converted	0.19	0.34
fare	0.19	0.48
followed	0.19	0.26
preceding	0.19	0.24
forward	0.19	0.30
visible	0.19	0.37
hitherto	0.19	0.43
whatever	0.19	0.39
call	0.19	0.61
conclude	0.19	0.18
consideration	0.19	0.24
street	0.19	0.19
looking	0.19	0.32
paused	0.19	0.29
adopt	0.19	0.19
shop	0.19	0.24
governments	0.19	0.41
easier	0.19	0.46
meredith	0.19	0.22
reflect	0.19	0.11
asked	0.19	0.57
brook	0.19	0.28
funeral	0.19	0.27
suspended	0.19	0.13
either	0.19	0.49
india	0.19	0.09
indicate	0.19	0.22
dwelling	0.19	0.27
three	0.19	0.13
regions	0.19	0.11
population	0.19	0.20
occupied	0.19	0.52
intellectual	0.20	0.41
northern	0.20	0.13
become	0.20	0.28
opinion	0.20	0.37
founded	0.20	0.41
jurisdiction	0.20	0.59
sandford	0.20	0.61
adventures	0.20	1.10
superior	0.20	0.44
seed	0.20	0.36
enterprise	0.20	0.33
opposite	0.20	0.18
sat	0.20	0.29
bind	0.20	0.57
sets	0.20	0.10
successive	0.20	0.13
takes	0.20	0.24
watched	0.20	0.31
lands	0.20	0.21
legs	0.20	0.26
distinct	0.20	0.20
pole	0.20	0.09
leaning	0.20	0.25
hamish	0.20	0.65
prices	0.20	0.13
hills	0.20	0.31
actually	0.20	0.48
virginia	0.20	0.19
apartment	0.20	0.28
fourth	0.20	0.10
every	0.20	0.13
toward	0.20	0.20
realized	0.20	0.56
abel	0.20	0.60
determine	0.20	0.25
seated	0.20	0.25
central	0.20	0.10
responded	0.20	0.41
grew	0.20	0.21
prompt	0.20	0.29
de	0.20	0.33
seat	0.20	0.29
reached	0.20	0.21
servant	0.21	0.56
tennessee	0.21	0.17
turned	0.21	0.28
inquiries	0.21	0.36
finds	0.21	0.11
passage	0.21	0.08
roof	0.21	0.22
kinds	0.21	0.24
wont	0.21	0.28
rarely	0.21	0.33
pursuit	0.21	0.26
newspapers	0.21	0.17
offering	0.21	0.13
bit	0.21	0.45
proceeded	0.21	0.16
procession	0.21	0.20
realize	0.21	0.21
practice	0.21	0.48
remaining	0.21	0.14
distinguish	0.21	0.17
improvement	0.21	0.37
flash	0.21	0.44
means	0.21	0.37
bring	0.21	0.27
wonders	0.21	0.41
containing	0.21	0.36
hundred	0.21	0.10
extent	0.21	0.29
each	0.21	0.15
government	0.21	0.46
entered	0.21	0.23
system	0.21	0.46
relations	0.21	0.32
round	0.21	0.25
middle	0.21	0.20
recently	0.21	0.56
minute	0.21	0.15
pass	0.21	0.29
services	0.21	0.20
hoping	0.21	0.26
closely	0.21	0.13
merely	0.21	0.42
miles	0.21	0.11
theory	0.21	0.43
separate	0.21	0.24
amusement	0.21	0.55
carrying	0.21	0.17
seven	0.21	0.12
cautiously	0.21	0.24
nigh	0.21	0.51
distance	0.21	0.17
ages	0.21	0.16
extend	0.21	0.28
faithfully	0.21	0.21
eloquent	0.21	0.25
turn	0.22	0.25
eight	0.22	0.12
twelve	0.22	0.12
forty	0.22	0.12
want	0.22	0.56
eleven	0.22	0.12
fifteen	0.22	0.12
increase	0.22	0.35
putting	0.22	0.18
dared	0.22	0.43
portions	0.22	0.15
inside	0.22	0.18
applied	0.22	0.19
sacred	0.22	0.31
concluded	0.22	0.18
let	0.22	0.44
proceed	0.22	0.14
bold	0.22	0.38
seats	0.22	0.27
stood	0.22	0.25
four	0.22	0.12
land	0.22	0.19
scattered	0.22	0.10
carolina	0.22	0.20
key	0.22	0.16
eighty	0.22	0.12
granted	0.22	0.22
placed	0.22	0.17
sixty	0.22	0.12
across	0.22	0.22
towards	0.22	0.20
saying	0.22	0.45
asserted	0.22	0.39
near	0.22	0.20
while	0.22	0.33
allow	0.22	0.24
discipline	0.22	0.61
critical	0.22	0.63
stuart	0.22	0.34
rise	0.22	0.16
reserve	0.22	0.59
listened	0.22	0.28
those	0.22	0.46
gate	0.22	0.23
teach	0.22	0.16
countries	0.22	0.12
stiff	0.22	0.27
efforts	0.22	0.47
scenes	0.22	1.00
french	0.22	0.10
five	0.22	0.13
abruptly	0.22	0.36
comrades	0.22	0.56
stands	0.22	0.18
value	0.22	0.22
deliver	0.22	0.25
sovereign	0.23	0.53
explain	0.23	0.21
quarter	0.23	0.14
mind	0.23	0.32
improvements	0.23	0.29
writer	0.23	0.50
dresses	0.23	0.41
perceived	0.23	0.39
invested	0.23	0.17
jurisprudence	0.23	0.41
natural	0.23	0.41
communion	0.23	0.41
vast	0.23	0.64
fifty	0.23	0.10
played	0.23	0.32
dorcas	0.23	0.87
private	0.23	0.23
expecting	0.23	0.43
georgia	0.23	0.18
twilight	0.23	0.48
door	0.23	0.26
stole	0.23	0.35
certainty	0.23	0.47
irene	0.23	0.64
climate	0.23	0.76
communication	0.23	0.20
descended	0.23	0.26
million	0.23	0.11
colonies	0.23	0.21
bought	0.23	0.11
carter	0.23	0.49
reply	0.23	0.30
kentucky	0.23	0.19
own	0.23	0.31
evening	0.23	0.32
kindled	0.23	0.45
rapid	0.23	0.38
buildings	0.23	0.21
assuming	0.23	0.51
equally	0.23	0.19
career	0.23	0.27
opportunity	0.23	0.51
largely	0.23	0.20
africa	0.23	0.14
machinery	0.23	0.26
dry	0.23	0.36
conducted	0.23	0.17
handkerchief	0.23	0.31
capital	0.23	0.24
principle	0.23	0.52
active	0.23	0.23
phrase	0.23	0.16
occasions	0.23	0.21
labour	0.23	0.21
constitution	0.23	0.43
thousand	0.23	0.10
lately	0.23	0.47
comprehend	0.24	0.27
districts	0.24	0.14
make	0.24	0.18
brick	0.24	0.18
fourteen	0.24	0.13
europe	0.24	0.11
advise	0.24	0.29
latin	0.24	0.13
sixteen	0.24	0.13
floating	0.24	0.23
beside	0.24	0.30
shawl	0.24	0.27
quietly	0.24	0.36
market	0.24	0.16
practically	0.24	0.45
fashionable	0.24	0.47
stand	0.24	0.30
seventy	0.24	0.13
six	0.24	0.13
narrow	0.24	0.19
seventeen	0.24	0.13
nine	0.24	0.13
voltaire	0.24	0.11
london	0.24	0.14
spread	0.24	0.12
thirteen	0.24	0.13
official	0.24	0.19
gradually	0.24	0.25
thirty	0.24	0.13
wore	0.24	0.34
visits	0.24	0.13
bells	0.24	0.31
reality	0.24	0.59
ten	0.24	0.13
north	0.24	0.17
directed	0.24	0.14
eighteen	0.24	0.13
deem	0.24	0.34
gallant	0.24	0.52
twenty	0.24	0.13
rather	0.24	0.46
greatest	0.24	0.70
length	0.24	0.12
level	0.24	0.20
existence	0.24	0.51
adle	0.24	0.75
however	0.24	0.44
measures	0.24	0.55
continent	0.24	0.11
scott	0.24	0.12
wedding	0.24	0.56
thoroughly	0.24	0.29
country	0.24	0.13
begun	0.24	0.20
cheerfully	0.25	0.22
heads	0.25	0.45
southern	0.25	0.20
losing	0.25	0.41
mademoiselle	0.25	0.53
fro	0.25	0.25
review	0.25	0.27
narrative	0.25	0.78
needle	0.25	0.18
neighbor	0.25	0.53
late	0.25	0.25
fifth	0.25	0.10
discovered	0.25	0.38
thence	0.25	0.12
statesmen	0.25	0.26
upper	0.25	0.15
taught	0.25	0.22
papa	0.25	0.71
gazed	0.25	0.37
earth	0.25	0.41
plan	0.25	0.37
playing	0.25	0.28
regular	0.25	0.23
inclined	0.25	0.23
burn	0.25	0.38
brass	0.25	0.18
state	0.25	0.38
visited	0.25	0.43
bertha	0.25	0.58
address	0.25	0.15
bands	0.25	0.15
gone	0.25	0.69
goods	0.25	0.12
eagle	0.25	0.23
introduced	0.25	0.19
flag	0.25	0.18
journal	0.25	0.15
compact	0.25	0.36
list	0.25	0.14
holding	0.25	0.26
prepared	0.25	0.25
beating	0.25	0.41
following	0.25	0.12
possesses	0.25	0.30
application	0.25	0.61
tools	0.25	0.17
nation	0.25	0.34
parts	0.25	0.17
speedily	0.25	0.38
commencement	0.25	0.14
native	0.25	0.14
drew	0.25	0.26
object	0.25	0.48
signed	0.25	0.12
joys	0.25	0.50
catholics	0.25	0.28
looked	0.25	0.31
measured	0.25	0.17
mood	0.25	0.41
opening	0.25	0.17
recognize	0.25	0.27
clothing	0.25	0.18
joke	0.26	0.49
settled	0.26	0.18
stranger	0.26	0.47
article	0.26	0.15
lifted	0.26	0.25
floated	0.26	0.49
goodness	0.26	0.65
spoke	0.26	0.54
am	0.26	0.61
duly	0.26	0.22
stir	0.26	0.24
provisions	0.26	0.24
learn	0.26	0.25
covered	0.26	0.25
particular	0.26	0.25
rope	0.26	0.22
rests	0.26	0.34
gabriel	0.26	0.80
store	0.26	0.29
describe	0.26	0.16
draw	0.26	0.13
writers	0.26	0.18
flowing	0.26	0.29
mile	0.26	0.17
go	0.26	0.56
crop	0.26	0.35
investigation	0.26	0.52
east	0.26	0.10
open	0.26	0.21
conscience	0.26	0.73
rapidly	0.26	0.15
opened	0.26	0.19
fitted	0.26	0.20
friend	0.26	1.09
limited	0.26	0.45
govern	0.26	0.44
foundation	0.26	0.28
raised	0.26	0.20
ladies	0.26	0.83
afterwards	0.26	0.56
hung	0.26	0.28
another	0.26	0.22
aware	0.26	0.36
taking	0.26	0.23
answer	0.26	0.31
bringing	0.26	0.18
steadily	0.26	0.14
third	0.26	0.11
somewhat	0.26	0.23
bushes	0.26	0.28
shades	0.26	0.33
carry	0.26	0.18
education	0.26	0.29
sits	0.26	0.31
inquire	0.26	0.28
united	0.26	0.36
attention	0.26	0.43
lessons	0.27	0.16
look	0.27	0.28
suggestion	0.27	0.57
lamp	0.27	0.41
passes	0.27	0.20
press	0.27	0.17
beneath	0.27	0.25
ione	0.27	0.81
daily	0.27	0.32
clause	0.27	0.26
right	0.27	0.82
quoted	0.27	0.15
set	0.27	0.23
pounds	0.27	0.10
machine	0.27	0.34
body	0.27	0.33
doors	0.27	0.23
covering	0.27	0.26
end	0.27	0.13
authors	0.27	0.15
records	0.27	0.41
letter	0.27	0.12
ask	0.27	0.58
moment	0.27	0.40
bending	0.27	0.32
appears	0.27	0.21
venture	0.27	0.29
science	0.27	0.31
black	0.27	0.34
feelings	0.27	0.84
leaned	0.27	0.42
anywhere	0.27	0.48
shoulder	0.27	0.47
sympathies	0.27	0.63
trade	0.27	0.21
weather	0.27	0.40
stories	0.27	0.89
enlarged	0.27	0.16
compare	0.27	0.21
introduction	0.27	0.12
small	0.27	0.29
south	0.27	0.20
vanished	0.27	0.33
within	0.27	0.18
profession	0.27	0.25
propose	0.27	0.21
character	0.27	0.40
search	0.27	0.15
louisiana	0.27	0.19
fame	0.27	0.42
avenue	0.27	0.16
region	0.27	0.10
sale	0.27	0.14
constitutional	0.27	0.46
seldom	0.27	0.55
use	0.28	0.14
come	0.28	0.53
emancipation	0.28	0.53
nearly	0.28	0.14
lesson	0.28	0.16
half	0.28	0.13
reach	0.28	0.13
examples	0.28	0.35
carriage	0.28	0.39
making	0.28	0.16
somehow	0.28	0.45
closing	0.28	0.12
states	0.28	0.37
fortunately	0.28	0.33
sustain	0.28	0.38
tied	0.28	0.20
flow	0.28	0.39
began	0.28	0.21
throat	0.28	0.28
qualities	0.28	0.48
apply	0.28	0.23
different	0.28	0.26
erected	0.28	0.22
lost	0.28	0.24
shouts	0.28	0.64
characters	0.28	0.71
roman	0.28	0.21
finger	0.28	0.39
vienna	0.28	0.41
artists	0.28	0.18
worship	0.28	0.41
pressure	0.28	0.66
shut	0.28	0.18
antiquity	0.28	0.14
library	0.28	0.15
talent	0.28	0.58
special	0.28	0.42
human	0.28	0.41
century	0.28	0.15
begin	0.28	0.19
marked	0.28	0.31
obeyed	0.28	0.15
seasons	0.28	0.19
latter	0.29	0.37
resting	0.29	0.30
brown	0.29	0.34
left	0.29	0.30
visit	0.29	0.21
occasionally	0.29	0.27
took	0.29	0.20
instruments	0.29	0.30
houses	0.29	0.25
training	0.29	0.47
recall	0.29	0.52
limits	0.29	0.35
clearly	0.29	0.25
honorable	0.29	0.19
estimate	0.29	0.34
leader	0.29	0.31
showing	0.29	0.25
winter	0.29	0.44
authority	0.29	0.75
midnight	0.29	0.40
demands	0.29	0.44
grow	0.29	0.28
tell	0.29	0.82
manage	0.29	0.52
request	0.29	0.11
plains	0.29	0.22
consolation	0.29	0.38
accounts	0.29	0.43
articles	0.29	0.20
waited	0.29	0.26
indicated	0.29	0.37
reader	0.29	0.23
task	0.29	0.31
globe	0.29	0.16
territory	0.29	0.38
flame	0.29	0.42
corresponding	0.29	0.44
extract	0.29	0.15
came	0.29	0.35
correct	0.29	0.43
delighted	0.30	0.63
sanction	0.30	0.25
wayne	0.30	0.54
indeed	0.30	0.57
lofty	0.30	0.24
few	0.30	0.21
done	0.30	0.89
frequently	0.30	0.44
require	0.30	0.32
o	0.30	0.89
issues	0.30	0.29
belief	0.30	0.39
myself	0.30	0.41
afternoon	0.30	0.32
ride	0.30	0.31
rooms	0.30	0.27
swell	0.30	0.45
chest	0.30	0.24
worth	0.30	0.13
principles	0.30	0.51
admission	0.30	0.14
italian	0.30	0.11
stated	0.30	0.28
reading	0.30	0.26
wait	0.30	0.45
eating	0.30	1.70
live	0.30	0.59
appear	0.31	0.35
reaching	0.31	0.11
pause	0.31	0.20
commence	0.31	0.13
lower	0.31	0.12
beat	0.31	0.59
himself	0.31	0.33
distinctly	0.31	0.30
circle	0.31	0.29
beard	0.31	0.27
band	0.31	0.24
condition	0.31	0.35
civilization	0.31	0.25
eloquence	0.31	0.66
limit	0.31	0.58
developed	0.31	0.20
queer	0.31	1.84
brought	0.31	0.22
garments	0.31	0.30
week	0.31	0.28
take	0.31	0.28
assent	0.31	0.14
law	0.31	0.71
ideas	0.31	0.51
promptly	0.31	0.27
public	0.31	0.32
slightly	0.31	0.19
village	0.31	0.29
chances	0.31	0.42
mouth	0.31	0.20
title	0.31	0.24
subdued	0.31	0.63
inform	0.31	0.28
english	0.32	0.10
greek	0.32	0.15
sit	0.32	0.32
largest	0.32	0.57
inspired	0.32	0.38
printed	0.32	0.20
considered	0.32	0.35
dwell	0.32	0.55
traces	0.32	0.20
supreme	0.32	0.81
shoulders	0.32	0.29
visitors	0.32	0.27
rings	0.32	0.20
domain	0.32	0.28
arranged	0.32	0.14
willis	0.32	0.32
heretofore	0.32	0.46
afterward	0.32	0.36
per	0.32	0.18
clothed	0.32	0.24
introduce	0.32	0.29
patient	0.32	0.49
justly	0.32	0.28
hold	0.32	0.27
utterance	0.32	0.24
authorized	0.32	0.23
withdraw	0.32	0.29
par	0.32	0.20
silently	0.32	0.52
choice	0.32	0.34
paying	0.32	0.17
observed	0.32	0.55
stopping	0.32	0.56
impressed	0.32	0.25
beyond	0.32	0.16
commerce	0.32	0.28
nations	0.33	0.17
engage	0.33	0.24
papers	0.33	0.23
thither	0.33	0.41
lingered	0.33	0.37
dollars	0.33	0.16
closed	0.33	0.19
tower	0.33	0.19
bowed	0.33	0.50
contrast	0.33	0.81
modern	0.33	0.21
branch	0.33	0.23
couple	0.33	0.16
thoughts	0.33	0.66
addressed	0.33	0.11
straight	0.33	0.21
follow	0.33	0.18
abode	0.33	0.28
lips	0.33	0.36
imagine	0.33	0.30
german	0.33	0.08
journey	0.33	0.36
hesitate	0.33	0.26
belonging	0.33	0.31
crown	0.33	0.36
whenever	0.33	0.19
arms	0.33	0.86
border	0.33	0.16
decline	0.33	0.23
standing	0.33	0.22
brief	0.33	0.15
begins	0.33	0.12
wide	0.33	0.16
succeeding	0.33	0.24
progress	0.33	0.38
grasped	0.34	0.45
presume	0.34	0.34
carpet	0.34	0.32
examination	0.34	0.45
tradition	0.34	0.41
undertake	0.34	0.23
interval	0.34	0.19
footnote	0.34	0.45
capacity	0.34	0.45
commanding	0.34	0.60
knee	0.34	0.57
resolute	0.34	0.38
outside	0.34	0.26
house	0.34	0.49
properly	0.34	0.31
show	0.34	0.25
amount	0.34	0.24
previous	0.34	0.20
both	0.34	0.39
talents	0.34	0.48
stretched	0.34	0.28
things	0.34	0.52
bound	0.34	0.27
paper	0.34	0.18
duty	0.34	0.35
characteristics	0.34	0.44
shout	0.34	0.59
purchased	0.34	0.13
possession	0.34	0.30
aid	0.34	0.34
description	0.34	0.67
extending	0.34	0.19
observation	0.34	0.41
might	0.34	0.41
walls	0.34	0.25
employed	0.34	0.14
lace	0.35	0.30
assistance	0.35	0.30
remembering	0.35	0.46
skill	0.35	0.63
fixed	0.35	0.11
wing	0.35	0.34
historian	0.35	0.29
constantly	0.35	0.22
immediately	0.35	0.38
glance	0.35	0.25
structure	0.35	0.38
pale	0.35	0.29
feels	0.35	0.59
material	0.35	0.41
although	0.35	0.50
unwilling	0.35	0.27
preparing	0.35	0.24
interior	0.35	0.24
consented	0.35	0.14
until	0.35	0.33
allegiance	0.35	0.43
1kb	0.35	0.63
ere	0.35	0.65
share	0.35	0.39
territories	0.35	0.38
scene	0.35	0.45
touch	0.35	0.37
bow	0.35	0.29
recollection	0.35	0.46
scotch	0.35	0.18
explanation	0.36	0.36
short	0.36	0.22
grows	0.36	0.29
hands	0.36	0.64
national	0.36	0.39
romans	0.36	0.21
hour	0.36	0.28
except	0.36	0.58
growth	0.36	0.31
permission	0.36	0.16
send	0.36	0.29
promised	0.36	0.18
day	0.36	0.34
quit	0.36	0.26
looks	0.36	0.49
words	0.36	0.18
hermann	0.36	0.72
station	0.36	0.10
conveyed	0.36	0.07
motionless	0.36	0.17
respectable	0.36	0.44
deemed	0.36	0.20
conversation	0.36	0.63
claimed	0.36	0.40
metals	0.36	0.19
finally	0.36	0.41
palace	0.36	0.30
trace	0.36	0.28
representative	0.36	0.33
permitted	0.36	0.30
rule	0.36	0.66
former	0.36	0.20
convey	0.37	0.33
itself	0.37	0.30
moral	0.37	0.53
finished	0.37	0.44
publication	0.37	0.23
extensive	0.37	0.39
accepted	0.37	0.13
solid	0.37	0.22
desire	0.37	0.44
does	0.37	0.46
wishing	0.37	0.35
weeks	0.37	0.30
position	0.37	0.33
head	0.37	0.39
illustration	0.37	0.28
fully	0.37	0.34
literature	0.37	0.24
temples	0.37	0.14
debt	0.37	0.29
virgin	0.37	0.50
arm	0.37	0.50
tongue	0.37	0.12
etc	0.37	0.14
folded	0.37	0.47
commands	0.37	0.26
ancient	0.37	0.22
listening	0.37	0.27
substance	0.37	0.49
therefore	0.37	0.39
speaking	0.37	0.26
passed	0.37	0.47
hand	0.37	0.64
commodities	0.37	0.19
schemes	0.38	0.31
ascertain	0.38	0.19
writings	0.38	0.18
accept	0.38	0.12
pay	0.38	0.23
project	0.38	0.40
rate	0.38	0.22
around	0.38	0.38
piazza	0.38	0.28
forced	0.38	0.25
intellect	0.38	0.32
invention	0.38	0.35
beginning	0.38	0.17
section	0.38	0.14
met	0.38	0.49
expression	0.38	0.52
requested	0.38	0.18
noon	0.38	0.34
issued	0.38	0.22
villages	0.38	0.20
adjoining	0.38	0.26
attitude	0.38	0.37
induced	0.38	0.25
plainly	0.38	0.19
moments	0.38	0.22
byron	0.38	0.43
effort	0.38	0.45
permit	0.38	0.24
instrument	0.38	0.17
represent	0.38	0.22
cent	0.38	0.24
formerly	0.38	0.41
marble	0.38	0.22
account	0.38	0.54
expressly	0.38	0.28
carries	0.38	0.26
oak	0.38	0.33
distinction	0.38	0.33
audience	0.38	0.19
sabbath	0.38	0.34
happily	0.38	0.34
believe	0.38	0.64
seize	0.38	0.28
sent	0.38	0.21
admire	0.38	0.53
construction	0.38	0.51
least	0.38	0.44
improved	0.38	0.32
curtain	0.38	0.39
patriotic	0.38	0.47
doubted	0.39	1.39
consequently	0.39	0.32
note	0.39	0.11
above	0.39	0.20
correspondence	0.39	0.24
times	0.39	0.31
increasing	0.39	0.44
respects	0.39	0.20
criticism	0.39	0.41
extended	0.39	0.14
treated	0.39	0.25
sold	0.39	0.15
next	0.39	0.31
invited	0.39	0.23
labor	0.39	0.27
sober	0.39	0.66
ours	0.39	0.62
circles	0.39	0.28
listen	0.39	0.47
representation	0.39	0.38
taken	0.39	0.28
discoveries	0.39	0.33
pine	0.39	0.30
stay	0.39	0.68
suppose	0.39	0.66
forth	0.39	0.39
portion	0.39	0.34
going	0.39	0.56
nose	0.39	0.21
seem	0.39	0.47
silk	0.39	0.31
minutes	0.39	0.27
speak	0.39	0.67
dress	0.39	0.64
know	0.39	0.70
lived	0.40	1.44
shall	0.40	0.31
firmly	0.40	0.31
whisper	0.40	0.33
orders	0.40	0.32
longer	0.40	0.34
metal	0.40	0.38
exclusive	0.40	0.55
social	0.40	0.53
era	0.40	0.13
experience	0.40	0.37
yours	0.40	0.89
perception	0.40	0.38
remain	0.40	0.27
test	0.40	0.50
claim	0.40	0.56
naturally	0.40	0.25
series	0.40	0.28
effective	0.40	0.87
occupy	0.40	0.26
term	0.40	0.19
noble	0.40	0.48
encouraged	0.40	0.19
effected	0.40	0.46
industry	0.40	0.35
development	0.40	0.61
banner	0.40	0.29
tales	0.40	0.75
republic	0.41	0.46
tells	0.41	0.51
calculated	0.41	0.54
first	0.41	0.21
back	0.41	0.48
sees	0.41	0.59
morning	0.41	0.34
compelled	0.41	0.27
votes	0.41	0.24
primitive	0.41	0.33
write	0.41	0.19
refuge	0.41	0.29
history	0.41	0.50
obligations	0.41	0.46
between	0.41	0.40
companions	0.41	0.41
enlightened	0.41	0.21
silver	0.41	0.19
spent	0.41	0.28
changing	0.41	0.35
assert	0.41	0.53
carefully	0.41	0.27
manifested	0.41	0.50
measure	0.41	0.49
remembrance	0.41	0.53
induce	0.42	0.25
days	0.42	0.29
intend	0.42	0.30
retire	0.42	0.46
announced	0.42	0.28
veins	0.42	0.41
privileges	0.42	0.42
shadowy	0.42	0.49
apart	0.42	0.28
bench	0.42	0.26
smell	0.42	0.74
branches	0.42	0.25
speech	0.42	0.20
here	0.42	0.62
arrive	0.42	0.23
allowed	0.42	0.27
neither	0.42	0.73
rose	0.42	0.34
persuaded	0.42	0.32
year	0.42	0.25
months	0.42	0.29
tend	0.42	0.45
arts	0.42	0.25
detail	0.42	0.71
established	0.42	0.38
agree	0.42	0.27
became	0.42	0.24
believing	0.42	0.47
say	0.42	0.66
nevertheless	0.42	0.40
hers	0.42	0.58
refuse	0.42	0.18
notion	0.42	0.49
formed	0.42	0.29
ordered	0.42	0.30
obliged	0.42	0.29
hours	0.42	0.27
pressed	0.42	0.59
league	0.42	0.39
buy	0.43	0.11
attempted	0.43	0.41
high	0.43	0.13
park	0.43	0.23
try	0.43	0.31
last	0.43	0.29
appeared	0.43	0.27
employ	0.43	0.13
expect	0.43	0.44
wanted	0.43	0.66
flushed	0.43	0.32
writing	0.43	0.12
difficult	0.43	0.60
route	0.43	0.40
bent	0.43	0.42
blood	0.43	0.51
sources	0.43	0.34
romance	0.43	0.73
slaves	0.43	0.41
away	0.43	0.43
sovereignty	0.43	0.66
dollar	0.43	0.22
whole	0.43	0.43
claims	0.43	0.48
lasted	0.44	0.25
way	0.44	0.21
conviction	0.44	0.48
noblest	0.44	0.39
already	0.44	0.52
invariably	0.44	0.29
faces	0.44	0.50
refused	0.44	0.15
later	0.44	0.29
morals	0.44	0.49
wrote	0.44	0.13
directions	0.44	0.35
informed	0.44	0.38
smiling	0.44	0.47
acquaintance	0.44	0.42
letters	0.44	0.15
longed	0.44	1.29
wave	0.44	0.36
nearer	0.44	0.28
spirit	0.44	0.52
management	0.44	0.53
precise	0.44	0.44
expected	0.44	0.36
fairly	0.44	0.42
faded	0.44	0.65
circulation	0.44	0.26
weep	0.44	0.93
scientific	0.44	0.58
part	0.44	0.30
scale	0.44	0.40
disposed	0.44	0.22
found	0.44	0.37
size	0.44	0.35
deprived	0.45	0.45
throughout	0.45	0.40
noticed	0.45	0.67
returns	0.45	0.25
years	0.45	0.27
fail	0.45	0.34
arrangement	0.45	0.45
degrees	0.45	0.31
larger	0.45	0.30
american	0.45	0.25
faith	0.45	0.76
accompany	0.45	0.28
paid	0.45	0.25
strangely	0.45	0.28
trunks	0.45	0.24
advantages	0.45	0.48
softened	0.45	0.60
described	0.45	0.58
ready	0.45	0.29
martial	0.45	0.32
softly	0.45	0.44
remains	0.45	0.38
having	0.45	0.56
recognized	0.45	0.48
nobody	0.45	0.78
scheme	0.45	0.55
held	0.45	0.38
essentially	0.46	0.44
provision	0.46	0.38
ago	0.46	0.30
mankind	0.46	0.36
dried	0.46	0.50
returning	0.46	0.26
hear	0.46	0.36
whence	0.46	0.32
husband	0.46	1.45
most	0.46	0.22
till	0.46	0.32
resolved	0.46	0.34
remained	0.46	0.37
impossible	0.46	0.48
competent	0.46	0.27
choose	0.46	0.25
demand	0.46	0.27
exchange	0.46	0.21
neck	0.46	0.56
apt	0.46	0.28
ray	0.46	0.48
pages	0.46	0.33
stayed	0.47	0.55
price	0.47	0.25
select	0.47	0.31
think	0.47	0.73
assure	0.47	0.39
unite	0.47	0.29
fingers	0.47	0.41
waving	0.47	0.24
acknowledged	0.47	0.40
sentiment	0.47	0.97
determination	0.47	0.30
published	0.47	0.23
imagined	0.47	0.84
folds	0.47	0.21
represented	0.47	0.39
analysis	0.47	0.59
guided	0.47	0.36
long	0.47	0.42
thus	0.47	0.33
abstract	0.47	0.55
touching	0.47	0.62
read	0.47	0.14
used	0.47	0.40
differ	0.47	0.23
selected	0.47	0.34
sketch	0.47	0.67
endeavored	0.48	0.51
christian	0.48	0.49
desired	0.48	0.32
surrounding	0.48	0.46
sufficiently	0.48	0.19
willing	0.48	0.25
learning	0.48	0.32
heroic	0.48	0.35
centuries	0.48	0.23
risen	0.48	0.15
profound	0.48	0.50
wash	0.48	0.49
practical	0.48	0.57
fastened	0.48	0.19
thanked	0.48	0.46
unless	0.48	0.45
alliance	0.48	0.43
kindred	0.48	0.66
exceedingly	0.48	0.24
theatre	0.49	0.28
less	0.49	0.33
rank	0.49	0.17
silence	0.49	0.69
vivid	0.49	0.74
gently	0.49	0.45
showed	0.49	0.36
arnold	0.49	0.75
aspect	0.49	0.35
gold	0.49	0.17
gifted	0.49	0.53
says	0.49	0.61
honors	0.49	0.24
volume	0.49	0.39
tried	0.49	0.49
dominion	0.49	0.75
mass	0.49	0.36
ought	0.49	0.46
banks	0.49	0.28
else	0.49	0.80
mail	0.50	0.33
return	0.50	0.41
declined	0.50	0.25
merit	0.50	0.38
find	0.50	0.31
resolve	0.50	0.23
gifts	0.50	0.25
equal	0.50	0.54
pursuits	0.50	0.35
treasury	0.50	0.30
intelligent	0.50	0.23
coin	0.50	0.26
lo	0.50	0.69
understood	0.50	0.72
heard	0.50	0.42
knows	0.50	0.81
period	0.50	0.20
besides	0.50	0.39
conferred	0.50	0.31
render	0.51	0.32
composition	0.51	0.37
sound	0.51	0.38
nature	0.51	0.33
philosophical	0.51	0.60
dwelt	0.51	0.17
questioned	0.51	0.78
plans	0.51	0.41
waist	0.51	0.42
laughed	0.51	0.49
success	0.51	0.44
supplies	0.51	0.38
compared	0.51	0.42
currency	0.51	0.29
masters	0.51	0.45
sounded	0.51	0.37
honored	0.51	0.75
hair	0.51	0.25
sought	0.51	0.40
chance	0.51	0.24
cared	0.51	1.30
african	0.51	0.39
even	0.51	0.66
close	0.51	0.17
fulfilled	0.51	0.25
greater	0.51	0.55
readily	0.51	0.36
anything	0.51	0.79
scarcely	0.51	0.65
truth	0.51	0.66
cloth	0.51	0.52
money	0.51	0.28
intervals	0.52	0.25
host	0.52	0.39
spoken	0.52	0.55
owe	0.52	0.46
forgot	0.52	1.15
during	0.52	0.27
bank	0.52	0.30
streams	0.52	0.38
mutual	0.52	0.66
fertile	0.52	0.38
disturbed	0.52	0.59
inspiration	0.52	0.41
loan	0.52	0.30
determined	0.52	0.41
roots	0.52	0.42
beheld	0.52	0.48
certain	0.52	0.45
apples	0.52	0.57
protect	0.52	0.45
treat	0.52	0.33
wall	0.52	0.43
blush	0.52	0.66
acquired	0.52	0.30
written	0.52	0.18
peculiar	0.52	0.60
locked	0.52	0.32
satisfactory	0.52	0.84
ears	0.53	0.28
international	0.53	0.72
books	0.53	0.24
finding	0.53	0.10
possessed	0.53	0.35
variety	0.53	0.40
establishment	0.53	0.45
wish	0.53	0.37
readers	0.53	0.35
nothing	0.53	0.76
ourselves	0.53	0.21
suited	0.53	0.46
forehead	0.53	0.32
beloved	0.53	1.33
wisely	0.53	0.23
locks	0.53	0.23
propriety	0.53	0.76
payment	0.53	0.33
grandeur	0.54	0.67
appreciate	0.54	0.22
interest	0.54	0.61
burning	0.54	0.51
information	0.54	0.40
obey	0.54	0.33
supply	0.54	0.38
prepare	0.54	0.51
bills	0.54	0.30
angel	0.54	0.57
otherwise	0.54	0.40
group	0.54	0.35
bonds	0.54	0.31
specie	0.54	0.31
response	0.55	0.19
universally	0.55	0.51
accordance	0.55	0.49
reflection	0.55	0.37
forming	0.55	0.34
rightly	0.55	0.45
treaty	0.55	0.37
lock	0.55	0.30
dressed	0.55	0.61
springing	0.55	0.48
rights	0.55	0.65
continue	0.55	0.19
page	0.55	0.44
gift	0.55	0.24
elevated	0.55	0.28
fancy	0.55	0.51
trip	0.55	0.43
breath	0.55	0.33
bosom	0.55	0.81
cheeks	0.55	0.30
soon	0.56	0.51
because	0.56	0.75
organ	0.56	0.30
exactly	0.56	0.50
remainder	0.56	0.30
really	0.56	0.76
clean	0.56	0.57
homes	0.56	0.64
whither	0.56	0.76
poets	0.56	0.35
offered	0.56	0.12
clung	0.56	1.28
privilege	0.56	0.44
pen	0.56	0.24
yet	0.56	0.77
sense	0.57	0.61
wrought	0.57	0.54
drawn	0.57	0.31
offers	0.57	0.15
maid	0.57	1.16
farther	0.57	0.39
entitled	0.57	0.24
bearing	0.57	0.36
infinite	0.57	1.33
meant	0.57	0.62
resemblance	0.57	0.50
spell	0.57	0.53
cents	0.57	0.43
materials	0.57	0.42
deserves	0.57	0.56
offer	0.57	0.10
sounds	0.57	0.40
preparations	0.57	0.30
perhaps	0.57	0.72
flashing	0.57	0.49
though	0.57	0.76
immortal	0.57	0.39
fancied	0.57	1.08
unable	0.58	0.52
supposed	0.58	0.69
treasures	0.58	0.21
accomplish	0.58	0.37
white	0.58	0.37
drawing	0.58	0.34
charity	0.58	0.78
frank	0.58	0.59
won	0.58	0.49
accordingly	0.58	0.34
loyal	0.58	0.29
believed	0.58	1.26
instructions	0.58	0.41
rules	0.58	0.79
pledge	0.58	0.55
costume	0.58	0.48
makes	0.58	0.34
safely	0.58	0.26
keeping	0.58	0.26
together	0.58	0.50
fields	0.59	0.40
abundance	0.59	0.38
laughing	0.59	0.67
dawn	0.59	0.43
retain	0.59	0.43
probably	0.59	0.64
embraced	0.59	0.42
groups	0.59	0.45
thread	0.59	0.35
due	0.59	0.28
giving	0.59	0.13
knowledge	0.59	0.40
attempts	0.59	0.56
calmly	0.59	0.36
sleep	0.59	0.55
image	0.59	0.37
face	0.59	0.23
cheap	0.59	0.36
degree	0.59	0.37
energy	0.59	0.49
steady	0.60	0.55
desirable	0.60	0.94
hue	0.60	0.38
contain	0.60	0.39
understand	0.60	0.49
greece	0.60	0.30
kept	0.60	0.31
careful	0.60	0.40
flashed	0.60	0.49
collection	0.60	0.32
heartily	0.60	0.60
shows	0.60	0.35
convenience	0.60	0.46
scarce	0.60	0.28
attempt	0.60	0.54
provided	0.61	0.24
tie	0.61	0.52
real	0.61	0.53
productions	0.61	0.34
give	0.61	0.10
again	0.61	0.52
additional	0.61	0.41
requires	0.61	0.44
fundamental	0.61	0.68
parting	0.61	0.53
knew	0.61	1.35
required	0.61	0.37
plays	0.61	0.26
enabled	0.61	0.50
map	0.61	0.39
plenty	0.62	0.38
preparation	0.62	0.62
wise	0.62	0.34
devoted	0.62	0.44
particularly	0.62	0.27
endeavor	0.62	0.53
intended	0.62	0.49
hardly	0.62	0.51
vision	0.62	0.41
keep	0.62	0.39
leave	0.62	0.55
magic	0.62	0.60
contained	0.62	0.32
mournful	0.62	0.68
picked	0.62	0.45
pillow	0.62	0.33
existed	0.62	0.52
maintained	0.62	0.33
independence	0.62	0.60
doth	0.63	0.78
effectually	0.63	0.28
glorious	0.63	0.41
quickly	0.63	0.44
able	0.63	0.46
busy	0.63	0.70
sometimes	0.63	0.55
complexion	0.63	0.34
purchase	0.63	0.29
bestowed	0.63	0.29
eyes	0.63	0.33
eye	0.63	0.40
nowhere	0.63	0.28
sidenote	0.63	0.34
upright	0.63	0.22
explained	0.63	0.37
unto	0.63	0.57
presented	0.63	0.42
tenderly	0.64	1.26
exhibited	0.64	0.52
residence	0.64	0.26
joined	0.64	0.47
wealth	0.64	0.34
havilah	0.64	0.30
still	0.64	0.49
receiving	0.64	0.21
ascertained	0.64	0.32
higher	0.64	0.29
book	0.64	0.50
voices	0.64	0.43
silent	0.64	0.55
warmly	0.64	0.42
breadth	0.64	0.39
consent	0.65	0.26
supplied	0.65	0.37
basis	0.65	0.61
rested	0.65	0.20
opportunities	0.65	0.38
wit	0.65	0.39
ring	0.65	0.43
imagination	0.65	0.51
stately	0.65	0.55
enable	0.65	0.49
lighted	0.65	0.58
retained	0.65	0.49
applause	0.65	0.51
counsel	0.65	0.35
curtains	0.65	0.44
bade	0.65	0.34
spend	0.65	0.41
union	0.66	0.52
better	0.66	0.70
innocent	0.66	1.19
world	0.66	0.46
peculiarly	0.66	0.53
liberal	0.66	0.33
admired	0.66	1.15
slavery	0.66	0.54
breathing	0.66	0.46
meaning	0.66	0.34
gather	0.66	0.34
treasure	0.67	0.32
piano	0.67	0.34
serve	0.67	0.36
lowest	0.67	0.35
intelligence	0.67	0.61
promises	0.67	0.31
fancies	0.67	0.48
illustrated	0.67	0.46
beethoven	0.67	0.62
guide	0.67	0.20
closer	0.67	0.41
seen	0.67	0.78
place	0.67	0.42
firm	0.67	0.22
cheek	0.67	0.34
canvas	0.67	0.51
laugh	0.67	0.63
gladly	0.67	0.26
managed	0.67	0.44
reward	0.67	0.48
bond	0.67	0.54
poetry	0.67	0.27
painted	0.68	0.49
economy	0.68	0.51
invitation	0.68	0.20
establish	0.68	0.48
tall	0.68	0.56
reminded	0.68	0.50
parted	0.68	0.43
t	0.68	0.97
realm	0.68	0.64
agreeable	0.68	2.01
precisely	0.69	0.38
lights	0.69	0.56
exact	0.69	0.53
appropriate	0.69	0.44
slave	0.69	0.37
aye	0.69	0.78
receive	0.69	0.12
seek	0.69	0.45
brow	0.69	0.35
appearance	0.69	0.38
accomplished	0.69	0.37
beds	0.69	0.51
daylight	0.69	0.43
glimpse	0.69	0.33
historical	0.70	0.52
trees	0.70	0.44
destined	0.70	0.33
welfare	0.70	0.68
saw	0.70	0.62
definite	0.70	0.64
disposition	0.70	0.50
author	0.70	0.47
prudent	0.70	0.27
touched	0.70	0.40
obedience	0.70	0.58
obtaining	0.70	0.29
highly	0.70	0.51
scarlet	0.71	0.43
derived	0.71	0.34
statue	0.71	0.33
possess	0.71	0.37
satisfaction	0.71	0.56
harvest	0.71	0.44
respected	0.71	1.12
everything	0.71	0.54
past	0.71	0.44
assume	0.71	0.30
survey	0.71	0.37
standard	0.71	0.51
language	0.71	0.22
securing	0.71	0.37
maintain	0.71	0.63
breast	0.71	0.78
reception	0.71	0.21
blaze	0.71	0.53
tone	0.71	0.46
seeing	0.72	0.35
purple	0.72	0.42
same	0.72	0.36
trusted	0.72	1.23
shown	0.72	0.36
flush	0.72	0.43
varied	0.72	0.58
type	0.72	0.48
keeps	0.72	0.25
earthly	0.73	0.46
since	0.73	0.64
surely	0.73	0.55
adequate	0.73	0.51
couch	0.73	0.50
memory	0.73	0.46
accurate	0.73	0.61
rang	0.73	0.53
strangers	0.73	0.28
tomb	0.73	0.59
debts	0.73	0.46
expressions	0.73	0.75
volumes	0.74	0.39
affections	0.74	1.37
hence	0.74	0.40
contains	0.74	0.58
combined	0.74	0.62
designed	0.74	0.52
illustrations	0.74	0.68
gain	0.74	0.40
red	0.74	0.48
heart	0.75	1.43
edition	0.75	0.51
painter	0.75	0.40
setting	0.75	0.31
zeal	0.75	0.52
crimson	0.75	0.42
copy	0.76	0.37
adapted	0.76	0.40
age	0.76	0.53
season	0.76	0.48
easily	0.76	0.32
voice	0.76	0.54
issue	0.76	0.47
earnest	0.76	0.52
procure	0.76	0.37
view	0.76	0.43
needed	0.76	0.35
laughter	0.77	0.59
enough	0.77	0.29
leisure	0.77	0.42
cheers	0.77	0.58
breathed	0.77	0.34
gained	0.77	0.39
donatello	0.77	0.28
verse	0.77	0.26
hopes	0.77	0.46
pretty	0.78	1.54
useful	0.78	0.74
learned	0.78	0.40
domestic	0.78	0.43
ways	0.78	0.31
exchanged	0.78	0.46
root	0.78	0.56
earlier	0.78	0.53
sculptor	0.78	0.28
grave	0.79	0.50
miriam	0.79	0.30
enthusiastic	0.79	0.57
green	0.79	0.45
awhile	0.79	0.45
sad	0.80	1.17
regard	0.80	0.43
ringing	0.80	0.53
sparkling	0.80	0.79
triumphant	0.80	0.65
denied	0.80	0.50
sufficient	0.80	0.50
just	0.80	0.65
possible	0.80	0.57
restored	0.80	0.63
idea	0.80	0.56
honest	0.80	0.34
completed	0.80	0.32
pleasures	0.80	0.48
join	0.80	0.36
likely	0.81	0.30
suspect	0.81	0.97
knowing	0.81	1.14
favorite	0.81	0.29
generous	0.81	0.42
formal	0.81	0.40
plants	0.81	0.52
protection	0.81	0.60
apparent	0.81	1.30
sure	0.81	0.54
indispensable	0.81	0.54
manhood	0.81	0.51
works	0.81	0.37
figures	0.81	0.46
legal	0.81	0.45
colors	0.82	0.56
grass	0.82	0.47
according	0.82	0.45
prefer	0.82	0.43
humanity	0.82	0.58
sunset	0.82	0.49
hath	0.82	0.87
polished	0.82	0.46
intimate	0.83	0.41
lack	0.83	0.61
poet	0.83	0.30
dance	0.83	0.54
virtue	0.83	0.76
told	0.83	1.13
notes	0.83	0.47
strain	0.84	0.62
humble	0.84	0.42
curls	0.84	0.35
plant	0.84	0.58
sky	0.84	0.55
manners	0.84	0.69
usual	0.84	0.46
chorus	0.84	0.51
morality	0.84	0.79
ample	0.85	0.45
madame	0.85	0.48
prospect	0.85	0.47
far	0.85	0.53
artist	0.85	0.44
avail	0.85	0.26
blue	0.85	0.50
understanding	0.85	0.40
hilda	0.85	0.29
catherine	0.85	0.74
substantial	0.86	0.41
afforded	0.86	0.29
equality	0.86	0.64
enjoying	0.86	0.59
autumn	0.86	0.51
example	0.86	0.37
color	0.86	0.48
attained	0.87	0.48
poems	0.87	0.43
planted	0.87	0.54
highest	0.87	0.44
usually	0.87	0.33
displayed	0.88	0.52
needful	0.88	0.50
manner	0.88	0.39
guest	0.88	0.39
prime	0.88	0.24
perfectly	0.88	0.37
precious	0.89	0.28
fitting	0.89	0.56
obtain	0.89	0.37
stars	0.89	0.48
thing	0.89	0.50
blessings	0.89	0.46
faithful	0.89	0.50
seems	0.89	0.35
isidore	0.89	0.51
known	0.89	1.14
common	0.90	0.37
preserve	0.90	0.66
honor	0.90	0.48
deserve	0.90	0.52
ability	0.90	0.67
dignified	0.90	0.44
thought	0.90	1.12
patriotism	0.90	0.67
passages	0.90	0.39
tree	0.91	0.54
requisite	0.91	0.65
obtained	0.91	0.31
features	0.91	0.37
felix	0.91	0.51
greeted	0.91	0.51
courage	0.91	0.60
genius	0.91	0.42
erect	0.91	0.35
yellow	0.92	0.48
portrait	0.92	0.47
furnish	0.92	0.38
virtues	0.92	0.57
clasped	0.92	1.15
intercourse	0.92	0.68
dream	0.93	0.62
restore	0.93	0.63
life	0.93	0.34
dreams	0.93	0.65
provide	0.93	0.53
costly	0.94	0.48
suitable	0.94	0.45
enjoyed	0.94	0.60
necessary	0.94	0.64
promise	0.94	0.33
reputation	0.94	0.48
lent	0.94	0.26
proper	0.95	0.45
patience	0.95	0.56
gave	0.95	0.32
credit	0.95	0.57
absolute	0.95	1.41
earnestness	0.95	0.57
lively	0.96	0.86
clementine	0.96	0.94
girodot	0.96	0.49
vigor	0.97	0.56
shine	0.97	0.45
dancing	0.97	0.66
feminine	0.97	0.42
figure	0.97	0.46
rich	0.97	0.65
healthy	0.97	0.57
singing	0.97	0.52
kenyon	0.97	0.20
confident	0.97	0.47
glittering	0.97	0.54
full	0.97	0.50
greatness	0.98	0.51
sing	0.98	0.45
balance	0.98	0.67
mine	0.98	1.44
permanent	0.98	0.70
earliest	0.98	0.45
striking	0.98	0.74
pious	0.98	0.26
art	0.98	0.50
wanting	0.99	0.39
murmur	0.99	0.48
recognition	0.99	0.45
gives	0.99	0.33
low	0.99	0.48
dew	0.99	0.51
ardent	0.99	0.31
countenance	1.00	0.48
landscape	1.00	0.71
temper	1.00	0.56
wisdom	1.00	0.66
glowing	1.00	0.48
restoration	1.00	0.72
fine	1.01	1.66
experienced	1.01	1.27
garden	1.02	0.55
shelter	1.02	0.42
terms	1.02	0.33
grove	1.02	0.45
breathe	1.02	0.40
poem	1.02	0.37
paint	1.02	0.60
summer	1.02	0.47
atmosphere	1.03	0.50
depart	1.03	1.28
slender	1.03	0.39
encouragement	1.04	0.38
esteem	1.04	0.71
furniture	1.04	0.50
justice	1.04	1.30
haunted	1.05	1.22
comfort	1.05	0.55
received	1.05	0.34
hospitality	1.05	0.42
prize	1.05	1.22
memories	1.05	0.61
cherished	1.05	0.94
valleys	1.05	0.56
soul	1.05	1.17
emma	1.05	1.19
promote	1.05	0.61
sympathy	1.05	1.28
safety	1.05	0.76
painting	1.05	0.47
leaves	1.06	0.58
forget	1.06	1.39
handsome	1.06	0.70
loves	1.07	1.35
walks	1.07	0.39
shining	1.07	0.51
given	1.07	0.33
plain	1.07	0.50
original	1.07	0.62
attachment	1.07	1.26
early	1.08	0.52
ear	1.08	0.44
shone	1.08	0.57
assurance	1.08	0.43
clara	1.08	1.08
finish	1.08	0.42
afford	1.08	0.32
prudence	1.08	0.71
smart	1.08	1.41
situated	1.09	0.44
dignity	1.09	0.42
golden	1.09	0.50
grace	1.09	0.59
shed	1.09	0.52
sung	1.09	0.45
light	1.09	0.56
musical	1.09	0.45
reverence	1.10	1.24
employment	1.10	0.56
dearest	1.10	1.35
gratitude	1.10	1.19
fidelity	1.11	0.65
fruits	1.11	0.77
thanks	1.11	0.40
sappho	1.12	1.27
moon	1.12	0.53
tones	1.12	0.49
smile	1.12	0.44
hearts	1.12	1.11
style	1.12	0.67
home	1.13	1.30
secured	1.13	0.48
pictures	1.13	0.60
entire	1.13	1.31
brave	1.13	1.10
rest	1.14	0.45
gleam	1.14	0.54
rays	1.14	0.54
bid	1.14	0.67
once	1.14	0.99
monsieur	1.14	0.37
youthful	1.14	0.44
excellence	1.15	0.56
leaf	1.15	0.61
star	1.16	0.47
sun	1.16	0.55
specimens	1.16	0.73
presents	1.16	0.59
modest	1.17	0.40
splendid	1.17	0.61
truly	1.18	0.91
trust	1.18	1.16
refined	1.18	0.74
music	1.18	0.51
rare	1.18	0.66
lover	1.18	0.97
breeze	1.19	0.47
confidence	1.19	0.72
courtesy	1.19	0.43
animated	1.19	0.80
reflected	1.19	0.52
ever	1.19	0.96
affectionate	1.20	0.51
gravity	1.20	0.49
romantic	1.20	1.24
kindness	1.20	0.62
assured	1.20	0.41
strict	1.20	1.23
tenderness	1.20	1.11
outline	1.21	0.63
fruit	1.21	0.66
thee	1.21	1.28
humor	1.21	1.15
furnished	1.21	0.43
unity	1.22	1.21
clear	1.23	0.54
orange	1.23	0.62
glory	1.23	0.40
convenient	1.24	0.54
songs	1.24	0.54
utmost	1.24	1.11
affection	1.24	1.18
joy	1.24	0.91
respect	1.24	0.65
lovers	1.24	1.05
essential	1.24	1.15
thorough	1.25	1.19
luxury	1.25	0.61
unlike	1.25	1.09
finest	1.26	0.72
charm	1.26	0.59
sang	1.26	0.58
elaborate	1.26	0.58
hast	1.27	1.21
poetic	1.27	0.56
thereby	1.27	1.55
grand	1.27	0.58
behold	1.27	0.95
alas	1.27	1.37
song	1.27	0.54
welcome	1.27	0.41
piety	1.27	0.71
skies	1.28	0.63
interesting	1.28	1.41
blessed	1.29	0.82
rosy	1.31	0.59
brilliant	1.31	0.53
embrace	1.31	1.20
thou	1.31	1.18
novel	1.31	1.46
broad	1.32	0.61
loyalty	1.32	0.76
thoughtful	1.32	0.44
air	1.32	0.51
model	1.32	0.94
win	1.33	1.09
complete	1.33	1.21
hope	1.33	0.97
arrangements	1.33	1.09
departed	1.33	0.75
liberty	1.34	0.70
glow	1.34	0.51
accuracy	1.34	1.10
ideal	1.34	0.51
farewell	1.34	1.00
notwithstanding	1.35	1.16
gardens	1.37	0.54
prosperity	1.38	0.66
delicacy	1.38	0.60
hopeful	1.39	0.89
enjoyment	1.39	0.56
sunlight	1.39	0.67
christmas	1.40	1.17
cheer	1.40	0.75
genuine	1.41	0.50
splendor	1.41	0.50
abundant	1.42	1.20
pauline	1.42	0.83
order	1.42	1.09
cool	1.42	0.66
elegant	1.42	0.79
warmth	1.42	0.56
always	1.43	0.74
polite	1.43	0.65
thine	1.43	1.05
true	1.43	0.99
neat	1.44	0.83
moonlight	1.45	0.67
disturb	1.45	0.48
manly	1.47	0.40
preserved	1.47	0.96
thy	1.48	1.04
loving	1.48	0.92
sweetness	1.49	0.56
familiar	1.51	1.08
valuable	1.52	1.11
advice	1.53	1.31
satisfied	1.54	0.98
simple	1.55	0.50
sincere	1.55	0.94
fond	1.56	0.88
henceforth	1.56	0.98
magnificent	1.56	1.04
smiles	1.57	0.53
perfection	1.57	0.93
friendship	1.58	0.95
contented	1.58	1.04
honesty	1.59	0.98
conception	1.60	0.94
pleasure	1.60	0.96
freedom	1.60	1.02
eve	1.60	1.10
glad	1.60	0.99
maiden	1.61	0.87
tender	1.62	0.85
kindly	1.62	0.50
sunshine	1.63	0.68
devotion	1.63	0.98
travel	1.63	1.23
fresh	1.64	0.59
forever	1.64	0.86
soft	1.65	0.52
charms	1.65	1.04
form	1.65	0.86
youth	1.65	0.77
hearty	1.67	0.61
happier	1.67	0.97
future	1.68	0.85
warm	1.69	0.63
integrity	1.69	0.90
cordial	1.70	0.53
fair	1.71	0.92
roses	1.71	0.58
visions	1.73	0.77
occupation	1.74	1.05
secure	1.74	0.88
pleasing	1.75	1.27
embury	1.76	0.79
flowers	1.77	0.63
purity	1.77	0.78
rejoice	1.79	0.96
picture	1.79	1.08
spring	1.79	0.67
free	1.80	0.90
security	1.80	0.90
gay	1.80	0.90
calm	1.81	0.59
delicious	1.82	0.97
easy	1.83	1.03
picturesque	1.83	1.06
childhood	1.83	0.71
attractive	1.85	1.02
graceful	1.86	0.85
best	1.86	1.15
delicate	1.86	0.91
bliss	1.87	0.90
ease	1.88	0.76
simplicity	1.88	0.73
repose	1.88	0.76
paradise	1.89	0.79
enjoy	1.92	0.78
harmony	1.92	0.73
scenery	1.95	0.99
grateful	1.96	0.65
safe	1.98	0.71
pure	1.99	0.66
happiness	2.00	0.73
gentle	2.00	0.55
content	2.02	0.75
friendly	2.04	0.81
peace	2.05	0.73
flower	2.06	0.92
bright	2.06	0.86
nice	2.07	1.00
merry	2.10	1.05
joyous	2.11	0.96
bloom	2.12	0.84
companion	2.13	0.82
admirable	2.14	0.89
mild	2.16	0.79
genial	2.20	0.79
exquisite	2.27	0.81
amiable	2.28	0.77
kind	2.28	0.82
serene	2.29	0.73
beautiful	2.32	0.68
beauty	2.33	0.79
cheerful	2.33	0.91
comfortable	2.37	0.89
quiet	2.38	0.84
charming	2.41	0.88
sweet	2.55	0.74
sunny	2.58	0.92
peaceful	2.61	0.94
