dreadful	-3.85	0.94
wretched	-3.80	0.94
wicked	-3.65	0.71
helpless	-3.65	0.96
crime	-3.63	1.15
victim	-3.57	1.05
miserable	-3.53	0.96
cruel	-3.44	0.79
desolate	-3.41	1.20
corrupt	-3.38	1.35
injustice	-3.36	0.91
terrible	-3.33	1.21
fearful	-3.29	1.18
torture	-3.26	1.14
worst	-3.24	1.26
frightful	-3.24	1.33
wrong	-3.23	1.23
fraud	-3.13	1.08
hopeless	-3.11	1.17
folly	-3.10	0.58
corruption	-3.10	1.16
vice	-3.09	1.06
vengeance	-3.04	1.09
ignorant	-3.04	0.72
wretch	-3.04	0.60
murderer	-3.02	1.24
death	-2.97	1.14
awful	-2.95	1.53
fiercely	-2.94	1.23
error	-2.94	1.21
selfish	-2.93	0.95
worse	-2.92	1.20
feeble	-2.90	0.96
insult	-2.89	1.13
hideous	-2.88	1.60
ugly	-2.86	1.34
bloody	-2.85	1.56
guilty	-2.84	0.76
weak	-2.84	0.90
selfishness	-2.83	1.10
abuse	-2.83	1.24
sin	-2.81	1.03
committed	-2.80	0.83
lonely	-2.78	1.36
vulgar	-2.78	1.03
horrid	-2.77	1.32
curse	-2.76	0.67
revenge	-2.74	1.33
dangerous	-2.74	1.34
commit	-2.73	0.74
foolish	-2.71	0.81
faults	-2.71	1.36
bitter	-2.70	1.22
squire	-2.68	1.58
punishment	-2.67	0.67
creature	-2.67	0.95
ignorance	-2.67	0.67
circumstance	-2.67	1.80
violence	-2.66	0.65
horror	-2.66	1.34
habit	-2.65	1.81
coward	-2.65	1.07
deed	-2.65	1.25
tragedy	-2.65	1.71
unnatural	-2.65	0.53
victims	-2.63	1.28
warden	-2.62	1.58
disgrace	-2.61	0.40
carries	-2.60	1.83
feared	-2.60	1.28
punished	-2.59	0.65
rival	-2.54	1.53
blind	-2.54	0.97
deadly	-2.54	0.75
arrested	-2.54	0.61
sick	-2.53	1.04
drummond	-2.53	1.68
dreaded	-2.50	1.04
danger	-2.50	1.25
murder	-2.50	0.74
haunted	-2.50	1.58
evils	-2.49	1.58
neglected	-2.48	1.11
disease	-2.48	1.28
pretended	-2.48	1.45
silly	-2.48	0.89
opposed	-2.47	1.82
misfortune	-2.47	1.26
uncomfortable	-2.47	1.75
condemned	-2.46	0.74
wandering	-2.45	0.77
temptation	-2.45	1.42
errors	-2.45	0.99
unjust	-2.45	0.50
belle	-2.45	1.47
fatal	-2.45	0.70
bitterness	-2.43	1.57
disaster	-2.42	0.67
bitterly	-2.42	1.22
wandered	-2.38	1.74
painful	-2.35	1.57
strange	-2.34	1.65
cure	-2.33	1.39
creatures	-2.33	1.03
mischief	-2.33	1.26
gloomy	-2.33	1.63
sighed	-2.32	1.17
scorn	-2.32	1.69
weakness	-2.30	0.65
prof	-2.30	1.82
enemies	-2.29	1.56
accused	-2.29	0.80
suffer	-2.29	0.48
hatred	-2.28	1.67
ruined	-2.27	1.19
snap	-2.27	1.99
cause	-2.27	1.48
jail	-2.27	0.73
misery	-2.26	0.56
criminal	-2.26	0.83
forgot	-2.26	1.49
neglect	-2.26	0.58
arrest	-2.26	0.67
prisoner	-2.26	0.72
rage	-2.25	1.62
suffered	-2.25	0.40
palma	-2.23	1.57
dread	-2.23	0.67
avoid	-2.23	1.64
restless	-2.21	1.46
madness	-2.21	0.65
threatened	-2.20	0.56
barker	-2.20	1.73
anderson	-2.19	1.70
stupid	-2.17	0.54
crazy	-2.16	1.18
fate	-2.15	0.68
base	-2.14	0.58
contempt	-2.14	1.68
sad	-2.13	1.47
careless	-2.12	1.26
woe	-2.12	0.68
abandoned	-2.12	0.68
peril	-2.11	0.61
absurd	-2.10	0.47
tendencies	-2.10	1.68
indifference	-2.09	1.53
bud	-2.08	1.53
disturbance	-2.08	1.58
injury	-2.08	0.54
dying	-2.06	1.30
awkward	-2.06	0.48
wrath	-2.06	1.77
startling	-2.06	1.65
roderick	-2.06	1.63
indifferent	-2.06	1.30
fool	-2.05	1.19
sins	-2.05	1.30
stealing	-2.05	0.62
shame	-2.04	0.79
suffering	-2.04	0.47
mistake	-2.01	0.59
quarrel	-2.00	1.59
sickness	-1.99	0.52
rig	-1.99	1.69
moody	-1.97	1.72
thief	-1.97	0.31
despair	-1.97	0.83
guilt	-1.96	0.74
weary	-1.96	0.78
au	-1.96	1.67
fierce	-1.95	0.96
agony	-1.94	0.83
charge	-1.94	0.61
checked	-1.93	1.79
prison	-1.93	0.53
mortal	-1.92	1.40
charged	-1.92	0.74
helen	-1.90	1.63
utterly	-1.90	0.51
catching	-1.90	1.77
beast	-1.90	0.55
idle	-1.90	0.56
sigh	-1.90	1.27
crying	-1.89	1.48
utter	-1.89	0.73
invalid	-1.88	1.36
foe	-1.88	0.65
bar	-1.88	1.86
severe	-1.88	0.49
midst	-1.87	0.69
tremendous	-1.86	1.04
poverty	-1.86	0.50
burden	-1.84	0.34
unworthy	-1.83	0.57
fury	-1.81	1.02
influence	-1.81	1.82
deserted	-1.80	0.78
wetherel	-1.79	0.60
illness	-1.79	0.36
innocent	-1.79	1.61
fault	-1.78	0.65
escape	-1.78	0.65
vanity	-1.78	0.91
dreary	-1.76	1.08
loss	-1.76	0.47
hell	-1.76	1.44
fancied	-1.75	1.69
reproach	-1.74	0.76
exhausted	-1.74	0.55
melancholy	-1.74	0.82
dumb	-1.73	0.45
devil	-1.73	0.56
julian	-1.73	1.66
caroline	-1.71	1.68
plot	-1.70	0.68
died	-1.70	1.60
remorse	-1.70	0.91
motley	-1.70	1.96
helping	-1.69	1.47
habits	-1.69	1.95
hollowbread	-1.68	0.94
josie	-1.68	0.92
conflict	-1.67	0.66
escaped	-1.67	0.50
jury	-1.66	0.61
anguish	-1.65	0.92
distress	-1.65	0.57
confession	-1.64	0.62
attacks	-1.63	0.47
elections	-1.63	0.87
impatience	-1.63	1.05
virtues	-1.62	1.74
shock	-1.62	0.62
false	-1.61	0.46
democracy	-1.61	0.87
bewildered	-1.61	0.46
trial	-1.60	0.53
hospital	-1.60	0.54
disgust	-1.59	1.13
confusion	-1.58	0.55
confessed	-1.58	0.42
fever	-1.58	0.47
either	-1.58	1.89
ambition	-1.58	1.00
consolation	-1.57	1.45
boy	-1.57	1.61
supposing	-1.57	0.79
baby	-1.56	1.68
terror	-1.56	0.79
reckless	-1.56	0.61
dull	-1.55	0.65
officials	-1.54	0.93
alleged	-1.54	0.52
waste	-1.54	0.41
consequences	-1.53	0.85
parents	-1.53	1.55
endure	-1.53	0.38
thieves	-1.53	0.44
apprehension	-1.53	0.68
anger	-1.53	1.40
ruin	-1.52	0.63
disappointment	-1.52	0.92
child	-1.51	1.71
remembering	-1.50	0.56
combat	-1.49	0.54
effects	-1.49	0.99
exciting	-1.49	2.02
serious	-1.48	0.58
ambitious	-1.48	1.27
wasted	-1.48	0.53
blank	-1.47	0.47
mercy	-1.47	1.57
infant	-1.47	0.96
ill	-1.47	1.45
saved	-1.46	0.36
threatening	-1.46	0.43
pain	-1.46	0.74
old	-1.46	1.56
exposed	-1.45	0.53
wounds	-1.44	0.48
crisis	-1.44	0.63
disagreeable	-1.43	2.03
tammany	-1.43	0.76
accident	-1.43	0.40
rector	-1.43	0.76
relieve	-1.43	0.35
lehming	-1.42	0.67
commonplace	-1.42	0.47
hunger	-1.42	0.27
nervous	-1.42	0.45
troubles	-1.42	0.45
bore	-1.41	0.35
party	-1.41	0.76
fatigue	-1.39	0.28
nestoria	-1.39	0.78
strife	-1.39	0.97
bradford	-1.38	0.88
cunning	-1.38	1.35
encounter	-1.38	0.33
avoided	-1.37	0.46
grief	-1.37	1.19
formidable	-1.37	0.70
dangers	-1.36	0.79
fear	-1.36	0.58
ridiculous	-1.36	0.52
empty	-1.36	0.76
uneasy	-1.36	0.50
trials	-1.35	0.53
dismay	-1.34	0.72
sensitive	-1.33	1.59
leavenworth	-1.33	0.51
mad	-1.33	0.56
tweed	-1.33	0.60
meantime	-1.32	0.61
acts	-1.32	0.61
indignation	-1.32	1.31
fight	-1.32	0.60
associates	-1.31	0.58
mystery	-1.31	0.69
remedy	-1.31	0.89
embarrassment	-1.30	0.51
desert	-1.30	0.79
sorrow	-1.30	0.94
sheriff	-1.29	0.41
prey	-1.29	0.45
feverish	-1.29	0.52
wept	-1.29	0.79
anxiety	-1.29	0.65
storm	-1.28	0.74
subjected	-1.28	0.47
susan	-1.28	0.72
murray	-1.27	0.93
spared	-1.27	0.32
motive	-1.27	0.60
opponents	-1.26	0.47
dear	-1.25	1.70
doctor	-1.25	0.63
dies	-1.25	0.58
albert	-1.24	1.58
dependent	-1.24	0.52
sufferings	-1.23	0.44
trembling	-1.23	0.27
tilden	-1.23	0.62
charges	-1.23	0.48
mysterious	-1.22	0.87
defiance	-1.22	0.88
suspicion	-1.21	0.82
aroused	-1.21	0.77
capture	-1.21	0.48
opposition	-1.21	0.56
sudden	-1.21	0.57
travelling	-1.20	0.64
sewell	-1.20	0.66
affair	-1.19	0.43
vague	-1.19	0.50
alarm	-1.19	0.47
generally	-1.19	2.01
wilderness	-1.18	0.53
angry	-1.18	0.59
harm	-1.18	0.48
obscure	-1.18	0.71
vain	-1.18	0.53
passions	-1.17	1.04
approaching	-1.17	0.46
wars	-1.17	0.51
useless	-1.17	0.36
prejudice	-1.17	0.78
resist	-1.17	0.46
suspected	-1.16	0.80
grim	-1.16	0.68
jealousy	-1.16	2.16
physician	-1.16	0.67
sentence	-1.15	0.40
treatment	-1.15	0.44
jonas	-1.14	0.85
dam	-1.14	0.86
spite	-1.14	0.59
badly	-1.13	0.35
discovery	-1.13	0.45
wolf	-1.13	0.41
fancies	-1.13	0.32
controlled	-1.13	0.54
dead	-1.13	0.80
dunham	-1.13	0.52
searching	-1.13	0.50
continually	-1.12	0.31
suspicious	-1.12	0.52
animal	-1.12	0.56
mrs	-1.12	0.85
powerful	-1.12	0.41
suppressed	-1.12	0.43
wholly	-1.12	0.42
contest	-1.12	0.49
police	-1.11	0.36
condition	-1.11	0.60
tired	-1.11	0.62
troubled	-1.11	0.39
panic	-1.11	0.48
widow	-1.10	1.71
leaders	-1.09	0.66
witness	-1.09	0.48
girl	-1.09	1.60
uncertain	-1.09	0.39
astonishment	-1.09	0.79
devoted	-1.08	1.49
manners	-1.08	1.83
mostly	-1.08	0.60
hungry	-1.08	0.46
coarse	-1.07	0.73
wreck	-1.07	0.33
severely	-1.07	0.29
curtain	-1.06	0.97
defeat	-1.06	0.57
savage	-1.06	0.42
desperate	-1.06	0.50
consequence	-1.06	0.49
solitude	-1.05	0.78
singular	-1.05	1.13
impatiently	-1.05	0.56
load	-1.05	0.22
knew	-1.05	1.74
excite	-1.04	0.62
odd	-1.04	1.99
queer	-1.04	1.44
lest	-1.04	0.53
administration	-1.03	0.69
declared	-1.03	0.68
against	-1.03	0.44
medicine	-1.03	0.64
struggles	-1.03	0.41
complaint	-1.02	0.68
throws	-1.02	0.50
fat	-1.02	0.51
politicians	-1.01	0.67
mere	-1.01	0.48
beings	-1.01	0.63
le	-1.01	0.41
beasts	-1.01	0.40
doubtful	-1.01	0.43
excited	-1.01	0.44
pursued	-1.01	0.39
hostile	-1.01	0.55
prisoners	-1.00	0.25
solitary	-1.00	0.69
risk	-1.00	0.54
prevented	-1.00	0.72
destruction	-0.99	0.87
interior	-0.99	0.49
lemuel	-0.99	0.51
rebels	-0.99	0.43
unnecessary	-0.99	0.64
regina	-0.99	0.53
en	-0.99	0.40
encountered	-0.99	0.37
weapons	-0.98	0.50
mother	-0.98	1.87
witnessed	-0.98	0.64
la	-0.98	0.38
leah	-0.97	0.52
moll	-0.97	0.51
imitation	-0.97	0.55
wounded	-0.97	0.55
dog	-0.97	0.61
murdered	-0.97	0.95
violently	-0.96	0.43
overcome	-0.96	0.38
arise	-0.96	0.65
ralph	-0.96	0.61
et	-0.96	0.39
hannah	-0.96	0.95
appeal	-0.96	0.51
agitation	-0.95	0.31
difficulties	-0.95	0.68
assuming	-0.95	0.50
confused	-0.95	0.31
defence	-0.95	0.39
considerations	-0.95	0.49
excitement	-0.95	0.55
euphemia	-0.94	0.50
tendency	-0.94	0.94
judged	-0.94	0.58
control	-0.94	0.83
inevitable	-0.94	0.75
depths	-0.94	0.54
rebellion	-0.94	0.48
harsh	-0.93	0.53
ones	-0.93	0.60
returns	-0.93	0.40
cared	-0.93	1.71
court	-0.93	0.36
liable	-0.93	0.80
fighting	-0.93	0.58
democrats	-0.92	0.50
mike	-0.92	0.77
occurrence	-0.92	0.53
mournful	-0.92	0.89
without	-0.92	0.60
excessive	-0.92	0.47
zell	-0.91	0.58
sentimental	-0.91	0.49
sharply	-0.91	0.36
republican	-0.91	0.50
touching	-0.91	0.84
battle	-0.91	0.61
produces	-0.90	0.67
spencer	-0.90	0.64
injured	-0.90	0.27
controversy	-0.90	0.57
democratic	-0.90	0.52
occurred	-0.89	0.52
sally	-0.89	0.59
radical	-0.89	0.54
destroyed	-0.89	0.53
amazement	-0.89	0.78
cry	-0.89	0.50
forgetting	-0.89	0.48
instances	-0.89	0.64
prevent	-0.89	0.51
trusted	-0.89	1.67
cases	-0.88	0.61
municipal	-0.88	0.70
causes	-0.88	0.82
exits	-0.88	0.58
objections	-0.88	0.68
rena	-0.88	0.50
bear	-0.87	0.20
absent	-0.87	0.40
judge	-0.87	0.25
regards	-0.87	0.32
cat	-0.87	0.53
nurse	-0.87	1.21
curiosity	-0.87	0.99
proceedings	-0.87	0.37
honored	-0.87	1.56
comrades	-0.86	0.46
murmured	-0.86	0.87
detected	-0.86	0.42
longmore	-0.86	0.49
hide	-0.86	0.26
struggle	-0.86	0.38
notwithstanding	-0.86	0.67
gloom	-0.85	0.63
prophet	-0.85	1.83
cares	-0.85	0.51
literally	-0.85	0.57
rigby	-0.85	0.73
caused	-0.85	0.52
fears	-0.85	0.41
weeping	-0.85	0.93
fought	-0.84	0.56
behalf	-0.84	0.23
killed	-0.84	0.40
puts	-0.84	0.70
protest	-0.84	0.39
mob	-0.84	0.25
wife	-0.84	1.86
sadly	-0.84	0.60
jones	-0.83	0.67
captured	-0.83	0.14
sage	-0.83	0.43
attributed	-0.83	0.68
capable	-0.83	0.79
merits	-0.83	0.61
lad	-0.82	1.03
deceived	-0.82	0.61
desires	-0.82	0.60
ann	-0.82	0.66
drunk	-0.82	0.56
existence	-0.82	0.53
frame	-0.82	0.52
solely	-0.81	0.51
suspicions	-0.81	0.77
presidential	-0.80	0.41
awe	-0.80	0.82
pressure	-0.80	0.64
nonsense	-0.80	0.97
forgotten	-0.80	0.51
greeley	-0.80	0.31
zillah	-0.79	0.50
search	-0.79	0.38
bare	-0.79	0.56
pity	-0.79	1.78
comfort	-0.79	1.45
steal	-0.78	0.31
drops	-0.78	0.69
republicans	-0.77	0.47
stomach	-0.77	0.62
staniford	-0.77	0.44
alice	-0.77	0.80
motives	-0.77	0.77
event	-0.77	0.56
curious	-0.77	1.19
candidate	-0.76	0.43
votes	-0.76	0.43
bed	-0.76	0.84
reform	-0.76	0.54
salle	-0.76	0.27
ix	-0.75	0.41
speculation	-0.75	0.35
violent	-0.75	0.44
courts	-0.75	0.39
vote	-0.75	0.43
candidates	-0.75	0.42
nixy	-0.75	0.53
mingled	-0.75	0.93
clemence	-0.75	0.53
satisfy	-0.74	0.59
fox	-0.74	0.28
self	-0.74	0.43
interesting	-0.74	2.19
charlton	-0.74	0.69
attacked	-0.74	0.17
insisted	-0.74	0.48
claudia	-0.74	0.49
blame	-0.73	0.40
startled	-0.73	0.38
wives	-0.73	0.89
lydia	-0.73	0.42
fled	-0.73	0.33
timid	-0.73	0.52
differences	-0.73	0.55
hurt	-0.73	0.43
ticket	-0.72	0.44
beaten	-0.72	0.44
mamma	-0.72	1.18
dismissed	-0.72	0.26
indignant	-0.72	0.37
commonly	-0.72	0.45
unusual	-0.72	0.89
gesture	-0.71	0.80
attack	-0.71	0.25
johnson	-0.71	0.51
medical	-0.71	0.61
customs	-0.71	0.73
election	-0.71	0.45
alone	-0.71	0.71
commanding	-0.71	0.54
weight	-0.70	0.38
grandmother	-0.70	1.39
suspect	-0.70	0.64
prolonged	-0.70	0.40
produce	-0.70	0.79
trick	-0.70	0.37
impatient	-0.69	0.50
instead	-0.69	0.69
nattie	-0.69	0.33
counsel	-0.69	0.27
shield	-0.69	0.50
news	-0.69	0.56
hetty	-0.69	0.48
sumner	-0.69	0.45
succeeded	-0.69	0.66
effect	-0.68	0.78
cell	-0.68	0.21
incidents	-0.68	1.30
harcourt	-0.68	0.67
events	-0.68	0.64
howard	-0.68	0.54
disguise	-0.68	0.48
clara	-0.68	0.84
rowland	-0.68	0.47
cried	-0.67	0.84
marks	-0.67	0.44
sarah	-0.67	0.79
witnesses	-0.67	0.27
delay	-0.67	0.36
lightning	-0.67	0.63
mae	-0.67	0.52
elsie	-0.67	1.00
frightened	-0.67	0.26
missed	-0.66	0.65
borne	-0.66	0.37
norman	-0.66	0.50
incapable	-0.66	0.45
passing	-0.66	0.43
prejudices	-0.66	0.68
measures	-0.66	0.49
die	-0.66	0.74
anticipated	-0.66	0.51
wonder	-0.66	0.56
brings	-0.66	0.36
mothers	-0.66	0.84
felt	-0.66	0.67
district	-0.66	0.34
removal	-0.66	0.32
unexpected	-0.66	0.62
scenes	-0.66	0.97
justify	-0.66	0.38
lid	-0.66	0.67
lap	-0.65	1.13
essentially	-0.65	0.51
caught	-0.65	0.29
middleton	-0.65	0.71
responsibility	-0.65	0.49
practice	-0.65	0.80
difficulty	-0.65	0.65
animals	-0.65	0.41
major	-0.65	0.51
assault	-0.65	0.26
alarmed	-0.64	0.30
mellen	-0.64	0.41
unconsciously	-0.64	0.37
leads	-0.64	0.33
grandfather	-0.63	1.29
ends	-0.63	0.74
majority	-0.63	0.39
slightest	-0.63	0.37
muttered	-0.63	0.53
compared	-0.63	0.24
produced	-0.63	0.54
hudson	-0.63	0.45
christina	-0.62	0.51
whatever	-0.62	0.60
coldly	-0.62	0.52
butler	-0.62	0.51
enemy	-0.62	0.25
insist	-0.62	0.37
seeming	-0.62	0.38
almost	-0.62	0.34
de	-0.61	0.39
herself	-0.61	1.02
ward	-0.61	0.66
slight	-0.61	0.49
breaks	-0.61	0.43
cholmondeley	-0.60	0.43
woman	-0.60	1.65
ghost	-0.60	0.52
smaller	-0.60	0.52
temporary	-0.60	0.82
case	-0.60	0.23
exception	-0.60	0.34
interrupted	-0.60	0.53
chill	-0.59	0.75
b	-0.59	0.32
allen	-0.59	0.43
rid	-0.59	0.42
butterworth	-0.59	0.45
nerves	-0.59	0.41
policy	-0.59	0.52
dispute	-0.59	0.43
harder	-0.59	0.50
excess	-0.59	0.43
carried	-0.59	0.48
armed	-0.59	0.28
isabel	-0.59	0.56
favor	-0.58	0.62
shook	-0.58	0.56
openly	-0.58	0.30
williams	-0.58	0.48
doubtless	-0.58	0.52
dogs	-0.58	0.28
convention	-0.58	0.41
cast	-0.58	0.44
iu	-0.58	0.54
benedict	-0.58	0.58
shouted	-0.58	0.54
hugh	-0.58	0.46
campaign	-0.57	0.33
rude	-0.57	0.39
surprise	-0.57	0.78
dirty	-0.57	0.81
bargiss	-0.57	0.55
toil	-0.57	0.29
beatrice	-0.57	0.54
re	-0.57	0.52
instrument	-0.57	0.64
guardian	-0.57	0.75
agitated	-0.57	0.26
correct	-0.57	0.60
elizabeth	-0.57	0.49
voted	-0.56	0.37
doing	-0.56	0.49
mayor	-0.56	0.30
terribly	-0.56	0.39
briefly	-0.56	0.54
sadness	-0.56	0.77
lion	-0.56	0.26
jenkins	-0.56	0.25
corporation	-0.56	0.54
lot	-0.56	0.43
superiority	-0.56	0.82
scene	-0.56	0.75
class	-0.56	0.60
save	-0.56	0.42
fellow	-0.55	1.61
nodded	-0.55	0.64
burst	-0.55	0.70
reuben	-0.55	0.79
sensation	-0.55	0.39
elected	-0.55	0.38
anxious	-0.55	0.42
warrant	-0.55	0.22
jealous	-0.55	2.02
maria	-0.55	0.73
paul	-0.55	0.51
adam	-0.55	0.42
hurrying	-0.55	0.41
ways	-0.55	0.77
acting	-0.55	0.40
trouble	-0.55	0.33
staring	-0.55	0.38
clung	-0.55	1.03
companion	-0.55	0.80
rescue	-0.54	0.22
aloud	-0.54	0.64
children	-0.54	1.31
defense	-0.54	0.20
promptly	-0.54	0.22
ended	-0.54	0.44
struggled	-0.54	0.26
spell	-0.54	0.70
expense	-0.54	0.37
lucy	-0.54	0.72
fact	-0.53	0.36
county	-0.53	0.27
passes	-0.53	0.38
happen	-0.53	0.44
entertained	-0.53	0.33
larger	-0.53	0.48
created	-0.53	0.31
actions	-0.52	0.47
tom	-0.52	0.73
answered	-0.52	0.67
awaiting	-0.52	0.21
intention	-0.52	0.58
hesitated	-0.52	0.71
katy	-0.52	0.57
ishmael	-0.52	0.72
etc	-0.52	0.45
faint	-0.52	0.63
doubts	-0.52	0.39
sharp	-0.52	0.49
force	-0.51	0.58
eleanor	-0.51	0.41
somehow	-0.51	0.38
deer	-0.51	0.24
mention	-0.51	0.37
cyn	-0.51	0.43
daily	-0.51	0.53
awoke	-0.51	0.41
execution	-0.51	0.50
elsewhere	-0.50	0.61
claim	-0.50	0.69
affected	-0.50	0.27
jest	-0.50	0.65
hilda	-0.50	0.34
astonished	-0.50	0.24
laura	-0.50	0.70
moreover	-0.50	0.56
representatives	-0.50	0.35
decision	-0.50	0.31
shooting	-0.50	0.48
congressional	-0.50	0.35
check	-0.50	0.48
energies	-0.50	0.47
carrying	-0.50	0.42
common	-0.50	0.49
favored	-0.50	2.10
lying	-0.50	0.67
merely	-0.50	0.62
likewise	-0.50	0.22
action	-0.49	0.55
confirmed	-0.49	0.34
confined	-0.49	0.22
professor	-0.49	0.92
worldly	-0.49	0.66
rifle	-0.49	0.19
warned	-0.49	0.45
threshold	-0.49	0.22
parties	-0.49	0.51
adventure	-0.49	1.13
kill	-0.49	0.19
embarrassed	-0.49	0.23
judicial	-0.49	0.45
knowing	-0.48	0.83
resistance	-0.48	0.27
observe	-0.48	0.47
discussion	-0.48	0.42
stared	-0.48	0.36
jack	-0.48	0.75
disappointed	-0.48	0.30
rachel	-0.48	0.55
discover	-0.48	0.30
whispered	-0.48	0.91
liked	-0.48	1.66
dent	-0.48	0.47
characteristics	-0.48	0.68
hunting	-0.48	0.27
thomas	-0.48	0.50
situation	-0.48	0.57
gets	-0.48	0.47
arrows	-0.48	0.20
successfully	-0.48	0.61
hermance	-0.48	0.34
bodily	-0.48	0.71
urged	-0.48	0.40
reason	-0.47	0.47
weapon	-0.47	0.24
jim	-0.47	0.68
proceeding	-0.47	0.21
horst	-0.47	0.34
stolen	-0.47	0.13
hastened	-0.47	0.46
blow	-0.47	0.43
strongest	-0.47	0.65
bunker	-0.47	0.39
er	-0.47	0.39
albany	-0.47	0.21
nor	-0.46	0.90
seize	-0.46	0.16
circumstances	-0.46	0.42
knife	-0.46	0.20
venerable	-0.46	0.53
trembled	-0.46	0.22
nora	-0.46	0.86
trifling	-0.46	0.28
shell	-0.46	0.19
burton	-0.46	1.15
pistol	-0.46	0.18
investigation	-0.46	0.45
smiled	-0.46	0.65
except	-0.45	0.71
deeply	-0.45	0.45
constantly	-0.45	0.51
recovered	-0.45	0.61
rebel	-0.45	0.16
alike	-0.45	0.35
drama	-0.45	0.72
seems	-0.45	0.43
jessie	-0.45	0.53
fleming	-0.45	0.46
incident	-0.45	1.05
jackson	-0.44	0.18
walked	-0.44	0.52
arms	-0.44	1.15
plunged	-0.44	0.21
baron	-0.44	0.43
failure	-0.44	0.61
natures	-0.44	0.71
mighty	-0.44	0.47
maybe	-0.44	0.69
stir	-0.44	0.26
pronounced	-0.44	0.14
surely	-0.44	0.70
roused	-0.44	0.47
shocked	-0.43	0.24
saving	-0.43	0.24
went	-0.43	0.50
catheron	-0.43	0.88
hunt	-0.43	0.21
particulars	-0.43	0.67
shaken	-0.43	0.29
popular	-0.43	0.49
temper	-0.43	1.73
chiefly	-0.43	0.44
mass	-0.43	0.38
visiting	-0.43	0.36
samuel	-0.43	0.55
monsieur	-0.43	0.43
arose	-0.43	0.33
trace	-0.43	0.37
strangely	-0.43	0.50
formerly	-0.42	0.51
relatives	-0.42	1.18
edith	-0.42	0.60
puzzled	-0.42	0.22
lawyer	-0.42	0.26
lieutenant	-0.42	0.24
homes	-0.42	0.77
cornelia	-0.42	0.37
sisters	-0.42	1.32
guided	-0.42	0.26
guards	-0.42	0.16
hamilton	-0.42	0.29
turned	-0.42	0.46
hart	-0.42	0.41
cease	-0.42	0.37
heavily	-0.42	0.39
buried	-0.42	0.58
rush	-0.41	0.24
interference	-0.41	0.39
carry	-0.41	0.48
count	-0.41	0.43
obstacle	-0.41	0.45
aunt	-0.41	1.10
confederate	-0.41	0.15
latter	-0.41	0.75
altogether	-0.41	0.39
haste	-0.41	0.26
pride	-0.41	1.21
done	-0.41	0.89
visits	-0.41	0.39
bears	-0.41	0.18
ring	-0.41	0.53
sustained	-0.40	0.29
hollyhock	-0.40	0.55
brent	-0.40	0.54
assumed	-0.40	0.46
instincts	-0.40	0.52
extraordinary	-0.40	0.81
uncle	-0.40	1.16
warning	-0.40	0.44
object	-0.40	0.50
stronger	-0.40	0.45
brudenell	-0.40	0.69
attracted	-0.40	0.20
revolution	-0.40	0.54
andrew	-0.39	0.49
slow	-0.39	0.39
wound	-0.39	0.42
hester	-0.39	1.09
strata	-0.39	0.47
buffalo	-0.39	0.20
seemed	-0.39	0.45
entirely	-0.39	0.36
solemnly	-0.39	0.35
abruptly	-0.39	0.37
removed	-0.39	0.17
resulted	-0.39	0.54
asleep	-0.39	0.62
bel	-0.39	0.55
fort	-0.39	0.08
charlie	-0.39	1.02
wondered	-0.39	1.03
sons	-0.39	1.13
frequently	-0.39	0.59
amid	-0.39	0.29
wilson	-0.39	0.46
army	-0.39	0.18
secrets	-0.39	0.63
reasons	-0.38	0.31
boys	-0.38	0.76
decidedly	-0.38	0.47
solemn	-0.38	0.61
butter	-0.38	0.47
countess	-0.38	0.60
cries	-0.38	0.61
page	-0.38	0.46
lincoln	-0.38	0.25
lungs	-0.38	0.53
hit	-0.38	0.55
numerous	-0.38	0.52
jotham	-0.38	0.53
adventures	-0.38	0.77
obed	-0.38	0.26
lee	-0.38	0.17
legislation	-0.38	0.40
noticed	-0.38	0.68
blows	-0.38	0.34
confess	-0.38	0.35
necessity	-0.38	0.74
imagined	-0.38	1.07
annie	-0.38	1.02
custom	-0.38	0.63
deliberately	-0.37	0.21
offices	-0.37	0.32
commissioners	-0.37	0.26
magdalen	-0.37	1.06
discovered	-0.37	0.57
eunice	-0.37	0.55
vernon	-0.37	0.56
probably	-0.37	0.74
instance	-0.37	0.54
unseen	-0.37	0.44
chetwynde	-0.37	0.35
fathers	-0.37	0.81
regret	-0.37	1.00
sherman	-0.37	0.19
infantry	-0.36	0.15
scott	-0.36	0.94
julia	-0.36	0.72
madame	-0.36	0.42
exclaimed	-0.36	0.61
approach	-0.36	0.26
attraction	-0.36	0.65
imposed	-0.36	0.28
savages	-0.36	0.44
tear	-0.36	0.35
tore	-0.36	0.17
distant	-0.36	0.49
points	-0.36	0.47
husbands	-0.36	1.01
childish	-0.36	0.48
exercised	-0.36	0.53
additional	-0.36	0.37
acknowledged	-0.36	0.60
coolly	-0.36	0.35
artillery	-0.35	0.14
oath	-0.35	0.28
sorts	-0.35	0.60
romance	-0.35	0.71
remove	-0.35	0.49
swept	-0.35	0.36
troops	-0.35	0.14
nelly	-0.35	0.87
demanded	-0.35	0.51
inquired	-0.35	0.58
because	-0.35	0.72
battery	-0.35	0.13
hitherto	-0.35	0.39
too	-0.35	0.75
betrayed	-0.35	0.27
responded	-0.35	0.51
whilst	-0.35	0.41
person	-0.35	1.01
submit	-0.35	0.18
trifle	-0.35	0.35
getting	-0.35	0.30
interested	-0.35	0.56
phil	-0.34	0.62
agree	-0.34	0.36
hooker	-0.34	0.16
exceedingly	-0.34	0.54
lost	-0.34	0.40
bee	-0.34	0.56
pillow	-0.34	0.76
declare	-0.34	0.31
mistaken	-0.34	0.48
age	-0.34	0.98
repeated	-0.34	0.58
sartorys	-0.34	0.82
mainly	-0.34	0.25
trap	-0.34	0.23
guns	-0.34	0.14
edna	-0.34	0.97
guard	-0.34	0.18
awake	-0.34	0.48
president	-0.34	0.27
torn	-0.33	0.47
sunk	-0.33	0.17
legislature	-0.33	0.32
ordered	-0.33	0.17
remembered	-0.33	1.04
spoke	-0.33	0.58
calling	-0.33	0.63
justice	-0.33	0.44
conceal	-0.33	0.50
acquired	-0.33	0.69
ashes	-0.33	0.47
federal	-0.33	0.27
father	-0.33	1.69
bressant	-0.33	0.34
considering	-0.33	0.52
organs	-0.33	0.39
regarded	-0.33	0.45
commander	-0.32	0.15
aged	-0.32	1.05
fired	-0.32	0.10
comment	-0.32	0.29
van	-0.32	0.56
questioned	-0.32	0.70
roy	-0.32	1.00
lucien	-0.32	0.23
parent	-0.32	1.16
flank	-0.32	0.13
finds	-0.32	0.43
den	-0.32	0.32
arguments	-0.32	0.28
maude	-0.32	1.00
lou	-0.32	0.52
evidence	-0.32	0.30
peculiar	-0.32	0.66
wherever	-0.32	0.48
commanded	-0.32	0.21
eva	-0.32	0.64
recall	-0.31	0.50
daughters	-0.31	1.17
seriously	-0.31	0.42
naked	-0.31	0.52
pleaded	-0.31	0.69
local	-0.31	0.42
struggling	-0.31	0.16
families	-0.31	0.77
continued	-0.31	0.54
separation	-0.31	0.75
inside	-0.31	0.20
sophie	-0.31	0.53
gilberte	-0.31	0.79
closely	-0.31	0.32
add	-0.31	0.18
presence	-0.31	0.42
relieved	-0.31	0.19
tho	-0.31	0.54
pet	-0.31	1.25
pen	-0.31	0.43
theatre	-0.31	0.57
belongs	-0.31	0.31
vanished	-0.31	0.40
signs	-0.31	0.34
nobody	-0.31	0.90
marsan	-0.31	0.44
shot	-0.31	0.13
managers	-0.30	0.33
powder	-0.30	0.23
dealt	-0.30	0.32
adams	-0.30	0.46
direct	-0.30	0.48
ii	-0.30	0.25
wake	-0.30	0.39
general	-0.30	0.20
maid	-0.30	0.74
horace	-0.30	0.67
advanced	-0.30	0.12
cavalry	-0.30	0.16
clergyman	-0.30	0.57
recalled	-0.30	0.39
acted	-0.30	0.45
importance	-0.30	0.48
partly	-0.30	0.32
shy	-0.30	0.31
sometimes	-0.30	0.73
significance	-0.30	0.35
strongly	-0.30	0.31
yield	-0.30	0.37
shoot	-0.30	0.15
division	-0.30	0.18
forces	-0.30	0.61
races	-0.29	0.19
senator	-0.29	0.21
replied	-0.29	0.60
niece	-0.29	1.34
nettie	-0.29	0.44
gun	-0.29	0.12
viii	-0.29	0.17
noise	-0.29	0.27
spectacle	-0.29	0.65
defined	-0.29	0.47
result	-0.29	0.72
talking	-0.29	0.62
surprising	-0.29	1.10
mary	-0.29	1.04
hard	-0.29	0.41
meant	-0.29	0.89
ruth	-0.29	0.59
source	-0.29	0.59
create	-0.28	0.48
both	-0.28	0.56
voyage	-0.28	0.22
guessed	-0.28	1.08
accordingly	-0.28	0.53
paris	-0.28	0.25
cow	-0.28	0.28
retire	-0.28	0.33
corps	-0.28	0.18
story	-0.28	0.91
vi	-0.28	0.45
judgment	-0.28	0.34
purposes	-0.28	0.46
cannon	-0.28	0.17
directly	-0.28	0.41
pierre	-0.28	0.45
bureau	-0.28	0.25
consumption	-0.28	0.54
eager	-0.28	0.45
subject	-0.28	0.51
military	-0.27	0.20
retreat	-0.27	0.18
sort	-0.27	0.44
dim	-0.27	0.58
keeps	-0.27	0.36
brothers	-0.27	1.08
legislative	-0.27	0.31
guess	-0.27	0.63
greatly	-0.27	0.19
firing	-0.27	0.12
dream	-0.27	0.49
marriage	-0.27	1.12
crept	-0.27	0.23
schemes	-0.27	0.27
merlin	-0.27	0.56
stage	-0.27	0.35
platform	-0.27	0.23
questions	-0.27	0.26
rushing	-0.27	0.20
glancing	-0.27	0.36
develop	-0.27	0.57
sentiments	-0.27	0.70
similar	-0.27	0.51
officers	-0.27	0.19
iv	-0.27	0.21
districts	-0.26	0.26
marie	-0.26	0.83
smith	-0.26	0.51
harry	-0.26	0.66
senate	-0.26	0.24
betsey	-0.26	0.57
surprised	-0.26	0.36
gualtier	-0.26	0.29
proceeds	-0.26	0.33
women	-0.26	0.83
davis	-0.26	0.24
reflect	-0.26	0.29
generation	-0.26	0.61
ho	-0.26	0.25
broken	-0.26	0.46
positively	-0.26	0.23
organized	-0.26	0.48
crockett	-0.26	0.11
cattle	-0.26	0.20
accounts	-0.26	0.35
wondering	-0.26	0.31
experiences	-0.26	0.44
chase	-0.26	0.10
grew	-0.26	0.28
added	-0.26	0.51
dare	-0.26	0.48
family	-0.26	1.25
warriors	-0.26	0.17
ruthven	-0.25	0.34
breaking	-0.25	0.10
jacob	-0.25	0.33
competition	-0.25	0.44
particularly	-0.25	0.64
hut	-0.25	0.43
flesh	-0.25	0.43
difference	-0.25	0.57
somebody	-0.25	0.50
guy	-0.25	0.89
club	-0.25	0.41
notions	-0.25	0.49
body	-0.25	0.51
tony	-0.25	0.20
absence	-0.25	0.35
rome	-0.25	0.34
care	-0.25	0.83
tower	-0.25	0.60
privilege	-0.25	0.72
thunder	-0.25	0.34
rear	-0.25	0.14
castle	-0.25	0.33
dragged	-0.25	0.17
state	-0.25	0.29
neither	-0.25	0.84
methods	-0.24	0.59
act	-0.24	0.20
besides	-0.24	0.56
frequent	-0.24	0.54
hoping	-0.24	0.61
inquiry	-0.24	0.19
intense	-0.24	0.71
bowed	-0.24	0.56
brain	-0.24	0.51
related	-0.24	0.88
margaret	-0.24	0.95
exclusively	-0.24	0.19
bringing	-0.24	0.19
glanced	-0.24	0.44
drowned	-0.24	0.40
tastes	-0.24	0.71
s	-0.24	0.46
tribe	-0.24	0.15
sip	-0.24	0.31
using	-0.24	0.30
cup	-0.24	0.49
thin	-0.24	0.71
fell	-0.24	0.29
rushed	-0.24	0.20
objection	-0.23	0.24
florence	-0.23	0.46
losing	-0.23	0.38
sign	-0.23	0.31
sam	-0.23	0.63
signal	-0.23	0.17
loves	-0.23	1.74
tribes	-0.23	0.16
atlanta	-0.23	0.12
born	-0.23	1.13
nerve	-0.23	0.37
sets	-0.23	0.36
r	-0.23	0.26
minor	-0.23	0.32
depend	-0.23	0.34
advance	-0.23	0.10
adoption	-0.23	0.64
dealing	-0.23	0.49
slept	-0.23	0.57
looks	-0.23	0.60
occur	-0.23	0.23
happened	-0.23	0.69
bows	-0.23	0.42
ferry	-0.23	0.09
expedition	-0.23	0.13
results	-0.23	0.49
occasionally	-0.23	0.49
concerned	-0.23	0.39
occupy	-0.23	0.45
phrase	-0.23	0.46
become	-0.23	0.30
brand	-0.23	0.40
talked	-0.23	0.76
changes	-0.23	0.37
constituted	-0.23	0.34
n	-0.22	0.34
regiment	-0.22	0.13
believing	-0.22	0.41
situated	-0.22	0.47
martha	-0.22	0.38
testimony	-0.22	0.43
assembly	-0.22	0.25
colleges	-0.22	0.34
shake	-0.22	0.45
right	-0.22	0.44
internal	-0.22	0.33
relief	-0.22	0.60
c	-0.22	0.21
flint	-0.22	0.17
climbed	-0.22	0.18
observed	-0.22	0.43
indian	-0.22	0.15
ruins	-0.22	0.42
considerably	-0.22	0.44
members	-0.22	0.27
corporations	-0.22	0.31
l	-0.21	0.24
e	-0.21	0.22
kin	-0.21	0.49
complain	-0.21	0.41
lord	-0.21	0.51
officer	-0.21	0.14
otherwise	-0.21	0.51
seized	-0.21	0.18
sheep	-0.21	0.25
daughter	-0.21	1.65
congress	-0.21	0.25
yes	-0.21	0.83
superintendent	-0.21	0.19
bones	-0.21	0.29
purely	-0.21	0.31
takes	-0.21	0.34
brother	-0.21	1.42
relating	-0.21	0.59
ole	-0.21	0.45
dat	-0.21	0.50
soldiers	-0.21	0.16
apparently	-0.21	0.20
criticism	-0.21	0.30
score	-0.21	0.19
chapter	-0.21	0.20
agent	-0.21	0.18
teeth	-0.21	0.46
emotion	-0.21	0.83
grant	-0.21	0.13
bird	-0.21	0.27
wild	-0.21	0.51
catch	-0.20	0.58
sword	-0.20	0.27
footnote	-0.20	0.16
acknowledge	-0.20	0.37
whereas	-0.20	0.16
marched	-0.20	0.16
summoned	-0.20	0.17
contrary	-0.20	0.42
yer	-0.20	0.51
everybody	-0.20	0.76
supposed	-0.20	0.91
agents	-0.20	0.28
thar	-0.20	0.52
falls	-0.20	0.27
seal	-0.20	0.34
expecting	-0.20	0.48
dick	-0.20	0.33
column	-0.20	0.15
gates	-0.20	0.45
judges	-0.20	0.36
substance	-0.20	0.23
giant	-0.20	0.41
seats	-0.20	0.16
among	-0.20	0.62
irregular	-0.20	0.16
included	-0.20	0.42
papa	-0.20	1.01
anxiously	-0.20	0.43
hurried	-0.20	0.21
sprang	-0.19	0.21
goes	-0.19	0.48
profession	-0.19	0.27
intent	-0.19	0.21
staff	-0.19	0.14
honoria	-0.19	0.67
relative	-0.19	0.54
asked	-0.19	0.72
m	-0.19	0.58
inquiries	-0.19	0.16
ran	-0.19	0.24
patrick	-0.19	0.63
dis	-0.19	0.51
maroney	-0.19	0.43
hesitation	-0.19	0.11
errand	-0.19	0.36
necessities	-0.19	0.16
unknown	-0.19	0.28
sandy	-0.19	0.38
chiefs	-0.19	0.14
multitude	-0.19	0.46
chap	-0.19	0.32
thoughts	-0.19	0.49
manifest	-0.19	0.45
ancestors	-0.19	0.28
horse	-0.19	0.23
deeper	-0.19	0.41
hurriedly	-0.19	0.26
hundreds	-0.19	0.33
remarked	-0.19	0.55
happens	-0.19	0.41
possibility	-0.18	0.49
command	-0.18	0.17
domestic	-0.18	0.37
charley	-0.18	0.61
stuart	-0.18	0.54
amusing	-0.18	2.17
sofa	-0.18	0.50
aside	-0.18	0.58
dashed	-0.18	0.18
writer	-0.18	0.39
journey	-0.18	0.19
problems	-0.18	0.29
porter	-0.18	0.16
tears	-0.18	0.73
lip	-0.18	0.56
husband	-0.18	1.62
pointed	-0.18	0.16
therefore	-0.18	0.48
partner	-0.18	0.44
neighbors	-0.18	0.82
tracy	-0.18	0.42
deck	-0.18	0.16
spare	-0.18	0.65
purpose	-0.18	0.42
strikes	-0.18	0.22
oh	-0.17	0.91
crowd	-0.17	0.23
secretary	-0.17	0.19
agency	-0.17	0.43
reads	-0.17	0.34
arthur	-0.17	0.45
historical	-0.17	0.60
fit	-0.17	0.43
marching	-0.17	0.08
ef	-0.17	0.50
chairman	-0.17	0.20
adding	-0.17	0.29
loaded	-0.17	0.12
mabel	-0.17	0.53
flies	-0.17	0.35
turns	-0.17	0.50
generations	-0.17	0.42
awakened	-0.17	0.28
enters	-0.17	0.52
flag	-0.17	0.08
perceived	-0.17	0.46
opinions	-0.17	0.59
montgomery	-0.17	0.16
camp	-0.17	0.18
knocked	-0.17	0.17
naples	-0.17	0.19
wal	-0.17	0.85
fur	-0.17	0.48
ah	-0.17	0.79
producing	-0.17	0.33
boldly	-0.17	0.11
telling	-0.17	0.77
former	-0.17	0.68
finding	-0.17	0.20
critical	-0.17	0.36
looked	-0.16	0.38
steep	-0.16	0.20
soldier	-0.16	0.62
reckon	-0.16	0.50
hood	-0.16	0.12
dan	-0.16	0.45
strike	-0.16	0.17
mason	-0.16	0.27
darwin	-0.16	0.14
stirred	-0.16	0.42
thrown	-0.16	0.22
rough	-0.16	0.30
dense	-0.16	0.61
sits	-0.16	0.43
treat	-0.16	0.65
lay	-0.16	0.47
movement	-0.16	0.17
completely	-0.16	0.25
characters	-0.16	0.40
mr	-0.16	0.37
evidently	-0.16	0.27
taxation	-0.16	0.30
clerk	-0.16	0.19
involved	-0.16	0.35
coach	-0.16	0.14
runs	-0.16	0.53
seeing	-0.16	0.28
department	-0.16	0.21
mean	-0.16	0.78
strain	-0.16	0.48
defend	-0.16	0.53
issues	-0.16	0.27
flew	-0.16	0.18
doubted	-0.16	0.81
also	-0.16	0.72
car	-0.16	0.07
walter	-0.16	0.66
leader	-0.16	0.18
bench	-0.16	0.17
worn	-0.15	0.55
intervals	-0.15	0.40
ridge	-0.15	0.23
disappeared	-0.15	0.20
git	-0.15	0.51
unless	-0.15	0.50
hurry	-0.15	0.36
ago	-0.15	0.88
introduce	-0.15	0.19
threw	-0.15	0.22
occasions	-0.15	0.20
deepest	-0.15	0.84
executive	-0.15	0.30
ball	-0.15	0.11
shaking	-0.15	0.37
taxes	-0.15	0.24
debate	-0.15	0.18
couch	-0.15	0.57
flock	-0.15	0.42
job	-0.15	0.26
practically	-0.15	0.38
flung	-0.15	0.21
ha	-0.15	0.49
leaped	-0.15	0.19
broke	-0.15	0.21
author	-0.15	0.43
represented	-0.15	0.53
slope	-0.15	0.21
campbell	-0.15	0.28
laughed	-0.15	0.58
functions	-0.15	0.33
hunter	-0.15	0.17
naval	-0.15	0.11
thinks	-0.15	0.60
louis	-0.15	0.33
sylvie	-0.15	0.32
wo	-0.14	0.75
hill	-0.14	0.22
dinsmore	-0.14	0.61
folks	-0.14	0.46
answers	-0.14	0.39
affairs	-0.14	0.22
ashamed	-0.14	0.62
accompanied	-0.14	0.32
mistress	-0.14	1.13
rises	-0.14	0.59
dwell	-0.14	0.47
wid	-0.14	0.44
christie	-0.14	0.32
ai	-0.14	0.46
enter	-0.14	0.52
supported	-0.14	0.38
tale	-0.14	1.00
richmond	-0.14	0.16
d	-0.14	0.32
ohio	-0.14	0.19
slaves	-0.14	0.44
started	-0.13	0.24
attitude	-0.13	0.41
authorities	-0.13	0.29
thinking	-0.13	0.76
writes	-0.13	0.73
sinking	-0.13	0.37
largely	-0.13	0.27
cousin	-0.13	1.24
those	-0.13	0.69
argument	-0.13	0.24
changed	-0.13	0.12
running	-0.13	0.22
driven	-0.13	0.20
masters	-0.13	0.34
question	-0.13	0.18
comparative	-0.13	0.46
help	-0.13	0.41
goin	-0.13	0.50
driver	-0.13	0.23
crossing	-0.13	0.54
concealed	-0.13	0.15
comes	-0.13	0.47
rules	-0.13	0.66
got	-0.13	0.48
mark	-0.13	0.19
governed	-0.13	0.21
influences	-0.13	0.79
amendment	-0.13	0.28
pope	-0.13	0.17
gladly	-0.12	0.34
draws	-0.12	0.28
advancing	-0.12	0.33
gil	-0.12	0.71
emotions	-0.12	0.76
thick	-0.12	0.60
captain	-0.12	0.26
making	-0.12	0.10
though	-0.12	0.79
experienced	-0.12	0.40
based	-0.12	0.31
termed	-0.12	0.17
faculty	-0.12	0.58
men	-0.12	0.51
sister	-0.12	1.65
months	-0.12	0.75
mixed	-0.12	0.23
armies	-0.12	0.23
horses	-0.12	0.19
crosses	-0.12	0.60
revenue	-0.12	0.31
stern	-0.12	0.57
crew	-0.12	0.17
authority	-0.12	0.75
fortunately	-0.12	0.13
sitting	-0.12	0.38
wanted	-0.12	0.84
ceremony	-0.12	0.27
corliss	-0.12	0.40
webster	-0.12	0.26
discussed	-0.12	0.19
train	-0.12	0.06
committee	-0.12	0.19
master	-0.12	0.84
returned	-0.12	0.44
track	-0.12	0.12
helena	-0.12	0.56
connecticut	-0.12	0.19
rolled	-0.12	0.19
appears	-0.12	0.23
wych	-0.12	0.28
sees	-0.11	0.65
somewhere	-0.11	0.40
characteristic	-0.11	0.87
game	-0.11	0.24
occasional	-0.11	0.28
suddenly	-0.11	0.37
pointing	-0.11	0.45
englishman	-0.11	0.77
absolutely	-0.11	0.49
madam	-0.11	0.57
belcher	-0.11	0.36
garland	-0.11	0.44
pushing	-0.11	0.19
justified	-0.11	0.57
specimen	-0.11	0.50
oakhurst	-0.11	0.31
start	-0.11	0.25
conclusion	-0.11	0.33
younger	-0.11	1.18
pat	-0.11	0.44
jul	-0.11	0.90
jefferson	-0.11	0.20
use	-0.11	0.41
duke	-0.11	0.98
sibyl	-0.11	0.47
member	-0.11	0.25
gravely	-0.11	0.48
innis	-0.11	0.57
stole	-0.11	0.22
joe	-0.11	0.68
navy	-0.11	0.15
avail	-0.11	0.35
worth	-0.11	0.25
louise	-0.11	0.85
character	-0.11	0.50
anybody	-0.11	0.74
outside	-0.11	0.23
lawyers	-0.11	0.17
respecting	-0.10	0.23
development	-0.10	0.54
hemstead	-0.10	0.30
telegraph	-0.10	0.16
occasion	-0.10	0.38
chair	-0.10	0.42
others	-0.10	0.49
destroy	-0.10	0.70
quoted	-0.10	0.15
elder	-0.10	1.21
spoken	-0.10	0.84
tax	-0.10	0.24
previously	-0.10	0.58
instinct	-0.10	0.40
representative	-0.10	0.29
exactly	-0.10	0.63
absorbed	-0.10	0.41
list	-0.10	0.27
climb	-0.10	0.18
cavendish	-0.10	0.54
especially	-0.10	0.60
increasing	-0.10	0.53
distributed	-0.10	0.14
hasty	-0.10	0.15
grown	-0.10	0.53
else	-0.10	0.79
carolina	-0.10	0.15
excuse	-0.10	0.34
kennedy	-0.10	0.26
concerning	-0.10	0.23
nay	-0.09	1.09
quietly	-0.09	0.37
struck	-0.09	0.19
ordinary	-0.09	0.23
looking	-0.09	0.37
assumption	-0.09	0.26
connection	-0.09	0.60
feels	-0.09	0.62
languages	-0.09	0.47
leaned	-0.09	0.32
missing	-0.09	0.26
office	-0.09	0.17
wheel	-0.09	0.23
coming	-0.09	0.57
robert	-0.09	0.76
however	-0.09	0.44
somewhat	-0.09	0.22
protect	-0.09	0.70
exhibit	-0.09	0.34
vacant	-0.09	0.19
phenomena	-0.09	0.38
yielded	-0.09	0.13
nothin	-0.09	0.47
georgia	-0.09	0.11
rock	-0.09	0.23
surrender	-0.09	0.36
beside	-0.09	0.39
starting	-0.09	0.53
faculties	-0.09	0.55
financial	-0.09	0.34
often	-0.09	0.78
labors	-0.09	0.20
engagement	-0.09	0.54
history	-0.09	0.56
don	-0.09	0.35
rode	-0.09	0.21
gulf	-0.09	0.20
ye	-0.09	0.54
drove	-0.09	0.22
professional	-0.09	0.21
management	-0.09	0.31
lock	-0.08	0.16
dreams	-0.08	0.37
rendered	-0.08	0.12
accomplish	-0.08	0.18
port	-0.08	0.12
iii	-0.08	0.25
millbank	-0.08	0.84
miss	-0.08	1.06
reports	-0.08	0.18
statements	-0.08	0.28
primrose	-0.08	0.21
positions	-0.08	0.25
knees	-0.08	0.63
descent	-0.08	0.15
forrest	-0.08	0.28
lodge	-0.08	0.24
founded	-0.08	0.45
operations	-0.08	0.23
michel	-0.08	0.45
adopted	-0.08	0.26
paused	-0.08	0.40
deny	-0.08	0.33
saw	-0.08	0.86
barn	-0.08	0.29
chamber	-0.08	0.24
moved	-0.08	0.19
moving	-0.07	0.16
cliffs	-0.07	0.28
departments	-0.07	0.29
yankee	-0.07	0.39
shadows	-0.07	0.65
natives	-0.07	0.17
lottie	-0.07	0.34
although	-0.07	0.73
eminent	-0.07	0.21
throwing	-0.07	0.21
civil	-0.07	0.43
natural	-0.07	0.31
method	-0.07	0.48
named	-0.07	1.13
regarding	-0.07	0.17
septimius	-0.07	0.28
offers	-0.07	0.38
remember	-0.07	0.79
peter	-0.07	0.40
tail	-0.07	0.30
earle	-0.07	0.32
why	-0.07	0.84
stopped	-0.07	0.30
frank	-0.07	0.65
sank	-0.07	0.26
vii	-0.07	0.17
table	-0.07	0.33
eagerly	-0.07	0.53
conduct	-0.07	0.31
suggested	-0.07	0.58
chest	-0.07	0.32
departed	-0.07	0.47
stepped	-0.07	0.28
regularly	-0.07	0.19
ashore	-0.07	0.14
display	-0.07	0.49
extreme	-0.07	0.65
lays	-0.07	0.25
summit	-0.07	0.22
horton	-0.07	0.29
affections	-0.07	0.67
matter	-0.07	0.28
seat	-0.06	0.31
compare	-0.06	0.15
exit	-0.06	0.55
persons	-0.06	0.54
dropping	-0.06	0.23
notice	-0.06	0.19
laid	-0.06	0.29
massachusetts	-0.06	0.17
rests	-0.06	0.28
holds	-0.06	0.21
joan	-0.06	0.48
knows	-0.06	0.66
called	-0.06	0.83
farmers	-0.06	0.41
thousands	-0.06	0.34
flos	-0.06	0.42
shared	-0.06	0.21
grasped	-0.06	0.43
feed	-0.06	0.24
board	-0.06	0.08
earl	-0.06	0.72
number	-0.06	0.24
heights	-0.06	0.22
turning	-0.06	0.45
appropriation	-0.06	0.22
nephew	-0.06	0.93
indicated	-0.06	0.23
pennsylvania	-0.06	0.16
ideas	-0.05	0.58
thrust	-0.05	0.19
sleep	-0.05	0.56
wing	-0.05	0.16
subjects	-0.05	0.23
knock	-0.05	0.14
point	-0.05	0.14
motionless	-0.05	0.25
hidden	-0.05	0.16
em	-0.05	0.46
gazed	-0.05	0.31
tavern	-0.05	0.51
fellows	-0.05	0.66
appointed	-0.05	0.20
passages	-0.05	0.25
performance	-0.05	0.18
taking	-0.05	0.21
darkness	-0.05	0.43
tells	-0.05	0.36
saying	-0.05	0.52
conquered	-0.05	0.14
rocky	-0.05	0.24
falkirk	-0.05	0.25
prayed	-0.05	0.69
understood	-0.05	0.81
met	-0.05	0.83
settled	-0.05	0.23
politics	-0.05	0.37
entering	-0.05	0.21
weeks	-0.05	0.73
examine	-0.05	0.16
expensive	-0.05	0.75
fancy	-0.05	0.22
philip	-0.05	1.04
raising	-0.05	0.08
pursuit	-0.05	0.32
liberal	-0.04	0.41
wagon	-0.04	0.14
daylight	-0.04	0.45
conducted	-0.04	0.11
railway	-0.04	0.13
villages	-0.04	0.17
examination	-0.04	0.32
sir	-0.04	0.87
tent	-0.04	0.30
lily	-0.04	0.28
reduced	-0.04	0.58
th	-0.04	0.47
luke	-0.04	0.21
scheme	-0.04	0.32
thither	-0.04	0.16
facts	-0.04	0.29
ship	-0.04	0.13
line	-0.04	0.11
vessel	-0.04	0.13
directors	-0.04	0.19
hazel	-0.04	0.27
emma	-0.04	0.59
jane	-0.04	0.83
kitchen	-0.04	0.33
sole	-0.04	0.25
name	-0.04	1.23
remains	-0.04	0.23
impulse	-0.04	0.68
cliff	-0.04	0.19
republic	-0.04	0.28
opens	-0.04	0.21
cabin	-0.04	0.22
government	-0.04	0.39
nevertheless	-0.04	0.40
silently	-0.04	0.26
bill	-0.04	0.24
temperament	-0.04	0.66
commission	-0.04	0.20
numbers	-0.04	0.27
maryland	-0.04	0.08
reference	-0.04	0.25
angel	-0.03	0.80
parting	-0.03	0.48
hid	-0.03	0.17
proves	-0.03	0.16
break	-0.03	0.18
many	-0.03	0.37
joseph	-0.03	0.72
railroad	-0.03	0.12
carriage	-0.03	0.17
passionate	-0.03	1.00
bending	-0.03	0.95
decide	-0.03	0.17
tennessee	-0.03	0.11
gives	-0.03	0.36
belong	-0.03	0.15
george	-0.03	0.58
stopping	-0.03	0.23
ranks	-0.03	0.13
servants	-0.03	0.65
followed	-0.03	0.20
discuss	-0.03	0.16
rates	-0.03	0.23
deacon	-0.03	0.30
objects	-0.03	0.29
conditions	-0.03	0.38
reported	-0.03	0.15
closet	-0.03	0.17
sailors	-0.03	0.11
bob	-0.03	0.89
top	-0.03	0.22
qualities	-0.03	0.57
virginia	-0.03	0.14
placed	-0.03	0.22
supreme	-0.02	0.52
home	-0.02	0.83
gallery	-0.02	0.15
mode	-0.02	0.67
station	-0.02	0.06
patiently	-0.02	0.24
rightly	-0.02	0.35
james	-0.02	0.77
statesman	-0.02	0.25
quickly	-0.02	0.49
georgie	-0.02	1.47
mountain	-0.02	0.25
operation	-0.02	0.32
shadow	-0.02	0.39
further	-0.02	0.20
wrote	-0.02	0.61
bet	-0.02	0.38
begins	-0.02	0.18
stable	-0.02	0.25
report	-0.02	0.16
narrative	-0.02	0.89
belonged	-0.02	0.52
yet	-0.02	0.86
hall	-0.02	0.16
rocks	-0.02	0.20
depth	-0.02	0.27
heavy	-0.02	0.30
refer	-0.02	0.22
room	-0.02	0.23
ceased	-0.02	0.16
record	-0.02	0.19
transferred	-0.02	0.12
reply	-0.02	0.31
walking	-0.02	0.24
brick	-0.01	0.43
leading	-0.01	0.14
function	-0.01	0.30
sixteen	-0.01	0.45
rule	-0.01	0.66
ll	-0.01	0.43
arrival	-0.01	0.19
na	-0.01	0.49
unconscious	-0.01	0.39
going	-0.01	0.63
conspicuous	-0.01	0.65
recorded	-0.01	0.32
innumerable	-0.01	0.25
whenever	-0.01	0.45
gazing	-0.01	0.24
sides	-0.01	0.17
war	-0.01	0.48
whether	-0.01	0.37
cheerfully	-0.01	0.21
admitted	-0.01	0.33
arrive	-0.01	0.15
editor	-0.01	0.09
obvious	-0.01	0.63
certainly	-0.01	0.70
recently	-0.01	0.22
minds	-0.01	0.31
wagons	-0.01	0.11
remind	-0.01	0.27
flight	-0.01	0.12
older	-0.01	0.54
lift	-0.01	0.11
needs	-0.01	0.23
nothing	-0.01	0.75
dramatic	-0.01	0.64
section	-0.01	0.51
species	-0.00	0.21
putting	-0.00	0.22
motions	-0.00	0.34
sex	-0.00	0.44
trip	-0.00	0.14
companions	-0.00	0.58
tongue	-0.00	0.38
official	-0.00	0.18
kansas	-0.00	0.13
baronet	-0.00	0.51
led	-0.00	0.15
conclusions	-0.00	0.32
bodies	-0.00	0.23
card	-0.00	0.32
steel	-0.00	0.32
wheels	-0.00	0.14
laying	-0.00	0.52
sending	-0.00	0.19
none	-0.00	0.68
impressed	-0.00	0.17
physical	-0.00	0.63
herbert	-0.00	0.50
came	-0.00	0.41
word	-0.00	0.30
yo	-0.00	0.48
messenger	-0.00	0.22
assistance	0.00	0.30
schooner	0.00	0.15
listened	0.00	0.36
seldom	0.00	0.66
tempted	0.00	0.25
rejected	0.00	0.16
calvert	0.00	0.55
measure	0.00	0.34
post	0.00	0.11
birth	0.00	0.70
lies	0.00	0.22
being	0.00	0.34
fallen	0.00	0.27
seen	0.00	0.96
riding	0.00	0.22
faintly	0.01	0.27
male	0.01	0.57
mentioned	0.01	0.51
entered	0.01	0.25
asking	0.01	0.42
properly	0.01	0.43
begged	0.01	0.32
wants	0.01	0.29
illinois	0.01	0.15
lifted	0.01	0.24
travilla	0.01	0.80
appointment	0.01	0.21
inner	0.01	0.09
becomes	0.01	0.16
farther	0.01	0.17
deeds	0.01	0.59
doubt	0.01	0.60
rapidly	0.01	0.11
few	0.01	0.30
steamer	0.01	0.10
roll	0.01	0.18
drew	0.01	0.22
bend	0.01	0.17
seated	0.01	0.30
fly	0.01	0.19
remarks	0.02	0.15
descend	0.02	0.09
placing	0.02	0.24
canoe	0.02	0.13
fleet	0.02	0.09
separated	0.02	0.12
landing	0.02	0.10
human	0.02	0.57
motion	0.02	0.21
recognize	0.02	0.31
mental	0.02	0.61
parson	0.02	0.38
council	0.02	0.14
alluded	0.02	0.35
whisper	0.02	0.38
orders	0.02	0.14
nights	0.02	0.77
pressing	0.02	0.48
vandyke	0.02	0.50
towns	0.02	0.17
outer	0.02	0.16
neighbor	0.02	0.87
solution	0.02	0.31
feelings	0.02	0.68
hook	0.02	0.56
sylvia	0.02	0.47
compromise	0.02	0.24
apartment	0.02	0.19
continue	0.02	0.30
exercise	0.02	0.55
slipped	0.02	0.21
wharf	0.02	0.12
crushed	0.02	0.49
series	0.02	0.16
classes	0.02	0.30
driving	0.02	0.19
describe	0.02	0.18
stairs	0.02	0.17
meanwhile	0.02	0.25
represent	0.02	0.46
roar	0.02	0.28
window	0.02	0.22
bishop	0.02	0.50
magic	0.02	0.44
alexander	0.02	0.50
kitty	0.02	0.50
carriages	0.02	0.17
several	0.03	0.32
fro	0.03	0.24
details	0.03	0.77
resemblance	0.03	0.26
nest	0.03	0.22
assist	0.03	0.28
leaning	0.03	0.31
whom	0.03	1.49
son	0.03	1.60
rollo	0.03	0.27
speaks	0.03	0.34
recollection	0.03	0.49
examples	0.03	0.59
inferior	0.03	0.34
manuscript	0.03	0.16
long	0.03	0.34
meetings	0.03	0.16
reminded	0.03	0.32
companies	0.03	0.20
readily	0.03	0.32
grey	0.03	0.46
described	0.03	0.41
newspaper	0.03	0.12
put	0.03	0.22
surroundings	0.03	0.63
gilbert	0.03	0.40
canal	0.03	0.16
push	0.03	0.21
steps	0.03	0.15
feeling	0.03	0.87
please	0.03	0.80
francis	0.03	0.69
wet	0.03	0.71
watched	0.03	0.29
duties	0.03	0.18
cross	0.03	0.12
freely	0.03	0.14
lately	0.03	0.43
containing	0.03	0.15
slowly	0.03	0.22
three	0.03	0.30
tenderly	0.03	1.58
six	0.03	0.39
fashion	0.03	0.69
fourteen	0.03	0.41
journal	0.03	0.12
strength	0.03	0.53
quarters	0.03	0.13
justly	0.04	0.24
eighteen	0.04	0.40
kissed	0.04	1.01
hawthorne	0.04	0.41
run	0.04	0.33
belonging	0.04	0.14
shortly	0.04	0.22
cook	0.04	0.37
indians	0.04	0.32
city	0.04	0.12
trains	0.04	0.07
clay	0.04	0.12
directed	0.04	0.19
element	0.04	0.64
roger	0.04	1.48
wishes	0.04	0.26
sailed	0.04	0.10
examined	0.04	0.23
saddle	0.04	0.21
race	0.04	0.19
rather	0.04	0.44
lillie	0.04	0.47
took	0.04	0.21
ben	0.04	0.46
noted	0.04	0.34
landed	0.04	0.10
directions	0.04	0.08
boats	0.04	0.12
bridge	0.04	0.09
houses	0.04	0.22
laughing	0.04	0.71
route	0.04	0.12
four	0.04	0.31
dreaming	0.04	0.34
raise	0.04	0.21
special	0.04	0.30
reasoning	0.04	0.29
distinguished	0.04	0.53
simply	0.04	0.30
beds	0.04	0.18
view	0.04	0.28
eleven	0.04	0.32
university	0.04	0.15
explain	0.04	0.17
appear	0.04	0.34
play	0.04	0.31
intentions	0.05	0.32
quite	0.05	0.52
became	0.05	0.20
end	0.05	0.11
performed	0.05	0.21
logic	0.05	0.30
leg	0.05	0.37
curiously	0.05	0.43
sat	0.05	0.31
street	0.05	0.14
cars	0.05	0.07
granted	0.05	0.16
ve	0.05	0.40
drawn	0.05	0.20
traced	0.05	0.12
apply	0.05	0.16
writers	0.05	0.19
logical	0.05	0.40
anchor	0.05	0.12
composed	0.05	0.16
namely	0.05	0.57
jews	0.05	0.65
remark	0.05	0.23
withdrew	0.05	0.32
recommended	0.05	0.49
continuous	0.05	0.18
knelt	0.05	0.76
floor	0.05	0.30
mount	0.05	0.14
admit	0.05	0.23
desire	0.05	0.67
seven	0.05	0.34
eight	0.05	0.34
orleans	0.05	0.17
thirteen	0.05	0.35
realize	0.05	0.18
expenses	0.05	0.22
morton	0.05	0.37
ride	0.05	0.21
luxury	0.05	0.45
plan	0.06	0.34
loose	0.06	0.24
seventh	0.06	0.20
society	0.06	0.41
sixty	0.06	0.33
mail	0.06	0.09
answer	0.06	0.35
nearly	0.06	0.37
departure	0.06	0.13
theories	0.06	0.36
stood	0.06	0.31
cutting	0.06	0.22
twelve	0.06	0.35
door	0.06	0.17
fifteen	0.06	0.35
sheet	0.06	0.15
nine	0.06	0.35
foot	0.06	0.18
pause	0.06	0.42
appeared	0.06	0.32
twenty	0.06	0.35
forty	0.06	0.34
grows	0.06	0.21
upper	0.06	0.14
left	0.06	0.30
deliver	0.06	0.14
ca	0.06	0.56
thirty	0.06	0.34
interview	0.06	0.19
heard	0.06	0.48
procession	0.06	0.20
fragments	0.06	0.25
david	0.06	0.40
states	0.06	0.28
attended	0.06	0.19
road	0.06	0.10
folded	0.06	0.31
pieces	0.06	0.25
fifteenth	0.06	0.13
parallel	0.06	0.29
wealthy	0.06	0.79
five	0.07	0.34
pounds	0.07	0.23
ten	0.07	0.34
giving	0.07	0.13
ahead	0.07	0.14
afterwards	0.07	0.52
negroes	0.07	0.32
vessels	0.07	0.10
immediately	0.07	0.47
dozen	0.07	0.28
franklin	0.07	0.54
analysis	0.07	0.28
recent	0.07	0.27
passion	0.07	1.78
washington	0.07	0.13
addition	0.07	0.26
tomb	0.07	0.19
most	0.07	0.40
fourth	0.07	0.20
enterprise	0.07	0.26
boat	0.07	0.14
audience	0.07	0.24
improvements	0.07	0.27
bottom	0.07	0.17
increased	0.07	0.30
growing	0.07	0.22
hundred	0.07	0.33
passengers	0.07	0.07
extra	0.07	0.13
side	0.07	0.23
message	0.07	0.20
rarely	0.07	0.62
harbor	0.07	0.13
stop	0.07	0.41
less	0.07	0.34
labor	0.07	0.23
tales	0.07	0.57
since	0.07	0.71
jumped	0.07	0.32
individuals	0.07	0.22
band	0.07	0.18
organic	0.07	0.22
enormous	0.07	0.37
probable	0.07	0.36
law	0.07	0.49
system	0.08	0.41
sacrifice	0.08	0.79
problem	0.08	0.36
term	0.08	0.14
unfortunately	0.08	0.24
drive	0.08	0.23
sail	0.08	0.13
rolling	0.08	0.23
hastily	0.08	0.32
external	0.08	0.34
joint	0.08	0.18
texas	0.08	0.16
changing	0.08	0.44
machine	0.08	0.19
desk	0.08	0.20
doors	0.08	0.16
recognized	0.08	0.66
forming	0.08	0.13
fifty	0.08	0.30
something	0.08	0.67
taken	0.08	0.31
eh	0.08	0.47
tossed	0.08	0.25
equally	0.08	0.27
edward	0.08	0.57
preferred	0.08	0.51
least	0.08	0.41
processes	0.08	0.33
conceived	0.08	0.46
people	0.08	0.46
waiting	0.08	0.25
victory	0.08	0.46
dotty	0.08	0.36
swung	0.08	0.22
observations	0.08	0.21
clearly	0.08	0.25
abstract	0.08	0.35
fast	0.08	0.21
village	0.08	0.21
appetite	0.08	0.34
hush	0.08	0.79
swift	0.08	0.14
announced	0.08	0.22
contents	0.08	0.12
student	0.08	0.14
powers	0.08	0.47
plays	0.08	0.36
swiftly	0.08	0.17
irish	0.09	0.20
o	0.09	0.80
thousand	0.09	0.31
plainly	0.09	0.28
perhaps	0.09	0.71
awhile	0.09	0.28
referred	0.09	0.19
mile	0.09	0.12
including	0.09	0.37
written	0.09	0.18
information	0.09	0.19
kiss	0.09	1.09
converted	0.09	0.18
step	0.09	0.12
ascertain	0.09	0.19
sustain	0.09	0.49
calls	0.09	0.36
might	0.09	0.56
outward	0.09	0.59
admired	0.09	1.64
knee	0.09	0.63
contains	0.09	0.14
forgive	0.09	0.92
political	0.09	0.39
gas	0.09	0.51
views	0.09	0.37
determine	0.09	0.16
seem	0.09	0.50
constitution	0.09	0.38
inches	0.09	0.23
house	0.09	0.34
extend	0.09	0.22
inhabitants	0.09	0.24
support	0.09	0.35
haven	0.09	0.15
comprehend	0.09	0.23
group	0.09	0.34
cape	0.09	0.10
approached	0.09	0.29
printed	0.09	0.10
ned	0.09	0.45
brought	0.09	0.26
ships	0.09	0.10
missouri	0.09	0.16
hired	0.09	0.37
governments	0.09	0.32
sand	0.09	0.17
farmer	0.09	0.40
imagine	0.10	0.42
everywhere	0.10	0.44
pack	0.10	0.19
sources	0.10	0.28
wildly	0.10	0.24
matters	0.10	0.30
submitted	0.10	0.13
within	0.10	0.17
railroads	0.10	0.16
precisely	0.10	0.25
size	0.10	0.24
adopt	0.10	0.16
suggestion	0.10	0.40
connected	0.10	0.68
minister	0.10	0.21
fully	0.10	0.29
assert	0.10	0.36
descended	0.10	0.11
fifth	0.10	0.17
mechanical	0.10	0.27
nations	0.10	0.24
groups	0.10	0.21
statement	0.10	0.27
chairs	0.10	0.25
power	0.10	0.73
hypothesis	0.10	0.30
speeches	0.10	0.12
need	0.10	0.40
shoulder	0.10	0.62
population	0.10	0.16
secret	0.10	0.38
associations	0.10	0.37
miles	0.10	0.27
forward	0.10	0.31
application	0.10	0.32
island	0.10	0.14
letter	0.10	0.32
pursue	0.10	0.11
frankly	0.10	0.30
total	0.10	0.61
consequently	0.10	0.27
contain	0.10	0.13
von	0.10	0.42
town	0.10	0.22
want	0.10	0.56
speed	0.10	0.10
civilized	0.10	0.20
toward	0.10	0.14
distinguish	0.10	0.22
entrance	0.10	0.13
considerable	0.10	0.50
beheld	0.10	0.71
consisted	0.10	0.15
mississippi	0.10	0.13
assertion	0.10	0.31
corner	0.10	0.24
london	0.10	0.09
newspapers	0.11	0.09
hand	0.11	0.62
gone	0.11	0.71
providence	0.11	0.73
instant	0.11	0.24
fires	0.11	0.50
inquire	0.11	0.20
interpretation	0.11	0.48
opinion	0.11	0.35
burning	0.11	0.35
elements	0.11	0.46
third	0.11	0.13
lines	0.11	0.11
chief	0.11	0.20
theme	0.11	0.53
advances	0.11	0.15
letting	0.11	0.19
assume	0.11	0.13
pace	0.11	0.15
pages	0.11	0.13
richard	0.11	0.73
behind	0.11	0.17
private	0.11	0.23
yards	0.11	0.21
proceeded	0.11	0.15
sit	0.11	0.37
still	0.11	0.41
career	0.11	0.24
expression	0.11	0.40
front	0.11	0.19
direction	0.11	0.09
particular	0.11	0.28
half	0.11	0.29
novels	0.11	0.24
lytton	0.11	0.62
millions	0.11	0.28
scale	0.11	0.23
talk	0.11	0.41
note	0.11	0.12
offering	0.11	0.44
combination	0.11	0.43
undertake	0.11	0.15
correspondence	0.11	0.14
alden	0.11	0.63
gentlemen	0.11	0.50
rosa	0.11	0.39
decided	0.11	0.15
originally	0.11	0.15
annual	0.11	0.22
opened	0.11	0.14
asks	0.11	0.43
systems	0.11	0.37
skin	0.11	0.27
review	0.11	0.12
locked	0.11	0.14
altered	0.12	0.21
oldest	0.12	0.87
structure	0.12	0.21
counted	0.12	0.43
agnes	0.12	0.68
affect	0.12	0.38
company	0.12	0.18
parlor	0.12	0.25
drop	0.12	0.20
request	0.12	0.14
waited	0.12	0.27
reserved	0.12	0.36
ecclesiastical	0.12	0.32
upstairs	0.12	0.40
period	0.12	0.26
studies	0.12	0.19
various	0.12	0.29
souls	0.12	0.80
opening	0.12	0.13
friends	0.12	0.70
issue	0.12	0.27
canada	0.12	0.13
charles	0.12	0.70
possibly	0.12	0.35
scientific	0.12	0.31
huge	0.12	0.23
limbs	0.12	0.43
under	0.12	0.16
british	0.12	0.10
proportion	0.12	0.26
press	0.12	0.12
tell	0.12	0.75
alive	0.12	0.55
bent	0.12	0.47
pretend	0.12	0.37
back	0.12	0.23
laws	0.12	0.43
records	0.12	0.36
closing	0.12	0.23
towards	0.12	0.14
birds	0.12	0.28
ancient	0.12	0.36
resting	0.12	0.30
backward	0.12	0.20
household	0.12	0.30
north	0.13	0.08
legend	0.13	0.31
ladies	0.13	0.60
book	0.13	0.18
shop	0.13	0.15
trail	0.13	0.10
legs	0.13	0.41
million	0.13	0.26
novel	0.13	0.75
tour	0.13	0.11
laborers	0.13	0.17
previous	0.13	0.21
longing	0.13	0.91
head	0.13	0.51
render	0.13	0.17
convey	0.13	0.12
speak	0.13	0.50
distance	0.13	0.08
instantly	0.13	0.47
open	0.13	0.15
proceed	0.13	0.16
exhibition	0.13	0.33
published	0.13	0.10
widely	0.13	0.52
new	0.13	0.16
article	0.13	0.14
victor	0.13	0.78
substitute	0.13	0.52
through	0.13	0.24
arm	0.13	0.57
dropped	0.13	0.37
clasped	0.13	0.70
merchant	0.13	0.47
session	0.13	0.16
mill	0.13	0.18
aid	0.13	0.30
themselves	0.13	0.25
parts	0.13	0.19
another	0.13	0.17
names	0.13	0.32
governor	0.13	0.38
teacher	0.13	0.23
sleeping	0.13	0.65
bessie	0.13	0.41
protection	0.13	0.63
south	0.13	0.15
indeed	0.13	0.75
publication	0.13	0.12
invariably	0.14	0.26
experiment	0.14	0.31
shore	0.14	0.16
bay	0.14	0.16
years	0.14	0.51
egypt	0.14	0.14
undoubtedly	0.14	0.41
already	0.14	0.59
dillingham	0.14	0.32
helped	0.14	0.54
regular	0.14	0.22
material	0.14	0.52
salary	0.14	0.10
formation	0.14	0.20
college	0.14	0.17
length	0.14	0.15
write	0.14	0.30
organization	0.14	0.49
guarded	0.14	0.13
handed	0.14	0.18
stretched	0.14	0.27
origin	0.14	0.17
passage	0.14	0.29
conference	0.14	0.18
held	0.14	0.29
standing	0.14	0.31
sections	0.14	0.23
closed	0.14	0.19
principles	0.14	0.43
bell	0.14	0.17
stranger	0.14	0.35
grasp	0.14	0.19
writing	0.14	0.12
readers	0.14	0.15
process	0.14	0.31
thank	0.14	0.83
come	0.14	0.52
language	0.14	0.40
ministers	0.14	0.21
narrow	0.14	0.10
assisted	0.14	0.30
east	0.14	0.12
considered	0.14	0.38
does	0.14	0.45
along	0.14	0.14
french	0.14	0.16
tradition	0.15	0.20
rising	0.15	0.39
emphasis	0.15	0.14
kinds	0.15	0.25
box	0.15	0.24
resolution	0.15	0.21
bring	0.15	0.25
marry	0.15	1.48
claims	0.15	0.26
gathering	0.15	0.31
edition	0.15	0.19
pupils	0.15	0.25
speaking	0.15	0.44
progress	0.15	0.26
meaning	0.15	0.20
ultimate	0.15	0.60
flame	0.15	0.62
papers	0.15	0.09
even	0.15	0.73
usually	0.15	0.56
roads	0.15	0.14
hotel	0.15	0.25
hang	0.15	0.19
western	0.15	0.11
lose	0.15	0.28
scarcely	0.15	0.56
native	0.15	0.11
scattered	0.15	0.19
letters	0.15	0.13
training	0.15	0.21
striking	0.15	1.19
scarce	0.15	0.21
creek	0.15	0.17
specially	0.15	0.54
library	0.15	0.08
hands	0.15	0.66
lower	0.15	0.14
increase	0.15	0.31
pardon	0.15	0.55
hole	0.15	0.20
realized	0.15	0.49
southern	0.15	0.11
lingered	0.15	0.21
cover	0.15	0.14
commons	0.15	0.20
shut	0.15	0.13
beloved	0.15	1.48
burn	0.16	0.29
feet	0.16	0.16
invisible	0.16	0.40
away	0.16	0.20
represents	0.16	0.16
reached	0.16	0.18
aprilla	0.16	0.41
places	0.16	0.14
reach	0.16	0.15
probability	0.16	0.42
illustrated	0.16	0.24
mills	0.16	0.11
signed	0.16	0.14
stone	0.16	0.23
pray	0.16	0.79
obeyed	0.16	0.41
holding	0.16	0.28
thoroughly	0.16	0.33
lane	0.16	0.22
tables	0.16	0.21
estimate	0.16	0.20
lowest	0.16	0.18
cabinet	0.16	0.33
believes	0.16	0.53
paint	0.16	0.63
neighboring	0.16	0.16
strictly	0.16	0.33
set	0.16	0.26
corresponding	0.16	0.27
pushed	0.16	0.39
stiff	0.16	0.28
explained	0.16	0.39
coast	0.16	0.12
avenue	0.16	0.17
chosen	0.16	0.22
final	0.16	0.49
negro	0.16	0.59
volume	0.16	0.18
pathetic	0.17	0.66
arrived	0.17	0.19
business	0.17	0.21
river	0.17	0.16
monarch	0.17	0.28
understand	0.17	0.41
personal	0.17	0.31
societies	0.17	0.26
copy	0.17	0.12
united	0.17	0.21
get	0.17	0.30
northern	0.17	0.11
partially	0.17	0.21
hearing	0.17	0.23
presently	0.17	0.22
existed	0.17	0.30
decline	0.17	0.14
thus	0.17	0.35
students	0.17	0.15
attempted	0.17	0.26
explanation	0.17	0.22
showing	0.17	0.22
treated	0.17	0.48
marked	0.17	0.40
reading	0.17	0.16
earlier	0.17	0.26
crossed	0.17	0.12
apart	0.17	0.30
consciousness	0.17	0.39
arrangements	0.17	0.25
waist	0.17	0.40
disposition	0.17	0.72
boxes	0.17	0.26
key	0.17	0.09
cost	0.17	0.16
possession	0.17	0.24
steadily	0.17	0.12
succession	0.17	0.37
yourself	0.17	0.47
institution	0.17	0.20
prominent	0.17	0.19
speech	0.17	0.14
periods	0.17	0.16
pile	0.18	0.28
uttered	0.18	0.24
observer	0.18	0.29
bull	0.18	0.57
lead	0.18	0.24
anything	0.18	0.62
lords	0.18	0.22
resumed	0.18	0.27
masses	0.18	0.28
drift	0.18	0.14
proposed	0.18	0.20
advise	0.18	0.33
tied	0.18	0.20
range	0.18	0.21
impressions	0.18	0.36
advice	0.18	0.32
sorry	0.18	0.82
introduced	0.18	0.34
around	0.18	0.29
pull	0.18	0.19
hesitate	0.18	0.30
aspect	0.18	0.30
possesses	0.18	0.34
concluded	0.18	0.17
turn	0.18	0.24
hanging	0.18	0.21
anywhere	0.18	0.50
across	0.18	0.15
conscious	0.18	0.27
lightly	0.18	0.34
flying	0.18	0.20
wonderful	0.18	0.86
discipline	0.18	0.50
philadelphia	0.18	0.13
every	0.18	0.18
fall	0.18	0.23
murmur	0.18	0.38
passed	0.18	0.33
consisting	0.18	0.17
production	0.18	0.27
ventured	0.18	0.20
beg	0.18	0.51
vicinity	0.18	0.14
pains	0.18	0.23
plume	0.18	0.61
russian	0.18	0.13
appearance	0.18	0.15
provinces	0.18	0.13
followers	0.18	0.50
constitutional	0.18	0.43
legitimate	0.19	0.27
sweep	0.19	0.16
fix	0.19	0.18
neck	0.19	0.53
west	0.19	0.12
actually	0.19	0.41
conceive	0.19	0.17
change	0.19	0.30
mind	0.19	0.45
waters	0.19	0.23
deposits	0.19	0.16
course	0.19	0.45
living	0.19	0.64
europe	0.19	0.11
perform	0.19	0.26
sent	0.19	0.38
gate	0.19	0.21
ministry	0.19	0.13
distinctly	0.19	0.26
read	0.19	0.13
breast	0.19	0.79
height	0.19	0.15
scholar	0.19	0.25
tzin	0.19	0.24
fashionable	0.19	0.45
afraid	0.19	0.82
alas	0.19	1.40
rested	0.19	0.24
position	0.19	0.31
indicate	0.19	0.18
moves	0.19	0.18
agricultural	0.19	0.14
filling	0.19	0.24
blown	0.19	0.34
off	0.19	0.19
afterward	0.19	0.58
heads	0.19	0.48
opportunity	0.19	0.37
t	0.19	0.98
stands	0.19	0.35
effected	0.19	0.41
ask	0.19	0.54
scholars	0.19	0.14
william	0.19	0.61
national	0.20	0.35
believed	0.20	1.45
writings	0.20	0.14
daring	0.20	0.32
institutions	0.20	0.30
gave	0.20	0.12
atlantic	0.20	0.13
hardly	0.20	0.55
paper	0.20	0.07
efforts	0.20	0.22
philosophical	0.20	0.26
readiness	0.20	0.17
pressed	0.20	0.62
stories	0.20	0.54
female	0.20	0.64
amused	0.20	0.46
drawing	0.20	0.12
quantity	0.20	0.22
resort	0.20	0.60
gradually	0.20	0.16
bade	0.20	0.35
central	0.20	0.16
subsequent	0.20	0.18
inform	0.20	0.23
veil	0.20	0.35
york	0.20	0.20
service	0.20	0.19
paying	0.20	0.16
visit	0.20	0.24
speedily	0.20	0.27
minutes	0.20	0.40
wave	0.20	0.34
manifested	0.20	0.36
sailor	0.20	0.24
says	0.20	0.48
footsteps	0.21	0.17
cities	0.21	0.10
wall	0.21	0.24
association	0.21	0.23
machinery	0.21	0.27
better	0.21	0.66
expected	0.21	0.69
channel	0.21	0.17
germany	0.21	0.16
countries	0.21	0.14
let	0.21	0.43
lake	0.21	0.20
studied	0.21	0.20
derived	0.21	0.26
clock	0.21	0.32
necessarily	0.21	0.51
grow	0.21	0.27
advised	0.21	0.35
evans	0.21	0.57
obtain	0.21	0.21
experiments	0.21	0.27
sport	0.21	0.66
contained	0.21	0.13
brief	0.21	0.17
permit	0.21	0.25
short	0.21	0.18
america	0.21	0.10
fiery	0.21	0.64
henry	0.21	0.72
philosopher	0.21	0.19
concern	0.21	0.41
moment	0.21	0.24
interests	0.21	0.33
upward	0.21	0.11
impression	0.21	0.33
bottle	0.21	0.31
finally	0.21	0.43
level	0.21	0.17
dollars	0.21	0.18
stove	0.21	0.25
suggestions	0.21	0.33
factory	0.21	0.15
successive	0.21	0.14
showed	0.21	0.32
gaze	0.21	0.22
hint	0.21	0.18
valuable	0.22	0.59
thence	0.22	0.10
below	0.22	0.11
drinking	0.22	0.20
ought	0.22	0.40
throw	0.22	0.20
fairly	0.22	0.40
napoleon	0.22	0.27
meet	0.22	0.38
england	0.22	0.17
morals	0.22	0.52
show	0.22	0.21
john	0.22	0.56
building	0.22	0.19
personally	0.22	0.50
merchants	0.22	0.18
warrior	0.22	0.22
protected	0.22	0.21
slightly	0.22	0.21
servant	0.22	0.63
wait	0.22	0.43
gently	0.22	0.60
poems	0.22	0.19
meeting	0.22	0.14
notion	0.22	0.31
bought	0.22	0.12
midnight	0.22	0.31
memory	0.22	0.42
take	0.22	0.31
italy	0.22	0.17
refuge	0.22	0.38
stated	0.22	0.40
colonel	0.22	0.38
induce	0.22	0.19
remaining	0.22	0.17
borrowed	0.23	0.16
forth	0.23	0.38
boston	0.23	0.19
requested	0.23	0.24
attempts	0.23	0.24
part	0.23	0.14
survey	0.23	0.21
forget	0.23	0.52
treasury	0.23	0.24
account	0.23	0.23
eastern	0.23	0.11
smoke	0.23	0.37
yesterday	0.23	0.19
far	0.23	0.56
certain	0.23	0.32
theory	0.23	0.38
drink	0.23	0.20
attend	0.23	0.10
couple	0.23	0.24
rope	0.23	0.21
profits	0.23	0.22
steam	0.23	0.19
inclined	0.23	0.24
rent	0.23	0.14
quarter	0.23	0.21
dared	0.23	0.27
foreign	0.23	0.17
consideration	0.23	0.31
colonies	0.23	0.15
evident	0.23	0.40
sound	0.23	0.27
suggest	0.23	0.22
began	0.23	0.21
comparison	0.23	0.24
follow	0.23	0.22
english	0.23	0.17
spread	0.24	0.13
gossip	0.24	0.36
highly	0.24	0.47
softly	0.24	0.47
interfere	0.24	0.35
spain	0.24	0.20
moments	0.24	0.26
construction	0.24	0.17
activity	0.24	0.37
glass	0.24	0.24
pulling	0.24	0.35
theological	0.24	0.29
pleased	0.24	0.47
proposition	0.24	0.25
separate	0.24	0.15
attention	0.24	0.24
glance	0.24	0.24
belief	0.24	0.66
edge	0.24	0.22
american	0.24	0.16
observation	0.24	0.26
collection	0.24	0.17
largest	0.24	0.25
pacific	0.24	0.20
reaching	0.24	0.09
primitive	0.24	0.28
france	0.24	0.26
call	0.24	0.47
sprung	0.24	0.30
shores	0.24	0.16
columns	0.24	0.19
important	0.24	0.65
employ	0.24	0.15
according	0.24	0.29
really	0.24	0.67
send	0.24	0.31
mud	0.24	0.29
academy	0.24	0.16
perceive	0.24	0.15
attached	0.25	0.31
recover	0.25	0.64
russia	0.25	0.17
turkey	0.25	0.19
spanish	0.25	0.10
prevailed	0.25	0.48
country	0.25	0.13
settle	0.25	0.31
presume	0.25	0.45
century	0.25	0.29
served	0.25	0.15
fingers	0.25	0.40
second	0.25	0.13
constant	0.25	0.36
whence	0.25	0.20
flames	0.25	0.39
words	0.25	0.14
invention	0.25	0.19
divided	0.25	0.16
flat	0.25	0.22
extremely	0.25	0.37
build	0.25	0.28
chicago	0.25	0.21
begun	0.25	0.17
supper	0.25	0.21
extending	0.25	0.12
extent	0.25	0.29
owners	0.25	0.18
hollow	0.25	0.26
alfred	0.25	0.60
bride	0.25	0.89
finger	0.25	0.31
mexico	0.25	0.12
smoking	0.25	0.24
debt	0.25	0.30
learn	0.25	0.23
moderate	0.25	0.40
tight	0.25	0.27
square	0.25	0.14
immediate	0.25	0.34
nature	0.25	0.63
cents	0.25	0.11
streets	0.26	0.23
issued	0.26	0.12
european	0.26	0.14
gigantic	0.26	0.35
culture	0.26	0.53
product	0.26	0.21
speaker	0.26	0.18
corners	0.26	0.16
pulled	0.26	0.39
guide	0.26	0.42
pipe	0.26	0.28
mining	0.26	0.14
close	0.26	0.13
cohen	0.26	0.43
lifting	0.26	0.32
map	0.26	0.22
apt	0.26	0.24
lady	0.26	0.97
working	0.26	0.18
idea	0.26	0.35
territory	0.26	0.16
owned	0.26	0.13
renewed	0.26	0.31
flow	0.26	0.19
tie	0.26	0.22
pupil	0.26	0.62
empire	0.26	0.19
chinese	0.26	0.19
plans	0.26	0.32
reader	0.26	0.19
discharge	0.26	0.22
average	0.26	0.23
addressed	0.26	0.26
continent	0.26	0.13
countrymen	0.26	0.40
beach	0.26	0.23
cloud	0.27	0.46
italian	0.27	0.18
fed	0.27	0.23
uses	0.27	0.30
wrapped	0.27	0.25
divide	0.27	0.20
expressed	0.27	0.45
current	0.27	0.20
deep	0.27	0.43
illustrations	0.27	0.32
walls	0.27	0.24
itself	0.27	0.37
exist	0.27	0.24
ears	0.27	0.24
milk	0.27	0.25
becoming	0.27	0.18
dwelling	0.27	0.21
spot	0.27	0.20
stayed	0.27	0.34
vast	0.27	0.45
accompany	0.27	0.41
roof	0.27	0.25
cleared	0.27	0.25
log	0.27	0.26
makes	0.27	0.27
schools	0.27	0.19
cultivated	0.27	0.76
serve	0.27	0.14
parliament	0.27	0.20
german	0.27	0.17
dust	0.27	0.28
clinging	0.27	0.90
year	0.27	0.41
california	0.27	0.21
finished	0.27	0.13
britain	0.27	0.16
agreed	0.27	0.19
gain	0.27	0.28
soon	0.28	0.47
kate	0.28	0.48
instructions	0.28	0.09
wages	0.28	0.15
piazza	0.28	0.27
sight	0.28	0.21
store	0.28	0.12
go	0.28	0.54
aim	0.28	0.53
difficult	0.28	0.73
look	0.28	0.25
watching	0.28	0.34
sum	0.28	0.14
intend	0.28	0.35
mood	0.28	0.75
learned	0.28	0.74
whose	0.28	0.82
drank	0.28	0.19
rise	0.28	0.13
address	0.28	0.15
shawl	0.28	0.35
sweeping	0.28	0.22
small	0.28	0.24
education	0.28	0.23
himself	0.28	0.38
rooms	0.28	0.20
porch	0.28	0.27
windows	0.28	0.21
packed	0.28	0.23
accomplished	0.28	0.36
thought	0.28	1.44
lecture	0.28	0.08
funds	0.28	0.23
pool	0.28	0.42
funeral	0.28	0.35
mixture	0.28	0.59
experience	0.28	0.22
lisa	0.28	0.24
pastor	0.28	0.56
trunk	0.29	0.26
equivalent	0.29	0.22
subsequently	0.29	0.24
lasted	0.29	0.39
poets	0.29	0.14
interval	0.29	0.31
hung	0.29	0.26
remarkable	0.29	0.92
forms	0.29	0.30
books	0.29	0.15
centuries	0.29	0.40
per	0.29	0.11
prescott	0.29	0.47
formed	0.29	0.20
begin	0.29	0.32
ice	0.29	0.27
presented	0.29	0.24
denied	0.29	0.34
promised	0.29	0.44
preparing	0.29	0.41
assigned	0.29	0.19
cigar	0.29	0.71
yours	0.29	0.92
maintained	0.29	0.62
handle	0.29	0.17
ireland	0.29	0.19
depends	0.29	0.54
stream	0.29	0.20
tide	0.29	0.25
developed	0.29	0.28
fill	0.30	0.25
bold	0.30	0.44
pass	0.30	0.44
raised	0.30	0.23
calculated	0.30	0.22
breakfast	0.30	0.23
consider	0.30	0.26
sooner	0.30	0.41
delivered	0.30	0.12
demand	0.30	0.21
amongst	0.30	0.33
refuse	0.30	0.28
undertaking	0.30	0.34
vital	0.30	0.50
flood	0.30	0.38
securing	0.30	0.36
preparation	0.30	0.15
longer	0.30	0.43
venture	0.30	0.20
debts	0.30	0.26
refused	0.30	0.20
permission	0.30	0.19
stock	0.30	0.22
draw	0.30	0.18
sounded	0.30	0.26
conscience	0.30	0.48
latest	0.30	0.61
covering	0.30	0.24
choose	0.30	0.20
return	0.30	0.30
uniform	0.30	0.19
disturbed	0.30	0.57
teachers	0.30	0.25
consented	0.30	0.19
prices	0.30	0.20
coal	0.30	0.26
study	0.30	0.20
bag	0.30	0.27
shape	0.30	0.31
islands	0.30	0.19
evolution	0.30	0.31
rapid	0.30	0.16
portions	0.30	0.19
cottage	0.30	0.25
latin	0.30	0.17
advantage	0.30	0.50
effort	0.31	0.24
laborer	0.31	0.13
falling	0.31	0.33
resources	0.31	0.32
allow	0.31	0.30
rigid	0.31	0.20
rate	0.31	0.18
means	0.31	0.51
ocean	0.31	0.25
india	0.31	0.16
rivers	0.31	0.20
senses	0.31	0.43
kings	0.31	0.22
respected	0.31	1.32
beyond	0.31	0.13
plate	0.31	0.22
shows	0.31	0.27
calmly	0.31	0.20
nearer	0.31	0.28
listen	0.31	0.35
respects	0.31	0.27
wished	0.31	0.34
introduction	0.31	0.13
inch	0.31	0.13
community	0.31	0.16
try	0.31	0.33
suppose	0.31	0.64
path	0.31	0.24
mission	0.31	0.18
ages	0.32	0.18
ground	0.32	0.27
gentleman	0.32	0.84
chose	0.32	0.28
accept	0.32	0.14
purchased	0.32	0.14
preparations	0.32	0.25
immense	0.32	0.42
encouraged	0.32	0.46
cards	0.32	0.20
medium	0.32	0.23
definite	0.32	0.23
risen	0.32	0.10
designs	0.32	0.25
instruction	0.32	0.19
project	0.32	0.29
wind	0.32	0.52
walk	0.32	0.29
representation	0.32	0.33
stores	0.32	0.16
intended	0.32	0.29
compel	0.32	0.19
composition	0.32	0.23
middle	0.32	0.13
infinite	0.32	0.81
times	0.32	0.25
flushed	0.32	0.30
purchase	0.32	0.12
market	0.32	0.19
public	0.32	0.30
later	0.32	0.44
provision	0.32	0.27
listening	0.32	0.27
kip	0.32	0.41
throat	0.32	0.30
stones	0.33	0.26
hopes	0.33	0.44
cent	0.33	0.14
visited	0.33	0.45
literature	0.33	0.26
firmly	0.33	0.21
hoped	0.33	0.60
prepare	0.33	0.12
fund	0.33	0.23
detail	0.33	0.46
longed	0.33	1.07
occupied	0.33	0.50
heap	0.33	0.40
induced	0.33	0.24
shown	0.33	0.48
brethren	0.33	0.44
hereafter	0.33	0.23
exhibited	0.33	0.33
say	0.33	0.62
sold	0.33	0.13
make	0.33	0.22
school	0.33	0.13
ascertained	0.33	0.46
conversation	0.33	0.20
lessons	0.33	0.13
suited	0.33	0.61
wish	0.33	0.53
lakes	0.33	0.22
text	0.33	0.14
march	0.33	0.23
again	0.33	0.44
tea	0.33	0.25
forests	0.33	0.39
beginning	0.33	0.14
poured	0.34	0.27
ease	0.34	0.66
tin	0.34	0.24
travel	0.34	0.48
handkerchief	0.34	0.31
hear	0.34	0.29
seek	0.34	0.16
israel	0.34	0.45
invested	0.34	0.22
americans	0.34	0.18
girls	0.34	0.64
require	0.34	0.16
express	0.34	0.51
profound	0.34	0.86
province	0.34	0.14
commenced	0.34	0.18
fence	0.34	0.30
greater	0.34	0.49
colony	0.34	0.57
asserted	0.34	0.48
nowhere	0.34	0.32
miracle	0.34	0.44
revelation	0.34	0.56
workmen	0.34	0.27
pick	0.34	0.34
sounds	0.34	0.26
price	0.34	0.16
sums	0.34	0.24
existing	0.34	0.26
communication	0.34	0.12
cut	0.34	0.30
residence	0.34	0.22
capital	0.34	0.22
above	0.34	0.15
lie	0.34	0.49
wrought	0.35	0.40
bargain	0.35	0.18
move	0.35	0.30
minute	0.35	0.15
while	0.35	0.37
broad	0.35	0.21
wide	0.35	0.13
closer	0.35	0.54
mines	0.35	0.15
delighted	0.35	0.46
accepted	0.35	0.25
constitute	0.35	0.37
reflection	0.35	0.23
obey	0.35	0.30
cloak	0.35	0.31
sugar	0.35	0.26
myself	0.35	0.41
philosophy	0.35	0.30
degrees	0.35	0.18
here	0.35	0.71
coffee	0.35	0.26
comparatively	0.35	0.30
twice	0.35	0.49
visitor	0.35	0.42
halls	0.35	0.20
nose	0.35	0.31
figure	0.35	0.63
lands	0.35	0.14
region	0.35	0.20
poem	0.35	0.23
procured	0.35	0.30
surface	0.35	0.19
pay	0.35	0.16
mounted	0.35	0.29
individual	0.35	0.29
demands	0.35	0.19
products	0.35	0.20
feel	0.36	0.55
banks	0.36	0.29
collected	0.36	0.17
wine	0.36	0.24
farm	0.36	0.16
kisses	0.36	0.72
leaving	0.36	0.31
merit	0.36	0.35
grounds	0.36	0.25
valley	0.36	0.29
stuff	0.36	0.38
economy	0.36	0.41
estate	0.36	0.28
sale	0.36	0.13
services	0.36	0.16
rank	0.36	0.23
faster	0.36	0.30
ate	0.36	0.23
fog	0.36	0.50
days	0.36	0.72
propose	0.36	0.28
told	0.36	1.41
improvement	0.36	0.32
oil	0.36	0.28
curtains	0.36	0.31
honestly	0.36	0.37
social	0.36	0.62
having	0.37	0.42
provisions	0.37	0.22
bark	0.37	0.34
emperor	0.37	0.35
distribution	0.37	0.40
prairie	0.37	0.30
regions	0.37	0.10
rang	0.37	0.35
large	0.37	0.37
industrial	0.37	0.33
earnestly	0.37	0.40
sea	0.37	0.26
finish	0.37	0.33
amount	0.37	0.23
tools	0.37	0.29
tobacco	0.37	0.28
until	0.37	0.32
fire	0.37	0.33
revealed	0.37	0.18
accordance	0.37	0.46
palace	0.37	0.22
place	0.37	0.18
economic	0.37	0.33
test	0.37	0.55
straight	0.37	0.31
buy	0.37	0.11
science	0.37	0.38
glimpse	0.37	0.20
opposite	0.37	0.37
near	0.37	0.35
allowed	0.37	0.28
think	0.38	0.64
bound	0.38	0.10
water	0.38	0.25
sought	0.38	0.21
fish	0.38	0.28
plains	0.38	0.29
hearth	0.38	0.28
remained	0.38	0.33
abandon	0.38	0.20
measured	0.38	0.14
imperial	0.38	0.27
contact	0.38	0.12
together	0.38	0.20
celebrated	0.38	0.19
sails	0.38	0.29
thorough	0.38	0.44
designed	0.38	0.21
shells	0.38	0.37
aristocratic	0.38	0.35
sell	0.38	0.13
wooden	0.38	0.26
theology	0.38	0.36
main	0.38	0.33
single	0.38	0.31
prussia	0.38	0.24
hours	0.38	0.43
exchange	0.38	0.20
greek	0.38	0.19
brook	0.38	0.28
eggs	0.38	0.31
supplies	0.39	0.19
contract	0.39	0.22
movements	0.39	0.30
failing	0.39	0.23
christians	0.39	0.67
arrangement	0.39	0.35
abroad	0.39	0.25
majesty	0.39	0.30
nearest	0.39	0.29
claimed	0.39	0.38
distinction	0.39	0.28
manage	0.39	0.31
truths	0.39	0.42
chin	0.39	0.31
proprietor	0.39	0.32
charity	0.39	0.70
statue	0.39	0.37
mist	0.39	0.50
offer	0.39	0.11
date	0.39	0.35
quality	0.40	0.45
wishing	0.40	0.28
goods	0.40	0.16
disposed	0.40	0.30
bills	0.40	0.24
garments	0.40	0.40
obtained	0.40	0.24
pole	0.40	0.16
unite	0.40	0.19
portion	0.40	0.38
stay	0.40	0.54
permitted	0.40	0.26
lips	0.40	0.36
endeavored	0.40	0.27
forest	0.40	0.46
response	0.40	0.26
shade	0.40	0.44
moral	0.40	0.43
stand	0.40	0.47
each	0.40	0.17
embrace	0.40	0.90
yard	0.41	0.29
pocket	0.41	0.33
watch	0.41	0.19
destined	0.41	0.31
benefit	0.41	0.33
eating	0.41	0.25
value	0.41	0.27
commercial	0.41	0.30
reserve	0.41	0.24
associated	0.41	0.25
literary	0.41	0.34
educated	0.41	0.22
ever	0.41	1.43
fiction	0.41	0.52
sympathies	0.41	0.54
deserve	0.41	0.48
attempt	0.41	0.27
iron	0.41	0.22
teaching	0.41	0.29
improved	0.42	0.31
opera	0.42	0.34
treasure	0.42	0.40
informed	0.42	0.45
trunks	0.42	0.33
wisely	0.42	0.30
priest	0.42	0.39
suspended	0.42	0.28
likely	0.42	0.27
fail	0.42	0.24
applied	0.42	0.20
mansion	0.42	0.24
carefully	0.42	0.31
civilization	0.42	0.31
volumes	0.42	0.23
seed	0.42	0.37
theirs	0.42	0.24
sovereign	0.42	0.26
testament	0.42	0.32
teach	0.42	0.20
tread	0.42	0.23
advantages	0.42	0.75
lots	0.42	0.47
princess	0.42	0.73
darling	0.42	1.56
meal	0.42	0.24
nation	0.43	0.32
high	0.43	0.21
neighborhood	0.43	0.50
utterance	0.43	0.33
profit	0.43	0.21
tend	0.43	0.52
visitors	0.43	0.39
banker	0.43	0.47
leave	0.43	0.50
stout	0.43	0.59
polished	0.43	0.51
roman	0.43	0.31
artificial	0.43	0.46
follows	0.43	0.15
actual	0.43	0.37
space	0.43	0.28
royal	0.43	0.25
following	0.43	0.20
patient	0.43	0.47
jerusalem	0.43	0.37
pockets	0.43	0.22
dark	0.43	0.71
cane	0.44	0.32
assembled	0.44	0.53
hence	0.44	0.57
shoulders	0.44	0.42
low	0.44	0.24
fairy	0.44	0.40
seas	0.44	0.24
taught	0.44	0.25
arts	0.44	0.29
snow	0.44	0.45
declined	0.44	0.15
payments	0.44	0.27
funny	0.44	0.86
owner	0.44	0.33
branch	0.44	0.26
trained	0.44	0.22
exact	0.44	0.27
fastened	0.44	0.15
lucky	0.44	2.09
prefer	0.44	0.21
between	0.44	0.59
circulation	0.44	0.29
stick	0.44	0.37
eaten	0.44	0.31
engaged	0.44	0.36
resolved	0.44	0.23
poetry	0.44	0.19
cloth	0.44	0.27
consists	0.45	0.20
contrast	0.45	0.74
limited	0.45	0.39
hers	0.45	0.71
bank	0.45	0.29
partial	0.45	0.77
give	0.45	0.20
straw	0.45	0.35
king	0.45	0.49
mouth	0.45	0.28
friend	0.45	1.29
established	0.45	0.47
acres	0.45	0.21
endeavor	0.45	0.27
compelled	0.45	0.26
covered	0.45	0.37
blush	0.45	0.39
sink	0.45	0.32
hour	0.45	0.40
accustomed	0.45	0.20
where	0.45	0.38
keeping	0.45	0.22
fixed	0.45	0.17
limit	0.45	0.40
superior	0.45	0.39
fame	0.46	0.37
fortnight	0.46	0.40
learning	0.46	0.24
famous	0.46	0.27
smiling	0.46	0.58
flush	0.46	0.45
found	0.46	0.43
buildings	0.46	0.18
night	0.46	0.40
prepared	0.46	0.20
prim	0.46	0.34
quick	0.46	0.29
requires	0.46	0.44
eat	0.46	0.31
wont	0.46	0.28
capacity	0.46	0.42
owing	0.46	1.68
commerce	0.47	0.27
mankind	0.47	0.29
everything	0.47	0.37
fortunes	0.47	0.53
believe	0.47	0.65
era	0.47	0.19
interest	0.47	0.42
proved	0.47	0.36
industry	0.47	0.28
dollar	0.47	0.14
economical	0.47	0.43
obliged	0.47	0.27
bond	0.47	0.55
bonds	0.47	0.26
loud	0.47	0.37
wood	0.47	0.37
employed	0.47	0.25
useful	0.47	0.78
fountain	0.47	0.20
energy	0.47	0.41
offered	0.47	0.15
earliest	0.48	0.38
shelter	0.48	0.57
hat	0.48	0.30
returning	0.48	0.33
forehead	0.48	0.36
prove	0.48	0.27
touched	0.48	0.44
just	0.48	0.67
world	0.48	0.44
veins	0.48	0.43
candle	0.48	0.33
knowledge	0.48	0.26
dinner	0.48	0.25
grandeur	0.48	0.81
beat	0.48	0.36
face	0.48	0.48
wealth	0.48	0.38
retired	0.48	0.38
payment	0.48	0.25
lend	0.48	0.39
studying	0.48	0.27
guest	0.48	0.46
clothing	0.48	0.20
creation	0.49	0.50
hold	0.49	0.31
inspiration	0.49	0.55
miracles	0.49	0.45
beneath	0.49	0.29
image	0.49	0.38
aware	0.49	0.45
frozen	0.49	0.30
articles	0.49	0.32
notes	0.49	0.25
field	0.49	0.35
convinced	0.49	0.32
young	0.49	0.92
retained	0.49	0.42
task	0.49	0.36
burned	0.49	0.34
land	0.50	0.19
determined	0.50	0.24
twilight	0.50	0.75
deposit	0.50	0.50
seeking	0.50	0.21
receiving	0.50	0.16
dreamed	0.50	1.14
once	0.50	1.43
washed	0.50	0.35
first	0.50	0.30
possessed	0.50	0.44
eve	0.50	0.18
thing	0.50	0.48
waves	0.50	0.32
unwilling	0.50	0.27
presents	0.50	0.27
promise	0.51	0.49
doctrine	0.51	0.45
cold	0.51	0.60
possess	0.51	0.49
able	0.51	0.29
logs	0.51	0.37
extensive	0.51	0.36
big	0.51	0.56
match	0.51	0.75
thorny	0.51	0.42
timber	0.51	0.31
choice	0.51	0.35
strong	0.51	0.41
variety	0.51	0.37
elevated	0.51	0.47
always	0.51	0.53
deprived	0.51	0.28
paid	0.51	0.19
distinct	0.51	0.22
root	0.51	0.46
money	0.51	0.24
figures	0.51	0.27
employment	0.52	0.26
intellectual	0.52	0.39
order	0.52	0.24
sterling	0.52	0.51
settlement	0.52	0.46
known	0.52	1.36
consent	0.52	0.45
pines	0.52	0.44
leisure	0.52	0.56
enabled	0.52	0.29
find	0.52	0.49
original	0.52	0.37
destiny	0.52	0.64
bow	0.52	0.24
sufficiently	0.53	0.26
banking	0.53	0.48
parted	0.53	0.30
brains	0.53	0.42
way	0.53	0.33
slip	0.53	0.24
unable	0.53	0.30
sketch	0.53	0.33
persuaded	0.53	0.27
surrounded	0.53	0.57
hero	0.53	0.31
meat	0.53	0.31
wings	0.53	0.25
title	0.53	0.23
throughout	0.53	0.42
rings	0.53	0.22
temple	0.53	0.25
us	0.53	0.32
month	0.53	0.43
shall	0.53	0.40
compliment	0.53	0.27
establish	0.53	0.64
wheat	0.53	0.29
knit	0.53	0.24
last	0.53	0.40
needed	0.53	0.22
instruments	0.54	0.24
surrounding	0.54	0.36
visible	0.54	0.29
chapel	0.54	0.29
equal	0.54	0.37
currency	0.54	0.25
whole	0.54	0.37
improve	0.54	0.41
bread	0.54	0.32
earned	0.54	0.36
prize	0.54	0.31
february	0.54	0.30
feast	0.54	0.19
declaration	0.54	0.32
join	0.54	0.21
lighted	0.54	0.36
whither	0.54	0.77
round	0.54	0.24
treasures	0.55	0.17
boots	0.55	0.38
enable	0.55	0.27
winds	0.55	0.61
january	0.55	0.31
establishment	0.55	0.56
expectation	0.55	0.37
saratoga	0.55	0.33
carpet	0.55	0.38
coin	0.55	0.23
till	0.55	0.30
churches	0.55	0.34
youth	0.55	0.56
authors	0.55	0.33
lived	0.55	1.31
chances	0.56	0.66
conviction	0.56	0.65
proportions	0.56	0.36
retain	0.56	0.63
played	0.56	0.31
different	0.56	0.45
artists	0.56	0.15
higher	0.56	0.40
succeed	0.56	0.41
hills	0.56	0.36
preceding	0.56	0.20
shirt	0.56	0.40
built	0.56	0.41
sphere	0.57	0.18
ere	0.57	0.66
principle	0.57	0.66
furniture	0.57	0.25
desired	0.57	0.31
am	0.57	1.34
eloquence	0.57	0.37
effective	0.57	0.72
shoes	0.57	0.39
ourselves	0.57	0.34
temples	0.57	0.23
branches	0.57	0.41
income	0.57	0.39
form	0.57	0.32
provide	0.57	0.26
setting	0.57	0.38
expect	0.58	0.50
truth	0.58	0.77
past	0.58	0.53
practical	0.58	0.40
shares	0.58	0.47
shakespeare	0.58	0.25
alliance	0.58	0.39
type	0.58	0.46
missionary	0.58	0.33
gained	0.58	0.32
globe	0.58	0.20
stroke	0.58	0.61
intelligence	0.58	0.38
obligations	0.58	0.42
depended	0.58	0.60
deemed	0.59	0.39
curls	0.59	0.33
keen	0.59	0.30
doctrines	0.59	0.52
accurate	0.59	0.35
ability	0.59	0.40
reward	0.59	0.42
slavery	0.59	0.60
priests	0.59	0.42
park	0.59	0.35
encouragement	0.59	0.36
tried	0.59	0.41
double	0.59	0.26
coat	0.59	0.36
property	0.59	0.41
repeat	0.59	0.27
works	0.59	0.28
invited	0.59	0.30
unlike	0.59	0.38
piece	0.60	0.32
displayed	0.60	0.45
playing	0.60	0.47
gathered	0.60	0.38
favorite	0.60	0.22
admission	0.60	0.48
arranged	0.60	0.22
principal	0.60	0.38
warmly	0.60	0.42
preacher	0.60	0.28
easily	0.60	0.32
beating	0.60	0.44
saint	0.60	0.38
messrs	0.60	0.41
clothes	0.60	0.43
week	0.60	0.46
work	0.60	0.23
1st	0.60	0.23
failed	0.60	0.34
april	0.60	0.34
realm	0.60	0.33
supply	0.60	0.32
chance	0.61	0.64
beard	0.61	0.38
sermon	0.61	0.26
flowing	0.61	0.29
bosom	0.61	0.62
luck	0.61	1.92
imagination	0.61	0.32
required	0.61	0.22
careful	0.61	0.31
vine	0.61	0.42
satisfied	0.61	0.46
pine	0.61	0.47
prudence	0.61	0.33
selected	0.61	0.56
liquid	0.61	0.32
san	0.62	0.90
greatest	0.62	0.50
basis	0.62	0.44
guests	0.62	0.44
colored	0.62	0.26
citizens	0.62	0.26
win	0.62	0.28
chain	0.62	0.28
purl	0.62	0.28
december	0.62	0.35
duty	0.62	0.35
appreciate	0.62	0.23
organ	0.62	0.30
attained	0.62	0.41
row	0.62	0.25
citizen	0.63	0.28
francisco	0.63	0.89
keep	0.63	0.36
earn	0.63	0.28
proof	0.63	0.56
border	0.63	0.37
july	0.63	0.36
gray	0.63	0.40
thread	0.63	0.28
remain	0.63	0.40
usual	0.63	0.47
lamp	0.63	0.36
thereby	0.63	0.33
suit	0.63	0.37
efficient	0.63	0.31
circle	0.64	0.25
agreeable	0.64	1.93
waving	0.64	0.31
cap	0.64	0.34
protestant	0.64	0.46
desirable	0.64	1.03
rapidity	0.64	0.66
smart	0.64	0.50
day	0.64	0.43
same	0.64	0.44
feature	0.64	0.83
mountains	0.64	0.44
cheap	0.64	0.42
october	0.64	0.35
filled	0.64	0.44
cheek	0.64	0.34
september	0.64	0.36
gloves	0.64	0.34
november	0.65	0.36
pulpit	0.65	0.38
universe	0.65	0.57
needle	0.65	0.29
fundamental	0.65	0.59
exists	0.65	0.52
glances	0.65	0.28
bushes	0.65	0.49
heavens	0.65	0.44
swear	0.66	0.50
woods	0.66	0.59
heed	0.66	0.70
modern	0.66	0.36
bab	0.66	0.50
wedding	0.66	0.29
bestowed	0.66	0.21
supplied	0.66	0.32
real	0.66	0.53
dwelt	0.66	0.33
own	0.66	0.41
mirror	0.66	0.41
lives	0.66	0.50
june	0.66	0.40
formal	0.66	0.17
blood	0.66	0.50
august	0.67	0.36
lo	0.67	0.79
reputation	0.67	0.38
rights	0.67	0.59
cheeks	0.67	0.35
bells	0.67	0.29
intellect	0.67	0.40
joined	0.67	0.35
safely	0.67	0.26
used	0.67	0.37
lesson	0.67	0.36
regard	0.67	0.34
rows	0.67	0.28
monday	0.67	0.37
loan	0.68	0.49
scarlet	0.68	0.75
architecture	0.68	0.20
treaty	0.68	0.31
available	0.68	0.46
prompt	0.68	0.34
congregation	0.68	0.29
forced	0.68	0.37
varied	0.68	0.48
grain	0.68	0.37
sense	0.68	0.44
satisfaction	0.68	0.58
crochet	0.68	0.33
willing	0.68	0.39
centre	0.68	0.28
stitches	0.68	0.31
genius	0.68	0.35
memories	0.68	1.19
next	0.68	0.34
remainder	0.68	0.38
farewell	0.68	0.80
humble	0.68	0.31
reality	0.68	0.49
noon	0.69	0.36
ready	0.69	0.46
circles	0.69	0.32
reasonable	0.69	0.30
gifts	0.69	0.46
friday	0.69	0.38
verse	0.69	0.21
crowded	0.69	0.55
smile	0.69	0.54
outline	0.69	0.31
silent	0.69	0.37
throne	0.69	0.60
springs	0.69	0.37
christmas	0.69	0.32
limits	0.69	0.52
bit	0.69	0.31
managed	0.69	0.42
dress	0.70	0.38
cotton	0.70	0.34
saturday	0.70	0.39
rain	0.70	0.57
silence	0.70	0.36
cash	0.70	0.49
beam	0.70	0.34
pale	0.70	0.48
sewing	0.70	0.31
church	0.70	0.42
degree	0.70	0.54
net	0.70	0.43
prime	0.70	0.31
remote	0.71	0.42
assured	0.71	0.41
hot	0.71	0.50
morning	0.71	0.39
standard	0.71	0.45
slumber	0.71	0.38
imposing	0.71	0.36
trade	0.71	0.35
abundance	0.71	0.33
grave	0.71	0.48
completed	0.71	0.33
artistic	0.71	0.36
wear	0.71	0.41
walks	0.71	0.96
truly	0.71	0.37
streams	0.71	0.37
growth	0.72	0.27
peculiarly	0.72	1.62
preach	0.72	0.34
exchanged	0.72	0.33
soil	0.72	0.38
constructed	0.72	0.36
pattern	0.72	0.36
determination	0.72	0.36
tiny	0.72	0.54
won	0.73	0.31
rose	0.73	0.32
smell	0.73	0.73
solid	0.73	0.26
ruggles	0.73	1.60
stitch	0.73	0.36
features	0.73	0.41
ardent	0.73	0.61
deserved	0.73	0.35
piano	0.73	0.34
altar	0.73	0.48
brow	0.73	0.40
dawn	0.74	0.40
wool	0.74	0.33
convenient	0.74	0.97
flash	0.74	0.50
voice	0.74	0.36
catholic	0.74	0.52
provided	0.74	0.34
reign	0.74	0.40
breathing	0.74	0.52
demonstration	0.74	0.66
refined	0.75	0.54
wearing	0.75	0.42
trying	0.75	0.43
creed	0.75	0.50
knight	0.75	0.36
supernatural	0.75	0.55
select	0.75	0.47
bearing	0.75	0.51
impossible	0.76	0.40
talent	0.76	0.45
maintain	0.76	0.82
religious	0.76	0.50
accuracy	0.76	0.58
conception	0.76	0.46
admire	0.76	0.52
wash	0.76	0.48
things	0.76	0.40
sufficient	0.77	0.34
extended	0.77	0.25
union	0.77	0.72
relations	0.77	0.29
floating	0.77	0.37
honorable	0.77	0.51
bits	0.78	0.39
legal	0.78	0.30
admiration	0.78	0.85
wore	0.78	0.42
example	0.78	1.29
clouds	0.78	0.51
elaborate	0.78	0.38
musical	0.78	0.41
splendid	0.78	0.57
eyes	0.78	0.38
honors	0.79	0.30
skill	0.79	0.39
design	0.79	0.59
marble	0.79	0.45
sacred	0.79	0.29
sake	0.79	1.30
pious	0.80	0.37
christianity	0.80	0.55
heroic	0.80	0.44
climate	0.80	0.64
preaching	0.80	0.42
enthusiasm	0.81	0.65
pledge	0.81	0.47
married	0.81	1.40
cawallader	0.81	1.62
during	0.81	0.55
embroidery	0.81	0.49
excellence	0.81	0.55
welfare	0.81	0.73
lent	0.82	0.31
due	0.82	0.46
faded	0.82	0.58
amusement	0.82	0.45
invitation	0.82	0.32
manner	0.82	0.50
crowned	0.82	0.32
poet	0.82	0.20
strict	0.82	0.50
furnished	0.82	0.33
fare	0.82	0.39
illustration	0.82	0.49
furnish	0.82	0.44
approval	0.82	0.26
caw	0.82	1.65
costume	0.83	0.52
fold	0.83	0.66
shout	0.83	0.42
credit	0.83	0.53
portrait	0.83	0.28
countenance	0.83	0.37
universal	0.83	0.82
pleasing	0.83	1.91
spent	0.83	0.57
hair	0.84	0.40
perpetual	0.84	0.44
owe	0.84	0.36
heartily	0.84	0.37
balder	0.85	1.53
roots	0.85	0.50
oak	0.85	0.50
heat	0.85	0.35
voices	0.85	0.37
gracious	0.85	0.48
tall	0.85	0.60
tree	0.85	0.57
laugh	0.85	0.41
precious	0.85	0.42
enough	0.85	0.42
costly	0.85	0.31
materials	0.85	0.56
promises	0.86	0.36
prayers	0.86	0.57
wanting	0.86	0.64
angels	0.87	0.70
faithfully	0.87	1.17
touch	0.87	0.40
lofty	0.87	0.32
acquaintance	0.87	0.26
jonathan	0.87	1.59
virtue	0.87	0.67
relation	0.87	0.54
crown	0.88	0.20
discretion	0.88	0.46
intimate	0.88	0.35
possible	0.88	0.43
receive	0.88	0.24
specie	0.88	0.29
foundation	0.88	0.33
secure	0.88	0.53
dearest	0.88	1.38
obligation	0.89	0.62
purse	0.89	0.34
health	0.89	1.09
naturally	0.89	0.34
jesus	0.89	0.72
active	0.89	0.36
easier	0.89	0.40
eye	0.89	0.37
gold	0.89	0.27
kept	0.89	0.29
style	0.89	0.65
terms	0.89	0.29
independent	0.89	0.22
appreciation	0.90	0.42
lace	0.90	0.50
earthly	0.90	0.69
entertainment	0.90	0.36
occupation	0.90	0.41
delight	0.90	0.58
bid	0.90	0.84
intercourse	0.91	0.26
given	0.91	0.29
shed	0.91	0.41
eternity	0.91	0.83
balance	0.91	0.46
polite	0.91	0.59
obedience	0.91	0.61
taste	0.92	0.57
clothed	0.92	0.30
appropriate	0.92	0.67
humanity	0.92	0.47
permanent	0.92	0.63
inspired	0.92	0.53
tone	0.92	0.39
erect	0.93	0.38
horizon	0.93	0.36
slave	0.93	0.68
linen	0.93	0.48
confidential	0.93	0.23
painted	0.93	0.38
salt	0.93	0.51
spirits	0.93	0.37
ours	0.94	0.35
bible	0.94	0.59
clover	0.94	0.54
prosperity	0.94	0.71
gather	0.94	0.54
agreement	0.94	0.46
gallant	0.94	0.39
worked	0.94	0.53
late	0.94	0.46
grove	0.95	0.56
childhood	0.95	1.07
spend	0.95	0.51
life	0.95	0.30
bless	0.95	1.38
faces	0.95	0.37
respect	0.95	0.85
host	0.95	0.54
mine	0.95	1.41
pleasure	0.95	0.40
fond	0.95	1.30
charms	0.95	0.53
prince	0.96	0.83
understanding	0.96	0.51
lit	0.96	0.52
worship	0.96	0.69
dry	0.96	0.54
morality	0.96	0.59
perception	0.96	0.35
profitable	0.97	0.96
elevation	0.97	0.60
pair	0.97	0.35
gardens	0.97	0.53
positive	0.97	0.51
adapted	0.97	0.60
ear	0.98	0.38
winter	0.98	0.65
spiritual	0.98	0.65
liberty	0.98	0.82
divine	0.98	0.71
vigorous	0.98	0.29
leaf	0.98	0.58
black	0.99	0.51
brave	0.99	0.47
queen	0.99	0.44
combined	0.99	0.52
lights	0.99	0.52
disturb	0.99	0.39
slender	1.00	0.57
gospel	1.00	0.52
eloquent	1.00	0.37
perfectly	1.00	0.28
spirit	1.00	0.56
selection	1.00	0.59
moonlight	1.00	0.63
courage	1.01	0.38
sentiment	1.01	0.73
lover	1.01	1.24
respectable	1.01	0.31
received	1.01	0.34
breathed	1.01	0.32
china	1.01	0.36
plenty	1.01	0.44
share	1.02	0.35
lack	1.02	0.48
necessary	1.02	0.44
dried	1.02	0.51
food	1.02	0.35
dresses	1.02	0.47
velvet	1.02	0.48
successful	1.03	1.45
corn	1.03	0.53
smooth	1.03	0.47
laughter	1.04	0.47
sunday	1.04	0.41
praise	1.04	0.43
subtle	1.05	0.50
basket	1.05	0.61
familiar	1.05	0.25
early	1.05	0.51
flashed	1.05	0.50
assure	1.05	1.30
romantic	1.05	1.41
religion	1.05	0.55
prayer	1.05	0.65
certainty	1.05	1.25
reception	1.05	0.43
gods	1.05	0.79
silver	1.06	0.47
clever	1.06	0.69
zeal	1.06	0.65
glow	1.06	0.42
immortal	1.06	0.72
restored	1.06	1.35
charm	1.06	0.75
thanks	1.07	0.32
endless	1.07	1.10
expressions	1.07	0.60
secured	1.08	0.38
upright	1.08	0.35
strangers	1.08	1.16
satin	1.09	0.51
enjoyment	1.09	0.50
trees	1.09	0.64
saints	1.09	0.56
confident	1.09	0.36
proper	1.10	0.59
afford	1.10	0.37
rays	1.11	0.39
finest	1.11	0.69
hast	1.11	1.38
independence	1.11	0.85
afforded	1.11	0.40
chorus	1.11	0.48
wisdom	1.11	0.45
silk	1.11	0.53
rest	1.12	0.38
privileges	1.12	0.46
evening	1.12	0.60
heart	1.12	1.27
dressed	1.12	0.51
success	1.12	0.50
wonderfully	1.12	0.37
ray	1.12	0.50
art	1.12	0.60
singularly	1.12	1.23
thou	1.12	1.40
christian	1.13	0.57
brown	1.13	0.50
future	1.13	0.43
afternoon	1.13	0.61
gleam	1.13	0.47
ample	1.14	0.47
hymn	1.14	0.27
christ	1.14	0.61
apparent	1.14	1.29
earnestness	1.14	0.50
sing	1.14	0.44
thoughtful	1.14	0.44
plants	1.15	0.72
honesty	1.15	0.67
dance	1.15	0.52
plain	1.15	0.29
deal	1.15	1.37
weather	1.15	0.68
competent	1.15	1.26
lovers	1.16	1.08
earnest	1.16	0.36
patience	1.16	0.42
tones	1.16	0.34
plant	1.17	0.67
manhood	1.17	0.26
joy	1.17	1.00
behold	1.17	0.59
vigor	1.17	0.40
cheer	1.18	0.52
gift	1.18	0.39
planted	1.18	0.65
colors	1.19	0.53
free	1.19	0.34
responsible	1.19	1.56
faithful	1.19	0.43
entire	1.19	1.38
complexion	1.20	0.61
season	1.20	0.62
intelligent	1.20	0.41
white	1.20	0.51
lawn	1.20	0.61
sang	1.21	0.46
complete	1.21	1.35
blessing	1.21	1.15
floated	1.21	0.53
gravity	1.21	0.43
earth	1.22	0.47
feminine	1.22	0.53
god	1.22	1.17
grand	1.22	0.36
vision	1.22	0.45
greeted	1.22	0.51
likes	1.22	1.05
goodness	1.22	0.59
entitled	1.22	0.34
red	1.23	0.57
pleasures	1.23	0.46
elegant	1.23	0.53
crimson	1.24	0.57
happier	1.24	0.99
sensible	1.25	0.70
mutual	1.25	0.49
fitted	1.25	0.52
fields	1.25	0.63
holy	1.25	0.70
absolute	1.25	1.33
picturesque	1.25	0.90
happily	1.25	1.41
soul	1.25	1.19
sympathy	1.25	0.80
safety	1.26	1.17
highest	1.26	0.55
dora	1.26	1.15
pictures	1.26	0.53
glad	1.27	1.18
dignified	1.27	0.45
firm	1.28	0.37
honor	1.28	0.54
consistent	1.28	0.54
hath	1.28	1.15
painting	1.28	0.38
opportunities	1.29	1.16
rational	1.29	0.38
singing	1.29	0.47
vivid	1.30	0.60
color	1.30	0.51
steady	1.31	0.42
music	1.31	0.44
recognition	1.31	0.37
blue	1.31	0.57
yellow	1.31	0.61
resolute	1.32	0.38
sung	1.32	0.42
thee	1.32	1.31
hearts	1.32	1.03
propriety	1.32	0.56
purple	1.32	0.60
courtesy	1.34	0.28
rosy	1.34	0.60
artist	1.34	0.47
fruits	1.34	0.58
picture	1.35	0.54
rich	1.35	0.44
joke	1.35	1.05
trust	1.37	1.10
light	1.37	0.49
unto	1.37	0.82
thy	1.37	1.14
kingdom	1.37	0.49
glowing	1.37	0.56
fun	1.38	1.06
sober	1.38	0.40
superb	1.38	0.49
glittering	1.38	0.55
reflected	1.38	0.50
winning	1.39	0.48
fidelity	1.39	0.64
magnificent	1.39	0.46
dancing	1.40	0.40
grass	1.40	0.69
sky	1.40	0.56
triumph	1.40	0.31
gratitude	1.40	1.14
leaves	1.40	0.74
paradise	1.41	1.07
utmost	1.41	1.14
model	1.41	0.98
genuine	1.41	0.49
full	1.42	0.38
innocence	1.42	0.90
manly	1.42	0.40
forever	1.42	1.17
animated	1.42	0.57
breath	1.42	0.49
youthful	1.43	0.92
song	1.44	0.51
songs	1.44	0.54
acquainted	1.44	1.28
indispensable	1.44	1.06
equality	1.44	1.23
sure	1.45	1.06
sublime	1.45	0.31
description	1.46	1.17
preserved	1.46	1.22
green	1.46	0.68
breathe	1.46	0.32
preserve	1.46	1.21
favorable	1.47	1.25
enthusiastic	1.47	0.44
restore	1.48	1.14
stately	1.49	0.43
humor	1.49	0.47
meadows	1.49	0.62
orange	1.49	0.74
shining	1.50	0.56
affection	1.50	1.09
proud	1.50	0.74
garden	1.51	0.74
pink	1.52	0.62
moon	1.52	0.46
live	1.52	1.04
atmosphere	1.53	0.37
sympathetic	1.53	0.45
safe	1.53	0.40
busy	1.53	1.00
maiden	1.53	0.76
clean	1.53	0.62
present	1.53	1.02
security	1.54	1.23
spring	1.54	0.65
satisfactory	1.55	1.01
greeting	1.55	0.40
thine	1.56	1.03
modest	1.56	0.35
assurance	1.57	0.92
sun	1.57	0.47
landscape	1.57	0.54
sunset	1.57	0.59
heaven	1.57	0.97
splendor	1.57	0.38
kindness	1.58	0.45
reverence	1.58	1.06
hope	1.58	0.95
fortune	1.58	1.16
unity	1.58	1.17
autumn	1.59	0.65
stars	1.59	0.40
shone	1.60	0.54
picked	1.60	1.27
grateful	1.61	0.38
sunshine	1.61	0.67
star	1.62	0.40
kindly	1.63	0.41
air	1.63	0.59
fruit	1.64	0.72
suitable	1.65	1.04
abundant	1.65	1.02
tenderness	1.66	0.87
golden	1.67	0.59
hearty	1.67	0.38
fair	1.68	0.91
bliss	1.68	0.88
rare	1.69	0.89
yonder	1.70	1.20
cordial	1.70	0.39
sunlight	1.71	0.59
contented	1.71	0.92
freedom	1.71	1.05
devotion	1.72	0.93
radiant	1.73	0.41
pretty	1.73	0.88
faith	1.74	0.95
grace	1.75	0.81
smiles	1.75	0.91
content	1.76	0.89
brilliant	1.76	0.53
best	1.76	1.34
sincerity	1.77	0.59
neat	1.77	0.57
generous	1.77	0.36
clear	1.78	0.55
delicacy	1.78	0.47
scenery	1.79	0.96
welcome	1.80	0.86
simplicity	1.80	0.90
shine	1.80	0.38
bloom	1.81	0.65
friendship	1.81	0.85
flower	1.81	1.02
loving	1.81	0.66
attractive	1.81	1.22
harmony	1.81	0.96
prospect	1.83	0.65
wit	1.84	0.95
calm	1.84	0.50
essential	1.84	0.88
warmth	1.85	0.35
blessed	1.85	0.63
sincere	1.86	0.80
dignity	1.86	0.84
glory	1.88	0.40
confidence	1.88	0.89
hopeful	1.88	0.70
fine	1.89	0.94
admirable	1.90	0.89
skies	1.90	0.64
tender	1.90	0.64
warm	1.91	0.47
wise	1.91	0.98
perfection	1.91	0.87
honest	1.91	0.83
affectionate	1.91	0.33
enjoyed	1.92	0.91
breeze	1.93	0.69
simple	1.93	0.66
handsome	1.94	0.76
lively	1.95	1.14
healthy	1.95	0.69
heavenly	1.95	0.74
worthy	1.96	0.95
sweetness	1.96	0.42
soft	1.96	0.47
purity	1.97	0.81
friendly	1.97	0.75
repose	1.97	0.67
graceful	1.97	0.80
merry	1.98	0.77
substantial	1.98	0.98
peace	1.98	0.78
delicate	1.99	0.84
enjoying	1.99	1.09
comfortable	1.99	1.00
ideal	2.00	0.77
roses	2.03	0.96
easy	2.03	1.09
happiness	2.04	0.88
noble	2.05	0.71
mild	2.06	0.87
quiet	2.09	0.81
gay	2.09	0.84
eternal	2.10	0.99
cool	2.10	0.91
sparkling	2.10	0.81
beautiful	2.12	0.61
glorious	2.12	0.58
enjoy	2.14	0.83
charming	2.16	1.02
nice	2.18	0.85
joyous	2.19	0.90
summer	2.22	1.19
genial	2.22	0.68
flowers	2.23	0.87
amiable	2.26	0.67
pure	2.30	0.45
true	2.31	0.79
kind	2.31	0.70
cheerful	2.32	0.85
bright	2.35	0.90
fresh	2.36	0.89
beauty	2.37	0.73
gentle	2.38	0.62
sweet	2.45	0.76
wholesome	2.45	0.84
sunny	2.46	0.88
peaceful	2.47	0.81
exquisite	2.52	0.65
serene	2.54	0.63
delicious	2.54	0.88
