cruel	-3.98	0.79
wretched	-3.78	0.79
monster	-3.78	0.91
hatred	-3.68	1.16
victims	-3.65	0.91
wicked	-3.65	0.83
foul	-3.54	0.88
enemies	-3.53	0.83
deadly	-3.51	0.76
envy	-3.48	1.26
suffered	-3.45	0.92
worst	-3.42	0.82
insult	-3.42	0.88
injustice	-3.40	0.83
awful	-3.38	1.28
hideous	-3.38	1.04
ill	-3.37	0.89
vengeance	-3.35	0.89
victim	-3.31	0.44
terrible	-3.28	1.11
fearful	-3.24	1.30
selfishness	-3.22	0.92
abuse	-3.20	0.86
violence	-3.20	0.82
fatal	-3.19	0.83
disaster	-3.17	0.78
endure	-3.16	1.14
revenge	-3.14	1.02
injury	-3.14	0.77
sick	-3.12	0.88
jealous	-3.11	1.35
death	-3.09	1.09
crimes	-3.07	1.30
hopeless	-3.06	1.03
jealousy	-3.06	1.20
uncertain	-3.04	1.26
dislike	-3.03	1.24
mistake	-3.03	0.89
suspicion	-3.02	1.02
wrath	-3.01	1.24
anger	-3.00	1.22
disease	-3.00	0.78
wrong	-3.00	1.23
bitter	-3.00	1.03
blind	-2.98	0.70
ugly	-2.97	0.84
absurd	-2.96	1.12
ignorant	-2.96	0.61
invalid	-2.95	1.10
dangerous	-2.94	1.24
reproach	-2.94	0.80
serpent	-2.93	0.93
bitterness	-2.91	1.15
rage	-2.88	1.20
weak	-2.86	0.83
feeble	-2.86	0.80
miserable	-2.86	1.17
helpless	-2.83	0.85
scorn	-2.83	1.29
warned	-2.81	1.39
contempt	-2.80	1.31
dread	-2.79	1.26
stupid	-2.78	0.66
accident	-2.77	1.19
evils	-2.76	1.20
wretch	-2.74	0.70
wrongs	-2.74	0.55
consequences	-2.74	1.15
error	-2.73	1.13
disgrace	-2.72	0.47
misfortune	-2.72	0.80
effects	-2.70	1.13
sickness	-2.69	0.32
murdered	-2.68	1.32
desolate	-2.67	0.98
lonely	-2.67	1.03
devil	-2.67	0.95
deed	-2.67	1.44
badly	-2.67	1.02
awkward	-2.66	1.52
creatures	-2.66	0.87
prejudice	-2.66	0.91
mischief	-2.64	0.90
almah	-2.64	1.15
horror	-2.63	1.34
boy	-2.63	1.26
deeds	-2.62	0.98
fraud	-2.62	0.52
lion	-2.61	0.57
vice	-2.61	0.96
pa	-2.60	1.33
circumstance	-2.58	1.63
beast	-2.58	0.35
suffering	-2.58	0.42
suffer	-2.55	0.39
hell	-2.55	0.88
folly	-2.55	0.41
angry	-2.53	1.24
unjust	-2.53	0.56
ireland	-2.52	1.86
shame	-2.52	0.84
vulgar	-2.51	0.42
dying	-2.51	0.99
defiance	-2.51	1.29
strife	-2.51	1.46
threatened	-2.50	0.51
grocery	-2.50	1.43
false	-2.48	1.02
brute	-2.48	0.30
ma	-2.47	1.42
base	-2.46	0.42
dumb	-2.45	1.06
sin	-2.45	1.05
causes	-2.44	1.36
restless	-2.44	1.37
wounded	-2.44	1.31
fool	-2.42	1.07
temptation	-2.42	1.33
fierce	-2.41	0.95
curse	-2.40	1.21
fever	-2.40	0.36
remedy	-2.39	1.44
illness	-2.39	0.26
neglect	-2.38	0.67
faults	-2.37	0.61
spared	-2.37	0.51
selfish	-2.36	0.42
misery	-2.35	0.47
cure	-2.32	0.60
despair	-2.32	0.67
loss	-2.31	0.50
beasts	-2.31	0.34
condition	-2.31	1.55
damage	-2.31	0.54
indifferent	-2.31	1.12
fury	-2.30	0.72
indignation	-2.30	1.14
lot	-2.30	1.12
nervous	-2.28	0.33
impatience	-2.28	1.04
frightened	-2.27	1.07
dismal	-2.27	1.77
punish	-2.26	0.57
desperate	-2.25	1.45
lois	-2.25	1.38
disgust	-2.24	0.95
crime	-2.24	0.58
poverty	-2.24	0.46
robbery	-2.22	0.53
dependent	-2.21	1.10
disappointment	-2.20	0.84
glooskap	-2.18	1.31
foe	-2.18	0.54
violent	-2.18	0.53
influences	-2.17	1.48
deserted	-2.16	0.68
indignant	-2.16	0.96
big	-2.16	1.64
job	-2.16	1.45
influence	-2.15	1.59
wound	-2.15	0.34
passions	-2.15	1.14
apprehension	-2.14	0.56
dreadful	-2.14	1.65
fires	-2.13	1.67
danger	-2.12	0.55
liable	-2.12	0.47
dreary	-2.10	0.58
ignorance	-2.10	0.59
neglected	-2.10	0.60
weary	-2.09	0.56
gloomy	-2.08	0.54
dog	-2.08	0.75
timid	-2.08	1.13
divorce	-2.07	1.49
commit	-2.05	0.51
poison	-2.05	0.44
gets	-2.05	1.65
lest	-2.05	0.51
fate	-2.05	0.59
peril	-2.04	0.48
sadly	-2.04	1.30
distress	-2.03	0.56
consequence	-2.02	0.58
hospital	-2.01	0.37
committed	-2.01	0.53
mad	-2.00	0.46
destruction	-2.00	0.67
shock	-1.99	0.48
ralph	-1.99	1.64
severe	-1.99	0.60
responsible	-1.99	1.55
arrested	-1.98	0.46
pain	-1.98	0.74
creature	-1.95	1.22
dirty	-1.95	0.57
bitterly	-1.95	1.39
vanity	-1.95	0.72
stomach	-1.95	0.40
remove	-1.95	1.76
weakness	-1.94	0.29
dull	-1.94	0.40
fear	-1.93	0.67
crying	-1.93	1.42
painful	-1.91	1.60
caused	-1.91	0.42
guilty	-1.91	0.54
decay	-1.91	0.48
destroy	-1.91	1.67
sensitive	-1.90	1.55
worse	-1.90	1.36
alarm	-1.89	0.62
punished	-1.89	0.50
threatening	-1.88	0.59
murder	-1.88	0.60
aroused	-1.87	0.80
rescue	-1.87	1.61
intent	-1.87	0.52
ridiculous	-1.87	0.50
cat	-1.86	0.85
tremendous	-1.86	0.87
sins	-1.85	0.55
spite	-1.85	0.87
arrest	-1.84	0.43
giovanni	-1.84	1.55
storm	-1.83	0.65
assault	-1.82	0.53
agony	-1.82	0.73
wandering	-1.82	0.57
sore	-1.81	0.38
sudden	-1.80	0.74
charged	-1.80	0.52
utterly	-1.80	0.35
trick	-1.79	0.47
anguish	-1.77	0.90
accused	-1.76	0.54
condemned	-1.76	0.39
dangers	-1.75	0.64
savage	-1.75	0.40
young	-1.75	1.40
acts	-1.74	0.64
severely	-1.74	0.29
ruin	-1.73	0.50
criminal	-1.71	0.59
sorrow	-1.71	0.86
woe	-1.71	0.70
offense	-1.70	0.52
prison	-1.70	0.56
exhausted	-1.70	0.40
cause	-1.70	0.58
baby	-1.69	1.50
unworthy	-1.68	0.34
whatever	-1.67	1.69
anxiety	-1.67	0.63
root	-1.66	1.90
plot	-1.64	0.40
punishment	-1.64	0.60
useless	-1.64	0.45
grief	-1.64	1.00
hurt	-1.63	0.45
weapons	-1.63	0.57
indifference	-1.62	0.98
comparatively	-1.62	0.52
sighed	-1.62	1.63
save	-1.62	1.37
impression	-1.61	1.91
defeat	-1.60	0.46
crushed	-1.60	0.38
tail	-1.59	0.44
charlotte	-1.59	1.62
terror	-1.59	0.76
killed	-1.58	0.57
grim	-1.58	0.61
marie	-1.57	1.51
feared	-1.57	1.60
produced	-1.57	0.74
removal	-1.56	0.52
unknown	-1.56	0.41
amazement	-1.56	0.61
antoinette	-1.55	1.54
got	-1.54	1.22
astonishment	-1.54	0.76
serious	-1.54	0.74
wild	-1.54	0.44
tired	-1.53	0.63
too	-1.53	1.54
widow	-1.52	1.58
subjected	-1.52	0.49
correct	-1.51	0.69
event	-1.51	0.66
vague	-1.51	0.57
giant	-1.51	0.49
dogs	-1.50	0.35
formidable	-1.50	0.50
toil	-1.50	0.48
weapon	-1.50	0.33
circumstances	-1.48	0.83
animal	-1.48	0.46
destroyed	-1.48	0.57
confusion	-1.48	0.53
interference	-1.47	0.69
coarse	-1.47	0.57
blank	-1.47	0.47
physician	-1.45	0.45
pride	-1.45	1.12
nerves	-1.44	0.34
longed	-1.44	1.78
sword	-1.43	0.55
seized	-1.43	0.57
sharp	-1.42	0.56
effect	-1.42	0.93
fault	-1.41	0.79
carrie	-1.40	0.52
haunted	-1.40	0.56
armed	-1.40	0.45
dolores	-1.40	0.71
animals	-1.39	0.35
agitation	-1.39	0.65
dies	-1.39	0.42
differences	-1.39	0.69
injured	-1.38	0.42
rebellion	-1.38	0.56
complain	-1.38	0.49
thief	-1.38	0.37
hence	-1.38	1.85
trials	-1.37	0.46
defendant	-1.37	0.52
occurred	-1.37	0.73
guy	-1.37	0.66
medicine	-1.36	0.44
charge	-1.36	0.43
startling	-1.36	1.95
impatient	-1.36	0.43
couch	-1.35	0.66
vain	-1.35	0.53
blame	-1.35	0.55
silly	-1.35	0.44
wreck	-1.35	0.37
wasted	-1.34	0.51
hostile	-1.34	0.59
absence	-1.34	0.45
fiery	-1.33	0.71
passion	-1.33	1.09
recollection	-1.33	1.92
dead	-1.33	1.66
huge	-1.33	0.55
crisis	-1.33	0.46
difficulties	-1.32	0.66
tendency	-1.32	0.66
resistance	-1.32	0.41
longing	-1.32	0.90
dismay	-1.31	0.75
charlie	-1.31	0.74
similar	-1.30	2.28
savages	-1.29	0.35
billy	-1.29	0.83
memories	-1.29	1.90
lightning	-1.29	0.67
budge	-1.28	0.55
exciting	-1.27	2.08
alarmed	-1.27	0.46
thunder	-1.27	0.58
unlike	-1.27	0.52
jail	-1.26	0.35
owing	-1.26	0.55
missing	-1.26	0.48
drowned	-1.26	0.60
pressure	-1.26	0.64
bewildered	-1.25	0.45
exposed	-1.25	0.35
bird	-1.24	0.49
utter	-1.24	0.65
pistol	-1.24	0.57
unnecessary	-1.24	0.46
coursegol	-1.24	0.49
ashamed	-1.23	0.41
risk	-1.23	0.59
leg	-1.22	0.42
seriously	-1.22	0.57
powerful	-1.22	0.68
tim	-1.21	0.76
change	-1.21	0.67
smell	-1.21	1.77
child	-1.21	1.56
produce	-1.21	0.85
attending	-1.21	0.47
confession	-1.21	0.40
tommy	-1.20	0.79
roused	-1.19	0.63
tomb	-1.19	0.67
solitary	-1.19	0.50
shadowy	-1.18	0.54
curiosity	-1.18	0.95
muttered	-1.18	0.69
prisoner	-1.18	0.42
hilda	-1.18	0.62
martin	-1.16	0.87
foolish	-1.15	0.32
magic	-1.15	0.73
changes	-1.15	0.86
burden	-1.14	0.28
curious	-1.14	2.08
feather	-1.14	0.48
result	-1.13	0.86
delay	-1.13	0.51
goldstraw	-1.13	0.38
overcome	-1.12	0.44
startled	-1.11	0.47
bear	-1.10	0.42
confused	-1.09	0.50
saved	-1.09	0.36
bed	-1.09	0.71
relieve	-1.09	0.44
escape	-1.09	0.46
objections	-1.09	0.53
escaped	-1.08	0.43
flames	-1.08	0.86
proceedings	-1.08	0.54
staring	-1.08	0.51
sad	-1.08	0.46
excited	-1.07	0.40
mortal	-1.07	0.63
chill	-1.07	0.95
fears	-1.06	0.44
intense	-1.06	1.02
results	-1.06	0.85
failure	-1.06	0.71
hae	-1.06	0.59
assumption	-1.06	0.63
alike	-1.06	0.32
die	-1.06	0.74
alleged	-1.05	0.58
against	-1.05	0.53
impressions	-1.04	1.04
keen	-1.04	0.73
crazy	-1.04	0.49
infant	-1.04	0.92
treat	-1.04	0.88
troubles	-1.03	0.48
exercised	-1.02	0.68
complaint	-1.02	0.56
encounter	-1.02	0.29
lying	-1.02	0.69
resist	-1.01	0.62
pity	-1.01	1.69
surprising	-1.01	2.20
motive	-1.01	0.70
deer	-1.01	0.22
stealing	-1.00	0.32
nigger	-1.00	0.33
gossip	-1.00	0.55
phil	-1.00	0.48
act	-1.00	0.49
sandy	-1.00	0.69
recovered	-0.99	0.45
cow	-0.99	0.26
regret	-0.99	1.09
troubled	-0.99	0.49
nat	-0.99	0.84
separation	-0.99	0.38
edwards	-0.99	0.30
indians	-0.98	0.35
sofa	-0.98	0.64
unexpected	-0.98	0.60
weeping	-0.97	1.04
ho	-0.97	0.39
excitement	-0.97	0.63
beings	-0.97	0.47
wolf	-0.97	0.29
uncle	-0.97	0.92
resulted	-0.97	0.57
suspected	-0.96	0.78
caesar	-0.96	0.48
hired	-0.96	0.85
philip	-0.96	0.71
nurse	-0.96	1.03
burst	-0.95	0.58
travers	-0.95	0.44
deacon	-0.94	0.81
rabbit	-0.94	0.28
chase	-0.94	0.28
strange	-0.93	0.76
store	-0.93	0.60
spot	-0.93	0.37
roar	-0.93	0.52
particular	-0.93	0.52
aged	-0.92	1.08
married	-0.92	1.78
jeff	-0.92	0.40
cases	-0.91	0.50
negro	-0.91	0.67
hesitation	-0.91	0.57
anxious	-0.91	0.38
stove	-0.90	0.69
expectation	-0.90	0.71
admired	-0.90	1.57
force	-0.90	0.50
captured	-0.90	0.45
fired	-0.90	0.44
comment	-0.90	0.80
opponents	-0.89	0.48
hector	-0.89	0.60
hasty	-0.89	0.23
create	-0.89	0.68
conditions	-0.89	0.85
luke	-0.89	0.59
temper	-0.89	0.66
tramp	-0.89	0.47
mighty	-0.89	0.32
jumped	-0.88	0.60
conflict	-0.88	0.87
swear	-0.88	0.42
mystery	-0.88	0.60
struggle	-0.88	0.58
treatment	-0.88	0.41
mistaken	-0.88	0.73
cry	-0.88	0.47
rocky	-0.87	0.42
hungry	-0.87	0.47
doctor	-0.87	0.61
legislation	-0.87	0.87
wholly	-0.86	0.21
sam	-0.86	0.74
dim	-0.86	0.41
unconscious	-0.86	0.53
avoided	-0.86	0.41
maude	-0.85	0.92
surprise	-0.85	0.72
compare	-0.85	0.49
avoid	-0.85	0.55
inevitable	-0.85	0.81
slow	-0.85	0.37
boots	-0.85	0.78
drunk	-0.85	0.49
blows	-0.84	0.45
legend	-0.84	0.63
muscles	-0.84	0.33
faintly	-0.84	0.70
wilderness	-0.84	0.64
forces	-0.83	0.78
ben	-0.83	0.64
conclusions	-0.83	0.55
alice	-0.83	0.69
ending	-0.83	0.67
roscoe	-0.83	0.66
helen	-0.83	0.60
cos	-0.82	0.61
sleeping	-0.82	0.53
heavy	-0.82	0.31
emotion	-0.82	1.01
trembling	-0.82	0.45
trifle	-0.82	0.48
protest	-0.81	0.50
herself	-0.81	0.87
awake	-0.81	0.31
odd	-0.81	0.70
stephen	-0.81	0.75
hunter	-0.81	0.15
shirt	-0.81	0.79
shot	-0.81	0.41
discharged	-0.81	0.32
squire	-0.80	0.68
minority	-0.80	0.57
limbs	-0.80	0.42
advancing	-0.80	0.42
openly	-0.79	0.47
rush	-0.79	0.38
madge	-0.79	0.52
wife	-0.79	1.73
contest	-0.79	0.65
stern	-0.78	0.64
jim	-0.78	0.68
desert	-0.78	0.66
actions	-0.78	0.55
ann	-0.78	0.98
ghost	-0.78	0.37
hut	-0.78	0.33
teeth	-0.78	0.46
tendencies	-0.78	0.76
producing	-0.77	0.69
errand	-0.77	0.55
existing	-0.77	0.79
idle	-0.77	0.38
ends	-0.77	0.46
forgot	-0.76	0.54
discovery	-0.76	0.90
load	-0.76	0.28
ernest	-0.76	0.51
harm	-0.76	0.82
mother	-0.76	1.77
system	-0.76	0.90
tempest	-0.76	0.47
mar	-0.76	0.54
clothes	-0.76	0.72
wildly	-0.76	0.53
melancholy	-0.76	0.64
nephew	-0.75	0.97
betrayed	-0.74	0.53
harry	-0.74	0.45
notion	-0.74	0.55
gloom	-0.74	0.40
buffaloes	-0.74	0.19
rude	-0.74	0.29
official	-0.73	0.50
horses	-0.73	0.26
abandoned	-0.73	0.20
ellis	-0.73	0.38
plains	-0.73	0.50
motives	-0.73	0.51
positively	-0.73	0.34
horse	-0.73	0.32
guns	-0.73	0.20
detective	-0.72	0.23
harder	-0.72	0.70
alas	-0.72	1.77
chapter	-0.72	0.54
marsio	-0.72	0.51
sinking	-0.72	0.28
quarrel	-0.72	0.55
yeh	-0.71	0.62
joe	-0.71	0.48
announcement	-0.71	0.51
kinder	-0.71	0.59
admission	-0.71	0.50
frame	-0.71	0.37
movements	-0.71	0.38
struggling	-0.71	0.63
strain	-0.71	0.49
irish	-0.71	0.57
slept	-0.70	0.49
heap	-0.70	0.47
necessarily	-0.70	0.50
exercise	-0.69	0.74
bare	-0.69	0.45
supposing	-0.69	0.53
berry	-0.69	0.54
physical	-0.69	0.65
ruined	-0.69	0.36
amusement	-0.68	0.73
di	-0.68	0.64
under	-0.68	0.37
justified	-0.68	0.45
repeat	-0.68	0.54
prisoners	-0.67	0.34
sheep	-0.67	0.24
tragedy	-0.67	0.65
enemy	-0.67	0.21
noise	-0.67	0.53
trial	-0.67	0.58
herd	-0.67	0.21
arise	-0.67	0.49
strangely	-0.67	0.67
rectus	-0.67	0.66
patient	-0.67	0.39
parliament	-0.67	0.69
scarce	-0.67	0.46
stiff	-0.66	0.58
tread	-0.66	0.37
buffalo	-0.66	0.20
remus	-0.66	0.59
mysterious	-0.66	0.58
mental	-0.65	0.45
gesture	-0.65	0.74
instances	-0.65	0.41
likewise	-0.65	0.46
ambition	-0.65	0.71
richard	-0.65	0.71
careless	-0.65	0.49
wrought	-0.65	0.52
practically	-0.65	0.34
folks	-0.65	0.58
considerations	-0.64	0.49
queer	-0.64	1.58
rushed	-0.64	0.49
broken	-0.64	0.35
rushing	-0.64	0.30
beulah	-0.64	0.64
boys	-0.64	0.72
uv	-0.64	0.56
gladstone	-0.63	0.57
pulled	-0.63	0.63
footsteps	-0.63	0.38
hard	-0.63	0.75
ratcliffe	-0.63	0.20
capture	-0.63	0.14
feed	-0.63	0.61
died	-0.63	1.40
reckless	-0.63	0.48
conviction	-0.63	0.66
events	-0.63	0.79
ay	-0.63	0.58
wuz	-0.63	0.58
fought	-0.63	0.61
reaction	-0.63	0.52
comrades	-0.62	0.65
reasons	-0.62	0.49
gazed	-0.62	0.60
slight	-0.62	0.18
person	-0.62	0.62
succession	-0.62	0.40
reform	-0.62	0.70
conclusion	-0.62	0.46
fellow	-0.62	1.49
entirely	-0.62	0.26
self	-0.62	0.48
nigh	-0.62	0.56
suspect	-0.62	0.35
capt	-0.61	0.69
curiously	-0.61	0.39
darius	-0.61	0.29
police	-0.61	0.21
trouble	-0.61	0.42
daring	-0.61	0.45
norman	-0.61	0.40
la	-0.61	0.63
instantly	-0.61	0.42
fight	-0.60	0.47
commons	-0.60	0.65
witnessed	-0.60	0.66
sezee	-0.60	0.27
fox	-0.60	0.29
brer	-0.60	0.29
jes	-0.60	0.51
controversy	-0.60	0.57
ambitious	-0.60	0.20
mention	-0.59	0.49
despite	-0.59	0.30
robbed	-0.59	0.50
birds	-0.59	0.46
mere	-0.59	0.26
bodies	-0.59	0.53
essentially	-0.59	0.39
attacked	-0.59	0.16
strong	-0.59	0.24
duc	-0.59	0.60
im	-0.59	0.28
keene	-0.59	0.71
recover	-0.59	0.55
coat	-0.59	0.64
jest	-0.59	0.55
phenomena	-0.58	0.79
operation	-0.58	0.51
yo	-0.58	0.30
knife	-0.58	0.24
marquis	-0.58	0.71
confined	-0.58	0.27
awakened	-0.58	0.54
experienced	-0.58	0.49
nt	-0.58	0.30
canoe	-0.58	0.43
lak	-0.58	0.27
hero	-0.57	0.46
er	-0.57	0.32
atter	-0.57	0.29
action	-0.57	0.41
roun	-0.57	0.27
wid	-0.57	0.28
canada	-0.57	0.70
gretchen	-0.57	0.90
der	-0.57	0.27
bones	-0.56	0.41
dey	-0.56	0.28
brother	-0.56	1.38
ole	-0.56	0.29
breaks	-0.56	0.38
des	-0.56	0.28
woman	-0.56	1.52
pains	-0.56	0.28
kill	-0.56	0.31
absolutely	-0.56	0.40
undoubtedly	-0.56	0.63
affected	-0.56	0.37
honey	-0.56	0.34
soldiers	-0.56	0.47
en	-0.55	0.26
direct	-0.55	0.72
wandered	-0.55	0.68
mo	-0.55	0.29
felipe	-0.55	1.00
partly	-0.55	0.30
slightly	-0.55	0.41
weight	-0.55	0.41
shop	-0.55	0.58
wonder	-0.55	0.69
hit	-0.55	0.36
monsieur	-0.55	0.61
addition	-0.54	0.59
sot	-0.54	0.58
logan	-0.54	0.43
gwine	-0.54	0.31
bottle	-0.54	0.55
revolution	-0.54	0.37
gun	-0.54	0.20
mollie	-0.54	0.50
older	-0.54	0.54
flash	-0.54	0.55
count	-0.54	0.54
difference	-0.54	0.46
rapid	-0.54	0.26
grows	-0.54	0.47
glances	-0.54	0.55
odalite	-0.54	0.90
howard	-0.54	0.48
generations	-0.54	0.40
flying	-0.54	0.18
peculiarly	-0.54	0.52
parson	-0.54	0.58
heavily	-0.53	0.34
records	-0.53	0.51
den	-0.53	0.27
ashes	-0.53	0.48
bull	-0.53	0.21
without	-0.53	0.37
lane	-0.53	0.49
pushing	-0.53	0.39
git	-0.53	0.31
rifle	-0.53	0.19
moses	-0.53	0.46
ter	-0.53	0.38
agency	-0.53	0.64
seize	-0.53	0.32
dale	-0.53	0.51
monk	-0.53	0.55
happier	-0.53	1.94
incident	-0.53	0.87
heels	-0.53	0.32
frank	-0.53	0.71
further	-0.53	0.47
consciousness	-0.52	0.47
julius	-0.52	0.45
russia	-0.52	0.67
gifford	-0.52	0.55
wept	-0.52	1.46
scotland	-0.52	0.56
whar	-0.52	0.36
josiah	-0.52	0.67
ones	-0.51	0.71
dar	-0.51	0.29
blow	-0.51	0.31
accounts	-0.51	0.44
detail	-0.51	0.69
statements	-0.51	0.58
sensation	-0.51	1.89
instance	-0.51	0.74
nora	-0.51	0.74
expense	-0.51	0.33
dat	-0.51	0.31
characteristics	-0.51	0.61
feeling	-0.51	0.89
astonished	-0.51	0.45
emotions	-0.51	0.82
puzzled	-0.50	0.46
comparison	-0.50	0.23
bradley	-0.50	0.36
agin	-0.50	0.55
fancied	-0.50	1.16
growing	-0.50	0.58
knock	-0.50	0.42
hunt	-0.50	0.16
rip	-0.50	0.61
relief	-0.50	0.55
radical	-0.50	0.78
fellows	-0.50	0.77
carrots	-0.50	0.61
ward	-0.50	0.49
attack	-0.50	0.20
cattle	-0.50	0.22
external	-0.50	0.59
ef	-0.50	0.41
yer	-0.50	0.41
apparent	-0.50	0.44
vacant	-0.49	0.37
sez	-0.49	0.55
jackson	-0.49	0.23
saloon	-0.49	0.56
aims	-0.49	0.38
charges	-0.49	0.36
gaze	-0.49	0.59
woods	-0.49	0.46
dem	-0.49	0.29
bold	-0.49	0.50
attorney	-0.49	0.32
officials	-0.48	0.46
relieved	-0.48	0.20
kin	-0.48	0.31
bout	-0.48	0.37
dis	-0.48	0.28
taxation	-0.48	0.31
ez	-0.48	0.45
justly	-0.48	0.36
heath	-0.48	0.38
source	-0.48	0.56
england	-0.48	0.71
distant	-0.48	0.42
controlled	-0.47	0.45
lad	-0.47	0.74
ball	-0.47	0.43
britain	-0.47	0.71
dragged	-0.47	0.26
medical	-0.47	0.22
commonplace	-0.47	0.42
position	-0.47	0.44
notwithstanding	-0.47	0.34
sources	-0.47	0.45
objection	-0.47	0.33
traveling	-0.47	0.43
immediate	-0.47	0.52
lean	-0.47	0.48
jack	-0.46	0.79
responsibility	-0.46	0.41
hev	-0.46	0.50
removed	-0.46	0.38
consent	-0.46	0.88
worldly	-0.46	0.33
pile	-0.46	0.35
situation	-0.46	0.41
running	-0.46	0.51
gazing	-0.46	0.49
persons	-0.46	0.46
capitola	-0.46	0.63
ai	-0.46	0.56
dealt	-0.46	0.52
goin	-0.46	0.56
affairs	-0.46	0.50
dick	-0.46	0.41
flame	-0.46	0.67
senora	-0.46	0.70
electric	-0.46	0.47
em	-0.45	0.56
thoughts	-0.45	0.60
fur	-0.45	0.46
pierre	-0.45	0.65
contrary	-0.45	0.56
reduced	-0.45	0.31
aunt	-0.45	1.10
schemes	-0.45	0.25
marks	-0.45	0.24
rex	-0.45	0.73
grandmother	-0.45	1.23
news	-0.45	0.38
unusual	-0.45	0.88
satisfy	-0.45	0.34
empire	-0.44	0.71
doubts	-0.44	0.38
cried	-0.44	0.91
dolly	-0.44	0.48
improvement	-0.44	0.61
treated	-0.44	0.56
ob	-0.44	0.40
thrill	-0.44	0.73
nothin	-0.44	0.55
past	-0.44	0.89
recorded	-0.44	0.54
um	-0.44	0.23
fire	-0.44	0.67
un	-0.44	0.23
sorry	-0.44	0.65
howe	-0.44	0.56
cease	-0.44	0.37
pointed	-0.44	0.31
top	-0.43	0.47
messenger	-0.43	0.49
fence	-0.43	0.36
candle	-0.43	0.60
jury	-0.43	0.57
impatiently	-0.43	0.61
bin	-0.43	0.23
porch	-0.43	0.41
ideas	-0.43	0.62
solemn	-0.43	0.47
dot	-0.43	0.83
lords	-0.43	0.51
william	-0.43	0.61
surroundings	-0.43	0.70
daughters	-0.43	1.30
rector	-0.43	0.56
darkness	-0.43	0.35
leads	-0.43	0.47
smart	-0.42	0.80
control	-0.42	0.62
commanded	-0.42	0.51
health	-0.42	0.73
strikes	-0.42	0.38
prevent	-0.42	0.48
earl	-0.42	0.79
wooden	-0.42	0.45
shoot	-0.42	0.22
torn	-0.42	0.25
fer	-0.42	0.25
germany	-0.42	0.65
disappointed	-0.42	0.46
waste	-0.42	0.29
rigid	-0.42	0.26
shoes	-0.42	0.41
off	-0.42	0.67
maggie	-0.42	0.69
opinion	-0.42	0.59
progress	-0.42	0.48
aloud	-0.42	0.88
spell	-0.42	0.73
release	-0.41	0.29
crawford	-0.41	0.59
peculiar	-0.41	0.93
mingled	-0.41	0.60
absent	-0.41	0.63
wot	-0.41	0.37
theories	-0.41	0.56
maria	-0.41	0.53
stable	-0.40	0.28
birt	-0.40	0.35
defined	-0.40	0.40
stared	-0.40	0.65
wi	-0.40	0.56
opposition	-0.40	0.31
cornelia	-0.40	0.51
brain	-0.40	0.51
exist	-0.40	0.64
concerning	-0.40	0.48
doubtful	-0.40	0.59
imperial	-0.40	0.60
constitute	-0.40	0.43
thet	-0.40	0.43
imposed	-0.40	0.25
allowing	-0.40	0.42
check	-0.40	0.40
mule	-0.40	0.28
worn	-0.40	0.34
legs	-0.40	0.36
slightest	-0.39	0.54
girl	-0.39	1.49
nimbus	-0.39	0.35
wheel	-0.39	0.14
childish	-0.39	0.42
ministry	-0.39	0.55
lap	-0.39	0.90
notions	-0.39	0.56
special	-0.39	0.68
arose	-0.39	0.22
gates	-0.39	0.26
loaded	-0.39	0.16
killing	-0.39	0.32
clergyman	-0.39	0.72
solitude	-0.39	0.53
war	-0.39	0.34
mountain	-0.39	0.22
perform	-0.39	0.81
straw	-0.38	0.36
drops	-0.38	0.41
guess	-0.38	0.76
forests	-0.38	0.67
tracy	-0.38	0.63
leaped	-0.38	0.24
kings	-0.38	0.55
named	-0.38	0.84
occasions	-0.38	0.44
ridge	-0.38	0.16
obvious	-0.38	0.70
legal	-0.38	0.46
blake	-0.37	0.46
thar	-0.37	0.46
faint	-0.37	0.69
myth	-0.37	0.34
awoke	-0.37	0.23
haste	-0.37	0.21
partially	-0.37	0.42
roll	-0.37	0.44
lies	-0.37	0.43
box	-0.37	0.51
desires	-0.37	0.40
bark	-0.37	0.39
sprang	-0.37	0.35
acting	-0.37	0.43
quick	-0.36	0.29
neighboring	-0.36	0.37
rapidly	-0.36	0.43
warfare	-0.36	0.58
nan	-0.36	0.44
sank	-0.36	0.32
singular	-0.36	1.04
urged	-0.36	0.69
burning	-0.36	0.67
created	-0.36	0.34
fighting	-0.36	0.55
burn	-0.36	0.65
battle	-0.36	0.30
liberal	-0.36	0.54
collected	-0.36	0.41
daughter	-0.36	1.33
peasant	-0.36	0.60
interest	-0.35	0.80
son	-0.35	1.37
connection	-0.35	0.65
regarding	-0.35	0.49
consequently	-0.35	0.25
wood	-0.35	0.43
measures	-0.35	0.42
continues	-0.35	0.30
male	-0.35	0.68
impulse	-0.35	0.71
elements	-0.35	0.91
sarah	-0.35	0.90
tears	-0.35	0.85
decidedly	-0.35	0.26
sigh	-0.35	0.51
conduct	-0.34	0.36
conceal	-0.34	0.31
warrant	-0.34	0.17
confirmed	-0.34	0.47
wing	-0.34	0.22
lighted	-0.34	0.64
project	-0.34	0.34
juan	-0.34	0.43
empty	-0.34	0.39
hole	-0.34	0.41
yonder	-0.34	0.55
grandfather	-0.34	1.36
josh	-0.34	0.56
handkerchief	-0.34	0.55
verdict	-0.34	0.57
excess	-0.34	0.63
current	-0.34	0.40
witnesses	-0.34	0.34
extraordinary	-0.34	1.26
puts	-0.34	0.60
record	-0.33	0.71
distribution	-0.33	0.33
dust	-0.33	0.36
richmond	-0.33	0.17
directly	-0.33	0.40
mounted	-0.33	0.21
judged	-0.33	0.24
experiences	-0.33	0.84
wagon	-0.33	0.26
pockets	-0.33	0.37
pair	-0.33	0.58
examine	-0.33	0.41
lady	-0.33	0.99
accompanied	-0.33	0.60
reaches	-0.33	0.47
feelings	-0.33	0.74
politics	-0.33	0.60
politicians	-0.33	0.12
sheriff	-0.33	0.26
jerry	-0.33	0.56
hollow	-0.33	0.37
eliza	-0.33	0.67
jane	-0.33	0.96
confederate	-0.32	0.20
wash	-0.32	0.48
rolling	-0.32	0.41
fact	-0.32	0.50
born	-0.32	1.09
indian	-0.32	0.36
julie	-0.32	0.81
traverse	-0.32	0.44
stroke	-0.32	0.37
ruth	-0.32	0.88
favorable	-0.32	2.39
oldest	-0.32	0.74
laws	-0.32	0.49
certain	-0.32	0.64
purposes	-0.32	0.31
smoke	-0.32	0.51
stout	-0.31	0.54
wheels	-0.31	0.22
temporary	-0.31	0.54
sack	-0.31	0.58
movement	-0.31	0.24
block	-0.31	0.41
troops	-0.31	0.18
processes	-0.31	0.59
defense	-0.31	0.36
jonathan	-0.31	0.47
guarded	-0.31	0.14
meanwhile	-0.31	0.53
mankind	-0.31	0.35
several	-0.31	0.92
swift	-0.31	0.45
development	-0.31	0.54
younger	-0.31	1.06
crew	-0.31	0.18
dressed	-0.31	0.74
shouted	-0.30	0.46
winthrop	-0.30	0.34
difficulty	-0.30	0.38
remark	-0.30	0.47
army	-0.30	0.19
richling	-0.30	0.39
sue	-0.30	0.35
lawyer	-0.30	0.27
gentleman	-0.30	0.88
sisters	-0.30	1.28
senses	-0.30	0.22
armies	-0.30	0.24
children	-0.30	1.26
subsequent	-0.30	0.71
bargain	-0.30	0.33
skin	-0.29	0.24
driver	-0.29	0.30
gas	-0.29	0.47
lingering	-0.29	0.52
cabin	-0.29	0.36
claire	-0.29	0.60
struck	-0.29	0.29
knocked	-0.29	0.21
largely	-0.29	0.47
cost	-0.29	0.30
attracted	-0.29	0.54
criticism	-0.29	0.34
burned	-0.29	0.66
rock	-0.29	0.18
sackett	-0.29	0.60
flew	-0.28	0.24
louis	-0.28	0.46
fort	-0.28	0.13
coldly	-0.28	0.59
range	-0.28	0.16
deliberately	-0.28	0.38
affair	-0.28	0.21
jerrie	-0.28	0.69
ye	-0.28	0.44
fragments	-0.28	0.16
derrick	-0.27	0.46
smiled	-0.27	0.86
right	-0.27	0.57
companion	-0.27	0.83
column	-0.27	0.10
sentiments	-0.27	0.52
civil	-0.27	0.37
suit	-0.27	0.34
lee	-0.27	0.14
thomas	-0.27	0.74
notice	-0.27	0.38
smith	-0.27	0.63
artillery	-0.27	0.14
funeral	-0.27	0.33
fulkerson	-0.27	0.48
trail	-0.27	0.16
drink	-0.27	0.54
defeated	-0.27	0.23
same	-0.27	0.71
grand	-0.26	0.61
necessity	-0.26	0.35
size	-0.26	0.45
barn	-0.26	0.34
body	-0.26	0.40
acknowledge	-0.26	0.33
according	-0.26	0.53
tend	-0.26	0.45
yocomb	-0.26	0.29
daisy	-0.26	0.83
representing	-0.26	0.41
floor	-0.26	0.32
lucky	-0.26	0.51
lay	-0.26	0.38
horn	-0.26	0.37
tobacco	-0.26	0.60
favor	-0.26	0.56
deceived	-0.26	0.80
von	-0.25	0.83
total	-0.25	0.53
summit	-0.25	0.18
speedily	-0.25	0.39
experiments	-0.25	0.33
sons	-0.25	1.22
duly	-0.25	0.37
throat	-0.25	0.37
cellar	-0.25	0.22
log	-0.25	0.23
de	-0.25	0.33
fairly	-0.25	0.54
followers	-0.25	0.38
pipe	-0.25	0.48
claude	-0.25	0.53
chair	-0.25	0.40
carter	-0.25	0.65
margaret	-0.25	0.65
courts	-0.25	0.72
steal	-0.25	0.16
fancies	-0.25	0.39
shadow	-0.25	0.31
joseph	-0.25	0.63
madeline	-0.25	0.61
surprised	-0.25	0.38
edith	-0.24	0.89
excuse	-0.24	0.63
invariably	-0.24	0.54
checked	-0.24	0.31
proceed	-0.24	0.38
crown	-0.24	0.58
gods	-0.24	0.53
hide	-0.24	0.26
aim	-0.24	0.37
afraid	-0.24	0.59
blanket	-0.24	0.36
game	-0.24	0.21
tom	-0.24	0.43
raise	-0.24	0.55
compared	-0.24	0.26
convictions	-0.24	0.56
league	-0.24	0.51
vicinity	-0.24	0.19
inch	-0.23	0.54
arguments	-0.23	0.37
flight	-0.23	0.13
campaign	-0.23	0.25
tongue	-0.23	0.27
opinions	-0.23	0.46
dashed	-0.23	0.23
clarence	-0.23	0.48
swept	-0.23	0.21
followed	-0.23	0.22
using	-0.23	0.67
candidate	-0.23	0.20
counsel	-0.23	0.34
picked	-0.23	0.49
protect	-0.23	0.66
race	-0.23	0.27
marriage	-0.23	1.15
dryfoos	-0.23	0.46
motion	-0.23	0.15
bob	-0.23	0.61
occur	-0.23	0.27
wants	-0.22	0.65
catching	-0.22	0.45
corps	-0.22	0.15
sustained	-0.22	0.28
wear	-0.22	0.40
administration	-0.22	0.37
founded	-0.22	0.55
object	-0.22	0.34
stolen	-0.22	0.26
sherman	-0.22	0.10
awaiting	-0.22	0.26
conscious	-0.22	0.42
advance	-0.22	0.14
feature	-0.22	0.59
mcclellan	-0.22	0.13
division	-0.22	0.15
rebel	-0.22	0.25
chairs	-0.22	0.30
meantime	-0.21	0.14
adoption	-0.21	0.39
branch	-0.21	0.50
beer	-0.21	0.60
manifested	-0.21	0.37
john	-0.21	0.70
sybil	-0.21	0.42
camp	-0.21	0.17
rolled	-0.21	0.22
settlement	-0.21	0.42
fleet	-0.21	0.09
barrel	-0.21	0.27
wearing	-0.21	0.42
solution	-0.21	0.37
rough	-0.21	0.69
samuel	-0.21	0.66
grown	-0.21	0.41
cora	-0.21	0.45
campbell	-0.20	0.51
public	-0.20	0.42
searching	-0.20	0.34
nellie	-0.20	0.66
interrupted	-0.20	0.81
ha	-0.20	0.60
claudius	-0.20	0.34
throw	-0.20	0.38
pillow	-0.20	0.43
shallow	-0.20	0.17
porter	-0.20	0.20
corresponding	-0.20	0.57
liquor	-0.20	0.30
owner	-0.20	0.16
guard	-0.20	0.14
pocket	-0.20	0.30
problem	-0.20	0.35
inquiry	-0.20	0.26
weep	-0.20	1.41
jill	-0.20	0.51
failing	-0.20	0.19
experiment	-0.20	0.29
fell	-0.20	0.22
nodded	-0.20	0.75
buried	-0.19	0.59
shared	-0.19	0.62
blaine	-0.19	0.16
shell	-0.19	0.19
proposal	-0.19	0.42
williams	-0.19	0.40
saddle	-0.19	0.33
david	-0.19	0.76
estimate	-0.19	0.38
elder	-0.19	1.05
attitude	-0.19	0.53
red	-0.19	0.50
female	-0.19	0.71
delivered	-0.19	0.36
sustain	-0.19	0.37
rests	-0.19	0.32
arms	-0.19	0.89
strike	-0.19	0.16
beside	-0.19	0.40
signed	-0.19	0.47
niece	-0.19	1.00
olive	-0.18	0.36
loose	-0.18	0.24
bag	-0.18	0.30
gallant	-0.18	0.47
greatly	-0.18	0.45
brothers	-0.18	1.19
springing	-0.18	0.43
canadian	-0.18	0.25
breaking	-0.18	0.21
testimony	-0.18	0.35
andrew	-0.18	0.61
rear	-0.18	0.11
girls	-0.18	0.96
traditions	-0.18	0.46
accordance	-0.18	0.49
eager	-0.18	0.49
speculation	-0.18	0.21
birth	-0.18	0.43
policy	-0.18	0.42
broke	-0.18	0.25
rid	-0.17	0.22
stretch	-0.17	0.26
suddenly	-0.17	0.29
legislative	-0.17	0.38
pace	-0.17	0.11
prince	-0.17	0.49
precisely	-0.17	0.50
hat	-0.17	0.41
jurisdiction	-0.17	0.66
pursuit	-0.17	0.30
incidents	-0.17	1.08
nomination	-0.17	0.20
asleep	-0.17	0.39
marry	-0.17	1.15
ways	-0.17	0.20
englishman	-0.17	0.50
vancouver	-0.17	0.20
stamp	-0.17	0.13
real	-0.17	0.49
prevented	-0.17	0.33
concealed	-0.17	0.27
barely	-0.17	0.27
black	-0.17	0.54
announced	-0.17	0.40
marched	-0.17	0.12
drove	-0.17	0.30
dispute	-0.16	0.26
stronger	-0.16	0.69
operations	-0.16	0.24
probability	-0.16	0.44
seeming	-0.16	0.35
fallen	-0.16	0.18
funny	-0.16	0.66
authorities	-0.16	0.33
james	-0.16	0.73
mainly	-0.16	0.14
wilson	-0.16	0.36
views	-0.16	0.40
drinking	-0.16	0.28
preach	-0.16	0.48
steel	-0.16	0.26
corny	-0.16	0.24
veil	-0.16	0.26
hang	-0.16	0.28
da	-0.16	0.18
thoroughly	-0.16	0.39
bars	-0.16	0.18
reference	-0.15	0.34
ferris	-0.15	0.25
foot	-0.15	0.20
officer	-0.15	0.14
messrs	-0.15	0.54
origin	-0.15	0.33
former	-0.15	0.44
car	-0.15	0.13
steve	-0.15	0.37
avail	-0.15	0.33
charles	-0.15	0.71
mothers	-0.15	1.01
ahead	-0.15	0.23
mr	-0.15	0.47
arthur	-0.15	0.56
parents	-0.15	1.23
seeking	-0.15	0.38
goes	-0.15	0.55
report	-0.15	0.27
mount	-0.15	0.25
takes	-0.15	0.55
carries	-0.15	0.55
riding	-0.14	0.23
dared	-0.14	0.56
hill	-0.14	0.21
oak	-0.14	0.31
kitchen	-0.14	0.30
flood	-0.14	0.28
cavalry	-0.14	0.13
pause	-0.14	0.42
composed	-0.14	0.41
tree	-0.14	0.58
theory	-0.14	0.43
ramona	-0.14	0.95
seated	-0.14	0.35
sitting	-0.14	0.35
ellen	-0.14	0.90
advantages	-0.14	0.80
beaton	-0.14	0.48
expressed	-0.14	0.45
scattered	-0.14	0.17
officers	-0.13	0.13
statement	-0.13	0.38
facts	-0.13	0.40
russian	-0.13	0.25
henry	-0.13	0.70
gal	-0.13	0.21
pronounced	-0.13	0.32
moderate	-0.13	0.29
gate	-0.13	0.26
rule	-0.13	0.38
tribe	-0.13	0.21
falling	-0.13	0.17
forward	-0.13	0.26
care	-0.13	0.45
department	-0.13	0.21
grounds	-0.13	0.64
happen	-0.13	0.57
altogether	-0.13	0.18
apart	-0.13	0.30
pretty	-0.13	1.43
bench	-0.13	0.22
surrender	-0.13	0.15
appears	-0.13	0.34
custom	-0.13	0.43
tempted	-0.13	0.43
general	-0.13	0.13
properly	-0.13	0.46
ran	-0.13	0.32
vii	-0.13	0.19
dan	-0.13	0.39
command	-0.12	0.11
difficult	-0.12	0.87
recent	-0.12	0.97
methods	-0.12	0.39
different	-0.12	0.66
approved	-0.12	0.57
represent	-0.12	0.39
edinburgh	-0.12	0.39
imagine	-0.12	0.46
power	-0.12	0.66
through	-0.12	0.22
rocks	-0.12	0.21
ludington	-0.12	0.52
possibility	-0.12	0.36
uttered	-0.12	0.31
ordered	-0.12	0.15
disturbed	-0.12	0.37
inside	-0.12	0.19
tariff	-0.12	0.40
debate	-0.12	0.23
congress	-0.12	0.28
proposition	-0.12	0.30
warren	-0.12	0.54
wore	-0.12	0.44
wondering	-0.12	0.64
erect	-0.11	0.47
flesh	-0.11	0.32
elsewhere	-0.11	0.37
relatives	-0.11	1.23
tries	-0.11	0.50
search	-0.11	0.10
providence	-0.11	0.40
plans	-0.11	0.27
lip	-0.11	0.48
peterkin	-0.11	0.56
christy	-0.11	0.20
absorbed	-0.11	0.33
lawrence	-0.11	0.48
rode	-0.11	0.27
measure	-0.11	0.35
mistress	-0.11	0.91
bill	-0.11	0.30
minds	-0.11	0.49
steam	-0.11	0.15
cloak	-0.11	0.34
questions	-0.11	0.32
duties	-0.11	0.25
reports	-0.11	0.31
thereof	-0.11	0.19
method	-0.11	0.43
problems	-0.11	0.38
witness	-0.10	0.19
journey	-0.10	0.17
where	-0.10	0.55
commissioners	-0.10	0.16
mountains	-0.10	0.24
driving	-0.10	0.27
shape	-0.10	0.63
departure	-0.10	0.15
belief	-0.10	0.53
financial	-0.10	0.35
landlord	-0.10	0.14
lodge	-0.10	0.12
harrison	-0.10	0.28
constituted	-0.10	0.18
carriage	-0.10	0.23
step	-0.10	0.11
george	-0.10	0.61
impressed	-0.10	0.33
forth	-0.10	0.27
destined	-0.10	0.44
gov	-0.10	0.16
subject	-0.10	0.35
climbed	-0.10	0.21
habits	-0.10	0.39
e	-0.10	0.17
johnson	-0.10	0.42
title	-0.10	0.36
superintendent	-0.10	0.15
threw	-0.09	0.26
shawl	-0.09	0.37
tribes	-0.09	0.15
france	-0.09	0.36
long	-0.09	0.29
sailor	-0.09	0.60
francie	-0.09	0.51
passing	-0.09	0.20
staff	-0.09	0.10
temperature	-0.09	0.51
adams	-0.09	0.44
issue	-0.09	0.29
scheme	-0.09	0.33
davis	-0.09	0.24
commanding	-0.09	0.12
retire	-0.09	0.37
commissioner	-0.09	0.18
alfred	-0.09	0.43
butler	-0.09	0.13
expecting	-0.09	0.34
agent	-0.09	0.14
aspect	-0.09	0.35
wall	-0.09	0.24
deck	-0.09	0.17
susan	-0.09	0.82
knees	-0.09	0.57
wives	-0.09	1.04
surely	-0.09	0.64
ashore	-0.09	0.15
signs	-0.09	0.24
many	-0.09	0.75
grow	-0.09	0.45
theme	-0.09	0.71
comes	-0.09	0.56
reflection	-0.09	0.39
following	-0.09	0.67
willis	-0.09	0.38
cloud	-0.09	0.27
flung	-0.08	0.25
tide	-0.08	0.16
harold	-0.08	0.60
boat	-0.08	0.13
bone	-0.08	0.20
le	-0.08	0.64
secretary	-0.08	0.11
exists	-0.08	0.66
points	-0.08	0.32
duke	-0.08	0.36
disagreeable	-0.08	2.07
garments	-0.08	0.42
argument	-0.08	0.35
cap	-0.08	0.35
exclaimed	-0.08	0.73
thrown	-0.08	0.22
cares	-0.08	0.51
craft	-0.08	0.11
law	-0.08	0.56
sharply	-0.08	0.56
women	-0.08	0.89
purpose	-0.08	0.29
stairs	-0.08	0.19
view	-0.08	0.48
frontier	-0.08	0.20
ride	-0.08	0.26
heat	-0.08	0.59
merton	-0.08	0.37
francis	-0.08	0.50
platform	-0.08	0.10
government	-0.07	0.43
bands	-0.07	0.11
warriors	-0.07	0.35
allan	-0.07	0.67
shadows	-0.07	0.36
shook	-0.07	0.73
involved	-0.07	0.47
office	-0.07	0.17
mind	-0.07	0.52
stretched	-0.07	0.25
completely	-0.07	0.29
city	-0.07	0.19
lit	-0.07	0.61
british	-0.07	0.34
ticket	-0.07	0.18
fly	-0.07	0.34
rope	-0.07	0.20
build	-0.07	0.48
princess	-0.07	0.52
commander	-0.07	0.10
confess	-0.07	0.39
robert	-0.07	0.52
lamotte	-0.07	0.33
steps	-0.07	0.18
natural	-0.07	0.53
passengers	-0.07	0.11
hurried	-0.07	0.29
roberts	-0.07	0.30
amendment	-0.07	0.31
castle	-0.07	0.27
frozen	-0.07	0.63
suppose	-0.07	0.65
temperament	-0.07	0.53
improve	-0.07	0.54
get	-0.07	0.61
bellevite	-0.07	0.17
parent	-0.07	1.04
small	-0.06	0.48
prior	-0.06	0.28
today	-0.06	0.41
taxes	-0.06	0.24
board	-0.06	0.09
tall	-0.06	0.67
conscience	-0.06	0.59
king	-0.06	0.40
discharge	-0.06	0.19
steamer	-0.06	0.13
sides	-0.06	0.20
improvements	-0.06	0.33
enforced	-0.06	0.28
retreat	-0.06	0.35
ocean	-0.06	0.21
anxiously	-0.06	0.49
became	-0.06	0.49
bureau	-0.06	0.17
sake	-0.06	1.73
dreaming	-0.06	0.19
offices	-0.06	0.21
instant	-0.06	0.37
pine	-0.06	0.32
enormous	-0.06	0.56
clerk	-0.06	0.12
sweep	-0.06	0.20
ceremony	-0.06	0.11
hesden	-0.06	0.57
quite	-0.06	0.52
drop	-0.05	0.21
drive	-0.05	0.27
becomes	-0.05	0.45
affect	-0.05	0.55
passford	-0.05	0.18
federal	-0.05	0.41
hesitated	-0.05	0.51
silas	-0.05	0.34
province	-0.05	0.26
sweeping	-0.05	0.17
becoming	-0.05	0.64
county	-0.05	0.14
critical	-0.05	0.60
donald	-0.05	0.44
don	-0.05	0.34
mexico	-0.05	0.13
fetch	-0.05	0.24
ronald	-0.05	0.44
map	-0.05	0.48
jefferson	-0.05	0.30
smoking	-0.05	0.22
contract	-0.05	0.22
gravely	-0.05	0.76
examined	-0.05	0.22
pushed	-0.05	0.29
boats	-0.05	0.10
slocum	-0.05	0.24
cleveland	-0.05	0.15
alexander	-0.05	0.59
vessel	-0.05	0.10
examination	-0.05	0.23
ship	-0.05	0.11
steep	-0.05	0.16
bride	-0.04	1.05
mayor	-0.04	0.13
growth	-0.04	0.32
hurrying	-0.04	0.27
hanging	-0.04	0.21
president	-0.04	0.12
end	-0.04	0.15
interfere	-0.04	0.40
track	-0.04	0.09
remote	-0.04	0.22
stranger	-0.04	0.70
kate	-0.04	0.53
stick	-0.04	0.19
abruptly	-0.04	0.35
waves	-0.04	0.31
wine	-0.04	0.35
rules	-0.04	0.41
presidential	-0.04	0.18
coal	-0.04	0.26
crept	-0.04	0.20
pulpit	-0.04	0.13
periods	-0.04	0.30
confessed	-0.04	0.65
hoped	-0.04	0.79
tax	-0.04	0.26
murmured	-0.04	0.89
demanded	-0.04	0.62
hidden	-0.04	0.17
dropped	-0.04	0.23
standing	-0.04	0.31
emperor	-0.04	0.30
investigation	-0.04	0.27
declare	-0.04	0.28
dwelt	-0.04	0.51
percy	-0.04	0.38
constance	-0.04	0.44
stone	-0.04	0.20
significance	-0.04	0.56
somebody	-0.04	0.73
vessels	-0.04	0.08
wharf	-0.04	0.14
assistant	-0.04	0.14
occasional	-0.04	0.19
navy	-0.04	0.17
holcroft	-0.04	0.37
cars	-0.04	0.08
advanced	-0.03	0.11
hitherto	-0.03	0.26
tennessee	-0.03	0.11
idea	-0.03	0.47
stepped	-0.03	0.29
fast	-0.03	0.17
limits	-0.03	0.26
spain	-0.03	0.32
ships	-0.03	0.09
case	-0.03	0.48
strongest	-0.03	0.48
revolutionary	-0.03	0.25
chief	-0.03	0.17
sister	-0.03	1.53
pet	-0.03	0.68
desire	-0.03	0.55
ned	-0.03	0.73
virginia	-0.03	0.20
engineer	-0.03	0.07
extension	-0.03	0.27
grew	-0.03	0.34
driven	-0.03	0.22
previous	-0.03	0.39
heir	-0.03	0.89
profound	-0.03	0.64
losing	-0.03	0.29
details	-0.03	0.43
tied	-0.03	0.23
climb	-0.03	0.15
hid	-0.03	0.15
behavior	-0.03	0.26
contact	-0.03	0.39
corner	-0.03	0.24
seats	-0.03	0.20
whereas	-0.03	0.41
engine	-0.03	0.11
powder	-0.03	0.18
washington	-0.03	0.13
handle	-0.03	0.15
senator	-0.03	0.12
wake	-0.02	0.21
cotton	-0.02	0.27
buy	-0.02	0.29
mary	-0.02	0.84
edge	-0.02	0.18
chairman	-0.02	0.14
captain	-0.02	0.31
reduction	-0.02	0.28
heads	-0.02	0.41
sail	-0.02	0.10
inquire	-0.02	0.24
lost	-0.02	0.29
moves	-0.02	0.31
christ	-0.02	0.51
orleans	-0.02	0.13
task	-0.02	0.70
america	-0.02	0.31
stands	-0.02	0.30
intention	-0.02	0.27
chamber	-0.02	0.25
walks	-0.02	0.35
based	-0.02	0.72
cabinet	-0.02	0.17
majority	-0.02	0.18
maid	-0.02	0.92
shore	-0.02	0.12
judicial	-0.02	0.42
actual	-0.02	0.56
therefore	-0.02	0.46
naval	-0.02	0.16
post	-0.02	0.11
executive	-0.02	0.32
name	-0.02	0.95
minister	-0.02	0.34
lincoln	-0.02	0.09
bay	-0.02	0.10
deeper	-0.02	0.44
leaders	-0.02	0.18
merits	-0.02	0.36
instincts	-0.02	0.55
venture	-0.01	0.22
arrange	-0.01	0.38
refer	-0.01	0.19
chilcote	-0.01	0.51
court	-0.01	0.57
alessandro	-0.01	0.94
getting	-0.01	0.80
resolution	-0.01	0.23
species	-0.01	0.31
window	-0.01	0.24
veranda	-0.01	0.40
whence	-0.01	0.33
smaller	-0.01	0.32
forgotten	-0.01	0.58
harbor	-0.01	0.10
assigned	-0.01	0.17
reported	-0.01	0.20
heroes	-0.01	0.45
seward	-0.01	0.18
ira	-0.01	0.28
wonderfully	-0.01	0.44
rises	-0.01	0.32
question	-0.01	0.28
candidates	-0.01	0.17
specially	-0.01	0.48
appointment	-0.01	0.22
keys	-0.01	0.60
shut	-0.01	0.19
differ	-0.01	0.34
assembly	-0.00	0.18
doors	-0.00	0.19
franklin	-0.00	0.21
senate	-0.00	0.18
behind	-0.00	0.21
table	-0.00	0.29
took	-0.00	0.26
fan	-0.00	0.45
party	-0.00	0.23
republicans	-0.00	0.16
evidence	-0.00	0.39
mrs	-0.00	0.46
increase	-0.00	0.35
miss	-0.00	1.06
regards	-0.00	0.41
coast	-0.00	0.16
habit	-0.00	0.26
vote	-0.00	0.18
stream	-0.00	0.15
encouraged	-0.00	0.26
center	-0.00	0.10
solemnly	-0.00	0.43
stood	0.00	0.36
outside	0.00	0.22
council	0.00	0.20
departments	0.00	0.23
various	0.00	0.74
etc	0.00	0.32
glanced	0.00	0.52
georgia	0.00	0.20
neighbor	0.00	0.77
peter	0.00	0.40
landed	0.00	0.10
united	0.00	0.36
justify	0.00	0.36
passes	0.00	0.24
r	0.00	0.26
bit	0.00	0.54
walk	0.00	0.25
adopted	0.00	0.27
score	0.00	0.23
moving	0.00	0.34
importance	0.00	0.35
march	0.00	0.24
discussion	0.00	0.30
elected	0.00	0.16
room	0.00	0.27
walked	0.01	0.31
intervals	0.01	0.18
doorway	0.01	0.24
republican	0.01	0.19
endless	0.01	0.55
assertion	0.01	0.35
merchant	0.01	0.44
paul	0.01	0.47
hopes	0.01	0.51
ippolito	0.01	0.29
streams	0.01	0.21
locality	0.01	0.18
efforts	0.01	0.19
n	0.01	0.28
election	0.01	0.18
crowd	0.01	0.47
led	0.01	0.15
elevated	0.01	0.15
happens	0.01	0.60
extend	0.01	0.13
secrets	0.01	0.12
democrats	0.01	0.19
seed	0.01	0.69
beach	0.01	0.20
started	0.01	0.35
section	0.01	0.17
h	0.01	0.17
throws	0.01	0.27
hills	0.01	0.32
apt	0.01	0.48
yard	0.01	0.28
treaty	0.01	0.27
earliest	0.01	0.78
members	0.01	0.12
paths	0.01	0.17
cigar	0.01	0.32
couple	0.01	0.29
grant	0.01	0.09
apparently	0.01	0.31
wishing	0.01	0.61
engagement	0.01	0.76
approaching	0.01	0.28
clock	0.01	0.16
sunk	0.02	0.12
outer	0.02	0.21
placing	0.02	0.28
rail	0.02	0.11
tight	0.02	0.31
hunting	0.02	0.38
visitor	0.02	0.26
cross	0.02	0.13
sternly	0.02	0.50
series	0.02	0.77
sacrifice	0.02	0.30
partner	0.02	0.70
defend	0.02	0.38
line	0.02	0.12
family	0.02	1.14
mission	0.02	0.17
dress	0.02	0.58
oath	0.02	0.18
along	0.02	0.19
voted	0.02	0.18
dealing	0.02	0.27
execution	0.02	0.23
personal	0.02	0.56
thrust	0.02	0.24
narrow	0.02	0.11
ii	0.02	0.22
placed	0.02	0.21
jones	0.02	0.46
decline	0.02	0.14
nose	0.02	0.27
c	0.02	0.20
shakes	0.02	0.37
planted	0.02	0.58
democratic	0.02	0.21
military	0.02	0.23
quaint	0.02	0.68
thick	0.02	0.29
pointing	0.02	0.35
remarks	0.02	0.17
capable	0.02	0.57
soldier	0.02	0.38
port	0.02	0.10
direction	0.02	0.12
paused	0.02	0.49
appointed	0.02	0.17
resting	0.03	0.37
stops	0.03	0.32
cared	0.03	1.54
sex	0.03	0.29
exact	0.03	0.34
sits	0.03	0.35
committee	0.03	0.15
revenue	0.03	0.29
robes	0.03	0.35
nest	0.03	0.23
vanished	0.03	0.33
front	0.03	0.21
towards	0.03	0.18
extent	0.03	0.30
believing	0.03	0.43
examples	0.03	0.46
laura	0.03	0.47
descent	0.03	0.23
cries	0.03	0.32
jo	0.03	0.33
drift	0.03	0.16
brass	0.03	0.39
rise	0.03	0.09
bushes	0.03	0.57
management	0.03	0.34
ended	0.03	0.20
midst	0.03	0.57
legislature	0.03	0.19
attend	0.03	0.14
mexican	0.03	0.11
cast	0.03	0.18
submitted	0.03	0.24
beds	0.03	0.22
information	0.03	0.29
opposite	0.03	0.20
sailed	0.03	0.11
local	0.03	0.27
point	0.03	0.13
looking	0.03	0.40
larger	0.03	0.56
evolution	0.03	0.47
agents	0.03	0.12
bills	0.03	0.24
himself	0.03	0.28
speed	0.03	0.12
freight	0.04	0.11
colonies	0.04	0.36
immediately	0.04	0.22
path	0.04	0.11
literally	0.04	0.15
island	0.04	0.11
mail	0.04	0.07
valley	0.04	0.20
rob	0.04	0.34
walking	0.04	0.31
provision	0.04	0.34
shores	0.04	0.13
trains	0.04	0.07
fanny	0.04	0.43
pole	0.04	0.26
bonnet	0.04	0.34
grasp	0.04	0.21
occasionally	0.04	0.26
fastened	0.04	0.20
china	0.04	0.23
lamp	0.04	0.42
western	0.04	0.17
senators	0.04	0.18
covering	0.04	0.18
introduce	0.04	0.25
encourage	0.04	0.40
san	0.04	0.38
sat	0.04	0.33
kentucky	0.04	0.13
forms	0.04	0.32
briefly	0.04	0.22
interview	0.04	0.25
slipped	0.04	0.23
hudson	0.04	0.13
looks	0.04	0.36
tie	0.04	0.13
baltimore	0.04	0.12
backward	0.04	0.16
expedition	0.04	0.26
instead	0.05	0.27
succeeded	0.05	0.31
california	0.05	0.10
determination	0.05	0.28
suggestions	0.05	0.21
merely	0.05	0.25
rendered	0.05	0.20
faculties	0.05	0.33
bridge	0.05	0.09
attempts	0.05	0.20
attended	0.05	0.33
hastily	0.05	0.30
left	0.05	0.52
near	0.05	0.22
insist	0.05	0.24
lie	0.05	0.32
ancestors	0.05	0.54
door	0.05	0.21
submit	0.05	0.18
accordingly	0.05	0.17
attached	0.05	0.13
side	0.05	0.18
opposed	0.05	0.42
previously	0.05	0.45
carry	0.05	0.23
colony	0.05	0.26
become	0.05	0.47
train	0.05	0.09
boldly	0.05	0.23
countries	0.05	0.34
decision	0.05	0.55
traced	0.05	0.23
gentlemen	0.05	0.54
failed	0.05	0.22
convention	0.05	0.16
islands	0.05	0.16
races	0.05	0.15
parlor	0.05	0.24
cultivated	0.05	0.52
civilized	0.05	0.17
prairie	0.05	0.26
territory	0.05	0.19
popular	0.05	0.46
east	0.05	0.13
knee	0.05	0.53
lake	0.05	0.14
reckon	0.05	0.43
florida	0.05	0.12
innocence	0.05	0.49
road	0.05	0.11
declaration	0.06	0.30
loud	0.06	0.34
trace	0.06	0.15
activity	0.06	0.39
governor	0.06	0.29
square	0.06	0.15
avenue	0.06	0.20
covered	0.06	0.22
establish	0.06	0.66
tower	0.06	0.14
reasoning	0.06	0.36
conquest	0.06	0.33
annual	0.06	0.26
whites	0.06	0.15
madam	0.06	0.63
machine	0.06	0.13
major	0.06	0.17
multitude	0.06	0.22
conference	0.06	0.15
glass	0.06	0.26
professional	0.06	0.10
settle	0.06	0.16
built	0.06	0.20
row	0.06	0.19
canal	0.06	0.10
sooner	0.06	0.44
three	0.06	0.41
instruments	0.06	0.14
principles	0.06	0.48
strict	0.06	0.34
asserted	0.06	0.51
pennsylvania	0.06	0.12
proceeding	0.06	0.28
signal	0.06	0.09
curtain	0.06	0.21
joint	0.06	0.12
increased	0.06	0.34
ohio	0.06	0.13
parallel	0.06	0.15
turns	0.06	0.37
stopping	0.06	0.41
hurry	0.06	0.38
short	0.06	0.14
rome	0.06	0.55
grain	0.06	0.36
sentence	0.06	0.24
expressing	0.06	0.44
stage	0.06	0.17
maine	0.06	0.14
provisions	0.06	0.29
carried	0.06	0.19
mist	0.06	0.33
west	0.06	0.13
westbrook	0.06	0.34
positions	0.06	0.16
flow	0.06	0.18
went	0.06	0.37
europe	0.06	0.31
telegraph	0.07	0.13
d	0.07	0.25
acquaintance	0.07	0.48
throwing	0.07	0.23
miles	0.07	0.15
spare	0.07	0.48
fortunately	0.07	0.59
hurriedly	0.07	0.29
resumed	0.07	0.30
gulf	0.07	0.12
delegates	0.07	0.16
orders	0.07	0.10
counter	0.07	0.63
mississippi	0.07	0.13
sink	0.07	0.13
hall	0.07	0.19
street	0.07	0.27
columbia	0.07	0.12
numbers	0.07	0.21
appearance	0.07	0.46
threshold	0.07	0.40
inquiries	0.07	0.18
laughed	0.07	0.73
lawyers	0.07	0.14
lock	0.07	0.24
forming	0.07	0.25
missed	0.07	0.77
iii	0.07	0.20
district	0.07	0.20
clay	0.07	0.16
possibly	0.07	0.64
approach	0.07	0.13
region	0.07	0.24
process	0.07	0.55
plants	0.07	0.61
missouri	0.07	0.13
depend	0.07	0.30
recently	0.07	0.20
joke	0.07	0.37
inquired	0.08	0.72
functions	0.08	0.34
function	0.08	0.37
texas	0.08	0.14
responded	0.08	0.70
roots	0.08	0.58
elections	0.08	0.27
objects	0.08	0.74
ground	0.08	0.21
garrison	0.08	0.21
within	0.08	0.15
brooklyn	0.08	0.12
heights	0.08	0.14
inferior	0.08	0.50
pieces	0.08	0.23
aside	0.08	0.86
batterson	0.08	0.43
open	0.08	0.19
waters	0.08	0.14
quickly	0.08	0.24
y	0.08	0.24
moved	0.08	0.21
rather	0.08	0.42
constitution	0.08	0.41
european	0.08	0.31
mixture	0.08	0.23
bet	0.08	0.40
replied	0.08	0.75
stones	0.08	0.15
continued	0.08	0.64
miners	0.08	0.34
windows	0.08	0.18
cautiously	0.08	0.20
benefit	0.08	0.56
dropping	0.08	0.38
continent	0.08	0.27
rain	0.08	0.54
india	0.08	0.24
creek	0.08	0.13
sheet	0.08	0.17
guardian	0.08	0.62
border	0.08	0.15
character	0.09	0.49
yesterday	0.09	0.14
viii	0.09	0.22
state	0.09	0.24
starts	0.09	0.43
fled	0.09	0.37
relating	0.09	0.82
hearth	0.09	0.59
four	0.09	0.36
flag	0.09	0.09
ministers	0.09	0.20
italian	0.09	0.51
stores	0.09	0.76
speaker	0.09	0.15
mostly	0.09	0.18
madame	0.09	0.62
northern	0.09	0.22
effort	0.09	0.22
representative	0.09	0.18
representatives	0.09	0.20
drawn	0.09	0.21
regiment	0.09	0.18
sentiment	0.09	0.92
educated	0.09	0.49
flat	0.09	0.18
royal	0.09	0.26
conducted	0.09	0.22
husband	0.09	1.48
seas	0.09	0.20
bar	0.09	0.27
dense	0.09	0.30
reason	0.09	0.39
analysis	0.09	0.28
eastern	0.09	0.17
carpet	0.09	0.39
finds	0.09	0.52
looked	0.09	0.66
downward	0.09	0.13
organ	0.09	0.37
purely	0.09	0.30
ages	0.09	0.19
wool	0.09	0.18
entrance	0.09	0.19
landing	0.09	0.09
laid	0.09	0.24
lights	0.09	0.55
turned	0.10	0.44
chinese	0.10	0.18
desk	0.10	0.20
votes	0.10	0.12
cloth	0.10	0.25
salvation	0.10	0.78
swiftly	0.10	0.18
adopt	0.10	0.18
rising	0.10	0.41
respective	0.10	0.24
clover	0.10	0.47
put	0.10	0.22
nine	0.10	0.36
pounds	0.10	0.19
apply	0.10	0.29
few	0.10	0.43
s	0.10	0.29
lifted	0.10	0.27
interval	0.10	0.24
fixed	0.10	0.15
cousin	0.10	1.51
adjoining	0.10	0.21
relative	0.10	0.28
bradford	0.10	0.56
bishop	0.10	0.24
spanish	0.10	0.18
priest	0.10	0.35
domestic	0.10	0.20
forest	0.10	0.33
society	0.10	0.34
caught	0.10	0.33
straight	0.10	0.19
tent	0.10	0.37
standish	0.10	0.57
cleared	0.10	0.15
atlantic	0.10	0.15
move	0.10	0.20
north	0.10	0.15
enthusiasm	0.10	0.90
piazza	0.10	0.23
new	0.10	0.16
chapel	0.10	0.29
customs	0.10	0.26
roof	0.10	0.18
leaning	0.11	0.35
dozen	0.11	0.34
toward	0.11	0.16
revealed	0.11	0.38
bottom	0.11	0.14
queen	0.11	0.43
claims	0.11	0.31
factory	0.11	0.42
limited	0.11	0.40
paris	0.11	0.22
rows	0.11	0.27
southern	0.11	0.17
run	0.11	0.29
constant	0.11	0.60
interested	0.11	0.40
bring	0.11	0.25
independent	0.11	0.56
key	0.11	0.21
x	0.11	0.14
per	0.11	0.18
increasing	0.11	0.46
names	0.11	0.23
du	0.11	0.34
suggestion	0.11	0.20
wrapped	0.11	0.26
amused	0.11	0.28
attention	0.11	0.33
head	0.11	0.42
possibilities	0.11	0.35
philadelphia	0.11	0.10
political	0.11	0.36
added	0.11	0.62
account	0.11	0.29
tradition	0.11	0.56
commission	0.11	0.19
whom	0.11	1.41
gradually	0.11	0.16
manifest	0.11	0.23
brick	0.11	0.24
large	0.11	0.49
iv	0.12	0.19
consideration	0.12	0.33
particulars	0.12	0.37
sand	0.12	0.22
suspended	0.12	0.40
river	0.12	0.11
introduced	0.12	0.15
afterwards	0.12	0.63
depths	0.12	0.30
unto	0.12	0.48
across	0.12	0.15
remaining	0.12	0.11
father	0.12	1.54
egypt	0.12	0.28
stopped	0.12	0.50
carolina	0.12	0.16
proposed	0.12	0.23
parties	0.12	0.18
gleason	0.12	0.22
opening	0.12	0.15
inches	0.12	0.18
bore	0.12	0.21
length	0.12	0.11
leader	0.12	0.13
railway	0.12	0.11
cutting	0.12	0.16
rivers	0.12	0.21
temple	0.12	0.15
follows	0.12	0.39
string	0.12	0.17
convinced	0.12	0.40
improved	0.12	0.49
moreover	0.12	0.43
crosses	0.12	0.36
observation	0.12	0.26
folded	0.12	0.38
constitutional	0.12	0.47
dressing	0.12	0.25
raised	0.12	0.13
establishment	0.12	0.31
practice	0.12	0.30
south	0.12	0.16
falls	0.12	0.27
jesus	0.12	0.55
moment	0.12	0.26
renewed	0.12	0.33
showing	0.12	0.25
glance	0.12	0.28
delight	0.12	0.63
entered	0.12	0.30
strongly	0.12	0.17
match	0.12	0.44
barker	0.12	0.36
enough	0.12	0.53
centre	0.12	0.17
distance	0.12	0.11
beneath	0.12	0.19
calling	0.12	0.44
rates	0.12	0.24
amid	0.12	0.48
managers	0.12	0.21
albany	0.12	0.10
feet	0.13	0.11
machinery	0.13	0.23
egyptian	0.13	0.20
illinois	0.13	0.14
footnote	0.13	0.16
theatre	0.13	0.24
slowly	0.13	0.21
number	0.13	0.24
procession	0.13	0.17
constructed	0.13	0.11
normal	0.13	0.30
men	0.13	0.53
route	0.13	0.13
spread	0.13	0.16
regard	0.13	0.40
exclusively	0.13	0.27
somehow	0.13	0.54
pope	0.13	0.24
widely	0.13	0.17
roads	0.13	0.11
humor	0.13	0.40
dutch	0.13	0.18
compensation	0.13	0.27
abandon	0.13	0.17
instinct	0.13	0.55
develop	0.13	0.29
trunk	0.13	0.33
colonel	0.13	0.30
diamonds	0.13	0.32
reminded	0.13	0.43
rarely	0.13	0.54
chicago	0.13	0.11
borne	0.13	0.25
realm	0.13	0.25
connected	0.14	0.75
marble	0.14	0.24
figures	0.14	0.46
double	0.14	0.21
third	0.14	0.14
opens	0.14	0.26
separated	0.14	0.17
theological	0.14	0.14
clothing	0.14	0.36
choice	0.14	0.31
lieutenant	0.14	0.21
speeches	0.14	0.14
nights	0.14	0.67
fred	0.14	0.63
branches	0.14	0.38
leading	0.14	0.08
rayner	0.14	0.24
americans	0.14	0.22
value	0.14	0.29
stop	0.14	0.48
express	0.14	0.41
priests	0.14	0.17
iron	0.14	0.14
conservative	0.14	0.44
thereby	0.14	0.29
another	0.14	0.14
truscott	0.14	0.23
minor	0.14	0.46
gathering	0.14	0.36
being	0.14	0.39
discovered	0.14	0.60
mass	0.14	0.16
changed	0.14	0.32
york	0.14	0.11
ah	0.14	0.90
wealthy	0.14	0.74
eh	0.14	0.77
districts	0.14	0.16
slip	0.15	0.18
dreams	0.15	0.44
worth	0.15	0.14
servants	0.15	0.59
subsequently	0.15	0.25
almost	0.15	0.30
greater	0.15	0.59
fat	0.15	0.26
chiefly	0.15	0.26
touching	0.15	0.74
nations	0.15	0.22
asked	0.15	0.75
fourteen	0.15	0.29
nay	0.15	0.61
pacific	0.15	0.16
eight	0.15	0.29
seven	0.15	0.30
bowed	0.15	0.64
warning	0.15	0.37
twelve	0.15	0.29
twenty	0.15	0.30
appear	0.15	0.25
thirty	0.15	0.30
six	0.15	0.30
elmore	0.15	0.31
production	0.15	0.31
fifty	0.15	0.26
round	0.15	0.30
travel	0.15	0.11
nonsense	0.15	0.42
sixty	0.15	0.29
sir	0.15	0.70
arrival	0.15	0.19
calls	0.15	0.43
streets	0.15	0.24
deeply	0.15	1.21
extending	0.15	0.09
theology	0.15	0.26
stannard	0.15	0.21
yielded	0.15	0.25
central	0.15	0.15
unless	0.15	0.56
gray	0.15	0.33
crossed	0.15	0.11
changing	0.15	0.21
shows	0.15	0.25
mill	0.15	0.19
forty	0.15	0.28
authorized	0.15	0.14
discover	0.15	0.22
rooms	0.15	0.22
corners	0.15	0.15
legends	0.15	0.32
belong	0.15	0.15
coming	0.15	0.36
channel	0.15	0.11
draws	0.15	0.26
servant	0.15	0.57
prime	0.15	0.18
bronze	0.15	0.18
returned	0.15	0.56
appeals	0.15	0.51
observe	0.15	0.32
evident	0.15	0.34
look	0.16	0.28
hastened	0.16	0.28
frequently	0.16	0.48
plant	0.16	0.66
boston	0.16	0.27
connecticut	0.16	0.18
thirteen	0.16	0.29
traffic	0.16	0.17
science	0.16	0.31
eighteen	0.16	0.28
legitimate	0.16	0.32
thousand	0.16	0.26
sending	0.16	0.23
sixteen	0.16	0.29
nearer	0.16	0.15
around	0.16	0.32
mile	0.16	0.10
disappeared	0.16	0.24
contented	0.16	1.90
runs	0.16	0.38
hundred	0.16	0.27
sea	0.16	0.21
fourth	0.16	0.16
floating	0.16	0.14
doa	0.16	0.48
referred	0.16	0.29
card	0.16	0.20
five	0.16	0.29
mixed	0.16	0.23
cents	0.16	0.18
thither	0.16	0.30
clara	0.16	0.72
eleven	0.16	0.30
expenses	0.16	0.26
brief	0.16	0.23
maryland	0.16	0.17
eagerly	0.16	0.45
second	0.16	0.18
push	0.16	0.17
grimes	0.16	0.58
newport	0.16	0.13
narrative	0.16	1.00
reply	0.16	0.41
ten	0.16	0.29
fifteen	0.16	0.29
explanation	0.16	0.33
stirred	0.16	0.48
clever	0.16	0.58
consider	0.16	0.27
bears	0.16	0.32
crossing	0.16	0.29
brooks	0.16	0.38
successfully	0.16	0.22
endeavor	0.16	0.23
ceased	0.16	0.20
originally	0.17	0.20
sovereign	0.17	0.36
daily	0.17	0.17
leaned	0.17	0.46
satisfaction	0.17	0.66
faces	0.17	0.58
pursue	0.17	0.14
places	0.17	0.13
sit	0.17	0.28
yield	0.17	0.22
waiting	0.17	0.29
lots	0.17	0.56
families	0.17	0.78
boss	0.17	0.36
national	0.17	0.35
neck	0.17	0.49
list	0.17	0.26
matter	0.17	0.36
demands	0.17	0.23
leaving	0.17	0.49
beyond	0.17	0.12
product	0.17	0.27
plan	0.17	0.41
fifth	0.17	0.12
common	0.17	0.63
kinds	0.17	0.38
months	0.17	0.36
descended	0.17	0.23
massachusetts	0.17	0.17
pull	0.17	0.21
advantage	0.17	0.63
either	0.17	0.53
states	0.17	0.35
elizabeth	0.17	1.35
groups	0.17	0.15
each	0.17	0.18
mode	0.17	0.34
answered	0.17	0.74
drew	0.17	0.23
session	0.17	0.17
sign	0.18	0.19
trembled	0.18	0.39
described	0.18	0.51
million	0.18	0.22
speaks	0.18	0.33
yards	0.18	0.13
catch	0.18	0.10
press	0.18	0.16
neither	0.18	0.66
property	0.18	0.31
beating	0.18	0.36
preparation	0.18	0.17
lord	0.18	0.47
earlier	0.18	0.67
upper	0.18	0.10
l	0.18	0.36
governments	0.18	0.44
situated	0.18	0.20
springs	0.18	0.37
passage	0.18	0.14
powers	0.18	0.45
decide	0.18	0.24
matters	0.18	0.41
companions	0.18	0.76
perceived	0.18	0.48
particularly	0.18	0.75
authors	0.18	0.25
b	0.18	0.15
doubtless	0.18	0.45
instrument	0.18	0.17
every	0.18	0.14
voters	0.18	0.18
rate	0.18	0.21
determine	0.18	0.25
area	0.18	0.19
artificial	0.18	0.38
cent	0.19	0.21
hopkins	0.19	0.45
wheat	0.19	0.40
figure	0.19	0.61
hoping	0.19	0.48
play	0.19	0.29
suggested	0.19	0.57
supported	0.19	0.15
measured	0.19	0.12
clouds	0.19	0.36
repeated	0.19	0.70
inner	0.19	0.07
help	0.19	0.60
proportion	0.19	0.34
fro	0.19	0.22
french	0.19	0.27
subjects	0.19	0.32
competition	0.19	0.27
reporter	0.19	0.11
resources	0.19	0.31
holding	0.19	0.27
final	0.19	0.69
approached	0.19	0.46
bosom	0.19	0.68
roman	0.19	0.18
closed	0.19	0.21
induce	0.19	0.26
height	0.20	0.17
monument	0.20	0.23
organization	0.20	0.30
evidently	0.20	0.33
slaves	0.20	0.37
stand	0.20	0.31
performed	0.20	0.16
watching	0.20	0.50
steadily	0.20	0.19
suggest	0.20	0.21
below	0.20	0.07
stole	0.20	0.28
parker	0.20	0.39
voyage	0.20	0.21
railroad	0.20	0.12
spirits	0.20	1.53
ladies	0.20	0.52
extended	0.20	0.09
dispatch	0.20	0.13
mark	0.20	0.35
fix	0.20	0.14
lilian	0.20	0.35
internal	0.20	0.43
tale	0.20	0.72
observer	0.20	0.21
sole	0.20	0.35
promptly	0.20	0.19
brook	0.20	0.24
divided	0.20	0.16
occasion	0.20	0.42
crop	0.20	0.45
london	0.20	0.16
amongst	0.20	0.11
performance	0.20	0.29
average	0.20	0.24
nearly	0.20	0.25
declared	0.20	0.39
pleased	0.20	0.51
locked	0.20	0.18
parts	0.20	0.28
immense	0.20	0.50
shoulders	0.20	0.38
lift	0.20	0.13
mud	0.20	0.26
dream	0.20	0.49
whispered	0.20	0.91
besides	0.20	0.43
pressing	0.20	0.30
judges	0.21	0.50
however	0.21	0.40
continue	0.21	0.22
draw	0.21	0.17
miller	0.21	0.48
income	0.21	0.27
metal	0.21	0.14
neighborhood	0.21	0.34
centuries	0.21	0.22
exchange	0.21	0.13
presence	0.21	0.35
surplus	0.21	0.29
test	0.21	0.50
preaching	0.21	0.30
hold	0.21	0.22
drama	0.21	0.75
dreamed	0.21	0.86
fountain	0.21	0.18
start	0.21	0.21
t	0.21	0.53
claim	0.21	0.20
mirror	0.21	0.14
enter	0.21	0.56
happened	0.21	0.84
waving	0.21	0.29
finally	0.21	0.22
assumed	0.21	0.28
entertained	0.21	0.24
generation	0.21	0.41
high	0.21	0.13
belonging	0.21	0.14
cambridge	0.21	0.12
crops	0.21	0.43
beef	0.22	0.28
themselves	0.22	0.23
related	0.22	0.80
band	0.22	0.31
fishing	0.22	0.19
watched	0.22	0.52
class	0.22	0.35
proceeded	0.22	0.21
pupils	0.22	0.29
handed	0.22	0.15
ancient	0.22	0.25
palace	0.22	0.19
obey	0.22	0.18
marked	0.22	0.76
companies	0.22	0.17
chosen	0.22	0.23
selling	0.22	0.23
wishes	0.22	0.51
authority	0.22	0.64
papers	0.22	0.22
students	0.22	0.12
century	0.22	0.24
endeavored	0.22	0.25
admiration	0.22	1.08
obeyed	0.22	0.16
fish	0.22	0.25
preacher	0.22	0.29
show	0.22	0.24
cards	0.22	0.34
sees	0.22	0.40
rested	0.22	0.25
building	0.22	0.20
private	0.22	0.29
concluded	0.22	0.22
firmly	0.22	0.22
passed	0.23	0.22
doctrine	0.23	0.39
extra	0.23	0.23
priscilla	0.23	0.60
reach	0.23	0.19
leave	0.23	0.46
follow	0.23	0.24
fall	0.23	0.34
depends	0.23	0.64
surface	0.23	0.16
thence	0.23	0.09
ere	0.23	0.21
missionary	0.23	0.22
presented	0.23	0.62
wo	0.23	0.51
directed	0.23	0.16
part	0.23	0.29
college	0.23	0.14
pen	0.23	0.13
consisted	0.23	0.22
exception	0.23	0.28
lately	0.23	0.35
walls	0.23	0.24
seat	0.23	0.38
doctrines	0.23	0.40
turn	0.23	0.26
listened	0.23	0.56
usually	0.23	0.39
institution	0.23	0.22
o	0.23	0.68
strictly	0.23	0.22
group	0.23	0.37
preserved	0.23	0.22
rejected	0.23	0.19
varieties	0.23	0.33
discuss	0.23	0.31
eminent	0.23	0.13
regular	0.23	0.22
undertake	0.23	0.19
service	0.23	0.21
transportation	0.23	0.18
arm	0.23	0.50
trained	0.23	0.14
established	0.23	0.36
personally	0.23	0.48
business	0.23	0.23
catholic	0.23	0.23
mentioned	0.23	0.49
cup	0.23	0.34
acknowledged	0.23	0.57
park	0.23	0.38
trying	0.23	0.26
harvard	0.24	0.14
reads	0.24	0.13
impossible	0.24	0.27
definite	0.24	0.45
hung	0.24	0.29
commonly	0.24	0.32
together	0.24	0.31
itself	0.24	0.19
above	0.24	0.13
remarkable	0.24	1.37
holds	0.24	0.22
th	0.24	0.61
exits	0.24	0.38
separate	0.24	0.24
practical	0.24	0.46
characters	0.24	0.62
gathered	0.24	0.13
era	0.24	0.26
sorts	0.24	1.40
colleges	0.24	0.17
attempted	0.24	0.25
occupy	0.24	0.10
those	0.24	0.48
instructions	0.24	0.12
proved	0.24	0.30
successful	0.24	0.51
element	0.24	0.55
lofty	0.24	0.27
regularly	0.24	0.10
university	0.24	0.14
claimed	0.24	0.22
principle	0.24	0.59
classes	0.24	0.19
pass	0.24	0.31
share	0.24	0.48
silent	0.24	0.36
columns	0.24	0.19
joined	0.24	0.47
lightly	0.24	0.29
agnes	0.24	0.49
future	0.24	0.45
indicated	0.24	0.51
exhibited	0.24	0.39
training	0.24	0.20
meetings	0.24	0.32
snaggs	0.24	0.55
nearest	0.25	0.42
proof	0.25	0.36
zoe	0.25	0.79
brethren	0.25	0.43
due	0.25	0.36
communities	0.25	0.19
lines	0.25	0.17
laughing	0.25	0.59
accompany	0.25	0.34
beaten	0.25	0.24
questioned	0.25	1.00
civilization	0.25	0.29
acted	0.25	0.37
come	0.25	0.47
considering	0.25	0.41
go	0.25	0.46
assembled	0.25	0.11
maybe	0.25	0.44
tried	0.25	0.26
invisible	0.25	0.45
member	0.25	0.20
tables	0.25	0.22
international	0.25	0.29
associated	0.25	0.14
manufacture	0.25	0.22
railways	0.25	0.18
english	0.25	0.26
tin	0.25	0.19
disposed	0.25	0.19
products	0.25	0.25
turning	0.25	0.62
chain	0.25	0.11
back	0.25	0.39
congregation	0.25	0.27
eugene	0.25	0.45
among	0.25	0.33
experience	0.25	0.35
message	0.25	0.11
seems	0.25	0.40
away	0.25	0.37
merchants	0.25	0.16
pan	0.26	0.26
level	0.26	0.17
somewhere	0.26	0.42
latter	0.26	0.33
neighbors	0.26	0.50
water	0.26	0.19
teachers	0.26	0.17
bertie	0.26	0.33
hesitate	0.26	0.30
waited	0.26	0.26
tunnel	0.26	0.35
lead	0.26	0.27
showed	0.26	0.30
nicholas	0.26	0.35
example	0.26	0.54
vanalstyne	0.26	0.34
am	0.26	0.59
friend	0.26	1.36
including	0.26	0.18
plate	0.26	0.25
laying	0.26	0.29
hint	0.26	0.17
cottage	0.26	0.61
distinct	0.26	0.30
take	0.26	0.28
professor	0.26	0.24
republic	0.26	0.33
february	0.26	0.40
1st	0.26	0.32
carefully	0.26	0.17
departed	0.26	0.32
construction	0.26	0.20
oh	0.26	0.79
church	0.26	0.25
considerably	0.26	0.46
workmen	0.26	0.13
careful	0.27	0.21
price	0.27	0.22
july	0.27	0.41
ourselves	0.27	0.19
scientific	0.27	0.25
present	0.27	0.45
wave	0.27	0.30
hamilton	0.27	0.18
prices	0.27	0.21
town	0.27	0.23
ca	0.27	0.47
ice	0.27	0.31
coin	0.27	0.14
fancy	0.27	0.34
period	0.27	0.32
borrowed	0.27	0.21
owners	0.27	0.14
persuaded	0.27	0.28
letter	0.27	0.11
lucy	0.27	0.68
railroads	0.27	0.17
goods	0.27	0.22
economy	0.27	0.51
starting	0.27	0.71
quarter	0.27	0.19
frequent	0.27	0.17
dark	0.27	0.41
schools	0.27	0.14
begin	0.28	0.22
enabled	0.28	0.26
safely	0.28	0.18
veins	0.28	0.55
millions	0.28	0.22
waist	0.28	0.43
manhood	0.28	0.41
boiling	0.28	0.24
namely	0.28	0.34
illustration	0.28	0.23
sound	0.28	0.30
years	0.28	0.35
risen	0.28	0.12
student	0.28	0.18
thing	0.28	0.64
watch	0.28	0.20
mills	0.28	0.16
send	0.28	0.28
realized	0.28	0.57
saint	0.28	0.30
both	0.28	0.41
competent	0.28	0.44
profession	0.28	0.38
displayed	0.28	0.42
shoulder	0.28	0.56
vance	0.28	0.77
remain	0.28	0.26
cities	0.28	0.21
estate	0.28	0.50
philosophy	0.28	0.36
demand	0.28	0.26
academy	0.28	0.14
considerable	0.28	0.64
master	0.28	0.62
admit	0.28	0.31
confederacy	0.28	0.32
later	0.28	0.38
shortly	0.29	0.29
conception	0.29	0.37
lifting	0.29	0.27
faded	0.29	0.42
scott	0.29	0.15
testament	0.29	0.25
heroic	0.29	0.42
silently	0.29	0.52
serving	0.29	0.59
amount	0.29	0.27
history	0.29	0.81
whenever	0.29	0.52
sold	0.29	0.20
creed	0.29	0.36
why	0.29	0.65
inhabitants	0.29	0.26
opened	0.29	0.38
summoned	0.29	0.22
closing	0.29	0.13
continually	0.29	0.23
somewhat	0.29	0.19
clearly	0.29	0.27
superiority	0.29	0.51
heed	0.29	0.21
sell	0.29	0.16
august	0.29	0.43
silk	0.29	0.39
boil	0.29	0.26
italy	0.29	0.35
cover	0.29	0.22
supposed	0.29	0.68
beg	0.29	0.73
grandma	0.29	0.86
again	0.29	0.39
stirring	0.29	0.33
stated	0.29	0.46
rent	0.29	0.20
fathers	0.29	0.71
preferred	0.30	0.39
largest	0.30	0.55
freely	0.30	0.40
wardour	0.30	0.34
agreed	0.30	0.20
text	0.30	0.21
active	0.30	0.51
exit	0.30	0.62
owned	0.30	0.11
twilight	0.30	0.40
limit	0.30	0.39
sleep	0.30	0.39
hayne	0.30	0.19
wondered	0.30	1.46
democracy	0.30	0.55
wide	0.30	0.09
forbidden	0.30	0.13
containing	0.30	0.18
ago	0.30	0.34
date	0.30	0.31
belonged	0.30	0.57
september	0.30	0.42
rival	0.30	0.32
afterward	0.30	0.39
memory	0.30	0.70
quoted	0.30	0.18
land	0.30	0.20
wind	0.30	0.56
sufficiently	0.30	0.23
human	0.30	0.42
washed	0.30	0.28
burrill	0.30	0.39
sight	0.30	0.38
sermon	0.30	0.19
refuse	0.30	0.34
debts	0.31	0.23
discussed	0.31	0.33
snow	0.31	0.60
support	0.31	0.30
payment	0.31	0.26
stir	0.31	0.24
beginning	0.31	0.19
middle	0.31	0.24
leaves	0.31	0.62
half	0.31	0.22
german	0.31	0.23
application	0.31	0.45
newspaper	0.31	0.22
meeting	0.31	0.16
space	0.31	0.19
lasted	0.31	0.29
accomplish	0.31	0.39
induced	0.31	0.26
represented	0.31	0.18
attempt	0.31	0.26
live	0.31	0.49
teaspoonful	0.31	0.23
faithfully	0.31	0.26
exclusive	0.31	0.35
remarked	0.31	0.66
otherwise	0.31	0.40
wages	0.31	0.20
invested	0.31	0.20
plays	0.31	0.32
tastes	0.31	0.35
concern	0.31	0.41
egg	0.31	0.23
regions	0.31	0.21
depended	0.31	0.38
shy	0.31	0.52
rightly	0.31	0.32
fully	0.31	0.34
edward	0.31	0.66
recall	0.31	0.49
commercial	0.31	0.33
employ	0.31	0.24
treasury	0.31	0.23
closely	0.31	0.52
hearing	0.31	0.17
describe	0.32	0.23
flour	0.32	0.23
chances	0.32	0.61
phoenician	0.32	0.17
hand	0.32	0.50
corn	0.32	0.36
constantly	0.32	0.26
steady	0.32	0.46
keeps	0.32	0.51
developed	0.32	0.30
anyhow	0.32	0.48
churches	0.32	0.18
copper	0.32	0.15
dollar	0.32	0.20
supreme	0.32	0.56
visited	0.32	0.50
debt	0.32	0.25
lower	0.32	0.12
request	0.32	0.11
advised	0.32	0.33
darling	0.32	1.16
eleanor	0.32	0.39
allow	0.32	0.35
imagined	0.32	0.92
obligation	0.32	0.48
intellect	0.32	0.35
began	0.32	0.25
wiser	0.32	0.70
dollars	0.32	0.20
first	0.32	0.27
school	0.32	0.13
tools	0.33	0.21
studies	0.33	0.15
soil	0.33	0.58
explain	0.33	0.26
applied	0.33	0.24
trade	0.33	0.22
held	0.33	0.26
ascertained	0.33	0.35
managed	0.33	0.25
glittering	0.33	0.37
fun	0.33	0.42
add	0.33	0.23
aid	0.33	0.45
sum	0.33	0.26
year	0.33	0.29
farther	0.33	0.34
newspapers	0.33	0.21
foundation	0.33	0.29
wet	0.33	0.49
scholars	0.33	0.11
naturally	0.33	0.30
additional	0.33	0.43
studied	0.33	0.16
maiden	0.33	0.88
enterprise	0.33	0.33
sugar	0.33	0.25
grave	0.33	0.32
rang	0.33	0.43
field	0.33	0.23
decided	0.33	0.21
leaf	0.33	0.66
order	0.33	0.24
providing	0.33	0.28
adding	0.33	0.23
fundamental	0.33	0.58
retained	0.33	0.39
note	0.33	0.16
desired	0.34	0.26
stock	0.34	0.19
ruins	0.34	0.35
term	0.34	0.16
honour	0.34	0.28
pepper	0.34	0.24
brought	0.34	0.28
strength	0.34	0.36
salt	0.34	0.22
banks	0.34	0.16
numerous	0.34	0.64
significant	0.34	2.23
saith	0.34	0.60
profits	0.34	0.33
denied	0.34	0.42
resolved	0.34	0.25
reached	0.34	0.24
papa	0.34	0.89
flush	0.34	0.34
poured	0.34	0.27
finger	0.34	0.27
bringing	0.34	0.25
noted	0.34	0.37
lecture	0.34	0.10
assisted	0.34	0.32
going	0.34	0.47
yes	0.34	0.70
myself	0.34	0.39
pay	0.34	0.21
entering	0.34	0.32
original	0.34	0.33
laborers	0.34	0.47
owe	0.34	0.54
pick	0.34	0.26
try	0.34	0.34
played	0.34	0.27
basket	0.34	0.27
youthful	0.35	0.44
indeed	0.35	0.62
night	0.35	0.33
eggs	0.35	0.24
broad	0.35	0.23
milk	0.35	0.26
reader	0.35	0.26
lingered	0.35	0.52
luther	0.35	0.19
directions	0.35	0.32
substitute	0.35	0.60
masses	0.35	0.26
labor	0.35	0.26
effected	0.35	0.55
unable	0.35	0.26
social	0.35	0.51
fund	0.35	0.27
pint	0.35	0.25
preceding	0.35	0.33
visits	0.35	0.26
beat	0.35	0.46
unseen	0.35	0.33
victory	0.35	0.43
jump	0.35	0.48
population	0.35	0.22
sets	0.35	0.39
review	0.35	0.26
propose	0.35	0.28
farm	0.35	0.20
critics	0.35	0.36
philosopher	0.35	0.14
yourself	0.35	0.44
gospel	0.35	0.39
chose	0.35	0.26
carrying	0.35	0.37
address	0.35	0.17
because	0.35	0.73
traces	0.35	0.26
manufacturers	0.35	0.17
instruction	0.35	0.15
novel	0.35	0.85
prominent	0.35	0.25
commerce	0.35	0.23
glimpse	0.36	0.31
study	0.36	0.21
prompt	0.36	0.51
ornament	0.36	0.26
flowing	0.36	0.21
degrees	0.36	0.22
surrounded	0.36	0.36
quart	0.36	0.25
statesman	0.36	0.13
lands	0.36	0.15
forced	0.36	0.27
utterance	0.36	0.22
clasped	0.36	0.67
addressed	0.36	0.26
minutes	0.36	0.21
modern	0.36	0.34
belongs	0.36	0.31
simply	0.36	0.31
intended	0.36	0.25
listening	0.36	0.29
assume	0.36	0.26
capital	0.36	0.28
permitted	0.36	0.28
allen	0.36	0.33
arrived	0.36	0.24
paper	0.36	0.13
destiny	0.36	0.49
minute	0.36	0.15
deemed	0.36	0.35
cabbage	0.36	0.39
farmer	0.36	0.32
compelled	0.37	0.27
dare	0.37	0.46
often	0.37	0.69
articles	0.37	0.30
need	0.37	0.43
easily	0.37	0.36
single	0.37	0.25
principal	0.37	0.34
paid	0.37	0.23
unwilling	0.37	0.28
derived	0.37	0.27
company	0.37	0.19
thus	0.37	0.29
pour	0.37	0.24
uniform	0.37	0.32
letters	0.37	0.13
village	0.37	0.41
erected	0.37	0.21
acres	0.37	0.29
able	0.37	0.27
advise	0.37	0.27
mean	0.37	0.60
residence	0.37	0.37
employed	0.37	0.15
trees	0.37	0.53
inclined	0.37	0.26
call	0.37	0.48
hereafter	0.37	0.32
remains	0.37	0.29
seemed	0.37	0.42
selected	0.37	0.58
compel	0.37	0.22
ventured	0.37	0.42
soon	0.37	0.30
letting	0.37	0.40
paying	0.37	0.22
prayers	0.37	0.44
maintain	0.37	0.85
determined	0.37	0.27
feel	0.37	0.57
wilt	0.37	0.61
permit	0.37	0.32
interesting	0.37	2.00
doubted	0.37	0.91
market	0.38	0.30
wont	0.38	0.30
prefer	0.38	0.22
liked	0.38	1.23
needs	0.38	0.31
labors	0.38	0.35
lend	0.38	0.13
weeks	0.38	0.33
came	0.38	0.64
issued	0.38	0.15
frankly	0.38	0.46
bell	0.38	0.24
mouth	0.38	0.25
consented	0.38	0.23
webster	0.38	0.13
journal	0.38	0.19
individuals	0.38	0.26
january	0.38	0.31
enable	0.38	0.25
hours	0.38	0.32
none	0.38	0.73
possession	0.38	0.30
vital	0.38	0.46
laughs	0.38	0.33
pardon	0.38	0.70
succeed	0.38	0.25
keep	0.38	0.22
primitive	0.38	0.35
dwell	0.38	0.21
jonas	0.38	0.53
cream	0.38	0.26
moments	0.38	0.19
visit	0.38	0.32
hands	0.38	0.51
chin	0.38	0.28
architecture	0.38	0.25
salary	0.38	0.23
sometimes	0.39	0.46
main	0.39	0.39
permission	0.39	0.19
times	0.39	0.25
type	0.39	0.42
religious	0.39	0.38
club	0.39	0.41
scale	0.39	0.23
judgment	0.39	0.48
institutions	0.39	0.52
industrial	0.39	0.31
cathedral	0.39	0.24
expression	0.39	0.40
glowing	0.39	0.54
francisco	0.39	0.30
writers	0.39	0.20
fortunes	0.39	0.36
wherever	0.39	0.43
course	0.39	0.30
god	0.39	0.59
dart	0.39	0.79
profit	0.39	0.38
obliged	0.39	0.29
prove	0.39	0.37
page	0.39	0.27
close	0.39	0.15
means	0.40	0.43
calmly	0.40	0.48
countess	0.40	0.51
calculated	0.40	0.27
wherein	0.40	0.26
divide	0.40	0.33
latin	0.40	0.18
deny	0.40	0.27
pale	0.40	0.29
whose	0.40	0.44
religion	0.40	0.39
butter	0.40	0.27
shown	0.40	0.35
editor	0.40	0.18
bible	0.40	0.24
identity	0.40	0.57
colonial	0.40	0.49
conceived	0.40	0.27
critic	0.40	0.20
extreme	0.40	1.50
seal	0.40	0.27
sort	0.40	0.46
balance	0.40	0.48
pound	0.40	0.27
lowest	0.40	0.14
spend	0.40	0.28
own	0.40	0.26
ears	0.40	0.26
station	0.40	0.33
teddy	0.40	0.47
raising	0.40	0.32
spoke	0.40	0.83
kingdom	0.41	0.31
disposition	0.41	0.35
begged	0.41	0.49
ranks	0.41	0.24
smiling	0.41	0.55
greek	0.41	0.25
doubt	0.41	0.49
illustrations	0.41	0.54
agree	0.41	0.29
deepest	0.41	0.64
library	0.41	0.18
pursued	0.41	0.30
teaching	0.41	0.19
clinging	0.41	0.73
potatoes	0.41	0.32
bend	0.41	0.23
museum	0.41	0.23
honestly	0.41	0.48
reign	0.41	0.34
onward	0.41	0.25
cooper	0.41	0.27
seeing	0.41	0.44
sections	0.41	0.32
accept	0.41	0.13
sounded	0.41	0.28
seem	0.41	0.49
meaning	0.41	0.21
resort	0.41	0.54
intend	0.41	0.36
sphere	0.41	0.24
brings	0.41	0.15
circulation	0.42	0.19
gracie	0.42	0.84
dresses	0.42	0.51
want	0.42	0.52
believes	0.42	0.51
asking	0.42	0.32
speech	0.42	0.14
audience	0.42	0.24
helped	0.42	0.31
whether	0.42	0.42
timber	0.42	0.30
dew	0.42	0.35
rose	0.42	0.32
visible	0.42	0.23
willing	0.42	0.29
alone	0.42	0.46
realize	0.42	0.26
article	0.42	0.24
month	0.42	0.36
characteristic	0.42	0.99
taught	0.42	0.15
people	0.42	0.35
included	0.42	0.34
having	0.42	0.40
requested	0.42	0.25
bending	0.42	0.47
december	0.42	0.36
pines	0.42	0.48
subtle	0.42	0.55
wait	0.42	0.37
vi	0.42	0.59
rings	0.42	0.25
phrase	0.42	0.22
comprehend	0.42	0.27
henderson	0.42	0.25
adventures	0.43	1.01
perceive	0.43	0.24
please	0.43	0.67
although	0.43	0.49
sent	0.43	0.36
colored	0.43	0.32
flashed	0.43	0.43
choose	0.43	0.23
gridley	0.43	0.27
slave	0.43	0.31
gold	0.43	0.24
moral	0.43	0.49
observed	0.43	0.72
dost	0.43	0.60
publication	0.43	0.26
november	0.43	0.35
magazine	0.43	0.31
elsie	0.43	0.90
begun	0.43	0.11
sauce	0.43	0.28
pray	0.43	0.72
let	0.43	0.41
christianity	0.43	0.43
teacher	0.43	0.10
informed	0.43	0.55
playing	0.43	0.36
parting	0.43	0.44
withdrew	0.43	0.30
others	0.43	0.45
agricultural	0.43	0.25
eyes	0.43	0.36
efficient	0.43	0.50
october	0.43	0.37
pupil	0.43	0.10
literature	0.44	0.32
language	0.44	0.12
behalf	0.44	0.42
features	0.44	0.29
plainly	0.44	0.32
vincent	0.44	0.32
bent	0.44	0.47
historical	0.44	0.76
treasure	0.44	0.39
reading	0.44	0.13
ask	0.44	0.48
saving	0.44	0.28
murmur	0.44	0.26
refused	0.44	0.27
individual	0.44	0.43
thread	0.44	0.32
industries	0.44	0.31
thou	0.44	0.60
us	0.44	0.35
cook	0.44	0.28
gently	0.44	0.49
mercy	0.44	0.57
appeared	0.44	0.59
monopoly	0.44	0.32
equally	0.44	0.31
wished	0.44	0.47
answer	0.44	0.38
relations	0.44	0.48
represents	0.45	0.27
fitted	0.45	0.23
response	0.45	0.32
regarded	0.45	0.51
lessons	0.45	0.16
sounds	0.45	0.27
generally	0.45	0.47
christian	0.45	0.35
throne	0.45	0.28
sought	0.45	0.30
april	0.45	0.38
readers	0.45	0.27
adds	0.45	0.40
work	0.45	0.31
taken	0.45	0.26
secret	0.45	0.39
though	0.45	0.83
presume	0.45	0.44
listen	0.45	0.35
bless	0.45	0.89
noticed	0.45	0.86
writer	0.45	0.22
winds	0.45	0.60
acquired	0.45	0.36
word	0.45	0.40
fingers	0.45	0.31
preparations	0.45	0.17
silver	0.45	0.21
certainly	0.46	0.60
formed	0.46	0.34
existence	0.46	0.60
villages	0.46	0.41
print	0.46	0.33
indicate	0.46	0.20
arts	0.46	0.38
heard	0.46	0.50
house	0.46	0.40
tiny	0.46	0.22
printed	0.46	0.23
atmosphere	0.46	0.69
culture	0.46	0.34
portion	0.46	0.46
structure	0.46	0.40
consists	0.46	0.37
writes	0.46	0.16
blanche	0.46	0.55
degree	0.46	0.41
actually	0.46	0.54
published	0.46	0.34
native	0.46	0.31
designed	0.46	0.24
wings	0.46	0.39
shrewd	0.46	0.53
friday	0.47	0.36
saturday	0.47	0.36
write	0.47	0.23
solid	0.47	0.19
fail	0.47	0.26
communication	0.47	0.31
teach	0.47	0.19
mines	0.47	0.21
likely	0.47	0.39
elevation	0.47	0.31
edition	0.47	0.41
helping	0.47	0.40
gather	0.47	0.29
wrote	0.47	0.11
upward	0.47	0.21
designs	0.47	0.28
farmers	0.47	0.39
foreign	0.47	0.35
written	0.47	0.18
invention	0.47	0.35
wanted	0.47	0.62
medium	0.47	0.21
fashion	0.47	0.45
knowledge	0.47	0.27
herbert	0.47	0.63
used	0.47	0.39
autumn	0.47	0.67
prepared	0.47	0.14
twice	0.47	0.51
portions	0.47	0.42
explained	0.47	0.67
executed	0.47	0.39
vigorous	0.47	0.33
admitted	0.47	0.62
longer	0.47	0.28
forget	0.48	0.54
raw	0.48	0.31
spiritual	0.48	0.52
nevertheless	0.48	0.25
innocent	0.48	1.15
important	0.48	1.03
putting	0.48	0.39
vast	0.48	0.48
book	0.48	0.31
felt	0.48	0.67
scene	0.48	0.88
readily	0.48	0.36
assert	0.48	0.45
sunday	0.48	0.27
expressions	0.48	0.63
done	0.48	0.95
mamma	0.48	0.88
considered	0.48	0.41
boiled	0.48	0.32
community	0.48	0.30
towns	0.48	0.40
recognize	0.49	0.33
ready	0.49	0.27
refuge	0.49	0.47
touch	0.49	0.63
shaking	0.49	0.41
called	0.49	0.78
eternity	0.49	0.70
until	0.49	0.26
mood	0.49	0.37
plain	0.49	0.51
rank	0.49	0.23
read	0.49	0.18
manuscript	0.49	0.24
altar	0.49	0.35
speak	0.49	0.63
declined	0.49	0.11
prayed	0.49	0.55
insisted	0.49	0.29
volume	0.49	0.36
latest	0.49	0.75
shall	0.49	0.37
funds	0.49	0.28
met	0.49	0.89
week	0.50	0.37
especially	0.50	0.36
think	0.50	0.63
standard	0.50	0.34
design	0.50	0.35
spoken	0.50	0.76
serve	0.50	0.29
monday	0.50	0.37
set	0.50	0.16
finding	0.50	0.38
talent	0.50	0.42
writings	0.50	0.30
midnight	0.50	0.25
snag	0.50	0.41
conversation	0.50	0.56
promised	0.50	0.26
hour	0.50	0.31
buildings	0.50	0.37
words	0.50	0.20
apartment	0.50	0.39
affections	0.50	0.74
qualities	0.50	0.40
pretend	0.51	0.59
opera	0.51	0.28
seldom	0.51	0.64
oil	0.51	0.30
glow	0.51	0.55
circle	0.51	0.24
bow	0.51	0.28
last	0.51	0.38
flint	0.51	0.29
shade	0.51	0.37
littleton	0.51	0.40
mechanical	0.51	0.43
gave	0.51	0.15
environment	0.51	0.59
sacred	0.51	0.42
agreement	0.51	0.35
use	0.51	0.29
ordinary	0.51	0.43
presently	0.51	0.44
murray	0.51	0.27
living	0.51	0.55
place	0.51	0.26
volumes	0.51	0.42
globe	0.51	0.17
capacity	0.51	0.39
aware	0.51	0.63
success	0.51	0.49
contains	0.51	0.71
reaching	0.52	0.28
imagination	0.52	0.41
dancing	0.52	0.48
household	0.52	0.42
thorough	0.52	0.36
stay	0.52	0.48
except	0.52	0.64
flushed	0.52	0.34
contain	0.52	0.65
dry	0.52	0.53
myrtle	0.52	0.31
pages	0.52	0.38
retired	0.52	0.47
glancing	0.52	0.41
does	0.52	0.47
thinks	0.52	0.63
taking	0.52	0.36
charter	0.52	0.42
nation	0.52	0.37
sale	0.52	0.39
intellectual	0.52	0.41
celebrated	0.52	0.20
doth	0.52	0.46
already	0.52	0.44
continuous	0.52	0.44
accomplished	0.52	0.39
personality	0.52	0.42
drank	0.52	0.49
author	0.52	0.31
here	0.52	0.51
bought	0.52	0.35
depth	0.53	0.41
least	0.53	0.37
books	0.53	0.29
hotel	0.53	0.39
remained	0.53	0.30
uses	0.53	0.34
winter	0.53	0.71
cooking	0.53	0.27
forgive	0.53	0.94
career	0.53	0.41
forehead	0.53	0.33
commenced	0.53	0.25
cut	0.53	0.43
hester	0.53	0.48
walter	0.53	0.64
requires	0.53	0.37
ultimate	0.54	0.74
learn	0.54	0.21
credit	0.54	0.32
obedience	0.54	0.40
faculty	0.54	0.42
cultivation	0.54	0.43
ted	0.54	0.50
break	0.54	0.39
make	0.54	0.31
costume	0.54	0.46
anywhere	0.54	0.60
day	0.54	0.38
morning	0.54	0.34
everything	0.54	0.60
cheeks	0.54	0.29
michael	0.54	0.33
wedding	0.54	0.53
energy	0.54	0.40
variety	0.54	0.47
american	0.54	0.33
florence	0.54	0.35
prevailed	0.54	0.41
proper	0.55	0.59
thank	0.55	0.69
handsome	0.55	0.73
story	0.55	0.58
sufficient	0.55	0.43
bade	0.55	0.36
reserve	0.55	0.70
wanting	0.55	0.40
interests	0.55	0.40
daylight	0.55	0.29
contained	0.55	0.36
sense	0.55	0.46
whole	0.55	0.44
quietly	0.55	0.44
tell	0.55	0.69
join	0.55	0.18
mansion	0.55	0.37
next	0.55	0.37
accepted	0.55	0.24
exceedingly	0.56	0.63
negroes	0.56	0.40
throughout	0.56	0.52
occupied	0.56	0.27
promises	0.56	0.37
m	0.56	0.32
manage	0.56	0.36
education	0.56	0.32
age	0.56	0.43
eve	0.56	0.64
bits	0.56	0.42
offering	0.56	0.14
arrive	0.56	0.25
scholar	0.56	0.24
engaged	0.56	0.31
apples	0.56	0.38
yours	0.56	0.81
give	0.56	0.18
beloved	0.56	1.26
granted	0.56	0.36
introduction	0.56	0.30
singing	0.56	0.61
grass	0.56	0.48
heavens	0.57	0.57
white	0.57	0.46
lived	0.57	1.37
luck	0.57	1.76
hast	0.57	0.62
since	0.57	0.35
carlyle	0.57	0.18
combination	0.57	0.36
lo	0.57	0.25
extremely	0.57	0.56
gain	0.57	0.41
contents	0.57	0.33
manly	0.57	0.54
assure	0.57	0.49
low	0.57	0.34
interior	0.57	0.43
believed	0.57	1.38
quarters	0.57	0.38
circles	0.58	0.45
softly	0.58	0.39
combined	0.58	0.29
unconsciously	0.58	1.00
lowell	0.58	0.24
fill	0.58	0.29
services	0.58	0.35
studying	0.58	0.16
industry	0.58	0.32
bank	0.58	0.36
higher	0.58	0.35
guide	0.58	0.26
hush	0.58	0.38
bread	0.58	0.34
really	0.58	0.57
form	0.58	0.40
begins	0.58	0.34
learning	0.58	0.22
provided	0.58	0.33
shakespeare	0.58	0.27
souls	0.58	0.50
poems	0.58	0.23
till	0.59	0.26
receiving	0.59	0.20
turner	0.59	0.40
disturb	0.59	0.61
statesmen	0.59	0.29
during	0.59	0.58
nobody	0.59	0.80
positive	0.59	0.45
spent	0.59	0.58
assist	0.59	0.25
worship	0.59	0.41
understand	0.59	0.55
representation	0.59	0.50
formerly	0.59	0.30
countrymen	0.59	0.42
eye	0.59	0.34
exactly	0.59	0.55
holy	0.59	0.31
emerson	0.59	0.23
relation	0.59	0.47
easier	0.59	0.64
wealth	0.59	0.55
gleam	0.59	0.44
eat	0.60	0.27
still	0.60	0.40
adventure	0.60	0.59
promise	0.60	0.57
laughter	0.60	0.52
favorite	0.60	0.38
piano	0.60	0.30
saying	0.60	0.65
youth	0.60	0.48
beard	0.60	0.40
masters	0.60	0.28
deep	0.60	0.44
voices	0.61	0.34
saints	0.61	0.58
anyone	0.61	0.75
organized	0.61	0.49
hundreds	0.61	0.48
offer	0.61	0.10
speaking	0.61	0.41
terms	0.61	0.29
substance	0.61	0.55
nature	0.61	0.50
say	0.61	0.63
discipline	0.61	0.36
nor	0.61	0.71
days	0.61	0.59
receive	0.61	0.16
find	0.61	0.35
citizen	0.61	0.43
stories	0.61	0.68
understood	0.61	0.80
quantity	0.62	0.46
slavery	0.62	0.56
blue	0.62	0.44
tells	0.62	0.48
abroad	0.62	0.30
wisely	0.62	0.41
patience	0.62	0.55
meet	0.62	0.33
presents	0.62	0.61
nowhere	0.62	0.44
earthly	0.62	0.55
remember	0.62	0.67
gone	0.62	0.65
select	0.62	0.67
meant	0.62	0.70
wish	0.62	0.42
making	0.62	0.37
triumph	0.62	0.54
basis	0.62	0.76
lulu	0.62	0.66
easy	0.62	0.32
found	0.63	0.74
probably	0.63	0.57
appeal	0.63	0.52
thin	0.63	0.39
lose	0.63	0.27
brown	0.63	0.41
prepare	0.63	0.19
just	0.63	0.73
thee	0.63	0.64
hear	0.63	0.27
corporations	0.63	0.27
once	0.63	0.53
closer	0.63	0.53
longfellow	0.64	0.24
bound	0.64	0.15
ring	0.64	0.49
furniture	0.64	0.28
poets	0.64	0.25
breast	0.64	0.57
reality	0.64	0.50
copy	0.64	0.42
tear	0.64	0.31
novels	0.64	0.58
flavor	0.64	0.57
feast	0.64	0.37
collection	0.64	0.42
sculpture	0.64	0.36
associates	0.64	0.49
trusted	0.64	1.30
offered	0.64	0.16
keeping	0.64	0.39
currency	0.64	0.40
require	0.64	0.32
firm	0.64	0.32
conceive	0.64	0.32
laugh	0.64	0.47
hath	0.65	0.66
neat	0.65	0.59
returns	0.65	0.32
seasons	0.65	0.73
seek	0.65	0.31
revelation	0.65	0.52
retain	0.65	0.50
known	0.65	1.38
tales	0.65	0.64
union	0.65	0.64
allowed	0.65	0.30
makes	0.65	0.32
manufacturing	0.66	0.35
discretion	0.66	0.40
materials	0.66	0.42
deserve	0.66	0.50
things	0.66	0.60
declares	0.66	0.29
expected	0.66	0.48
distinction	0.66	0.36
theirs	0.66	0.35
earn	0.66	0.29
assured	0.66	0.38
lips	0.66	0.37
brush	0.66	0.62
smile	0.66	0.31
greatest	0.67	0.61
noon	0.67	0.31
literary	0.67	0.39
poem	0.67	0.29
needed	0.67	0.34
gifted	0.67	0.40
slender	0.67	0.50
possessed	0.67	0.38
description	0.67	0.55
face	0.67	0.32
famous	0.67	0.30
quality	0.67	0.37
feels	0.67	0.42
polly	0.68	0.47
satisfied	0.68	0.28
passionate	0.68	1.43
thinking	0.68	0.67
accustomed	0.68	0.26
charity	0.68	0.46
striking	0.68	1.30
required	0.68	0.39
reward	0.68	0.39
maintained	0.68	0.46
working	0.68	0.32
exhibition	0.68	0.36
fairy	0.68	0.50
breakfast	0.68	0.32
meat	0.68	0.44
bid	0.69	0.46
fruit	0.69	0.77
arrangements	0.69	0.35
display	0.69	0.31
assistance	0.69	0.25
duty	0.69	0.37
entertain	0.69	0.28
climate	0.69	0.76
breathed	0.69	0.33
ought	0.69	0.52
breathe	0.69	0.61
obtain	0.69	0.39
honorable	0.69	0.44
host	0.69	0.39
june	0.69	0.58
gallery	0.69	0.45
remainder	0.70	0.40
notes	0.70	0.20
while	0.70	0.37
even	0.70	0.64
talked	0.70	1.26
forever	0.70	0.55
pink	0.70	0.46
fiction	0.70	0.61
lesson	0.70	0.29
appetite	0.70	0.42
filled	0.70	0.33
enters	0.70	0.63
contrast	0.70	0.66
brow	0.71	0.32
served	0.71	0.30
thousands	0.71	0.55
image	0.71	0.43
fed	0.71	0.44
noble	0.71	0.41
saw	0.71	1.36
render	0.71	0.52
green	0.71	0.47
universe	0.71	0.64
scenes	0.71	1.07
piece	0.71	0.42
parted	0.71	0.42
writing	0.71	0.30
citizens	0.72	0.36
houses	0.72	0.41
knows	0.72	0.71
setting	0.72	0.25
max	0.72	0.57
believe	0.72	0.65
vivid	0.72	0.88
way	0.72	0.41
most	0.72	0.63
dear	0.72	1.46
far	0.72	0.53
entitled	0.72	0.21
creation	0.72	0.67
friends	0.72	0.71
light	0.72	0.46
spectacle	0.72	0.80
scarlet	0.73	0.44
corporation	0.73	0.33
seen	0.73	0.98
advice	0.73	0.24
prudent	0.73	0.59
verses	0.73	0.27
venice	0.73	0.49
counted	0.73	0.41
weather	0.73	0.78
educational	0.73	0.45
says	0.73	0.37
sovereignty	0.73	0.74
cold	0.73	0.68
completed	0.73	0.48
slope	0.73	0.50
hair	0.73	0.36
rosie	0.73	0.63
merit	0.73	0.36
acceptance	0.73	0.34
sober	0.73	0.59
yellow	0.73	0.42
distinctly	0.74	0.32
perhaps	0.74	0.62
adapted	0.74	0.73
lack	0.74	0.43
yet	0.74	0.66
meal	0.74	0.32
giving	0.74	0.35
sure	0.74	0.47
gil	0.74	0.73
might	0.74	0.51
silence	0.74	0.44
crimson	0.74	0.41
sabbath	0.74	0.29
chicken	0.74	0.51
between	0.74	0.41
late	0.74	0.50
prayer	0.75	0.58
preserve	0.75	0.98
vision	0.75	0.32
protected	0.75	0.41
roses	0.75	0.66
ability	0.75	0.39
approval	0.75	0.67
anything	0.75	0.70
worthy	0.75	0.35
restored	0.75	1.34
admire	0.75	0.61
stayed	0.75	0.57
supper	0.75	0.31
nothing	0.75	0.76
tea	0.76	0.46
talking	0.76	0.63
humble	0.76	0.53
horizon	0.76	0.34
visiting	0.76	0.37
judge	0.76	0.64
art	0.76	0.28
restore	0.76	1.44
privilege	0.76	0.54
greeted	0.76	0.35
hawthorne	0.76	0.46
reflected	0.76	0.33
something	0.76	0.71
statue	0.77	0.45
material	0.77	0.55
cecil	0.77	0.42
thine	0.77	0.72
verse	0.77	0.27
less	0.77	0.50
reputation	0.77	0.39
grandon	0.77	0.37
knew	0.77	1.38
telling	0.78	0.54
inspiration	0.78	0.34
bells	0.78	0.50
early	0.78	0.56
passages	0.78	0.39
outward	0.78	0.54
ringing	0.78	0.43
distinguished	0.78	0.25
recognized	0.78	0.67
whisper	0.78	0.36
worked	0.78	0.30
crowded	0.79	0.55
shake	0.79	0.39
afternoon	0.79	0.58
skill	0.79	0.42
scarcely	0.79	0.60
season	0.79	0.62
available	0.79	0.44
healthy	0.79	0.50
humanity	0.79	0.59
kissed	0.79	1.09
fashionable	0.79	0.34
alive	0.79	1.37
pressed	0.79	0.45
dried	0.79	0.48
world	0.80	0.41
music	0.80	0.32
proud	0.80	0.98
country	0.80	0.47
deprived	0.80	0.54
tenderly	0.80	0.70
return	0.80	0.37
inspired	0.80	0.41
talk	0.80	0.53
subdued	0.80	0.52
honored	0.80	1.05
reasonable	0.80	0.48
floyd	0.80	0.36
virtues	0.81	0.34
acquainted	0.81	0.34
bonds	0.81	0.43
finished	0.81	0.29
shed	0.81	0.28
highly	0.81	0.64
hardly	0.81	0.61
correspondence	0.81	0.38
told	0.81	1.26
chance	0.81	0.48
morality	0.81	0.51
true	0.81	0.40
genuine	0.81	0.57
coffee	0.81	0.49
hot	0.81	0.49
arranged	0.81	0.30
fruits	0.82	0.57
evening	0.82	0.55
understanding	0.82	0.35
earnestly	0.82	1.11
everybody	0.82	0.57
honors	0.83	0.36
knowing	0.83	0.55
answers	0.83	0.34
else	0.83	0.79
praise	0.83	0.41
voice	0.83	0.31
protection	0.83	0.59
wit	0.83	0.36
artists	0.83	0.47
satisfactory	0.83	0.98
breathing	0.83	0.37
illustrated	0.83	0.80
kept	0.83	0.28
unfortunately	0.83	0.25
association	0.83	0.42
thought	0.83	1.30
blood	0.84	0.42
marcia	0.84	0.34
asks	0.84	0.36
prudence	0.84	0.45
prospect	0.84	0.58
equal	0.84	0.52
bearing	0.84	0.39
formal	0.84	0.48
sing	0.84	0.48
won	0.85	0.41
spirit	0.85	0.50
respected	0.85	0.92
money	0.85	0.53
strangers	0.85	0.40
moon	0.85	0.35
purchase	0.85	0.47
hers	0.86	0.57
anybody	0.86	0.70
dawn	0.86	0.43
portrait	0.86	0.49
majesty	0.86	0.38
extensive	0.86	0.77
zeal	0.86	0.59
earnestness	0.86	0.59
existed	0.86	0.35
given	0.86	0.26
virgin	0.86	0.30
offers	0.86	0.47
works	0.87	0.36
secured	0.87	0.39
brave	0.87	1.20
infinite	0.87	0.54
dwelling	0.87	0.42
farewell	0.87	0.35
shout	0.87	0.59
remembered	0.88	1.23
elaborate	0.88	0.44
independence	0.88	0.77
never	0.88	0.76
morn	0.88	0.35
pleasures	0.88	0.52
opportunity	0.88	0.46
perfectly	0.88	0.35
eaten	0.88	0.48
expect	0.89	0.46
countenance	0.89	0.45
paradise	0.89	0.45
supply	0.89	0.63
life	0.89	0.33
lover	0.90	1.22
acquaintances	0.90	0.44
respect	0.90	0.71
hymn	0.90	0.37
learned	0.90	0.42
dinsmore	0.90	0.52
preparing	0.90	0.32
accord	0.90	0.43
poet	0.90	0.36
stately	0.91	0.29
likes	0.91	0.56
received	0.91	0.26
supplied	0.91	0.62
drawing	0.91	0.32
pathetic	0.91	0.70
settlers	0.91	0.48
eating	0.91	0.46
invited	0.91	0.31
clean	0.91	0.49
safety	0.92	0.69
sky	0.92	0.41
heartily	0.92	0.39
wagner	0.92	0.36
devoted	0.92	0.42
rest	0.92	0.47
shining	0.92	0.43
earth	0.92	0.36
truth	0.92	0.62
dance	0.92	0.53
fit	0.92	0.46
refined	0.93	0.70
ray	0.93	0.69
thoughtful	0.93	0.49
varied	0.93	0.87
conspicuous	0.93	0.84
sketch	0.93	0.47
encouragement	0.93	0.36
possess	0.94	0.46
touched	0.94	0.41
necessary	0.94	0.53
heart	0.94	1.35
van	0.94	1.23
sunset	0.94	0.44
suffrage	0.94	0.67
complete	0.94	1.54
fields	0.94	0.60
ever	0.95	1.10
possible	0.95	0.47
dish	0.95	0.50
cheap	0.95	0.41
effective	0.95	0.57
visitors	0.95	0.47
ate	0.95	0.47
genius	0.95	0.44
blessed	0.95	0.34
tone	0.95	0.32
behold	0.95	0.31
colors	0.96	0.38
always	0.96	1.07
indispensable	0.96	0.64
selection	0.96	0.54
song	0.96	0.43
fame	0.97	0.31
eloquent	0.97	0.57
concerned	0.97	1.47
rights	0.97	0.61
sunlight	0.97	0.45
faith	0.97	0.62
respectable	0.97	0.39
paint	0.97	0.58
agreeable	0.97	1.78
composition	0.97	0.39
chopin	0.98	0.36
dramatic	0.98	0.79
filling	0.98	0.37
manners	0.98	0.63
surrounding	0.98	0.60
treasures	0.99	0.17
intelligent	0.99	0.51
furnish	0.99	0.55
provide	0.99	0.51
shelter	0.99	0.38
thy	0.99	0.51
obtained	0.99	0.36
pleasure	0.99	0.56
gifts	0.99	0.25
breath	0.99	0.49
flower	1.00	0.74
manner	1.00	0.33
employment	1.00	0.47
chorus	1.00	0.44
moonlight	1.00	0.52
ear	1.00	0.35
certainty	1.01	1.34
painting	1.01	0.61
rays	1.01	0.44
gives	1.01	0.30
cheek	1.01	0.36
dinner	1.01	0.38
pictures	1.01	0.64
kisses	1.01	0.59
gladly	1.02	0.35
supplies	1.02	0.49
blessing	1.02	0.29
securing	1.02	0.50
afford	1.02	0.41
blossoms	1.02	0.63
smooth	1.02	0.45
intelligence	1.03	0.47
appreciate	1.03	0.26
gained	1.03	0.41
settled	1.03	0.39
everywhere	1.03	0.25
libby	1.03	1.21
partial	1.04	1.40
cheerfully	1.04	0.44
modest	1.04	0.47
simple	1.04	0.36
welfare	1.04	0.54
courage	1.05	0.50
adequate	1.05	0.59
invitation	1.05	0.41
musical	1.05	0.37
loves	1.05	1.43
food	1.05	0.53
privileges	1.05	0.66
usual	1.06	0.45
earnest	1.06	0.49
confidence	1.07	0.82
enthusiastic	1.07	0.51
star	1.07	0.39
garden	1.07	0.62
associations	1.07	1.39
fortune	1.08	1.57
style	1.08	0.44
wonderful	1.08	1.13
sung	1.08	0.36
artist	1.08	0.49
pleasing	1.08	1.71
sensible	1.08	1.14
attained	1.09	0.44
soul	1.09	1.21
color	1.09	0.43
furnished	1.09	0.49
vigor	1.09	0.61
dearest	1.09	1.32
immortal	1.09	0.37
flowers	1.09	0.66
complexion	1.10	0.49
recalled	1.10	1.15
precious	1.10	0.22
divine	1.10	0.43
profitable	1.11	0.97
guest	1.11	0.45
touches	1.11	0.30
clung	1.11	1.04
sang	1.11	0.40
lily	1.11	0.46
painter	1.11	0.57
thanks	1.12	0.44
amusing	1.12	1.11
purple	1.13	0.48
sympathetic	1.13	0.53
hopeful	1.13	1.07
prosperity	1.14	0.52
perpetual	1.14	1.13
utmost	1.14	1.26
probable	1.14	1.61
trip	1.14	0.59
poetry	1.14	0.54
honor	1.14	0.48
gratitude	1.15	1.25
gravity	1.15	0.44
intercourse	1.15	0.46
painted	1.16	0.57
patriotic	1.16	0.45
golden	1.16	0.50
stars	1.16	0.43
ideal	1.17	0.47
guests	1.17	0.46
poetical	1.17	0.30
highest	1.18	0.44
recognition	1.18	0.37
favored	1.18	1.69
shone	1.18	0.41
tones	1.18	0.37
virtue	1.18	0.46
intimate	1.19	0.37
substantial	1.19	0.36
stuff	1.19	1.40
ours	1.19	1.08
also	1.20	1.12
magnificent	1.20	0.55
dignity	1.20	0.49
shine	1.21	0.37
breeze	1.21	0.64
bond	1.22	0.63
dignified	1.22	0.45
loyal	1.22	0.42
wisdom	1.23	0.45
skies	1.23	0.42
lovers	1.23	1.11
songs	1.23	0.49
finish	1.24	0.50
sun	1.24	0.42
patriotism	1.24	0.51
sympathy	1.24	1.21
childhood	1.24	1.07
happily	1.25	1.27
warmly	1.25	0.36
singularly	1.25	0.64
charley	1.26	1.11
faithful	1.26	0.43
embrace	1.27	1.21
convenient	1.27	0.71
spring	1.27	0.63
lunch	1.27	0.48
respects	1.28	1.42
abundance	1.28	1.24
feminine	1.28	0.49
luxury	1.28	0.52
liberty	1.28	0.67
mine	1.28	1.29
suited	1.29	0.79
costly	1.29	0.45
winning	1.29	0.32
anyway	1.30	1.57
ample	1.30	1.21
permanent	1.31	0.69
afforded	1.31	0.46
lives	1.31	1.06
arrangement	1.31	1.20
essential	1.31	1.23
assurance	1.31	0.38
generous	1.32	0.41
melody	1.32	0.39
taste	1.32	0.48
entire	1.33	1.34
universal	1.33	1.30
superior	1.33	1.07
splendid	1.34	0.41
hearts	1.34	1.14
cheer	1.34	0.52
appreciation	1.35	0.54
elegant	1.35	0.54
gift	1.35	0.21
fair	1.36	0.94
affection	1.36	1.18
goodness	1.36	0.48
absolute	1.36	1.32
reverence	1.36	1.20
rare	1.37	0.58
brilliant	1.38	0.81
warm	1.38	0.68
delighted	1.38	0.94
doing	1.38	1.35
honesty	1.39	0.47
better	1.39	1.32
deal	1.39	1.39
splendor	1.39	0.40
abundant	1.40	1.14
ardent	1.40	0.95
eternal	1.40	1.11
courtesy	1.40	0.46
happiness	1.40	0.55
hospitality	1.41	0.46
heavenly	1.43	0.32
charm	1.43	0.61
appropriate	1.43	1.51
comfort	1.43	0.48
air	1.43	0.52
greatness	1.45	0.56
reserved	1.45	1.35
prize	1.46	1.38
sincere	1.46	0.53
glorious	1.47	0.42
homes	1.47	1.11
honest	1.48	1.09
tenderness	1.48	0.98
kindness	1.48	0.63
finest	1.48	0.51
justice	1.48	1.12
bloom	1.48	0.54
suitable	1.49	1.06
home	1.49	1.22
slote	1.49	1.08
secure	1.50	1.10
trust	1.51	1.16
leisure	1.51	0.60
glad	1.52	0.99
gracious	1.52	0.35
gilflory	1.52	1.06
artistic	1.52	0.52
christmas	1.53	1.19
clear	1.53	0.43
dainty	1.53	0.57
welcome	1.53	0.54
enjoyment	1.53	0.54
sunshine	1.53	0.65
hearty	1.53	0.46
joy	1.54	1.07
merry	1.54	1.10
opportunities	1.55	1.40
useful	1.56	1.21
excellence	1.56	0.55
truly	1.56	1.27
calm	1.56	0.47
lively	1.56	1.07
heaven	1.57	0.91
safe	1.57	0.36
violet	1.57	0.91
outline	1.57	0.88
mild	1.58	1.08
rich	1.58	0.46
grateful	1.59	0.46
devotion	1.59	1.01
enjoying	1.60	0.49
prosperous	1.60	1.02
romance	1.61	1.02
gentle	1.61	0.37
familiar	1.61	1.00
occupation	1.61	1.08
equality	1.61	1.12
confident	1.62	0.92
affectionate	1.63	0.43
hope	1.63	0.92
desirable	1.64	1.29
amiable	1.64	0.87
wise	1.64	1.05
unity	1.64	1.12
unusually	1.65	1.08
kindly	1.65	0.39
valuable	1.65	0.92
tender	1.66	0.82
glory	1.66	0.38
model	1.66	0.93
angels	1.66	0.85
entertainment	1.66	1.03
polite	1.68	0.96
friendship	1.71	0.88
summer	1.71	1.25
returning	1.71	1.10
warmth	1.72	0.42
romantic	1.72	0.86
smiles	1.74	0.79
comfortable	1.75	1.02
best	1.75	1.21
win	1.75	0.83
bright	1.77	0.93
fond	1.77	0.77
freedom	1.77	1.01
landscape	1.78	0.95
loving	1.78	0.88
picturesque	1.79	1.08
full	1.79	0.75
security	1.79	0.97
harmony	1.80	0.97
content	1.81	0.88
busy	1.81	1.17
graceful	1.83	0.88
free	1.84	0.91
delicate	1.84	0.85
picture	1.85	0.92
mutual	1.85	0.80
reception	1.85	0.92
joyous	1.86	0.93
ease	1.86	0.85
kiss	1.86	0.82
gardens	1.87	1.05
poetic	1.87	1.03
pleasantly	1.88	1.09
scenery	1.88	0.99
enjoyed	1.88	1.17
angel	1.89	0.72
delicious	1.90	1.01
quiet	1.91	0.84
fresh	1.94	0.88
plenty	1.94	1.25
soft	1.95	0.84
friendly	1.95	0.79
kind	1.96	0.74
cordial	1.97	0.75
gay	1.98	1.00
bliss	1.99	0.93
cheerful	2.02	1.02
simplicity	2.02	0.72
beautiful	2.02	0.82
pure	2.03	0.54
cool	2.03	0.97
peace	2.06	0.74
serene	2.06	0.61
purity	2.09	0.78
wholesome	2.10	1.02
repose	2.10	0.69
sweet	2.11	0.70
enjoy	2.11	0.96
nice	2.12	0.89
attractive	2.15	1.15
sweetness	2.18	0.65
admirable	2.20	0.74
fine	2.24	0.87
peaceful	2.26	0.77
charming	2.28	0.71
grace	2.34	0.67
sunny	2.45	0.91
beauty	2.49	0.62
perfection	2.49	0.76
exquisite	2.50	0.59
