cruelty	-4.32	0.90
terrible	-4.28	1.20
wicked	-4.28	0.92
wretched	-4.21	1.17
cruel	-4.17	0.99
dread	-4.10	0.98
creatures	-3.91	1.14
miserable	-3.86	1.18
awful	-3.85	1.38
ignorant	-3.82	0.60
blind	-3.70	0.69
victims	-3.69	1.13
bloody	-3.67	1.30
dependent	-3.66	1.29
weary	-3.63	1.32
lonely	-3.63	1.39
death	-3.62	1.22
hatred	-3.59	1.36
victim	-3.58	0.95
dreadful	-3.48	1.39
fearful	-3.45	1.43
disaster	-3.39	1.11
selfish	-3.39	0.82
stupid	-3.38	0.60
helpless	-3.35	0.84
brute	-3.31	0.43
agony	-3.30	1.22
poverty	-3.28	0.70
horror	-3.21	1.22
revenge	-3.21	1.13
weak	-3.20	0.98
fate	-3.18	1.40
fierce	-3.18	1.12
dirty	-3.18	0.95
disease	-3.17	1.07
threatening	-3.13	1.24
deed	-3.12	0.94
am	-3.12	1.37
weakness	-3.11	1.03
deadly	-3.11	1.10
evils	-3.10	1.30
uncertain	-3.09	1.27
injustice	-3.07	0.60
bitter	-3.04	1.05
folly	-3.04	0.47
restless	-3.02	1.32
sick	-3.02	0.99
dumb	-3.01	0.83
feeble	-2.97	1.06
vice	-2.96	1.37
dying	-2.96	0.87
fury	-2.96	1.27
despair	-2.94	1.09
opposed	-2.93	1.98
vengeance	-2.93	1.12
ghost	-2.91	1.44
foolish	-2.90	1.08
grim	-2.88	1.62
violence	-2.87	0.74
hungry	-2.87	1.20
bands	-2.87	1.99
vulgar	-2.86	0.40
wrath	-2.86	1.36
consequences	-2.84	1.41
rage	-2.83	1.34
hunger	-2.79	0.40
jealousy	-2.76	1.36
robbed	-2.74	1.63
dull	-2.73	0.79
strife	-2.72	1.35
slavery	-2.72	1.92
mad	-2.71	1.29
careless	-2.68	1.13
sad	-2.67	1.29
misery	-2.65	0.48
curse	-2.65	1.19
solitary	-2.65	1.70
suffering	-2.64	0.38
bitterness	-2.63	1.29
corruption	-2.63	0.64
tragedy	-2.63	1.84
furious	-2.62	0.79
fear	-2.61	1.19
rescue	-2.60	1.66
cunning	-2.59	0.54
hopeless	-2.59	0.60
destruction	-2.58	0.66
ill	-2.58	1.42
beast	-2.57	0.55
silly	-2.57	0.85
base	-2.57	0.48
scorn	-2.57	1.48
inferior	-2.57	1.70
condition	-2.56	1.22
jealous	-2.55	1.43
struggling	-2.55	1.18
illness	-2.54	0.47
ignorance	-2.53	0.50
relieve	-2.52	1.18
harsh	-2.52	1.65
inherited	-2.52	1.48
terror	-2.51	0.85
rebellion	-2.51	0.62
belonged	-2.50	1.76
woe	-2.50	1.20
griggs	-2.49	1.78
cried	-2.48	1.59
ruin	-2.47	0.53
ugly	-2.46	1.70
crying	-2.45	1.38
threatened	-2.45	0.55
enemies	-2.44	1.47
crime	-2.44	0.49
sickness	-2.44	0.34
mysterious	-2.43	1.78
weeping	-2.42	1.18
sin	-2.42	1.27
shame	-2.39	0.62
murder	-2.38	0.45
sighed	-2.37	1.57
influences	-2.37	1.66
sadly	-2.37	1.32
shotaye	-2.36	1.48
abraham	-2.35	1.81
hard	-2.35	1.53
influence	-2.33	1.82
creature	-2.33	1.23
unworthy	-2.33	0.50
mischief	-2.33	1.58
worse	-2.33	1.50
deserted	-2.32	0.76
partisan	-2.30	1.68
suffered	-2.30	0.48
unlike	-2.29	1.99
reminded	-2.28	1.80
fever	-2.27	0.46
bitterly	-2.25	1.14
tyope	-2.24	1.58
distress	-2.24	0.44
savages	-2.24	0.68
motives	-2.23	1.58
loss	-2.23	0.49
wounds	-2.22	0.37
cares	-2.22	1.54
severe	-2.21	0.49
savage	-2.19	0.61
tremendous	-2.18	0.83
cure	-2.18	0.52
dangerous	-2.17	1.99
peril	-2.16	0.78
injury	-2.15	0.50
worst	-2.15	1.82
neglect	-2.14	0.45
passions	-2.14	0.77
fatal	-2.14	0.66
lots	-2.13	1.81
insane	-2.12	0.31
anger	-2.12	1.26
anguish	-2.11	0.91
painful	-2.08	1.94
utterly	-2.07	0.54
suffer	-2.07	0.50
ruined	-2.07	0.59
accident	-2.07	0.53
wrong	-2.06	1.66
disgrace	-2.03	0.49
absurd	-2.03	0.38
causes	-2.03	0.60
patients	-2.02	0.55
roused	-2.01	0.80
tired	-2.01	0.83
remedy	-1.99	0.43
aged	-1.99	1.62
inevitable	-1.98	0.63
sore	-1.97	0.49
toil	-1.97	0.35
spite	-1.97	0.47
doubtful	-1.96	1.58
idle	-1.96	0.46
temptation	-1.96	1.83
gloomy	-1.95	0.71
blow	-1.94	0.68
reckless	-1.94	0.58
danger	-1.94	0.67
execution	-1.94	0.49
suspect	-1.94	1.70
sex	-1.91	1.70
punishment	-1.90	0.53
committed	-1.90	0.52
suspicious	-1.89	1.63
misfortune	-1.88	0.56
slaves	-1.88	0.49
violent	-1.88	0.67
coarse	-1.88	0.65
commit	-1.87	0.48
foes	-1.87	0.75
effects	-1.87	0.89
pain	-1.85	0.88
hospital	-1.84	0.51
animal	-1.83	0.64
indifferent	-1.83	0.46
beasts	-1.83	0.60
gang	-1.83	0.42
damage	-1.83	0.44
serious	-1.83	0.51
wars	-1.82	0.86
sometimes	-1.82	1.92
rude	-1.81	0.44
born	-1.81	1.61
wreck	-1.81	0.45
cry	-1.81	0.58
petty	-1.80	1.13
disappointment	-1.80	0.78
treatment	-1.79	0.27
poison	-1.79	0.39
shock	-1.79	0.54
escaped	-1.78	0.59
utter	-1.77	0.72
lot	-1.76	2.01
stuff	-1.76	1.98
suspicion	-1.76	0.96
error	-1.76	0.62
killed	-1.75	0.36
defeat	-1.75	0.54
fighting	-1.75	0.70
habits	-1.75	1.93
sudden	-1.75	0.78
job	-1.74	2.03
lest	-1.74	0.57
blows	-1.73	0.71
prejudice	-1.72	1.02
sole	-1.72	2.21
crimes	-1.72	0.46
conflict	-1.72	0.81
physician	-1.71	0.51
wounded	-1.70	0.45
wasted	-1.69	0.62
indignation	-1.69	1.30
warfare	-1.68	0.80
temper	-1.67	1.87
female	-1.67	1.83
storm	-1.67	0.89
sharp	-1.67	0.74
bear	-1.66	0.42
sorrow	-1.66	0.92
dangers	-1.65	0.64
foe	-1.65	0.77
alarm	-1.65	0.64
prisoner	-1.64	0.34
children	-1.63	1.69
fears	-1.63	0.63
saved	-1.62	0.58
ashamed	-1.62	0.59
angry	-1.62	0.73
cases	-1.61	0.43
abuse	-1.61	0.61
vanity	-1.61	0.89
condemned	-1.61	0.42
surgeon	-1.60	0.50
caused	-1.60	0.40
nervous	-1.60	0.61
living	-1.60	1.61
quarrel	-1.59	0.82
gasped	-1.59	0.74
contempt	-1.58	1.18
animals	-1.57	0.65
criminal	-1.57	0.32
battle	-1.54	0.67
bullet	-1.53	0.52
slave	-1.53	0.63
struggle	-1.53	0.72
guilty	-1.53	0.43
desert	-1.52	0.83
alleged	-1.52	0.36
endure	-1.52	0.45
lion	-1.52	0.40
wound	-1.52	0.21
wrought	-1.51	0.61
sensation	-1.51	1.87
faced	-1.51	0.43
dog	-1.51	0.59
sword	-1.51	0.60
humble	-1.50	1.70
cause	-1.50	0.35
burden	-1.50	0.38
opponents	-1.49	0.70
dismay	-1.49	0.92
strange	-1.49	2.13
medicine	-1.48	0.53
useless	-1.47	0.40
vivid	-1.47	2.23
against	-1.47	0.69
child	-1.47	1.79
arrest	-1.46	0.34
negroes	-1.46	0.39
physicians	-1.46	0.45
yorick	-1.45	1.91
patient	-1.44	0.48
mob	-1.44	0.38
aroused	-1.43	0.90
amazement	-1.43	0.80
war	-1.43	0.69
absence	-1.42	0.44
contest	-1.42	0.79
crept	-1.41	0.40
arrested	-1.41	0.32
liked	-1.40	1.78
risk	-1.39	0.51
formidable	-1.39	0.79
grief	-1.38	1.21
midst	-1.38	0.60
despite	-1.38	0.59
fight	-1.37	0.73
injured	-1.36	0.22
apprehension	-1.36	0.70
trembling	-1.36	0.44
consequence	-1.36	0.46
ambition	-1.35	1.06
alice	-1.34	1.93
jail	-1.34	0.28
boy	-1.34	1.76
effect	-1.32	0.79
unconscious	-1.32	0.44
too	-1.32	0.70
confessed	-1.30	0.39
weapon	-1.30	0.58
knew	-1.29	1.80
severely	-1.29	0.24
die	-1.29	0.54
crisis	-1.28	0.49
exclaimed	-1.28	1.10
accused	-1.28	0.34
exposed	-1.28	0.65
absolutely	-1.27	0.51
muttered	-1.27	1.01
impatience	-1.27	1.06
walton	-1.27	1.94
dead	-1.26	0.60
murmured	-1.26	1.05
prison	-1.26	0.38
neglected	-1.26	0.50
shot	-1.25	0.56
enemy	-1.25	0.63
defeated	-1.25	0.46
policeman	-1.25	0.33
whispered	-1.24	1.03
remarked	-1.24	1.06
troubles	-1.24	0.44
anxiety	-1.24	0.70
astonishment	-1.23	0.80
beings	-1.23	0.63
gloom	-1.23	0.63
necessarily	-1.22	0.44
attacked	-1.22	0.28
ridiculous	-1.20	0.64
confess	-1.20	0.38
confused	-1.20	0.43
thoughtfully	-1.20	0.81
struggled	-1.20	0.43
commonly	-1.20	0.46
doubts	-1.19	0.52
medical	-1.19	0.45
colored	-1.19	0.65
failure	-1.19	0.65
bare	-1.19	0.65
sentence	-1.18	0.40
powerful	-1.18	0.79
tribe	-1.18	0.46
cat	-1.18	0.59
badly	-1.18	0.33
widow	-1.17	1.74
opposition	-1.17	0.64
trusted	-1.17	1.62
superiority	-1.17	0.67
drowned	-1.17	0.33
fault	-1.16	0.58
replied	-1.15	0.97
difficulties	-1.15	0.48
knife	-1.15	0.58
trifle	-1.15	0.50
charged	-1.15	0.32
demanded	-1.15	0.88
answered	-1.15	1.01
wilderness	-1.15	0.62
hostile	-1.15	0.81
radical	-1.14	0.62
fashion	-1.14	0.37
multitude	-1.14	0.43
fired	-1.13	0.64
pistol	-1.13	0.61
gun	-1.13	0.63
limbs	-1.12	0.68
seized	-1.12	0.32
repeated	-1.12	0.92
exhausted	-1.12	0.63
suggested	-1.12	0.93
asked	-1.11	0.98
ancestors	-1.11	0.35
firing	-1.11	0.65
killing	-1.11	0.34
added	-1.11	0.91
wholly	-1.11	0.44
fought	-1.11	0.58
rifle	-1.10	0.61
almost	-1.10	0.50
overcome	-1.10	0.60
lightning	-1.09	0.81
charge	-1.09	0.30
wolf	-1.09	0.39
indians	-1.08	0.50
bull	-1.08	0.33
rival	-1.08	0.93
indifference	-1.08	0.81
destiny	-1.07	0.49
unknown	-1.07	0.29
wild	-1.07	0.73
final	-1.07	0.71
taxation	-1.07	0.52
admired	-1.06	1.74
inquired	-1.06	0.99
impatiently	-1.06	0.80
gale	-1.06	0.89
tendency	-1.06	0.62
rough	-1.06	0.67
uttered	-1.06	0.48
distant	-1.05	0.54
nurse	-1.05	1.07
crazy	-1.05	0.61
corners	-1.04	0.74
pains	-1.04	0.45
literally	-1.04	0.27
smiled	-1.04	1.01
recovered	-1.04	0.61
dash	-1.03	0.56
surrender	-1.03	0.44
aim	-1.03	0.69
feed	-1.03	0.51
awe	-1.03	0.89
continued	-1.02	0.90
false	-1.02	0.52
interrupted	-1.02	0.97
hired	-1.02	0.49
prisoners	-1.02	0.16
died	-1.02	1.19
species	-1.02	0.47
battles	-1.01	0.78
vague	-1.00	0.53
pierce	-1.00	0.63
stern	-1.00	0.62
revolution	-1.00	0.47
faults	-1.00	0.48
purely	-1.00	0.82
sins	-1.00	0.61
arise	-1.00	0.46
fed	-1.00	0.57
exceedingly	-0.99	0.54
result	-0.99	0.58
cries	-0.99	0.51
urged	-0.99	0.66
owing	-0.99	0.37
faint	-0.99	0.77
walks	-0.98	0.75
armed	-0.98	0.54
worn	-0.98	0.70
returned	-0.98	0.92
kill	-0.97	0.44
nodded	-0.97	0.92
circumstances	-0.97	0.62
agency	-0.96	0.39
brings	-0.96	0.47
bird	-0.96	0.76
released	-0.96	0.18
extremely	-0.96	0.57
deer	-0.95	0.32
satisfy	-0.95	0.40
okoya	-0.95	0.86
liable	-0.95	0.67
frightened	-0.95	0.33
whip	-0.94	0.26
waste	-0.94	0.53
harm	-0.94	0.59
bewildered	-0.94	0.34
alarmed	-0.94	0.29
forces	-0.94	0.83
laughed	-0.93	1.05
responded	-0.93	0.95
explained	-0.93	0.88
openly	-0.93	0.38
alas	-0.93	1.89
stroke	-0.93	0.47
largely	-0.93	0.40
trick	-0.92	0.60
detective	-0.92	0.40
situation	-0.92	0.25
depend	-0.92	0.55
burnam	-0.92	0.36
lone	-0.92	0.73
acts	-0.91	0.55
captured	-0.90	0.18
mainly	-0.90	0.35
passford	-0.90	0.43
president	-0.90	0.62
frame	-0.90	0.54
regret	-0.90	1.13
agitation	-0.89	0.63
interference	-0.89	0.43
positively	-0.89	0.38
jury	-0.89	0.28
sprang	-0.89	0.49
capture	-0.88	0.26
superior	-0.88	0.51
impatient	-0.88	0.32
sheep	-0.88	0.37
melancholy	-0.88	0.57
lean	-0.88	0.76
empty	-0.88	0.59
pressure	-0.88	0.73
block	-0.87	0.50
encountered	-0.87	0.54
physical	-0.87	0.63
luke	-0.86	0.56
saving	-0.86	0.42
seriously	-0.86	0.45
controversy	-0.86	0.63
unseen	-0.86	0.41
blank	-0.86	0.44
spirits	-0.85	1.76
chairman	-0.85	0.63
amid	-0.85	0.54
cliffs	-0.85	0.73
beaten	-0.85	0.35
driven	-0.84	0.47
happens	-0.84	0.59
trouble	-0.84	0.49
leap	-0.84	0.51
fiery	-0.84	0.89
warriors	-0.84	0.41
ultimate	-0.84	0.81
mystery	-0.84	1.00
suspected	-0.84	0.96
trial	-0.84	0.27
quite	-0.84	0.58
shouted	-0.84	0.72
results	-0.84	0.52
complaint	-0.84	0.23
dies	-0.83	0.55
considerations	-0.83	0.74
harder	-0.83	0.75
couple	-0.82	1.21
delay	-0.82	0.25
tribes	-0.82	0.35
purposes	-0.82	0.73
chances	-0.82	0.61
assault	-0.82	0.26
dogs	-0.82	0.38
disagreeable	-0.81	2.12
folk	-0.81	0.61
mortal	-0.81	0.71
fat	-0.81	0.62
relieved	-0.81	0.30
indian	-0.81	0.27
endless	-0.80	0.75
vain	-0.80	0.41
makes	-0.80	0.44
desires	-0.80	0.60
shook	-0.80	0.80
force	-0.80	0.81
mother	-0.80	1.82
ones	-0.80	0.88
naked	-0.80	0.46
partly	-0.80	0.47
teeth	-0.79	0.41
weapons	-0.79	0.49
infant	-0.79	0.98
reform	-0.79	0.53
donald	-0.79	0.30
surprise	-0.79	0.79
pike	-0.79	0.57
revolver	-0.79	0.37
faintly	-0.79	0.68
felt	-0.78	0.67
because	-0.78	0.83
negro	-0.78	0.67
traced	-0.78	0.38
crushed	-0.78	0.21
flashed	-0.78	0.61
owned	-0.77	0.62
male	-0.77	0.77
rush	-0.77	0.54
andy	-0.77	0.48
hollow	-0.77	0.48
borne	-0.77	0.24
remote	-0.77	0.45
buffalo	-0.76	0.25
civil	-0.76	0.57
alike	-0.76	0.45
frequent	-0.76	0.38
randolph	-0.76	0.47
depended	-0.75	0.66
johnson	-0.75	0.48
solely	-0.75	0.46
personally	-0.75	0.63
stress	-0.75	0.74
sheriff	-0.74	0.13
occasions	-0.74	0.40
destroyed	-0.74	0.35
race	-0.74	0.57
peasant	-0.73	0.71
matthew	-0.73	0.49
violently	-0.73	0.44
desperate	-0.73	1.82
disappointed	-0.73	0.41
albert	-0.73	0.45
cow	-0.73	0.37
wildly	-0.73	0.45
seeming	-0.73	0.64
observed	-0.72	0.73
rejected	-0.72	0.58
pair	-0.72	0.67
youthful	-0.72	1.72
don	-0.72	0.37
occur	-0.72	0.53
represent	-0.71	0.38
adoption	-0.71	0.60
spoke	-0.71	0.82
races	-0.70	0.42
discharged	-0.70	0.28
rand	-0.70	0.55
forgot	-0.70	0.78
drift	-0.70	0.53
thief	-0.69	0.53
birth	-0.69	1.01
hasty	-0.69	0.34
strikes	-0.69	0.54
fellows	-0.68	0.71
politicians	-0.68	0.20
drunk	-0.68	0.37
labor	-0.68	0.27
trembled	-0.68	0.32
escape	-0.68	0.39
crowded	-0.68	0.44
women	-0.67	0.97
calling	-0.67	0.69
christy	-0.67	0.23
awfully	-0.67	0.66
meredith	-0.67	0.53
armies	-0.67	0.31
plunged	-0.67	0.28
bits	-0.67	0.38
dearest	-0.66	1.86
pronounced	-0.66	0.42
heavy	-0.66	0.44
woman	-0.66	1.72
startling	-0.66	0.91
slain	-0.65	0.44
produced	-0.65	0.53
stirring	-0.65	0.73
long	-0.65	0.91
conditions	-0.65	0.54
cows	-0.65	0.38
altogether	-0.65	0.37
flames	-0.65	0.90
answering	-0.65	0.29
striving	-0.65	0.42
jr	-0.65	0.53
witnesses	-0.65	0.19
horse	-0.64	0.31
guns	-0.64	0.38
band	-0.64	0.40
warrant	-0.64	0.22
attack	-0.64	0.28
charges	-0.64	0.29
everywhere	-0.64	0.58
teddy	-0.64	0.52
impressions	-0.64	0.64
unfortunately	-0.63	2.23
favored	-0.63	2.34
odd	-0.63	0.74
missed	-0.63	0.48
insisted	-0.63	0.52
missing	-0.63	0.31
fred	-0.62	0.50
tammany	-0.62	0.26
extreme	-0.62	0.31
hurt	-0.62	0.47
feel	-0.62	0.54
weight	-0.62	0.55
baby	-0.62	1.18
burst	-0.62	0.37
possibility	-0.62	0.49
streets	-0.62	0.47
confession	-0.62	0.58
favor	-0.61	0.54
wonder	-0.61	0.60
difficult	-0.61	0.79
talking	-0.61	0.82
dalrymple	-0.61	0.58
avoided	-0.61	0.46
defense	-0.61	0.30
supported	-0.60	0.45
doctor	-0.60	0.41
frequently	-0.60	0.61
dismissed	-0.60	0.10
rather	-0.60	0.49
based	-0.60	0.52
leaders	-0.60	0.51
afraid	-0.60	0.59
politician	-0.59	0.52
plot	-0.59	0.53
care	-0.59	0.99
glanced	-0.59	0.64
fortunately	-0.59	0.58
judged	-0.59	0.42
knowing	-0.59	0.80
dispute	-0.59	0.62
broke	-0.59	0.50
reasons	-0.59	0.51
constitutional	-0.59	0.61
adams	-0.58	0.44
retreat	-0.58	0.23
adam	-0.58	0.38
bit	-0.58	0.64
responsibility	-0.58	0.51
wandered	-0.58	0.51
troubled	-0.58	0.43
existing	-0.58	0.33
hush	-0.57	0.55
local	-0.57	0.60
spell	-0.57	0.49
impression	-0.57	0.59
particularly	-0.57	0.60
revolutionary	-0.57	0.32
really	-0.57	0.80
sorry	-0.57	0.66
used	-0.57	0.72
fled	-0.57	0.19
heels	-0.57	0.26
tail	-0.56	0.39
belong	-0.56	0.52
affected	-0.56	0.30
control	-0.56	0.56
campaign	-0.56	0.34
hannock	-0.56	0.60
fish	-0.56	0.51
customs	-0.56	0.63
army	-0.56	0.22
oath	-0.56	0.48
invalid	-0.56	0.55
sounded	-0.56	0.42
originally	-0.55	0.39
cattle	-0.55	0.34
torn	-0.55	0.29
confederate	-0.55	0.16
attorney	-0.55	0.15
experienced	-0.55	0.46
resistance	-0.55	0.48
struck	-0.55	0.30
shoot	-0.55	0.27
flesh	-0.55	0.33
speculation	-0.54	0.33
nerves	-0.54	0.42
awkward	-0.54	0.54
witness	-0.54	0.13
failing	-0.54	0.55
ross	-0.54	0.40
entirely	-0.54	0.33
heavily	-0.54	0.47
queer	-0.54	1.78
confusion	-0.54	0.50
disturbed	-0.54	0.36
steward	-0.54	0.26
horses	-0.53	0.24
slightest	-0.53	0.35
cell	-0.53	0.39
pet	-0.53	0.56
comrades	-0.53	0.53
cannon	-0.53	0.30
occasional	-0.53	0.35
northwick	-0.52	0.61
blame	-0.52	0.64
discipline	-0.52	0.59
comparison	-0.52	0.18
affairs	-0.52	0.26
curiously	-0.52	0.40
sorts	-0.52	0.77
andrew	-0.52	0.45
successfully	-0.52	0.48
fro	-0.52	0.46
slow	-0.52	0.66
motionless	-0.52	0.38
strain	-0.52	0.24
undoubtedly	-0.52	0.38
motive	-0.51	0.73
puzzled	-0.51	0.37
immediate	-0.51	0.54
shaken	-0.51	0.26
spaniards	-0.51	0.23
calmly	-0.51	0.60
dwelling	-0.51	0.65
concluded	-0.51	0.50
jack	-0.51	0.73
spot	-0.51	0.48
flash	-0.50	0.60
manifest	-0.50	0.34
joint	-0.50	0.48
somehow	-0.50	0.57
garments	-0.50	0.59
wages	-0.50	0.35
resist	-0.50	0.51
encounter	-0.50	0.46
salome	-0.50	0.86
caught	-0.50	0.19
garrison	-0.49	0.17
agricultural	-0.49	0.49
hesitation	-0.49	0.32
eagle	-0.49	0.26
flood	-0.49	0.68
soldiers	-0.49	0.15
case	-0.49	0.22
play	-0.49	0.58
solitude	-0.49	0.70
noticed	-0.49	0.89
tim	-0.49	0.56
without	-0.49	0.28
curiosity	-0.49	0.85
commander	-0.49	0.17
stage	-0.49	0.68
molly	-0.49	0.58
rid	-0.49	0.31
surroundings	-0.48	0.60
called	-0.48	0.67
debate	-0.48	0.32
shouting	-0.48	0.65
approaching	-0.48	0.32
political	-0.48	0.60
telling	-0.48	0.82
invariably	-0.48	0.25
compared	-0.48	0.29
straw	-0.47	0.52
whereas	-0.47	0.50
either	-0.47	0.82
guided	-0.47	0.53
morgan	-0.47	0.39
persons	-0.47	0.56
troops	-0.47	0.21
keenly	-0.47	0.29
bein	-0.47	0.65
stared	-0.47	0.58
unnecessary	-0.47	0.20
performance	-0.47	0.62
tastes	-0.47	0.68
exercised	-0.47	0.56
often	-0.47	0.77
heap	-0.47	0.51
anxiously	-0.46	0.38
excited	-0.46	0.55
drove	-0.46	0.21
leg	-0.46	0.21
spy	-0.46	0.16
how	-0.46	0.72
voted	-0.46	0.26
competition	-0.46	0.53
lincoln	-0.46	0.59
operation	-0.46	0.24
sustained	-0.46	0.29
grandmother	-0.45	1.26
sailor	-0.45	0.64
yere	-0.45	0.61
bone	-0.45	0.14
expert	-0.45	0.13
robert	-0.45	0.51
fort	-0.45	0.20
questioned	-0.45	0.71
due	-0.45	0.35
amongst	-0.45	0.43
feared	-0.45	1.47
involved	-0.45	0.30
declares	-0.45	0.57
bronx	-0.45	0.17
grandfather	-0.45	1.04
organs	-0.45	0.40
shakespeare	-0.45	0.60
mistake	-0.44	0.54
richmond	-0.44	0.19
financial	-0.44	0.32
clare	-0.44	0.57
resulted	-0.44	0.45
susan	-0.44	0.83
theatre	-0.44	0.75
yonder	-0.44	0.79
stole	-0.44	0.43
boss	-0.44	0.23
margaret	-0.44	0.96
shell	-0.44	0.27
solemnly	-0.43	0.43
fellow	-0.43	1.60
rendered	-0.43	0.18
stiff	-0.43	0.61
gets	-0.43	0.58
completely	-0.43	0.37
acknowledge	-0.43	0.42
parent	-0.42	0.57
police	-0.42	0.17
judge	-0.42	0.22
una	-0.42	0.66
rows	-0.42	0.46
servants	-0.42	0.66
looked	-0.42	0.52
suffrage	-0.42	0.70
neither	-0.42	0.97
silent	-0.42	0.62
grew	-0.42	0.47
family	-0.41	1.12
courts	-0.41	0.27
everything	-0.41	0.72
mate	-0.41	0.16
pony	-0.41	0.27
criticism	-0.41	0.50
met	-0.41	0.82
trying	-0.41	0.53
court	-0.41	0.21
grows	-0.41	0.45
vorhees	-0.41	0.38
stir	-0.41	0.33
quick	-0.41	0.22
flint	-0.41	0.15
daughters	-0.41	1.30
influenced	-0.41	0.51
loaded	-0.41	0.25
avoid	-0.40	0.43
tempted	-0.40	0.47
possibly	-0.40	0.67
problems	-0.40	0.27
fairly	-0.40	0.42
paths	-0.40	0.50
extraordinary	-0.40	0.83
thomas	-0.40	0.58
dora	-0.40	0.50
boys	-0.40	0.79
decidedly	-0.40	0.45
appeal	-0.40	0.53
system	-0.40	0.36
adopt	-0.40	0.50
thinks	-0.40	0.70
specially	-0.40	0.60
hoping	-0.40	0.40
slight	-0.40	0.23
flies	-0.40	0.32
dick	-0.40	0.62
thrill	-0.40	0.70
bed	-0.39	0.64
sons	-0.39	1.19
dared	-0.39	0.72
lee	-0.39	0.14
dashed	-0.39	0.18
matt	-0.39	0.55
warning	-0.39	0.20
wandering	-0.39	0.36
preferred	-0.39	0.82
hesitated	-0.39	0.56
warrior	-0.39	0.47
represented	-0.39	0.62
look	-0.39	0.36
actions	-0.39	0.56
deck	-0.39	0.15
bones	-0.38	0.14
dealt	-0.38	0.39
idiot	-0.38	0.44
engineer	-0.38	0.13
jefferson	-0.38	0.24
thunder	-0.38	0.34
primitive	-0.38	0.40
myself	-0.38	0.69
birds	-0.38	0.72
stanton	-0.38	0.15
apparently	-0.38	0.40
tom	-0.38	0.56
direct	-0.38	0.53
anyhow	-0.38	0.65
swear	-0.38	1.14
lodge	-0.37	0.22
naval	-0.37	0.18
apply	-0.37	0.44
lower	-0.37	0.47
natives	-0.37	0.21
guards	-0.37	0.17
intense	-0.37	0.77
declared	-0.37	0.57
load	-0.37	0.13
officer	-0.37	0.17
bore	-0.37	0.14
instantly	-0.37	0.28
parents	-0.37	1.35
clarence	-0.37	0.51
constant	-0.36	0.21
mixed	-0.36	0.19
action	-0.36	0.26
startled	-0.36	0.29
manage	-0.36	0.47
suddenly	-0.36	0.27
formed	-0.36	0.49
losing	-0.36	0.47
parties	-0.36	0.27
problem	-0.36	0.23
origin	-0.36	0.17
shape	-0.36	0.45
signs	-0.36	0.36
uncle	-0.36	1.10
sharply	-0.36	0.55
recollection	-0.36	0.40
extension	-0.35	0.51
affect	-0.35	0.38
daniel	-0.35	0.50
remembered	-0.35	1.05
expense	-0.35	0.24
thrust	-0.35	0.18
passion	-0.35	1.75
haste	-0.35	0.28
driving	-0.35	0.17
clothes	-0.35	0.61
intent	-0.35	0.31
belt	-0.35	0.27
management	-0.35	0.30
party	-0.35	0.26
pleasing	-0.35	2.11
separation	-0.35	0.43
temporary	-0.35	0.25
grown	-0.34	0.64
moran	-0.34	0.20
davis	-0.34	0.21
depends	-0.34	0.73
protest	-0.34	0.22
flock	-0.34	0.29
military	-0.34	0.26
paused	-0.34	0.46
passenger	-0.34	0.23
source	-0.34	0.42
methods	-0.34	0.49
probability	-0.34	0.55
objects	-0.34	0.38
remove	-0.34	0.43
stolen	-0.34	0.45
board	-0.33	0.09
measures	-0.33	0.53
simply	-0.33	0.34
whither	-0.33	0.61
luck	-0.33	2.11
fool	-0.33	0.60
arrangements	-0.33	0.32
meant	-0.33	1.01
grant	-0.33	0.13
composed	-0.33	0.66
girls	-0.33	1.06
tore	-0.33	0.22
joe	-0.33	0.29
wondering	-0.33	0.41
whites	-0.33	0.43
giant	-0.33	0.18
artillery	-0.32	0.24
labors	-0.32	0.38
platt	-0.32	0.17
muscles	-0.32	0.24
swift	-0.32	0.24
miller	-0.32	0.26
appreciated	-0.32	0.79
attitude	-0.32	0.38
occurred	-0.32	0.26
girl	-0.32	1.73
fox	-0.32	0.30
candidate	-0.32	0.21
usually	-0.32	0.60
silently	-0.31	0.52
ways	-0.31	0.68
total	-0.31	0.32
background	-0.31	0.51
perceived	-0.31	0.72
taken	-0.31	0.42
powers	-0.31	0.63
nomination	-0.31	0.21
strike	-0.31	0.26
republicans	-0.31	0.20
mere	-0.31	0.22
generations	-0.31	0.48
somewhere	-0.31	0.52
fast	-0.31	0.45
frontier	-0.31	0.24
broken	-0.31	0.14
lowest	-0.31	0.39
dave	-0.31	0.30
equally	-0.31	0.26
vesty	-0.31	0.89
officers	-0.31	0.14
pete	-0.31	0.22
bryan	-0.31	0.19
harrison	-0.31	0.18
mothers	-0.30	1.23
dim	-0.30	0.46
grey	-0.30	0.68
directly	-0.30	0.38
powder	-0.30	0.31
guide	-0.30	0.35
elected	-0.30	0.22
lad	-0.30	0.79
sailors	-0.30	0.13
caius	-0.30	0.58
belonging	-0.30	0.53
navy	-0.30	0.16
bought	-0.30	0.64
scene	-0.30	0.97
development	-0.30	0.36
wing	-0.30	0.25
event	-0.30	0.76
picked	-0.29	0.12
pack	-0.29	0.19
leaped	-0.29	0.24
sheba	-0.29	0.48
knocked	-0.29	0.20
hastened	-0.29	0.27
militia	-0.29	0.16
points	-0.29	0.17
gathered	-0.29	0.42
created	-0.29	0.20
ticket	-0.29	0.19
mayor	-0.29	0.20
sold	-0.29	0.65
pointed	-0.29	0.18
approved	-0.29	0.66
senator	-0.29	0.20
election	-0.29	0.19
inquiries	-0.29	0.37
roar	-0.29	0.30
brains	-0.29	0.31
rushed	-0.29	0.18
fragments	-0.29	0.13
imposed	-0.29	0.20
growing	-0.29	0.42
hell	-0.29	0.67
advancing	-0.28	0.17
rocky	-0.28	0.25
recalled	-0.28	0.49
soldier	-0.28	0.21
warned	-0.28	0.76
sort	-0.28	0.53
republican	-0.28	0.20
knows	-0.28	0.70
characteristics	-0.28	0.68
settlers	-0.28	0.14
plays	-0.28	0.61
sounds	-0.28	0.58
hitherto	-0.28	0.62
candidates	-0.28	0.19
vote	-0.28	0.22
crew	-0.28	0.14
big	-0.28	0.93
deceived	-0.28	1.39
elements	-0.28	0.60
addressed	-0.27	0.51
turned	-0.27	0.38
eminent	-0.27	0.38
introduction	-0.27	0.13
sure	-0.27	0.71
removal	-0.27	0.17
assistant	-0.27	0.16
fleet	-0.27	0.20
crowds	-0.27	0.20
engine	-0.27	0.14
elections	-0.27	0.22
sergeant	-0.27	0.21
warren	-0.27	0.19
felix	-0.27	0.49
fall	-0.27	0.15
everybody	-0.27	0.70
cameron	-0.27	0.38
spoken	-0.27	0.98
fancied	-0.27	0.97
county	-0.27	0.14
commissioner	-0.27	0.14
temperament	-0.27	0.73
johnny	-0.27	0.48
wanted	-0.27	1.03
sell	-0.27	0.60
appointed	-0.27	0.18
senate	-0.27	0.20
wheel	-0.27	0.11
families	-0.27	0.82
flying	-0.27	0.28
sigh	-0.27	0.45
row	-0.27	0.52
position	-0.27	0.31
mistaken	-0.27	0.53
controlled	-0.27	0.22
person	-0.26	0.80
upstairs	-0.26	0.42
astonished	-0.26	0.30
saddle	-0.26	0.25
solution	-0.26	0.24
developed	-0.26	0.11
rarely	-0.26	0.85
becoming	-0.26	0.36
emotions	-0.26	0.93
older	-0.26	0.71
servant	-0.26	0.53
belongs	-0.26	0.47
invisible	-0.26	0.41
corps	-0.26	0.11
defence	-0.26	0.73
agents	-0.26	0.10
instant	-0.26	0.21
sherman	-0.25	0.14
municipal	-0.25	0.26
changes	-0.25	0.25
necessity	-0.25	0.30
movements	-0.25	0.17
department	-0.25	0.17
democrats	-0.25	0.19
bravely	-0.25	0.39
steamer	-0.25	0.12
delegates	-0.25	0.20
simon	-0.25	0.40
grow	-0.25	0.51
told	-0.25	1.03
spared	-0.25	1.40
general	-0.25	0.10
including	-0.25	0.63
gov	-0.25	0.18
senators	-0.25	0.19
ward	-0.25	0.12
hurrying	-0.25	0.18
brothers	-0.25	1.28
owner	-0.25	0.13
passengers	-0.25	0.16
difficulty	-0.25	0.28
mingled	-0.25	0.63
major	-0.24	0.16
washington	-0.24	0.12
pupils	-0.24	0.64
traces	-0.24	0.12
existence	-0.24	0.44
eat	-0.24	0.64
asserted	-0.24	0.47
votes	-0.24	0.20
meanwhile	-0.24	0.63
sylvia	-0.24	0.84
thinking	-0.24	0.73
dragged	-0.24	0.16
anxious	-0.24	0.24
secretary	-0.24	0.20
loves	-0.24	1.96
cleveland	-0.24	0.16
maria	-0.24	0.68
doubt	-0.24	0.73
spray	-0.24	0.40
concerned	-0.24	0.38
driver	-0.24	0.10
doubted	-0.24	1.15
devil	-0.24	0.51
mental	-0.24	0.42
e	-0.24	0.47
barney	-0.24	0.83
administration	-0.23	0.25
abruptly	-0.23	0.46
committee	-0.23	0.19
sheridan	-0.23	0.12
prevent	-0.23	0.30
stepped	-0.23	0.33
though	-0.23	0.94
present	-0.23	0.31
reply	-0.23	0.41
ella	-0.23	0.38
dealing	-0.23	0.20
companion	-0.23	0.72
proceedings	-0.23	0.17
mood	-0.23	0.38
employ	-0.23	0.12
legislation	-0.23	0.27
dan	-0.23	0.33
academy	-0.23	0.54
jim	-0.23	0.28
withdrawn	-0.23	0.38
representative	-0.23	0.19
questions	-0.23	0.27
frietchie	-0.23	0.30
judges	-0.23	0.18
jacob	-0.23	0.87
commission	-0.22	0.17
crowd	-0.22	0.19
differences	-0.22	0.48
rabbit	-0.22	0.31
grounds	-0.22	0.44
egypt	-0.22	0.48
peoples	-0.22	0.21
evident	-0.22	0.31
governor	-0.22	0.20
assisted	-0.22	0.36
division	-0.22	0.10
slipped	-0.22	0.18
voting	-0.22	0.22
proceeded	-0.22	0.33
mirabel	-0.22	0.50
guard	-0.22	0.16
cut	-0.22	0.16
convention	-0.22	0.19
seeing	-0.22	0.31
ashore	-0.22	0.14
commissioners	-0.21	0.16
surrounded	-0.21	0.21
betrayed	-0.21	0.22
staff	-0.21	0.09
old	-0.21	1.65
neighborhood	-0.21	0.41
brummell	-0.21	0.46
somewhat	-0.21	0.35
combination	-0.21	0.42
remus	-0.21	0.44
testimony	-0.21	0.23
hurried	-0.21	0.23
reported	-0.21	0.14
compromise	-0.21	0.21
passages	-0.21	0.34
gazed	-0.21	0.29
personal	-0.21	0.70
seemed	-0.21	0.58
billy	-0.21	0.34
office	-0.21	0.14
whenever	-0.21	0.69
rebel	-0.21	0.14
wheels	-0.21	0.11
submit	-0.21	0.17
command	-0.21	0.08
fog	-0.21	0.45
charlotte	-0.20	0.85
wine	-0.20	0.40
abbess	-0.20	0.62
peter	-0.20	0.39
captain	-0.20	0.31
cave	-0.20	0.11
gathering	-0.20	0.18
hamilton	-0.20	0.29
ceased	-0.20	0.18
characters	-0.20	0.60
brook	-0.20	0.47
otherwise	-0.20	0.55
johnston	-0.20	0.13
strangely	-0.20	0.33
mademoiselle	-0.20	0.49
apt	-0.20	0.36
somebody	-0.20	0.57
game	-0.20	0.74
bureau	-0.20	0.13
feeling	-0.19	1.04
ship	-0.19	0.15
colonel	-0.19	0.32
saw	-0.19	0.94
loring	-0.19	0.17
seeking	-0.19	0.27
huge	-0.19	0.31
walked	-0.19	0.22
probable	-0.19	0.47
traditions	-0.19	0.50
acted	-0.19	0.22
being	-0.19	0.41
assist	-0.19	0.38
sue	-0.19	0.33
issues	-0.19	0.29
partner	-0.19	0.36
nora	-0.19	0.67
seem	-0.19	0.60
single	-0.19	0.49
executive	-0.19	0.24
wilbur	-0.19	0.19
officials	-0.19	0.16
produce	-0.19	0.27
witnessed	-0.19	0.63
realized	-0.19	0.91
vessel	-0.19	0.13
funny	-0.19	0.74
possy	-0.19	0.60
congress	-0.19	0.21
ruins	-0.19	0.16
peculiarly	-0.18	1.00
den	-0.18	0.32
drank	-0.18	0.37
doing	-0.18	0.71
positive	-0.18	0.59
wilson	-0.18	0.32
rolling	-0.18	0.29
phil	-0.18	0.67
aboard	-0.18	0.14
decision	-0.18	0.26
tell	-0.18	0.78
mounted	-0.18	0.11
abandoned	-0.18	0.20
chief	-0.18	0.48
majority	-0.18	0.20
legislative	-0.18	0.21
operations	-0.18	0.15
lawrence	-0.18	0.59
arms	-0.18	0.74
gazing	-0.18	0.22
sandy	-0.18	0.24
relatives	-0.18	0.99
gladstone	-0.18	0.20
kinds	-0.18	0.21
cavalry	-0.18	0.09
hint	-0.18	0.37
amendment	-0.18	0.25
civilized	-0.18	0.25
cabinet	-0.18	0.20
maid	-0.18	1.21
legislature	-0.17	0.20
brer	-0.17	0.32
sezee	-0.17	0.32
thin	-0.17	0.64
behalf	-0.17	0.29
stick	-0.17	0.22
assembly	-0.17	0.18
procession	-0.17	0.38
become	-0.17	0.32
speaking	-0.17	0.51
englishman	-0.17	0.37
democratic	-0.17	0.23
ended	-0.17	0.16
sam	-0.17	0.27
guarded	-0.17	0.51
regiment	-0.17	0.09
edmund	-0.17	1.36
franklin	-0.17	0.27
representatives	-0.17	0.16
wagon	-0.17	0.12
marched	-0.17	0.09
precisely	-0.17	0.14
fathers	-0.17	0.89
approached	-0.17	0.24
langham	-0.17	0.33
directed	-0.17	0.27
brigade	-0.16	0.09
question	-0.16	0.24
era	-0.16	0.21
tears	-0.16	0.74
jumped	-0.16	0.14
cliff	-0.16	0.22
adopted	-0.16	0.24
subsequently	-0.16	0.25
attempts	-0.16	0.31
federal	-0.16	0.29
offices	-0.16	0.19
arose	-0.16	0.21
forms	-0.16	0.24
condy	-0.16	0.25
lawyer	-0.16	0.20
burroughs	-0.16	0.61
thereby	-0.16	0.35
bodine	-0.16	0.33
appointment	-0.16	0.17
exist	-0.16	0.55
extent	-0.16	0.30
headquarters	-0.16	0.07
cutting	-0.16	0.14
butler	-0.16	0.16
easier	-0.16	0.62
duties	-0.16	0.21
wanting	-0.16	0.43
jump	-0.16	0.17
surprised	-0.15	0.28
interfere	-0.15	0.25
van	-0.15	0.22
structure	-0.15	0.22
believe	-0.15	0.72
skin	-0.15	0.39
clark	-0.15	0.43
wash	-0.15	0.46
chiefly	-0.15	0.28
although	-0.15	0.70
flew	-0.15	0.29
boat	-0.15	0.14
boards	-0.15	0.19
stages	-0.15	0.17
boats	-0.15	0.15
examined	-0.15	0.13
honestly	-0.15	0.81
walking	-0.15	0.25
disposition	-0.15	0.64
blanche	-0.15	0.49
ran	-0.15	0.18
resolution	-0.15	0.15
buried	-0.15	0.13
noise	-0.15	0.25
rode	-0.15	0.14
infantry	-0.15	0.10
son	-0.15	1.36
say	-0.15	0.83
oldest	-0.15	0.74
profession	-0.15	0.19
scattered	-0.15	0.18
expression	-0.15	0.32
ballot	-0.15	0.22
tend	-0.15	0.47
advance	-0.15	0.12
merely	-0.15	0.21
heard	-0.14	0.36
watched	-0.14	0.48
agent	-0.14	0.10
breaks	-0.14	0.16
matter	-0.14	0.26
faster	-0.14	0.61
obeyed	-0.14	0.31
perform	-0.14	0.16
godesby	-0.14	0.44
wings	-0.14	0.31
getting	-0.14	0.25
regiments	-0.14	0.10
prize	-0.14	0.40
seldom	-0.14	0.91
hatton	-0.14	0.57
council	-0.14	0.15
resolutions	-0.14	0.18
cease	-0.14	0.87
column	-0.14	0.11
nest	-0.14	0.29
beating	-0.14	0.40
vi	-0.14	0.35
etc	-0.14	0.44
becomes	-0.14	0.21
clerk	-0.14	0.21
suggest	-0.14	0.26
started	-0.14	0.30
patent	-0.14	0.19
feelings	-0.14	0.89
summoned	-0.14	0.16
fell	-0.13	0.20
ships	-0.13	0.13
recognized	-0.13	0.84
ball	-0.13	0.24
colonists	-0.13	0.21
rests	-0.13	0.30
says	-0.13	0.41
emotion	-0.13	1.11
taxes	-0.13	0.23
bodies	-0.13	0.22
primary	-0.13	0.48
squire	-0.13	0.54
carolina	-0.13	0.13
went	-0.13	0.32
breathed	-0.13	0.51
admit	-0.13	0.21
lieutenant	-0.13	0.23
en	-0.13	0.31
scarce	-0.13	0.49
acting	-0.13	0.08
sails	-0.13	0.28
schooner	-0.13	0.16
weston	-0.13	0.28
vessels	-0.13	0.13
wished	-0.13	0.77
strict	-0.13	0.43
purpose	-0.13	0.25
waves	-0.13	0.39
consisted	-0.13	0.50
mavick	-0.13	0.46
helped	-0.12	0.61
barbara	-0.12	0.30
formerly	-0.12	0.28
district	-0.12	0.10
practically	-0.12	0.36
discharge	-0.12	0.23
counsel	-0.12	0.12
saying	-0.12	0.58
gravely	-0.12	0.79
term	-0.12	0.36
katie	-0.12	0.81
shadow	-0.12	0.37
honey	-0.12	0.33
nobody	-0.12	0.94
chambers	-0.12	0.17
conquest	-0.12	0.38
worked	-0.12	0.55
breathing	-0.12	0.33
flung	-0.12	0.15
discussion	-0.12	0.27
otis	-0.12	0.23
imagine	-0.12	0.46
effort	-0.12	0.31
answers	-0.12	0.15
handle	-0.12	0.12
aspect	-0.11	0.28
examination	-0.11	0.17
daring	-0.11	0.34
reckon	-0.11	0.37
mara	-0.11	0.59
stronger	-0.11	0.58
commanded	-0.11	0.09
sacrifice	-0.11	0.48
practice	-0.11	0.20
stone	-0.11	0.19
notion	-0.11	0.31
harbor	-0.11	0.14
magic	-0.11	0.40
efforts	-0.11	0.29
government	-0.11	0.30
alert	-0.11	0.38
investigation	-0.11	0.19
craft	-0.11	0.16
dar	-0.11	0.32
counted	-0.11	0.16
members	-0.11	0.13
george	-0.11	0.42
dey	-0.11	0.32
known	-0.11	1.01
politics	-0.11	0.24
wuz	-0.11	0.32
competent	-0.11	0.38
roland	-0.11	1.26
dat	-0.11	0.32
er	-0.11	0.32
evelyn	-0.11	0.52
lawyers	-0.11	0.13
neighbor	-0.11	0.58
top	-0.11	0.22
smith	-0.11	0.38
apparent	-0.11	0.34
gordon	-0.10	0.29
post	-0.10	0.08
render	-0.10	0.26
rushing	-0.10	0.22
wid	-0.10	0.32
comprehend	-0.10	0.64
introduced	-0.10	0.17
task	-0.10	0.18
ter	-0.10	0.32
turning	-0.10	0.49
sisters	-0.10	1.29
ole	-0.10	0.32
train	-0.10	0.17
superintendent	-0.10	0.10
use	-0.10	0.23
im	-0.10	0.32
staring	-0.10	0.24
happily	-0.10	0.21
learned	-0.10	0.77
eliza	-0.10	0.67
freight	-0.10	0.20
frederick	-0.10	0.37
conceal	-0.10	0.31
dwelt	-0.10	0.34
hears	-0.10	0.25
disposed	-0.10	0.27
meat	-0.10	0.63
mighty	-0.10	0.26
dis	-0.10	0.32
taught	-0.10	0.39
under	-0.10	0.17
austin	-0.10	0.47
wooden	-0.10	0.23
anchor	-0.10	0.17
instances	-0.10	0.15
sound	-0.09	0.29
mose	-0.09	0.38
human	-0.09	0.70
wise	-0.09	1.98
palmer	-0.09	0.45
producing	-0.09	0.12
tone	-0.09	0.21
daily	-0.09	0.37
village	-0.09	0.23
rear	-0.09	0.11
threw	-0.09	0.18
tennessee	-0.09	0.13
deep	-0.09	0.43
bowdoin	-0.09	0.55
elizabeth	-0.09	0.93
admire	-0.09	0.56
encouraged	-0.09	0.80
elder	-0.09	1.17
excitement	-0.09	0.65
ages	-0.09	0.19
exactly	-0.09	0.48
listened	-0.09	0.55
capt	-0.09	0.27
others	-0.09	0.53
greeks	-0.09	0.32
hearing	-0.09	0.24
leader	-0.09	0.27
pleased	-0.09	0.61
thing	-0.09	0.63
gave	-0.09	0.16
entertained	-0.09	0.36
supposed	-0.09	0.96
conclusion	-0.09	0.22
land	-0.08	0.23
hidden	-0.08	0.18
opinions	-0.08	0.53
concealed	-0.08	0.12
consul	-0.08	0.12
happened	-0.08	0.89
richard	-0.08	0.49
sale	-0.08	0.72
showed	-0.08	0.27
washed	-0.08	0.30
intention	-0.08	0.24
machine	-0.08	0.14
cousin	-0.08	1.25
howard	-0.08	0.22
stopped	-0.08	0.29
bill	-0.08	0.18
act	-0.08	0.23
aloud	-0.08	0.52
chosen	-0.08	0.16
prevailed	-0.08	0.53
state	-0.08	0.18
reason	-0.08	0.48
inquire	-0.08	0.32
m	-0.08	0.51
perceive	-0.08	0.50
tariff	-0.08	0.20
plans	-0.08	0.23
occasionally	-0.08	0.58
nonsense	-0.08	0.50
law	-0.08	0.36
drew	-0.08	0.21
deepest	-0.08	0.88
keen	-0.08	0.22
matters	-0.08	0.22
correct	-0.08	0.59
actually	-0.08	0.74
fer	-0.07	0.33
managed	-0.07	0.42
affair	-0.07	0.25
blix	-0.07	0.29
opera	-0.07	0.69
working	-0.07	0.32
further	-0.07	0.22
ends	-0.07	0.28
doubtless	-0.07	0.35
descent	-0.07	0.16
hid	-0.07	0.17
carries	-0.07	0.08
endeavor	-0.07	0.36
mexican	-0.07	0.11
sail	-0.07	0.18
agreed	-0.07	0.25
pick	-0.07	0.13
cabin	-0.07	0.21
carried	-0.07	0.12
kin	-0.07	0.35
port	-0.07	0.17
ear	-0.07	0.19
tried	-0.07	0.41
pieces	-0.07	0.20
williams	-0.07	0.26
stable	-0.07	0.19
divide	-0.07	0.09
power	-0.07	0.65
ai	-0.07	0.43
appeared	-0.07	0.31
whether	-0.07	0.69
blake	-0.07	0.38
yacht	-0.07	0.13
rolled	-0.07	0.18
hood	-0.07	0.24
alive	-0.06	0.23
trumbull	-0.06	0.27
sterling	-0.06	0.50
gone	-0.06	0.69
inclined	-0.06	0.41
latter	-0.06	0.34
jinny	-0.06	0.45
store	-0.06	0.52
revenue	-0.06	0.23
legs	-0.06	0.32
fancy	-0.06	0.34
platform	-0.06	0.19
circumstance	-0.06	0.35
awakened	-0.06	0.27
convent	-0.06	0.43
followed	-0.06	0.26
wagons	-0.06	0.14
bet	-0.06	0.35
discuss	-0.06	0.20
indicated	-0.06	0.21
stamp	-0.06	0.16
commons	-0.06	0.20
sister	-0.06	1.34
instinct	-0.06	0.65
shore	-0.06	0.16
gaze	-0.06	0.18
pursued	-0.06	0.10
hit	-0.06	0.30
however	-0.06	0.51
younger	-0.06	1.21
impossible	-0.06	0.35
activity	-0.06	0.46
rates	-0.06	0.19
vanished	-0.06	0.16
tramp	-0.06	0.16
pulled	-0.06	0.19
meantime	-0.06	0.33
service	-0.06	0.18
people	-0.06	0.62
brooklyn	-0.05	0.15
footsteps	-0.05	0.20
camp	-0.05	0.18
git	-0.05	0.35
lost	-0.05	0.36
hero	-0.05	0.62
moved	-0.05	0.23
bottle	-0.05	0.23
floating	-0.05	0.28
howe	-0.05	0.18
whisper	-0.05	0.25
movement	-0.05	0.16
lowered	-0.05	0.13
ideas	-0.05	0.55
climbed	-0.05	0.15
orleans	-0.05	0.06
respects	-0.05	0.28
food	-0.05	0.50
thoughts	-0.05	0.49
truly	-0.05	1.00
forming	-0.05	0.46
boldly	-0.05	0.33
wants	-0.05	0.80
authorities	-0.05	0.42
yer	-0.05	0.36
roll	-0.05	0.12
apart	-0.05	0.20
imagined	-0.05	1.15
curious	-0.05	0.89
internal	-0.05	0.22
hunter	-0.05	0.42
houghton	-0.05	0.22
probably	-0.05	0.63
yet	-0.05	0.95
tide	-0.05	0.30
cast	-0.05	0.10
bout	-0.05	0.35
removed	-0.04	0.11
protected	-0.04	0.55
theron	-0.04	0.49
running	-0.04	0.15
tobacco	-0.04	0.52
seize	-0.04	0.19
ears	-0.04	0.22
lately	-0.04	0.52
walter	-0.04	0.53
mona	-0.04	0.57
fee	-0.04	0.59
facing	-0.04	0.22
associations	-0.04	0.48
presently	-0.04	0.21
bar	-0.04	0.17
views	-0.04	0.56
mason	-0.04	0.50
hole	-0.04	0.16
pile	-0.04	0.25
tax	-0.04	0.21
der	-0.04	0.29
began	-0.04	0.32
voters	-0.04	0.13
joseph	-0.04	0.73
done	-0.04	0.96
laura	-0.04	0.51
breaking	-0.04	0.15
making	-0.04	0.19
arm	-0.04	0.32
critical	-0.04	0.23
settlement	-0.04	0.23
think	-0.04	0.67
signal	-0.04	0.37
bellingham	-0.04	0.42
subject	-0.04	0.19
adding	-0.04	0.27
informed	-0.03	0.43
report	-0.03	0.11
hastily	-0.03	0.30
enough	-0.03	0.41
climb	-0.03	0.12
naturally	-0.03	0.28
understand	-0.03	0.72
sally	-0.03	0.45
character	-0.03	0.65
evidence	-0.03	0.19
wet	-0.03	0.63
functions	-0.03	0.21
sides	-0.03	0.21
lack	-0.03	0.44
whose	-0.03	0.40
yankee	-0.03	0.48
bears	-0.03	0.34
nevertheless	-0.03	0.25
advised	-0.03	0.40
l	-0.03	0.34
wives	-0.03	1.19
submitted	-0.03	0.17
undertake	-0.03	0.18
speedily	-0.03	0.33
winding	-0.03	0.17
conduct	-0.03	0.22
fallen	-0.03	0.22
resort	-0.03	0.10
project	-0.03	0.20
prime	-0.03	0.24
henry	-0.03	0.39
feels	-0.03	0.64
right	-0.03	0.51
canoe	-0.03	0.15
evolution	-0.03	0.22
divided	-0.03	0.15
proceeding	-0.03	0.17
rachel	-0.03	0.63
packed	-0.02	0.14
worry	-0.02	0.57
dark	-0.02	0.41
teachers	-0.02	0.20
proved	-0.02	0.32
baker	-0.02	0.29
laws	-0.02	0.33
exclusively	-0.02	0.13
issue	-0.02	0.23
trains	-0.02	0.19
neighbors	-0.02	0.43
winters	-0.02	0.35
battery	-0.02	0.15
recover	-0.02	0.69
ef	-0.02	0.38
ordered	-0.02	0.26
estate	-0.02	0.41
uses	-0.02	0.24
wondered	-0.02	1.61
leaving	-0.02	0.35
jews	-0.02	0.53
instance	-0.02	0.21
brain	-0.02	0.36
advanced	-0.02	0.09
earl	-0.02	0.81
organization	-0.02	0.20
appears	-0.02	0.21
declaration	-0.02	0.27
elsie	-0.02	0.48
finding	-0.02	0.26
happen	-0.02	0.70
trout	-0.02	0.28
therefore	-0.02	0.33
pursue	-0.02	0.15
burke	-0.02	0.34
tossed	-0.02	0.20
mamma	-0.02	0.57
massachusetts	-0.02	0.08
economic	-0.02	0.47
dare	-0.02	0.44
hawthorne	-0.01	0.46
assembled	-0.01	0.15
c	-0.01	0.28
iii	-0.01	0.18
harry	-0.01	0.35
argument	-0.01	0.26
attached	-0.01	0.12
sank	-0.01	0.22
wishes	-0.01	0.66
asks	-0.01	0.39
allie	-0.01	0.37
measure	-0.01	0.22
appearance	-0.01	0.32
tillman	-0.01	0.48
illinois	-0.01	0.10
loose	-0.01	0.17
magdalena	-0.01	0.42
view	-0.01	0.22
thar	-0.01	0.44
unusual	-0.01	0.72
davie	-0.01	0.74
taylor	-0.01	0.12
justify	-0.01	0.25
flat	-0.01	0.27
pity	-0.01	1.61
leonore	-0.01	0.37
resumed	-0.01	0.41
moment	-0.01	0.23
thrown	-0.01	0.13
session	-0.01	0.13
native	-0.01	0.15
texas	-0.01	0.11
objection	-0.01	0.17
sea	-0.01	0.34
prices	-0.01	0.18
attempted	-0.01	0.39
trafford	-0.01	0.26
carriage	-0.01	0.14
bay	-0.01	0.15
looking	-0.01	0.30
acknowledged	-0.01	0.37
flight	-0.01	0.17
sets	-0.01	0.25
charter	-0.00	0.18
beach	-0.00	0.19
official	-0.00	0.17
lying	-0.00	0.28
stanhope	-0.00	0.39
pushed	-0.00	0.19
joke	-0.00	0.45
maine	-0.00	0.10
guess	-0.00	0.52
exercise	-0.00	0.31
ranks	-0.00	0.14
fact	-0.00	0.26
departments	-0.00	0.13
virginia	-0.00	0.09
lane	-0.00	0.37
amount	-0.00	0.27
maggie	0.00	0.46
parliament	0.00	0.16
poured	0.00	0.20
listen	0.00	0.33
audience	0.00	0.23
rufus	0.00	0.37
acquired	0.00	0.52
inquiry	0.00	0.21
territory	0.00	0.16
cleared	0.00	0.22
jasper	0.00	0.26
conservative	0.00	0.49
david	0.00	0.74
connecticut	0.00	0.09
wagner	0.00	0.26
surely	0.00	0.71
change	0.00	0.25
proposed	0.00	0.20
baltimore	0.01	0.08
goin	0.01	0.47
listening	0.01	0.25
seeks	0.01	0.29
determine	0.01	0.25
advice	0.01	0.38
constitution	0.01	0.31
americans	0.01	0.18
edward	0.01	0.45
trace	0.01	0.20
watching	0.01	0.30
oxford	0.01	0.28
production	0.01	0.13
remaining	0.01	0.50
brother	0.01	1.54
speaker	0.01	0.14
also	0.01	0.60
member	0.01	0.18
remains	0.01	0.12
chest	0.01	0.34
seas	0.01	0.31
louisiana	0.01	0.10
failed	0.01	0.41
sailed	0.01	0.14
mill	0.01	0.11
finds	0.01	0.26
attracted	0.01	0.24
future	0.01	0.40
speech	0.01	0.14
possibilities	0.01	0.32
drive	0.01	0.15
foot	0.01	0.19
nothing	0.01	0.91
plains	0.01	0.31
mary	0.01	1.10
laugh	0.01	0.39
hurriedly	0.01	0.29
step	0.01	0.12
age	0.01	0.74
took	0.02	0.13
might	0.02	0.65
speeches	0.02	0.26
beds	0.02	0.64
announced	0.02	0.20
afterwards	0.02	0.79
dropped	0.02	0.16
statesmen	0.02	0.16
drink	0.02	0.25
kentucky	0.02	0.10
breast	0.02	0.68
blanket	0.02	0.25
merchants	0.02	0.16
understood	0.02	0.91
yards	0.02	0.14
georgia	0.02	0.10
jest	0.02	0.42
decide	0.02	0.22
cold	0.02	0.84
got	0.02	0.40
purchased	0.02	0.68
ordinary	0.02	0.23
r	0.02	0.28
authority	0.02	0.35
gulf	0.02	0.12
evidently	0.02	0.40
discovery	0.02	0.22
lake	0.02	0.19
electricity	0.02	0.19
string	0.02	0.14
perpetual	0.02	0.89
begged	0.02	0.43
besides	0.02	0.51
slope	0.02	0.33
calls	0.02	0.32
current	0.02	0.18
element	0.02	0.67
summit	0.02	0.22
cheap	0.03	0.29
appear	0.03	0.31
ohio	0.03	0.10
discovered	0.03	0.54
landing	0.03	0.09
samuel	0.03	0.48
aunt	0.03	1.04
stores	0.03	0.24
brisket	0.03	0.24
stretched	0.03	0.21
lands	0.03	0.25
line	0.03	0.13
ruth	0.03	0.72
glance	0.03	0.18
generation	0.03	0.34
cost	0.03	0.21
induce	0.03	0.37
anyway	0.03	0.49
william	0.03	0.68
representing	0.03	0.21
process	0.03	0.19
anticipated	0.03	0.51
steep	0.03	0.20
explain	0.03	0.36
saloon	0.03	0.19
applied	0.03	0.18
b	0.03	0.18
break	0.03	0.15
critics	0.03	0.24
except	0.03	0.81
bringing	0.03	0.15
stood	0.03	0.28
halted	0.03	0.22
throw	0.03	0.13
clay	0.03	0.28
pocket	0.03	0.15
liquor	0.03	0.20
suppose	0.03	0.66
march	0.04	0.13
boxes	0.04	0.17
morris	0.04	0.32
marriage	0.04	1.25
circuit	0.04	0.11
ahead	0.04	0.14
mass	0.04	0.17
try	0.04	0.46
unable	0.04	0.37
thoroughly	0.04	0.38
accompanied	0.04	0.45
porter	0.04	0.35
lay	0.04	0.26
tells	0.04	0.33
became	0.04	0.37
clubs	0.04	0.15
claims	0.04	0.33
words	0.04	0.24
properly	0.04	0.32
responsible	0.04	0.46
fly	0.04	0.28
rapid	0.04	0.17
low	0.04	0.24
thousands	0.04	0.24
explanation	0.04	0.12
led	0.04	0.15
word	0.04	0.56
yusuf	0.04	0.53
forgotten	0.04	0.68
wife	0.04	1.51
roman	0.04	0.49
reed	0.04	0.17
saints	0.04	0.57
hereward	0.04	0.75
point	0.04	0.13
wind	0.04	0.62
experiment	0.04	0.19
telegram	0.04	0.21
accomplish	0.04	0.21
leslie	0.04	0.34
separate	0.04	0.12
grasped	0.04	0.21
head	0.04	0.41
motion	0.05	0.17
came	0.05	0.33
leads	0.05	0.12
resemblance	0.05	0.23
lucy	0.05	0.36
using	0.05	0.19
forced	0.05	0.40
wherever	0.05	0.30
hang	0.05	0.13
sink	0.05	0.09
teacher	0.05	0.18
swiftly	0.05	0.16
ranch	0.05	0.17
greatly	0.05	0.31
earliest	0.05	0.16
parted	0.05	0.34
hoped	0.05	1.04
car	0.05	0.16
resolved	0.05	0.43
employed	0.05	0.18
university	0.05	0.15
likes	0.05	0.68
prevented	0.05	0.24
market	0.05	0.19
husband	0.05	1.51
distinctly	0.05	0.43
whence	0.05	0.08
san	0.05	0.12
silence	0.05	0.65
policy	0.05	0.45
approach	0.05	0.15
sending	0.05	0.19
folks	0.05	0.47
mistress	0.06	0.94
em	0.06	0.46
events	0.06	0.50
nothin	0.06	0.47
john	0.06	0.69
thaddeus	0.06	0.33
forests	0.06	0.34
inhabitants	0.06	0.25
d	0.06	0.29
feathers	0.06	0.40
commanding	0.06	0.14
nerve	0.06	0.24
owners	0.06	0.25
pennsylvania	0.06	0.08
decided	0.06	0.40
ned	0.06	0.32
farms	0.06	0.59
field	0.06	0.27
able	0.06	0.38
ministers	0.06	0.22
lies	0.06	0.13
bell	0.06	0.20
jersey	0.06	0.09
aware	0.06	0.62
francis	0.06	0.42
polly	0.06	0.56
rope	0.06	0.15
lifted	0.06	0.19
separated	0.06	0.28
put	0.06	0.15
difference	0.06	0.26
canvas	0.06	0.26
knees	0.06	0.39
tools	0.06	0.28
shoulder	0.06	0.38
james	0.06	0.50
wrapped	0.06	0.27
less	0.06	0.41
assigned	0.06	0.11
clara	0.06	0.49
phenomena	0.06	0.33
spanish	0.06	0.13
breakfast	0.06	0.58
seems	0.06	0.49
nowhere	0.06	0.77
pulling	0.07	0.17
governments	0.07	0.26
ancient	0.07	0.22
abandon	0.07	0.17
check	0.07	0.24
presume	0.07	0.44
speak	0.07	0.74
albany	0.07	0.16
avenue	0.07	0.17
generally	0.07	0.61
contrary	0.07	0.33
disappeared	0.07	0.33
nose	0.07	0.30
s	0.07	0.42
withdrew	0.07	0.16
annual	0.07	0.15
merchant	0.07	0.13
retained	0.07	0.43
utterance	0.07	0.50
professor	0.07	0.19
begun	0.07	0.24
kansas	0.07	0.12
mrs	0.07	0.28
answer	0.07	0.31
faces	0.07	0.46
peterkin	0.07	0.43
anything	0.07	0.86
mr	0.07	0.35
beat	0.07	0.49
orders	0.07	0.12
shells	0.07	0.49
section	0.07	0.11
sufficiently	0.07	0.33
language	0.07	0.39
scheme	0.07	0.20
places	0.07	0.15
forward	0.07	0.22
columbia	0.07	0.10
entered	0.07	0.26
missouri	0.07	0.12
ladies	0.07	0.77
body	0.07	0.34
scott	0.07	0.46
reached	0.07	0.22
standard	0.07	0.43
demands	0.07	0.17
narrow	0.08	0.18
sailing	0.08	0.20
tread	0.08	0.14
lap	0.08	0.48
jones	0.08	0.28
departed	0.08	0.14
organized	0.08	0.14
colony	0.08	0.11
obvious	0.08	0.27
students	0.08	0.15
deal	0.08	0.57
bent	0.08	0.37
decline	0.08	0.15
master	0.08	1.23
gloria	0.08	1.32
amy	0.08	0.28
strongest	0.08	0.55
previously	0.08	0.65
hast	0.08	1.44
viii	0.08	0.15
cook	0.08	0.40
catching	0.08	0.16
score	0.08	0.24
groups	0.08	0.13
island	0.08	0.10
certainly	0.08	0.51
station	0.08	0.15
quoted	0.08	0.19
talk	0.08	0.69
ken	0.08	0.26
houston	0.08	0.25
attempt	0.08	0.35
sinking	0.08	0.13
stretch	0.08	0.24
conference	0.08	0.18
waters	0.08	0.27
morton	0.08	0.22
reaching	0.08	0.13
throwing	0.08	0.14
visitor	0.08	0.58
scholars	0.08	0.11
price	0.08	0.20
schemes	0.08	0.23
falling	0.08	0.24
hardly	0.08	0.89
organ	0.08	0.40
waited	0.09	0.40
trained	0.09	0.09
meetings	0.09	0.11
sand	0.09	0.32
obliged	0.09	0.43
ye	0.09	0.47
ground	0.09	0.24
vii	0.09	0.16
develop	0.09	0.20
cape	0.09	0.16
relief	0.09	0.38
dense	0.09	0.35
regular	0.09	0.15
things	0.09	0.70
referred	0.09	0.21
admiral	0.09	0.09
intervals	0.09	0.12
livingstone	0.09	0.46
safely	0.09	0.11
application	0.09	0.24
taking	0.09	0.22
bills	0.09	0.21
sought	0.09	0.29
jane	0.09	0.54
landed	0.09	0.10
attended	0.09	0.26
scholar	0.09	0.45
compelled	0.09	0.40
earlier	0.09	0.16
fishing	0.09	0.45
settle	0.09	0.23
cover	0.09	0.18
cars	0.09	0.17
peculiar	0.09	0.67
anyone	0.09	0.92
tin	0.09	0.23
swung	0.09	0.16
allowed	0.09	0.41
pond	0.09	0.18
telephone	0.09	0.12
order	0.09	0.34
andrews	0.09	0.26
suggestion	0.09	0.14
beer	0.09	0.24
performed	0.09	0.13
stephen	0.09	0.33
hear	0.09	0.35
function	0.09	0.24
city	0.09	0.14
held	0.09	0.13
persuaded	0.10	0.44
else	0.10	0.94
make	0.10	0.20
intended	0.10	0.43
workers	0.10	0.18
solemn	0.10	0.44
hurry	0.10	0.32
unless	0.10	0.66
stated	0.10	0.25
putting	0.10	0.14
organizations	0.10	0.12
expecting	0.10	0.38
vibert	0.10	0.25
unconsciously	0.10	0.26
colorado	0.10	0.11
through	0.10	0.21
agree	0.10	0.25
florida	0.10	0.12
watts	0.10	0.37
succession	0.10	0.27
consequently	0.10	0.17
lectures	0.10	0.11
wo	0.10	0.56
glancing	0.10	0.35
founded	0.10	0.20
edge	0.10	0.16
asking	0.10	0.40
nor	0.10	0.81
hide	0.10	0.11
mirror	0.10	0.40
grave	0.10	0.46
describe	0.10	0.26
stuart	0.10	0.26
mississippi	0.10	0.13
cottage	0.10	0.57
minds	0.10	0.29
gloves	0.10	0.44
closely	0.10	0.37
gentlemen	0.10	0.47
fingers	0.10	0.35
interests	0.10	0.31
literary	0.10	0.37
path	0.10	0.17
manufacturers	0.10	0.14
shoulders	0.10	0.37
readily	0.10	0.32
vicinity	0.10	0.14
roberts	0.10	0.34
shores	0.10	0.18
individuals	0.10	0.15
induced	0.10	0.41
run	0.10	0.19
school	0.10	0.16
kate	0.11	0.41
expect	0.11	0.59
pause	0.11	0.26
sight	0.11	0.34
lecture	0.11	0.12
confirmed	0.11	0.30
sunk	0.11	0.17
brought	0.11	0.16
always	0.11	0.57
wake	0.11	0.28
prompt	0.11	0.20
ideals	0.11	0.65
likely	0.11	0.42
de	0.11	0.32
enable	0.11	0.40
spread	0.11	0.16
regarding	0.11	0.11
departure	0.11	0.23
group	0.11	0.19
philadelphia	0.11	0.08
leaned	0.11	0.27
remarks	0.11	0.15
stream	0.11	0.18
continuous	0.11	0.20
arguments	0.11	0.27
castle	0.11	0.38
facts	0.11	0.23
considering	0.11	0.23
lords	0.11	0.24
subjects	0.11	0.21
pathetic	0.11	0.59
channel	0.11	0.18
portions	0.11	0.12
hundreds	0.11	0.18
studies	0.11	0.10
proceed	0.11	0.15
does	0.11	0.59
training	0.11	0.17
finger	0.11	0.25
swinging	0.11	0.16
obey	0.11	0.18
ann	0.11	0.48
n	0.11	0.43
plan	0.11	0.22
parallel	0.11	0.13
even	0.11	0.96
vital	0.11	0.56
reduced	0.11	0.13
pushing	0.11	0.13
improvements	0.11	0.30
charlie	0.11	0.32
masters	0.11	0.31
permitted	0.11	0.41
dropping	0.11	0.16
named	0.12	0.87
admitted	0.12	0.33
direction	0.12	0.15
gods	0.12	0.50
call	0.12	0.47
save	0.12	0.57
conclusions	0.12	0.30
fastened	0.12	0.15
california	0.12	0.09
walk	0.12	0.19
pursuit	0.12	0.23
products	0.12	0.16
opposite	0.12	0.14
catch	0.12	0.23
ventured	0.12	0.37
especially	0.12	0.33
none	0.12	0.83
nearest	0.12	0.19
deny	0.12	0.39
career	0.12	0.28
waiting	0.12	0.27
cuba	0.12	0.23
confident	0.12	0.58
sends	0.12	0.19
occupation	0.12	0.40
machinery	0.12	0.15
holds	0.12	0.51
puts	0.12	0.25
succeeded	0.12	0.13
citizen	0.12	0.48
des	0.12	0.31
daughter	0.12	1.48
flag	0.12	0.22
bench	0.12	0.13
enabled	0.12	0.37
derived	0.12	0.18
already	0.12	0.59
construction	0.12	0.15
talked	0.12	1.46
drawn	0.12	0.11
instructions	0.12	0.09
northwest	0.12	0.35
capital	0.12	0.20
least	0.12	0.47
father	0.12	1.49
shop	0.12	0.23
canadian	0.12	0.14
laid	0.12	0.16
residence	0.12	0.25
attendance	0.12	0.13
believing	0.12	0.45
determined	0.12	0.37
concerning	0.12	0.20
throat	0.12	0.43
tongue	0.12	0.17
stones	0.12	0.22
intellectual	0.12	0.33
roldan	0.12	0.24
israel	0.12	0.59
kennion	0.12	0.26
villages	0.12	0.22
aid	0.12	0.37
nation	0.12	0.24
private	0.12	0.17
record	0.13	0.23
islands	0.13	0.16
sat	0.13	0.28
stations	0.13	0.14
prefer	0.13	0.46
blowing	0.13	0.55
buy	0.13	0.22
turn	0.13	0.23
having	0.13	0.55
bottom	0.13	0.14
remember	0.13	0.64
face	0.13	0.52
carpet	0.13	0.36
di	0.13	0.38
along	0.13	0.16
preceding	0.13	0.21
charles	0.13	0.64
rocks	0.13	0.31
victory	0.13	0.40
colonial	0.13	0.16
glass	0.13	0.21
course	0.13	0.50
monsieur	0.13	0.32
considered	0.13	0.30
part	0.13	0.24
helena	0.13	0.46
bars	0.13	0.14
bag	0.13	0.15
ours	0.13	0.47
rock	0.13	0.23
polished	0.13	0.26
commands	0.13	0.16
off	0.13	0.23
cambridge	0.13	0.13
africa	0.13	0.16
importance	0.13	0.44
support	0.13	0.23
warden	0.13	0.48
realize	0.13	0.48
prairie	0.13	0.44
concern	0.13	0.47
maxwell	0.13	0.45
liberal	0.13	0.27
shops	0.13	0.23
mexico	0.13	0.15
carry	0.13	0.13
begins	0.13	0.18
college	0.13	0.14
proposal	0.13	0.13
glasses	0.13	0.22
means	0.13	0.26
region	0.13	0.25
coat	0.13	0.45
designed	0.13	0.30
rate	0.14	0.15
product	0.14	0.21
eagerly	0.14	0.31
pickle	0.14	0.23
recently	0.14	0.35
new	0.14	0.08
plainly	0.14	0.24
proposition	0.14	0.20
legal	0.14	0.33
positions	0.14	0.15
leading	0.14	0.10
knock	0.14	0.16
representation	0.14	0.24
falls	0.14	0.15
assure	0.14	0.41
want	0.14	0.58
loud	0.14	0.48
pull	0.14	0.12
coast	0.14	0.13
discussed	0.14	0.26
exists	0.14	0.52
level	0.14	0.18
fix	0.14	0.23
propose	0.14	0.41
holding	0.14	0.17
considerably	0.14	0.17
creek	0.14	0.13
corner	0.14	0.26
few	0.14	0.27
maybe	0.14	0.52
recognize	0.14	0.32
forest	0.14	0.41
push	0.14	0.17
refused	0.14	0.33
firmly	0.14	0.15
deliberately	0.14	0.35
expected	0.14	0.53
destroy	0.14	0.45
frost	0.14	0.55
backward	0.14	0.18
retire	0.14	0.15
schools	0.14	0.15
follows	0.14	0.10
companions	0.14	0.53
steps	0.14	0.15
rules	0.14	0.29
lock	0.15	0.14
educational	0.15	0.25
selling	0.15	0.28
many	0.15	0.32
society	0.15	0.16
slowly	0.15	0.19
pretty	0.15	1.63
rutherford	0.15	0.19
boston	0.15	0.08
joined	0.15	0.49
beginning	0.15	0.13
searching	0.15	0.08
presence	0.15	0.44
enforced	0.15	0.42
ready	0.15	0.44
tower	0.15	0.18
treasure	0.15	0.33
accordance	0.15	0.22
start	0.15	0.16
placed	0.15	0.14
intend	0.15	0.44
atlantic	0.15	0.15
rent	0.15	0.16
singular	0.15	0.76
slightly	0.15	0.28
help	0.15	0.47
herakles	0.15	0.55
wont	0.15	0.34
repeat	0.15	0.46
ports	0.15	0.15
dust	0.15	0.27
york	0.15	0.07
shadows	0.15	0.38
carl	0.15	0.41
farther	0.15	0.14
keeping	0.15	0.20
darkness	0.15	0.41
veil	0.15	0.34
paying	0.15	0.13
ask	0.15	0.55
harvard	0.15	0.13
wire	0.15	0.12
steal	0.15	0.22
widely	0.15	0.22
choice	0.15	0.19
hill	0.15	0.23
pockets	0.15	0.22
fully	0.15	0.46
valleys	0.15	0.35
rang	0.15	0.46
threshold	0.15	0.19
january	0.15	0.36
pour	0.15	0.14
british	0.15	0.16
placing	0.15	0.13
discover	0.15	0.26
river	0.15	0.16
directions	0.15	0.07
wires	0.16	0.17
montague	0.16	0.63
dozen	0.16	0.27
account	0.16	0.19
opened	0.16	0.21
consider	0.16	0.28
gradually	0.16	0.22
build	0.16	0.20
grasp	0.16	0.11
edna	0.16	0.60
sweep	0.16	0.24
francisco	0.16	0.07
moments	0.16	0.23
north	0.16	0.12
get	0.16	0.31
road	0.16	0.16
found	0.16	0.60
statement	0.16	0.22
drama	0.16	0.86
dear	0.16	0.89
periods	0.16	0.19
chairs	0.16	0.25
ii	0.16	0.18
gentleman	0.16	0.90
institutions	0.16	0.18
allow	0.16	0.38
leaning	0.16	0.26
letting	0.16	0.32
advise	0.16	0.39
ca	0.16	0.56
ashes	0.16	0.23
sellers	0.16	0.31
murmur	0.16	0.29
date	0.16	0.20
minute	0.16	0.25
statements	0.16	0.33
iv	0.16	0.20
below	0.16	0.15
thence	0.16	0.10
easily	0.16	0.54
fourth	0.16	0.12
impulse	0.16	0.82
sixth	0.16	0.09
slip	0.16	0.08
immediately	0.17	0.23
provision	0.17	0.25
farm	0.17	0.35
reasoning	0.17	0.22
conscious	0.17	0.36
sovereign	0.17	0.30
set	0.17	0.16
colleges	0.17	0.15
chicago	0.17	0.07
hung	0.17	0.22
jean	0.17	0.70
boots	0.17	0.45
handed	0.17	0.09
knee	0.17	0.39
classes	0.17	0.16
journal	0.17	0.13
mostly	0.17	0.35
conversation	0.17	0.25
pillow	0.17	0.32
possessions	0.17	0.28
ere	0.17	0.64
practical	0.17	0.24
secrets	0.17	0.45
fifth	0.17	0.10
thread	0.17	0.26
stairs	0.17	0.20
electric	0.17	0.20
meet	0.17	0.37
add	0.17	0.27
both	0.17	0.38
distance	0.17	0.12
hat	0.17	0.33
moses	0.17	0.65
covered	0.17	0.35
papa	0.17	0.45
neck	0.17	0.37
y	0.17	0.30
pointing	0.17	0.31
center	0.17	0.11
willing	0.17	0.42
tables	0.18	0.23
gallant	0.18	0.21
cable	0.18	0.14
unexpected	0.18	0.56
norman	0.18	0.18
going	0.18	0.53
canal	0.18	0.13
south	0.18	0.11
clock	0.18	0.20
actual	0.18	0.50
let	0.18	0.49
wool	0.18	0.24
exciting	0.18	2.21
sections	0.18	0.11
timid	0.18	0.35
milk	0.18	0.39
crossed	0.18	0.12
lines	0.18	0.14
constructed	0.18	0.28
conviction	0.18	0.51
visible	0.18	0.30
heat	0.18	0.68
expenses	0.18	0.19
providing	0.18	0.22
folded	0.18	0.29
towards	0.18	0.15
stranger	0.18	0.49
hand	0.18	0.36
fail	0.18	0.42
down	0.18	0.18
request	0.18	0.15
darling	0.18	0.92
beneath	0.18	0.17
tight	0.18	0.25
minor	0.18	0.35
third	0.18	0.10
yourself	0.18	0.48
increased	0.18	0.21
tracks	0.18	0.22
sign	0.18	0.36
examine	0.18	0.13
occasion	0.18	0.23
article	0.18	0.12
improve	0.19	0.66
railroads	0.19	0.18
farmer	0.19	0.37
themselves	0.19	0.43
painted	0.19	0.62
guenevere	0.19	0.85
instruction	0.19	0.15
courses	0.19	0.12
toward	0.19	0.15
mouth	0.19	0.31
indicate	0.19	0.16
substance	0.19	0.15
indeed	0.19	0.65
shoes	0.19	0.46
search	0.19	0.13
choose	0.19	0.35
permit	0.19	0.39
side	0.19	0.17
marks	0.19	0.21
science	0.19	0.25
lived	0.19	1.29
chose	0.19	0.31
mortimer	0.19	0.29
hut	0.19	0.35
pacific	0.19	0.15
remark	0.19	0.19
supreme	0.19	0.47
take	0.19	0.28
raw	0.19	0.19
australia	0.19	0.13
create	0.19	0.38
daisy	0.19	0.46
double	0.19	0.19
reports	0.19	0.14
friend	0.19	0.94
april	0.19	0.38
thus	0.19	0.54
parts	0.19	0.15
reaches	0.19	0.15
international	0.19	0.28
funeral	0.19	0.45
beside	0.19	0.26
issued	0.19	0.14
ocean	0.19	0.26
student	0.19	0.13
doorway	0.19	0.20
willis	0.19	0.33
edgar	0.19	0.30
professional	0.19	0.16
come	0.19	0.48
dagonet	0.19	0.84
pace	0.20	0.18
eye	0.20	0.13
eggs	0.20	0.44
senses	0.20	0.24
speaks	0.20	0.38
metal	0.20	0.20
find	0.20	0.35
linen	0.20	0.44
woods	0.20	0.47
voice	0.20	0.39
visits	0.20	0.31
dramatic	0.20	0.95
frankly	0.20	0.26
pen	0.20	0.11
timber	0.20	0.33
hot	0.20	0.76
mountains	0.20	0.32
reader	0.20	0.19
secret	0.20	0.53
campbell	0.20	0.29
envelope	0.20	0.09
asleep	0.20	0.42
swept	0.20	0.44
raised	0.20	0.15
growth	0.20	0.21
hesitate	0.20	0.32
national	0.20	0.28
civilization	0.20	0.26
promptly	0.20	0.17
finally	0.20	0.43
rigid	0.20	0.21
theory	0.20	0.24
yield	0.20	0.09
goods	0.20	0.20
arbitration	0.20	0.23
described	0.20	0.39
go	0.20	0.42
colonies	0.20	0.20
figure	0.20	0.66
behind	0.20	0.15
mark	0.20	0.21
whatever	0.21	0.33
hudson	0.21	0.16
middle	0.21	0.14
subsequent	0.21	0.29
manufacture	0.21	0.18
yielded	0.21	0.25
east	0.21	0.12
existed	0.21	0.39
consists	0.21	0.28
debt	0.21	0.25
previous	0.21	0.31
carrying	0.21	0.11
sent	0.21	0.15
desire	0.21	0.71
each	0.21	0.16
ought	0.21	0.55
sitting	0.21	0.29
perhaps	0.21	0.72
provisions	0.21	0.19
highly	0.21	0.35
united	0.21	0.28
bridge	0.21	0.15
experiments	0.21	0.36
pool	0.21	0.18
dutch	0.21	0.13
just	0.21	0.58
rapidly	0.21	0.16
room	0.21	0.26
hunt	0.21	0.27
box	0.21	0.14
clearly	0.21	0.35
prepared	0.21	0.19
valley	0.21	0.26
riding	0.21	0.31
lift	0.21	0.10
justice	0.21	0.67
tear	0.21	0.35
capacity	0.21	0.37
rivers	0.21	0.27
westward	0.21	0.13
scenes	0.21	1.01
live	0.22	0.47
london	0.22	0.13
trade	0.22	0.19
newman	0.22	0.25
mode	0.22	0.30
chin	0.22	0.34
range	0.22	0.26
around	0.22	0.17
museum	0.22	0.24
shaking	0.22	0.35
historic	0.22	0.57
stop	0.22	0.46
recent	0.22	0.41
second	0.22	0.12
heavens	0.22	1.03
common	0.22	0.35
calculated	0.22	0.33
sooner	0.22	0.55
front	0.22	0.18
berlin	0.22	0.24
constantly	0.22	0.21
cup	0.22	0.28
enormous	0.22	0.31
established	0.22	0.21
railroad	0.22	0.20
western	0.22	0.15
telegraph	0.22	0.16
elevated	0.22	0.23
venture	0.22	0.29
scientific	0.22	0.29
grade	0.22	0.15
houses	0.22	0.27
chamber	0.22	0.21
namely	0.22	0.57
raise	0.22	0.18
hence	0.22	0.29
club	0.22	0.13
kings	0.22	0.32
curtain	0.22	0.22
open	0.22	0.20
west	0.22	0.14
raising	0.22	0.12
wish	0.22	0.56
masses	0.22	0.27
rice	0.22	0.31
minister	0.22	0.28
plate	0.23	0.22
period	0.23	0.20
opinion	0.23	0.47
writer	0.23	0.14
districts	0.23	0.18
transferred	0.23	0.33
according	0.23	0.19
stand	0.23	0.29
begin	0.23	0.32
strangers	0.23	0.57
processes	0.23	0.31
meeting	0.23	0.21
cent	0.23	0.20
demand	0.23	0.26
drop	0.23	0.10
protect	0.23	0.79
different	0.23	0.24
absent	0.23	0.31
treasury	0.23	0.23
reference	0.23	0.15
test	0.23	0.30
changing	0.23	0.45
uniform	0.23	0.31
bend	0.23	0.11
across	0.23	0.17
commenced	0.23	0.11
hands	0.23	0.44
joyce	0.23	0.54
insist	0.23	0.48
irish	0.23	0.24
desk	0.23	0.16
continental	0.23	0.19
end	0.23	0.13
mills	0.23	0.14
name	0.23	0.86
napoleon	0.23	0.40
lodovico	0.23	0.88
bring	0.23	0.23
covering	0.23	0.19
work	0.24	0.23
declare	0.24	0.39
drinking	0.24	0.23
carefully	0.24	0.11
arrived	0.24	0.25
reach	0.24	0.17
secondary	0.24	0.16
shed	0.24	0.69
speed	0.24	0.11
average	0.24	0.19
elsewhere	0.24	0.11
mile	0.24	0.14
charity	0.24	0.52
acres	0.24	0.24
phase	0.24	0.30
note	0.24	0.11
fur	0.24	0.26
seen	0.24	1.49
distinguish	0.24	0.36
per	0.24	0.17
destined	0.24	0.40
ridge	0.24	0.43
upward	0.24	0.15
upper	0.24	0.18
briefly	0.24	0.22
florence	0.24	0.37
thorwald	0.24	0.27
giving	0.24	0.15
drops	0.24	0.21
establish	0.24	0.63
three	0.24	0.23
roof	0.24	0.20
natural	0.24	0.33
seconds	0.24	0.30
messenger	0.24	0.70
phrase	0.24	0.22
strictly	0.24	0.17
class	0.24	0.16
presented	0.24	0.17
former	0.24	0.12
coffee	0.24	0.43
blankets	0.24	0.42
ate	0.24	0.59
eleven	0.24	0.20
innocent	0.24	1.06
countries	0.24	0.19
cared	0.24	1.46
workmen	0.24	0.28
descended	0.24	0.10
continent	0.24	0.14
something	0.24	0.78
thither	0.24	0.28
duchess	0.24	0.90
miles	0.24	0.24
estimate	0.24	0.18
et	0.25	0.29
free	0.25	0.63
learn	0.25	0.42
preparing	0.25	0.15
follow	0.25	0.26
moves	0.25	0.19
wear	0.25	0.49
connected	0.25	0.19
refer	0.25	0.20
takes	0.25	0.30
promised	0.25	0.46
madonna	0.25	0.42
self	0.25	0.46
century	0.25	0.14
mount	0.25	0.14
economy	0.25	0.45
throughout	0.25	0.16
associates	0.25	0.39
southern	0.25	0.15
cloak	0.25	0.36
lifting	0.25	0.11
near	0.25	0.13
lessons	0.25	0.15
cotton	0.25	0.23
merits	0.25	0.26
outside	0.25	0.15
arthur	0.25	0.40
shows	0.25	0.17
lend	0.25	0.26
idea	0.25	0.28
duty	0.25	0.38
hanging	0.25	0.13
succeed	0.25	0.27
duke	0.25	0.84
withdraw	0.25	0.29
deeper	0.26	0.33
gladden	0.26	0.32
ay	0.26	1.15
combined	0.26	0.40
justified	0.26	0.22
eastern	0.26	0.16
brick	0.26	0.25
numbers	0.26	0.25
scale	0.26	0.18
marked	0.26	0.24
kitchen	0.26	0.35
comparatively	0.26	0.16
join	0.26	0.19
preparation	0.26	0.11
shut	0.26	0.17
sheet	0.26	0.11
quickly	0.26	0.27
assured	0.26	0.73
laying	0.26	0.25
lead	0.26	0.27
circles	0.26	0.11
writes	0.26	0.18
discussing	0.26	0.25
iron	0.26	0.13
nine	0.26	0.23
moving	0.26	0.29
russian	0.26	0.25
arranged	0.26	0.11
object	0.26	0.27
observation	0.26	0.28
education	0.26	0.18
marquis	0.26	0.55
paid	0.26	0.15
merlin	0.26	0.93
four	0.26	0.23
convinced	0.26	0.54
need	0.26	0.48
introduce	0.26	0.20
editor	0.26	0.11
anne	0.26	0.73
fifteen	0.26	0.23
instruments	0.27	0.26
merit	0.27	0.31
canada	0.27	0.18
wait	0.27	0.39
custom	0.27	0.24
notice	0.27	0.28
wore	0.27	0.51
suit	0.27	0.46
easy	0.27	0.51
hunting	0.27	0.25
progress	0.27	0.25
address	0.27	0.16
public	0.27	0.22
ministry	0.27	0.29
walls	0.27	0.22
dispatch	0.27	0.10
thirty	0.27	0.23
dressed	0.27	0.74
sleeping	0.27	0.58
cap	0.27	0.43
move	0.27	0.25
fields	0.27	0.45
quietly	0.27	0.49
eight	0.27	0.23
chapter	0.27	0.19
type	0.27	0.31
mail	0.27	0.13
beard	0.27	0.40
expectation	0.27	0.35
shallow	0.27	0.20
six	0.27	0.23
round	0.27	0.22
five	0.27	0.23
lightly	0.27	0.21
milan	0.27	0.67
review	0.27	0.11
thirteen	0.27	0.23
forty	0.27	0.23
twenty	0.27	0.23
articles	0.27	0.17
handkerchief	0.27	0.30
ambitious	0.28	0.37
shortly	0.28	0.21
english	0.28	0.16
street	0.28	0.25
gossip	0.28	0.21
streams	0.28	0.24
heed	0.28	0.47
twelve	0.28	0.23
louis	0.28	0.21
seven	0.28	0.23
footnote	0.28	0.18
copper	0.28	0.13
press	0.28	0.11
window	0.28	0.22
similar	0.28	0.33
bowed	0.28	0.41
accompany	0.28	0.18
delivered	0.28	0.11
hills	0.28	0.39
details	0.28	0.31
clasped	0.28	0.42
sixty	0.28	0.23
eh	0.28	0.59
seventy	0.28	0.23
republic	0.28	0.52
absorbed	0.28	0.18
admission	0.28	0.14
jew	0.28	0.80
instrument	0.28	0.12
left	0.28	0.30
floor	0.28	0.24
priests	0.28	0.44
stopping	0.28	0.30
trail	0.28	0.34
fifty	0.28	0.21
extended	0.28	0.13
sense	0.28	0.64
signed	0.28	0.13
heroes	0.28	0.27
fixed	0.28	0.11
ride	0.28	0.30
wisely	0.28	0.33
northern	0.28	0.15
features	0.28	0.23
paul	0.28	0.66
commercial	0.28	0.32
income	0.28	0.23
treated	0.29	0.28
several	0.29	0.25
definite	0.29	0.23
pressing	0.29	0.24
pope	0.29	0.43
send	0.29	0.26
stops	0.29	0.33
la	0.29	0.36
accepted	0.29	0.16
farmers	0.29	0.37
draw	0.29	0.13
inch	0.29	0.20
closing	0.29	0.12
extra	0.29	0.14
flame	0.29	0.48
association	0.29	0.18
humanity	0.29	0.64
standing	0.29	0.24
italian	0.29	0.14
write	0.29	0.28
built	0.29	0.16
lucky	0.29	2.01
continues	0.29	0.25
industrial	0.29	0.25
smart	0.29	0.78
lie	0.29	0.36
permission	0.29	0.29
observe	0.29	0.30
special	0.29	0.33
tenderly	0.29	0.68
door	0.29	0.21
eaten	0.29	0.69
above	0.29	0.18
theories	0.29	0.37
ha	0.29	0.44
distributed	0.29	0.19
another	0.29	0.25
burns	0.29	0.25
foundation	0.29	0.28
library	0.29	0.13
relative	0.29	0.20
exchange	0.29	0.21
million	0.29	0.19
closed	0.29	0.17
mud	0.29	0.33
hundred	0.29	0.22
bosom	0.30	0.66
newspaper	0.30	0.12
american	0.30	0.22
readers	0.30	0.16
states	0.30	0.25
windows	0.30	0.22
heads	0.30	0.36
surrounding	0.30	0.23
shade	0.30	0.36
deeds	0.30	0.38
saint	0.30	0.42
banks	0.30	0.16
appetite	0.30	0.35
size	0.30	0.22
plates	0.30	0.17
noted	0.30	0.45
bound	0.30	0.13
correspondent	0.30	0.12
tied	0.30	0.24
log	0.30	0.26
individual	0.30	0.65
le	0.30	0.34
observer	0.30	0.14
alexander	0.30	0.53
anybody	0.30	0.80
runs	0.30	0.18
beau	0.30	0.25
every	0.30	0.11
eighteen	0.30	0.24
vincent	0.30	0.27
dry	0.30	0.73
looks	0.30	0.32
pay	0.30	0.15
table	0.30	0.26
bess	0.30	0.41
doors	0.30	0.18
letter	0.30	0.11
lowell	0.30	0.21
lips	0.30	0.32
determination	0.30	0.33
fourteen	0.30	0.24
seventeen	0.30	0.24
eyes	0.30	0.30
sixteen	0.30	0.24
mind	0.30	0.29
lyle	0.30	0.30
soon	0.30	0.48
incident	0.30	0.77
granted	0.30	0.22
fund	0.30	0.26
afterward	0.30	0.62
rod	0.30	0.19
lakes	0.30	0.28
spain	0.30	0.24
attend	0.30	0.14
opening	0.30	0.17
wrote	0.30	0.16
rome	0.30	0.36
checked	0.31	0.31
ten	0.31	0.24
appealed	0.31	0.48
mean	0.31	0.59
awoke	0.31	0.21
believes	0.31	0.63
historical	0.31	0.50
wearing	0.31	0.49
wales	0.31	0.17
accounts	0.31	0.22
ho	0.31	0.65
require	0.31	0.21
wit	0.31	0.42
nearer	0.31	0.25
study	0.31	0.16
please	0.31	0.52
pupil	0.31	0.32
governed	0.31	0.23
assumed	0.31	0.29
exact	0.31	0.19
societies	0.31	0.17
rule	0.31	0.47
intellect	0.31	0.29
gravity	0.31	0.26
european	0.31	0.20
planned	0.31	0.25
millions	0.31	0.19
cloud	0.31	0.42
flowing	0.31	0.27
mission	0.31	0.47
judgment	0.31	0.36
track	0.31	0.38
centre	0.31	0.22
latin	0.31	0.16
played	0.31	0.34
amused	0.31	0.33
comment	0.31	0.33
stirred	0.31	0.39
high	0.31	0.16
voices	0.32	0.34
worth	0.32	0.21
thousand	0.32	0.22
shy	0.32	0.37
meaning	0.32	0.34
accept	0.32	0.17
neighboring	0.32	0.26
centuries	0.32	0.33
burned	0.32	0.38
whom	0.32	1.27
ring	0.32	0.22
sum	0.32	0.23
institution	0.32	0.17
property	0.32	0.29
paris	0.32	0.21
announcement	0.32	0.14
show	0.32	0.38
refuse	0.32	0.29
cities	0.32	0.17
past	0.32	0.23
water	0.32	0.24
wheat	0.32	0.31
independent	0.32	0.19
steadily	0.32	0.26
systems	0.32	0.27
anywhere	0.32	0.83
records	0.32	0.26
dress	0.33	0.47
citizens	0.33	0.23
tomb	0.33	0.15
advantage	0.33	0.47
yard	0.33	0.32
philosophy	0.33	0.28
exception	0.33	0.33
salt	0.33	0.41
french	0.33	0.17
sofa	0.33	0.37
ourselves	0.33	0.32
german	0.33	0.16
gallery	0.33	0.23
sees	0.33	0.28
impressed	0.33	0.37
america	0.33	0.16
balcony	0.33	0.23
strongly	0.33	0.25
instead	0.33	0.22
needs	0.33	0.33
moderate	0.33	0.26
preparations	0.33	0.19
assume	0.33	0.27
careful	0.33	0.40
chair	0.33	0.36
entrance	0.33	0.20
portrait	0.33	0.23
stout	0.33	0.46
habit	0.33	0.40
contents	0.33	0.15
chain	0.33	0.14
artists	0.33	0.16
miss	0.33	0.69
thick	0.33	0.40
travelling	0.33	0.27
resources	0.33	0.28
smiling	0.33	0.49
parlor	0.34	0.24
inside	0.34	0.16
length	0.34	0.19
value	0.34	0.23
way	0.34	0.35
number	0.34	0.17
straight	0.34	0.25
league	0.34	0.18
acquainted	0.34	0.38
black	0.34	0.54
venice	0.34	0.17
ireland	0.34	0.16
prove	0.34	0.28
quarters	0.34	0.44
declined	0.34	0.20
writers	0.34	0.19
fan	0.34	0.34
veins	0.34	0.41
visited	0.34	0.34
history	0.34	0.34
establishment	0.34	0.40
late	0.34	0.41
india	0.34	0.14
wealthy	0.34	0.43
longer	0.34	0.41
method	0.34	0.26
japan	0.34	0.20
bonds	0.34	0.25
consent	0.35	0.33
mountain	0.35	0.40
key	0.35	0.12
increase	0.35	0.25
sumner	0.35	0.49
rail	0.35	0.32
coal	0.35	0.19
pounds	0.35	0.19
occupy	0.35	0.27
gesture	0.35	0.26
among	0.35	0.33
lip	0.35	0.29
sugar	0.35	0.30
russia	0.35	0.23
household	0.35	0.49
opens	0.35	0.25
why	0.35	0.64
japanese	0.35	0.19
include	0.35	0.33
particular	0.35	0.31
artificial	0.35	0.24
elaborate	0.35	0.19
numerous	0.35	0.32
foreign	0.35	0.18
regions	0.35	0.19
far	0.35	0.60
design	0.35	0.30
waist	0.35	0.30
half	0.36	0.23
pole	0.36	0.14
seat	0.36	0.33
mining	0.36	0.18
defend	0.36	0.66
successful	0.36	0.28
santa	0.36	0.36
clouds	0.36	0.43
teaching	0.36	0.27
mist	0.36	0.44
steam	0.36	0.32
gather	0.36	0.25
remain	0.36	0.24
recall	0.36	0.43
england	0.36	0.14
varying	0.36	0.26
thought	0.36	1.36
starts	0.36	0.35
ice	0.36	0.36
enterprise	0.36	0.27
ringing	0.36	0.45
earn	0.36	0.33
related	0.36	0.37
increasing	0.36	0.29
stove	0.36	0.31
quarter	0.36	0.21
yesterday	0.36	0.22
gates	0.36	0.17
industries	0.36	0.21
globe	0.36	0.11
papers	0.37	0.14
bark	0.37	0.43
suggestions	0.37	0.33
claimed	0.37	0.26
clothing	0.37	0.44
cecil	0.37	0.32
filled	0.37	0.29
prepare	0.37	0.13
mars	0.37	0.15
hold	0.37	0.15
kissed	0.37	0.74
chapel	0.37	0.37
newspapers	0.37	0.15
november	0.37	0.25
modern	0.37	0.25
drawing	0.37	0.08
us	0.37	0.46
helping	0.37	0.35
mariana	0.37	0.24
salary	0.37	0.14
normal	0.37	0.33
bishop	0.37	0.41
relating	0.37	0.30
companies	0.37	0.28
sits	0.37	0.28
stock	0.37	0.29
glimpse	0.37	0.19
theirs	0.37	0.28
province	0.37	0.12
passed	0.37	0.45
rise	0.37	0.15
winds	0.37	0.69
shared	0.38	0.59
spectacle	0.38	0.70
beyond	0.38	0.13
jewish	0.38	0.38
proof	0.38	0.32
errand	0.38	0.25
steel	0.38	0.23
smoke	0.38	0.33
letters	0.38	0.13
harvest	0.38	0.38
du	0.38	0.38
accomplished	0.38	0.44
match	0.38	0.28
small	0.38	0.23
locked	0.38	0.16
imagination	0.38	0.55
china	0.38	0.18
message	0.38	0.17
scarcely	0.38	0.73
solomon	0.38	0.41
solid	0.38	0.21
voyage	0.38	0.35
smaller	0.38	0.31
likewise	0.38	0.25
feet	0.38	0.18
soil	0.38	0.28
finished	0.38	0.30
madame	0.38	0.48
ray	0.38	0.33
dollars	0.38	0.18
charitable	0.39	0.17
porch	0.39	0.27
significance	0.39	0.33
adjoining	0.39	0.22
passage	0.39	0.36
knowledge	0.39	0.24
libraries	0.39	0.14
corporation	0.39	0.27
believed	0.39	1.36
material	0.39	0.26
knelt	0.39	0.50
december	0.39	0.24
inn	0.39	0.35
business	0.39	0.22
mentioned	0.39	0.40
fence	0.39	0.38
earnestly	0.39	0.31
again	0.39	0.37
philip	0.39	0.34
awaiting	0.39	0.23
offered	0.39	0.15
hotel	0.39	0.25
accustomed	0.39	0.55
renaissance	0.39	0.19
written	0.39	0.15
deliver	0.39	0.25
pale	0.39	0.56
text	0.39	0.19
leave	0.39	0.44
louise	0.39	0.33
brief	0.39	0.17
wave	0.40	0.33
selection	0.40	0.34
angel	0.40	0.71
jamie	0.40	0.47
addition	0.40	0.21
meal	0.40	0.43
coin	0.40	0.19
conducted	0.40	0.20
regards	0.40	0.45
paper	0.40	0.16
completed	0.40	0.37
vol	0.40	0.26
published	0.40	0.20
traffic	0.40	0.41
belief	0.40	0.50
clever	0.40	0.60
count	0.40	0.52
social	0.40	0.37
together	0.40	0.36
keeps	0.40	0.16
bank	0.40	0.18
heights	0.40	0.30
proportion	0.40	0.23
teach	0.40	0.30
wide	0.40	0.25
empire	0.40	0.22
here	0.40	0.54
september	0.40	0.27
virgin	0.40	0.48
display	0.40	0.37
writing	0.40	0.17
gown	0.40	0.51
blood	0.40	0.42
trunk	0.40	0.40
basket	0.40	0.32
britain	0.40	0.21
page	0.40	0.18
memories	0.41	0.57
watch	0.41	0.16
faculty	0.41	0.31
advantages	0.41	0.37
bride	0.41	0.96
visiting	0.41	0.40
forehead	0.41	0.42
square	0.41	0.23
reading	0.41	0.13
theme	0.41	0.28
roads	0.41	0.37
broad	0.41	0.33
marry	0.41	1.32
launcelot	0.41	1.01
employment	0.41	0.21
still	0.41	0.47
efficient	0.41	0.46
containing	0.41	0.10
clad	0.41	0.50
excuse	0.41	0.57
july	0.41	0.27
back	0.41	0.38
dollar	0.41	0.18
most	0.41	0.48
brass	0.41	0.21
share	0.41	0.34
expressed	0.41	0.67
stands	0.41	0.26
prince	0.41	0.48
disturb	0.41	0.42
root	0.42	0.32
scotland	0.42	0.25
flow	0.42	0.34
invention	0.42	0.22
magazine	0.42	0.21
hopes	0.42	0.41
italy	0.42	0.16
writings	0.42	0.21
fashionable	0.42	0.54
regard	0.42	0.37
max	0.42	0.33
away	0.42	0.35
own	0.42	0.20
chinese	0.42	0.25
t	0.42	0.90
dreamed	0.42	1.40
today	0.42	0.43
gives	0.42	0.19
arrive	0.42	0.22
accord	0.42	0.34
displayed	0.42	0.30
express	0.42	0.52
october	0.42	0.28
herself	0.42	1.29
arrival	0.42	0.21
floated	0.42	0.34
fire	0.42	0.42
accordingly	0.42	0.31
mention	0.42	0.32
candle	0.43	0.26
february	0.43	0.27
himself	0.43	0.34
churches	0.43	0.24
grain	0.43	0.35
money	0.43	0.22
subtle	0.43	0.55
literature	0.43	0.29
souls	0.43	0.68
continue	0.43	0.34
gate	0.43	0.27
june	0.43	0.28
longed	0.43	1.37
larger	0.43	0.40
studied	0.43	0.21
piano	0.43	0.28
hall	0.43	0.24
while	0.43	0.36
coming	0.43	0.49
corn	0.43	0.41
passes	0.43	0.34
lives	0.43	0.38
read	0.44	0.14
rain	0.44	0.63
area	0.44	0.26
host	0.44	0.38
missionary	0.44	0.31
oh	0.44	0.59
nearly	0.44	0.27
conscience	0.44	0.50
times	0.44	0.29
information	0.44	0.19
publication	0.44	0.25
reputation	0.44	0.44
designs	0.44	0.38
emperor	0.44	0.33
transportation	0.44	0.36
house	0.44	0.42
building	0.44	0.22
twice	0.44	0.30
gas	0.44	0.33
reveal	0.44	0.40
murray	0.44	0.59
longing	0.44	1.27
august	0.45	0.28
authors	0.45	0.31
laughter	0.45	0.53
oil	0.45	0.32
planted	0.45	0.35
town	0.45	0.36
grove	0.45	0.43
circle	0.45	0.24
moral	0.45	0.47
cents	0.45	0.23
restore	0.45	0.92
cathedral	0.45	0.18
surface	0.45	0.25
qualities	0.45	0.36
eloquence	0.45	0.73
wood	0.45	0.30
sufficient	0.45	0.31
depths	0.45	0.46
certainty	0.45	0.67
ceremony	0.45	0.24
educated	0.45	0.30
crosses	0.45	0.48
sentiments	0.45	0.86
portion	0.46	0.23
dinner	0.46	0.42
conceived	0.46	0.31
figures	0.46	0.40
notes	0.46	0.20
draws	0.46	0.35
bells	0.46	0.50
never	0.46	1.34
changed	0.46	0.26
greece	0.46	0.23
experience	0.46	0.36
crossing	0.46	0.32
culture	0.46	0.30
tiny	0.46	0.52
seeds	0.46	0.47
pines	0.46	0.48
curtains	0.46	0.34
notable	0.46	0.56
factory	0.46	0.33
profits	0.46	0.24
eating	0.46	0.61
emerson	0.46	0.33
artistic	0.46	0.68
required	0.46	0.28
offers	0.46	0.16
birthday	0.46	0.36
creation	0.46	0.45
degrees	0.46	0.14
works	0.46	0.16
active	0.46	0.32
horn	0.46	0.23
copy	0.47	0.19
starting	0.47	0.40
interview	0.47	0.26
pride	0.47	0.91
cash	0.47	0.47
burning	0.47	0.45
expedition	0.47	0.30
comes	0.47	0.42
community	0.47	0.30
railway	0.47	0.40
engaged	0.47	0.19
verse	0.47	0.19
inner	0.47	0.16
extending	0.47	0.34
shall	0.47	0.53
large	0.47	0.25
distribution	0.47	0.32
daylight	0.47	0.19
shown	0.47	0.27
hair	0.47	0.42
main	0.47	0.26
painters	0.47	0.17
bow	0.48	0.33
midnight	0.48	0.27
following	0.48	0.26
king	0.48	0.45
attract	0.48	0.32
quantity	0.48	0.36
learning	0.48	0.25
commerce	0.48	0.20
pass	0.48	0.30
entering	0.48	0.30
gray	0.48	0.53
seed	0.48	0.31
form	0.48	0.37
regarded	0.48	0.31
cross	0.48	0.21
card	0.48	0.13
germany	0.48	0.21
queen	0.48	0.43
various	0.48	0.39
relation	0.48	0.34
limits	0.48	0.36
printed	0.48	0.22
mines	0.48	0.20
appeals	0.48	0.43
friends	0.48	0.38
popular	0.48	0.49
recorded	0.48	0.41
fortune	0.48	0.46
freely	0.48	0.31
benefit	0.48	0.34
communities	0.48	0.31
revealed	0.49	0.44
limited	0.49	0.35
beheld	0.49	0.47
wall	0.49	0.39
receiving	0.49	0.11
commonwealth	0.49	0.30
oliver	0.49	0.32
burn	0.49	0.35
essentially	0.49	0.42
those	0.49	0.35
earthly	0.49	0.58
strength	0.49	0.58
deeply	0.49	0.98
return	0.49	0.35
once	0.49	0.69
painter	0.49	0.27
continually	0.49	0.24
lesson	0.49	0.35
possession	0.49	0.38
pine	0.49	0.45
costume	0.49	0.47
seats	0.50	0.38
measured	0.50	0.36
gift	0.50	0.46
angels	0.50	0.42
arts	0.50	0.35
acceptance	0.50	0.28
poets	0.50	0.17
contained	0.50	0.29
thorough	0.50	0.38
flushed	0.50	0.71
print	0.50	0.17
planet	0.50	0.17
purchase	0.50	0.43
early	0.50	0.31
ever	0.50	1.32
beg	0.50	0.62
years	0.50	0.37
rose	0.50	0.50
copies	0.50	0.22
alone	0.50	0.38
brown	0.50	0.76
books	0.50	0.25
oak	0.50	0.47
twilight	0.50	0.46
profound	0.50	0.72
softly	0.51	0.29
pictures	0.51	0.26
gently	0.51	0.40
nations	0.51	0.42
pledge	0.51	0.49
rising	0.51	0.20
assistance	0.51	0.21
perfectly	0.51	0.36
feature	0.51	0.49
parting	0.51	0.56
piece	0.51	0.61
tradition	0.51	0.32
arrangement	0.51	0.33
sources	0.51	0.35
surprising	0.51	0.52
abroad	0.51	0.29
site	0.51	0.30
basis	0.51	0.58
attention	0.51	0.42
same	0.51	0.16
seated	0.51	0.37
select	0.51	0.31
company	0.51	0.28
snow	0.51	0.61
illustration	0.52	0.23
invited	0.52	0.22
aside	0.52	0.42
jupiter	0.52	0.20
later	0.52	0.36
pipes	0.52	0.32
memory	0.52	0.28
chase	0.52	0.34
height	0.52	0.27
improvement	0.52	0.41
towns	0.52	0.35
tent	0.52	0.38
buildings	0.52	0.27
currency	0.53	0.43
pulpit	0.53	0.35
won	0.53	0.42
columns	0.53	0.20
imperial	0.53	0.23
pressed	0.53	0.33
engagement	0.53	0.45
map	0.53	0.29
velvet	0.53	0.58
showing	0.53	0.30
eloquent	0.53	0.37
blew	0.53	0.69
returning	0.53	0.35
inches	0.53	0.24
lamp	0.53	0.35
sensible	0.53	0.34
applause	0.53	0.43
materials	0.53	0.35
forth	0.53	0.29
returns	0.53	0.30
lose	0.53	0.34
roots	0.53	0.46
equal	0.53	0.43
tale	0.53	0.63
young	0.53	0.91
mechanical	0.53	0.34
setting	0.53	0.25
yes	0.53	0.57
breath	0.53	0.39
swing	0.54	0.29
blessing	0.54	0.72
degree	0.54	0.35
rings	0.54	0.34
offering	0.54	0.23
incidents	0.54	0.88
princess	0.54	0.48
book	0.54	0.27
brow	0.54	0.35
minutes	0.54	0.35
ability	0.54	0.38
rested	0.54	0.30
frank	0.54	0.64
resting	0.54	0.32
preacher	0.54	0.44
violet	0.54	0.45
strings	0.54	0.33
springs	0.54	0.27
christians	0.54	0.46
settled	0.54	0.37
interested	0.55	0.37
silk	0.55	0.55
protection	0.55	0.50
smile	0.55	0.54
religious	0.55	0.56
itself	0.55	0.34
coverley	0.55	0.34
feminine	0.55	0.57
collection	0.55	0.16
detail	0.55	0.30
receive	0.55	0.20
possessed	0.55	0.34
significant	0.55	0.42
spare	0.55	0.72
short	0.55	0.53
pardon	0.55	0.52
contrast	0.55	0.46
outer	0.55	0.27
brush	0.55	0.39
lighted	0.55	0.37
musical	0.55	0.33
testament	0.55	0.35
priest	0.55	0.54
sit	0.55	0.33
bushes	0.55	0.47
names	0.55	0.35
knight	0.55	0.51
apartment	0.56	0.41
pages	0.56	0.35
harley	0.56	0.39
jackson	0.56	0.45
finish	0.56	0.39
contact	0.56	0.27
obedience	0.56	0.51
horns	0.56	0.32
silver	0.56	0.25
poem	0.56	0.40
month	0.56	0.36
poet	0.56	0.54
legend	0.57	0.40
goes	0.57	0.47
white	0.57	0.61
population	0.57	0.29
sergius	0.57	0.57
greater	0.57	0.37
sermon	0.57	0.41
exhibition	0.57	0.23
compare	0.57	0.22
mahommed	0.57	0.69
appreciate	0.58	0.31
turns	0.58	0.45
space	0.58	0.17
fires	0.58	0.38
rank	0.58	0.19
give	0.58	0.28
talent	0.58	0.35
year	0.58	0.35
cheerfully	0.58	0.67
energy	0.58	0.44
laughing	0.58	0.41
gain	0.58	0.29
monday	0.58	0.35
deemed	0.58	0.45
paradise	0.58	0.50
followers	0.58	1.20
renewed	0.58	0.42
country	0.58	0.32
halls	0.58	0.28
risen	0.58	0.15
wider	0.58	0.38
enters	0.59	0.47
painting	0.59	0.29
awake	0.59	0.35
certain	0.59	0.38
mercy	0.59	0.97
furniture	0.59	0.30
humor	0.59	0.44
tie	0.59	0.20
thou	0.59	1.62
season	0.59	0.55
stayed	0.59	0.50
tuesday	0.59	0.35
lady	0.59	0.78
tea	0.59	0.53
immense	0.59	0.40
denied	0.59	0.49
precious	0.59	0.34
funds	0.59	0.42
catholic	0.60	0.51
waving	0.60	0.40
higher	0.60	0.33
contain	0.60	0.43
congregation	0.60	0.42
manufacturing	0.60	0.30
situated	0.60	0.39
until	0.60	0.31
royal	0.60	0.21
glances	0.60	0.31
throne	0.60	0.23
bid	0.60	0.82
volumes	0.60	0.36
vigorous	0.60	0.40
church	0.61	0.46
adventure	0.61	0.78
till	0.61	0.21
principles	0.61	0.50
greek	0.61	0.32
seek	0.61	0.27
moreover	0.61	1.65
ago	0.61	0.39
intelligence	0.61	0.37
barely	0.61	0.38
selected	0.61	0.35
vast	0.61	0.28
rights	0.61	0.65
celebrated	0.61	0.19
nay	0.62	1.53
rooms	0.62	0.44
consciousness	0.62	0.49
cultivated	0.62	0.36
palm	0.62	0.39
favorite	0.62	0.45
keep	0.62	0.42
claim	0.62	0.30
contract	0.62	0.28
suited	0.62	0.76
dreams	0.63	0.33
tall	0.63	0.91
series	0.63	0.40
plain	0.63	0.33
stay	0.63	0.42
enter	0.63	0.53
cloth	0.63	0.48
extensive	0.63	0.63
honour	0.63	0.32
manners	0.63	0.65
prophet	0.63	0.56
served	0.63	0.43
saturday	0.63	0.37
treat	0.64	0.26
bread	0.64	0.51
shelter	0.64	0.36
refuge	0.64	0.33
manner	0.64	0.37
readiness	0.64	0.27
lit	0.64	0.42
occupied	0.64	0.41
rises	0.64	0.44
distinct	0.64	0.34
offer	0.64	0.15
brave	0.64	0.31
relations	0.64	0.39
bible	0.64	0.39
attained	0.65	0.30
contributed	0.65	0.32
frozen	0.65	0.55
lacking	0.65	1.24
morning	0.65	0.34
lights	0.65	0.47
portraits	0.65	0.25
since	0.65	0.52
payment	0.65	0.45
limit	0.65	0.29
examples	0.65	0.34
connection	0.65	0.38
jerusalem	0.65	0.57
horizon	0.65	0.37
bless	0.65	0.82
margery	0.65	1.35
faded	0.65	0.69
independence	0.65	0.75
retired	0.65	0.41
securing	0.66	0.34
communication	0.66	0.33
studying	0.66	0.26
art	0.66	0.39
considerable	0.66	0.39
world	0.66	0.35
upright	0.66	0.25
formal	0.66	0.35
during	0.66	0.56
bold	0.66	0.36
eager	0.66	0.39
striking	0.66	0.51
plenty	0.67	0.36
maintained	0.67	0.38
place	0.67	0.30
waved	0.67	0.38
skill	0.67	0.34
exit	0.67	0.50
interest	0.67	0.81
glittering	0.67	0.50
branches	0.67	0.52
madam	0.67	0.67
steady	0.67	0.38
europe	0.67	0.29
landscape	0.67	0.49
news	0.67	0.34
passionate	0.67	1.35
industry	0.68	0.30
virtues	0.68	0.48
france	0.68	0.26
chance	0.68	0.52
lace	0.68	0.52
christianity	0.68	0.50
thee	0.68	1.58
justly	0.68	0.45
weather	0.68	0.76
danced	0.68	0.47
next	0.68	0.38
desired	0.69	0.41
close	0.69	0.23
artist	0.69	0.29
last	0.69	0.40
obtain	0.69	0.33
success	0.69	0.39
entire	0.69	0.56
example	0.69	0.27
assert	0.69	0.54
palace	0.69	0.18
supplied	0.69	0.48
sir	0.69	0.54
sphere	0.69	0.29
fitted	0.69	0.59
services	0.69	0.25
within	0.69	0.45
fountain	0.69	0.21
remained	0.69	0.38
trees	0.69	0.55
needed	0.70	0.32
consideration	0.70	0.45
rural	0.70	0.41
enthusiasm	0.70	0.88
shake	0.70	0.29
visit	0.70	0.48
title	0.70	0.20
latest	0.70	0.32
opportunity	0.70	0.30
monument	0.70	0.23
contains	0.70	0.44
guests	0.70	0.40
forever	0.70	0.65
homes	0.71	0.54
heartily	0.71	0.48
guest	0.71	0.28
paint	0.71	0.40
remainder	0.71	0.33
collected	0.71	0.35
secured	0.71	0.42
cheeks	0.71	0.57
obtained	0.71	0.42
hour	0.72	0.42
reality	0.72	0.45
spirit	0.72	0.74
supplies	0.72	0.50
majesty	0.72	0.29
thy	0.72	1.16
domestic	0.72	0.32
moonlight	0.72	0.44
wedding	0.72	0.46
formation	0.72	0.56
conception	0.72	0.48
given	0.72	0.35
plants	0.72	0.65
illustrations	0.72	0.36
branch	0.72	0.49
gleam	0.72	0.59
promise	0.72	0.38
image	0.73	0.36
author	0.73	0.51
admiration	0.73	0.91
smooth	0.73	0.45
distinction	0.73	0.31
profit	0.73	0.35
plant	0.74	0.59
o	0.74	1.01
altar	0.74	0.60
serve	0.74	0.36
description	0.74	0.45
real	0.74	0.40
strong	0.74	0.41
noon	0.74	0.33
colors	0.74	0.52
hers	0.74	0.64
day	0.75	0.41
mankind	0.75	0.53
route	0.75	0.47
kind	0.75	1.68
pleasures	0.75	0.43
capable	0.75	0.28
bending	0.75	0.30
interesting	0.75	1.17
promises	0.76	0.24
climate	0.76	0.61
countenance	0.76	0.43
denas	0.76	1.27
tune	0.76	0.30
shout	0.76	0.55
verses	0.76	0.22
edition	0.76	0.52
sentiment	0.76	0.85
earth	0.76	0.27
illustrated	0.76	0.51
julia	0.76	0.64
possible	0.76	0.48
melody	0.76	0.30
retain	0.76	0.54
honest	0.77	0.38
supper	0.77	0.51
universe	0.77	0.67
days	0.77	0.62
slept	0.77	0.34
winter	0.77	0.73
basin	0.77	0.40
virtue	0.78	0.47
flush	0.78	0.89
night	0.78	0.36
bearing	0.78	0.30
supply	0.78	0.49
lunch	0.78	0.49
married	0.79	1.44
agreement	0.79	0.27
style	0.79	0.68
doctrine	0.79	0.50
composition	0.79	0.42
breathe	0.79	0.22
moon	0.79	0.44
impressive	0.79	0.78
expressions	0.79	0.77
provided	0.79	0.32
taste	0.79	0.66
architecture	0.79	0.35
provide	0.79	0.37
poetry	0.79	0.45
reign	0.79	0.26
eve	0.79	0.23
douglas	0.80	1.40
prayers	0.80	0.58
legitimate	0.80	0.57
assurance	0.80	0.36
utmost	0.80	0.39
dawn	0.80	0.56
gold	0.80	0.36
weeks	0.80	0.62
picture	0.80	0.63
marble	0.80	0.25
volume	0.80	0.53
principle	0.80	0.72
sings	0.81	0.32
list	0.81	0.48
credit	0.81	0.40
sweeping	0.81	0.45
response	0.81	0.44
mare	0.82	0.62
technical	0.82	0.36
tales	0.82	0.59
novels	0.82	0.64
possess	0.82	0.37
cheek	0.82	0.46
peak	0.82	0.58
associated	0.82	0.55
inspired	0.82	0.63
kept	0.82	0.35
adventures	0.82	0.85
dreaming	0.82	0.45
hours	0.82	0.56
reverence	0.82	1.29
music	0.82	0.33
fairy	0.83	0.33
remarkable	0.83	0.61
interior	0.83	0.57
vision	0.83	0.22
reflection	0.83	0.25
months	0.83	0.62
thank	0.83	0.64
democracy	0.83	0.60
intelligent	0.83	0.18
christian	0.83	0.62
irregular	0.83	0.56
spiritual	0.84	0.56
sky	0.84	0.53
narrative	0.84	0.67
clung	0.84	1.08
blue	0.84	0.71
wisdom	0.84	0.49
friday	0.84	0.41
disciples	0.84	0.60
welfare	0.84	0.73
preserved	0.84	0.45
vigor	0.84	0.50
whole	0.84	0.46
greatest	0.84	0.38
playing	0.84	0.46
union	0.85	0.53
wonderful	0.85	0.72
gained	0.85	0.29
foremost	0.85	0.44
represents	0.85	0.31
sacred	0.85	0.57
adapted	0.85	0.63
chill	0.85	0.64
kisses	0.85	0.59
delight	0.85	0.55
agriculture	0.85	0.40
extend	0.85	0.39
secure	0.86	0.57
crown	0.86	0.18
adequate	0.86	0.41
model	0.86	0.35
tones	0.86	0.26
visitors	0.86	0.45
heart	0.86	1.21
creed	0.86	0.53
immortal	0.86	0.48
breeze	0.87	0.60
christ	0.87	0.64
requires	0.87	0.30
characteristic	0.87	0.47
encouragement	0.87	0.27
story	0.87	0.67
border	0.87	0.62
filling	0.87	0.37
thine	0.87	1.41
crater	0.87	0.61
unto	0.87	0.94
evening	0.87	0.55
gladly	0.87	0.42
reflected	0.87	0.51
fame	0.88	0.33
owe	0.88	0.38
terms	0.88	0.35
afternoon	0.88	0.56
smoking	0.88	0.36
lofty	0.88	0.31
thoughtful	0.89	0.36
religion	0.89	0.61
light	0.89	0.61
greeted	0.89	0.57
convenient	0.89	0.73
amusement	0.89	0.37
reward	0.89	0.35
gospel	0.89	0.56
diameter	0.89	0.60
fit	0.89	0.57
pray	0.89	0.87
temple	0.89	0.42
personality	0.89	0.44
sleep	0.89	0.36
park	0.89	0.54
holy	0.90	0.64
lawn	0.90	0.64
lord	0.90	0.73
opportunities	0.90	0.33
fundamental	0.90	0.64
correspondence	0.90	0.30
additional	0.90	0.47
nice	0.90	1.24
tree	0.90	0.63
sunday	0.90	0.46
distinguished	0.90	0.36
between	0.90	0.30
poems	0.90	0.33
lasted	0.91	0.60
touching	0.91	0.30
respectable	0.91	0.44
quality	0.91	0.38
brethren	0.91	0.54
fortunes	0.91	0.31
bade	0.91	0.56
deserve	0.91	0.49
sport	0.91	0.37
pipe	0.91	0.33
received	0.91	0.43
nights	0.91	0.61
jesus	0.91	0.64
prayed	0.91	0.72
effective	0.91	0.68
goddess	0.92	0.39
sang	0.92	0.48
permanent	0.92	0.50
ripe	0.92	0.63
appreciation	0.92	0.53
faithful	0.92	0.47
week	0.92	0.62
cigar	0.92	0.35
chorus	0.92	0.51
red	0.92	0.75
central	0.92	0.60
stories	0.92	0.63
efficiency	0.93	0.35
reasonable	0.93	0.41
dancing	0.93	0.53
fill	0.94	0.31
gardens	0.94	0.63
firm	0.94	0.32
leaves	0.94	0.67
dwell	0.94	0.32
spend	0.94	0.49
prominent	0.94	0.55
depth	0.94	0.33
invitation	0.94	0.48
highest	0.95	0.43
appropriate	0.95	0.66
ample	0.95	0.46
grass	0.95	0.66
colour	0.95	0.71
clean	0.95	0.51
providence	0.95	0.47
kingdom	0.95	0.44
fiction	0.95	0.69
agreeable	0.95	1.90
sung	0.95	0.36
erect	0.96	0.45
proper	0.96	0.53
conspicuous	0.96	0.60
treasures	0.96	0.42
inspiration	0.96	0.56
acquaintance	0.97	0.27
gifts	0.97	0.32
rays	0.97	0.60
unique	0.97	0.85
bond	0.97	0.35
courage	0.97	0.52
alliance	0.97	0.38
presents	0.97	0.36
outline	0.97	0.45
behold	0.97	0.73
revelation	0.98	0.62
health	0.98	0.98
maiden	0.98	1.07
prayer	0.98	0.74
treaty	0.98	0.39
exhibited	0.98	0.40
beloved	0.99	1.30
usual	0.99	0.47
glowing	1.00	0.80
necessary	1.00	0.46
approval	1.00	0.57
simple	1.01	0.34
atmosphere	1.02	0.43
charms	1.02	0.31
useful	1.02	1.46
song	1.02	0.43
privilege	1.02	0.43
triumphant	1.02	0.36
dance	1.03	0.54
reserve	1.03	0.53
patience	1.03	0.42
entertainment	1.03	0.36
original	1.03	0.43
sake	1.04	1.21
zeal	1.04	0.63
yellow	1.04	0.69
confined	1.04	1.64
beth	1.04	1.00
handsome	1.05	0.70
notwithstanding	1.05	1.12
available	1.05	0.53
crimson	1.05	0.73
helen	1.05	1.17
equality	1.05	1.35
scarlet	1.05	0.73
entitled	1.05	0.39
devoted	1.06	0.35
patriotic	1.06	0.40
feast	1.06	0.42
brilliant	1.06	0.93
singing	1.06	0.53
god	1.07	0.73
privileges	1.07	0.65
genius	1.07	0.36
important	1.07	0.61
truth	1.07	0.57
closer	1.07	0.26
balance	1.07	1.31
journey	1.07	0.42
touched	1.08	0.20
green	1.08	0.72
childhood	1.08	0.99
varied	1.08	0.55
prosperity	1.08	0.55
tribute	1.09	0.55
lo	1.09	0.66
earnestness	1.09	0.43
star	1.09	0.47
satisfaction	1.09	0.49
triumph	1.10	0.41
wherein	1.10	1.14
shining	1.10	0.64
modest	1.11	0.65
manly	1.11	0.41
understanding	1.11	0.37
sunlight	1.11	0.65
shone	1.11	0.65
exchanged	1.11	0.40
skies	1.12	0.59
touch	1.12	0.34
embrace	1.12	0.47
yours	1.12	1.20
pink	1.13	0.79
sun	1.13	0.56
autumn	1.13	0.62
exposition	1.13	0.34
smell	1.14	0.49
soul	1.14	1.02
patriotism	1.15	0.72
shine	1.15	0.50
familiar	1.15	1.19
fruits	1.15	0.53
ardent	1.15	0.64
largest	1.16	0.55
profitable	1.17	0.86
reception	1.17	0.40
sensitive	1.17	1.20
intercourse	1.17	0.31
jewels	1.17	0.46
hearts	1.17	1.03
honorable	1.18	0.43
variety	1.18	0.44
bargain	1.18	1.36
manhood	1.18	0.31
forget	1.18	1.20
color	1.18	0.69
trip	1.19	0.37
stars	1.19	0.50
enthusiastic	1.19	0.33
included	1.19	1.22
lovers	1.19	1.26
sketch	1.19	0.53
meadows	1.19	0.67
glad	1.19	1.09
comparative	1.20	0.77
satisfactory	1.20	0.52
forgive	1.20	1.15
honesty	1.21	0.52
valuable	1.21	0.60
mine	1.21	1.18
slender	1.21	0.55
furnished	1.21	0.47
prospect	1.22	0.54
blessed	1.22	0.59
fruit	1.23	0.60
kiss	1.23	1.08
honor	1.23	0.48
proud	1.23	0.93
purple	1.24	0.76
glow	1.24	0.72
leaf	1.24	0.74
hope	1.24	0.43
favorable	1.24	1.50
lively	1.25	1.17
substantial	1.25	0.33
divine	1.25	0.61
gentle	1.25	0.37
improved	1.25	1.18
songs	1.26	0.39
recognition	1.26	0.45
afforded	1.26	0.40
neat	1.26	0.62
sunset	1.26	0.68
grand	1.26	0.53
sober	1.26	0.32
liberty	1.26	0.62
golden	1.26	0.69
orderly	1.28	0.51
lover	1.28	1.02
sing	1.29	0.44
pleasantly	1.29	1.15
safe	1.29	0.47
complete	1.30	1.22
satisfied	1.31	1.04
summer	1.31	0.75
passing	1.32	1.36
afford	1.32	0.34
novel	1.32	1.29
cheer	1.33	0.46
maintain	1.34	1.16
confidence	1.34	0.65
refined	1.34	0.74
reserved	1.34	1.41
farewell	1.34	0.96
mutual	1.34	0.43
salvation	1.35	0.60
stately	1.35	0.48
quaint	1.35	0.97
loyal	1.35	0.38
finest	1.35	0.70
better	1.35	1.24
win	1.35	0.97
principal	1.36	1.08
earnest	1.36	0.26
hearty	1.36	0.50
air	1.37	0.59
clear	1.37	0.35
outward	1.37	1.04
luxury	1.37	0.42
worship	1.37	1.05
praise	1.37	0.52
heroic	1.38	0.39
sincere	1.38	0.59
sympathy	1.39	0.97
home	1.39	1.23
absolute	1.39	1.16
orange	1.40	0.80
heaven	1.40	1.07
life	1.41	0.84
hath	1.41	1.02
romance	1.41	1.11
dignified	1.41	0.47
dream	1.41	0.95
delighted	1.41	0.84
spring	1.42	0.53
thanks	1.42	0.41
experiences	1.42	0.98
preserve	1.43	1.06
fun	1.43	1.00
trust	1.43	1.01
restored	1.44	1.02
leisure	1.44	0.53
respect	1.44	0.97
universal	1.44	1.10
affection	1.44	1.01
soft	1.44	0.40
eternal	1.45	0.98
gratitude	1.45	0.93
celia	1.45	0.77
glory	1.45	0.39
wealth	1.46	0.32
loyalty	1.46	0.68
gay	1.47	0.90
garden	1.47	0.70
hereafter	1.47	1.09
romantic	1.47	0.81
affectionate	1.48	0.64
hospitality	1.49	0.45
splendor	1.50	0.44
sunshine	1.51	0.71
glorious	1.51	0.41
rare	1.51	0.61
heavenly	1.53	0.33
nature	1.53	0.80
dignity	1.53	0.42
sympathetic	1.53	0.43
roses	1.53	0.70
calm	1.53	0.52
busy	1.53	1.05
safety	1.53	1.00
spent	1.54	1.42
freedom	1.54	1.04
worthy	1.54	1.03
polite	1.54	1.02
intimate	1.54	0.98
blossoms	1.55	0.74
costly	1.57	0.51
honored	1.57	0.96
generous	1.57	0.28
elegant	1.58	0.55
goodness	1.59	0.35
fresh	1.60	0.44
picturesque	1.61	1.05
suitable	1.61	1.23
tender	1.61	0.60
ah	1.62	0.98
magnificent	1.63	0.56
devotion	1.63	0.85
ease	1.64	0.78
unity	1.64	1.00
comfort	1.64	0.50
warm	1.64	1.04
flowers	1.64	0.68
comfortable	1.64	1.10
welcome	1.66	1.05
faith	1.67	0.86
loving	1.67	0.86
smiles	1.67	0.50
noble	1.68	0.33
rich	1.69	0.54
statue	1.69	0.87
decent	1.69	1.08
hopeful	1.70	0.88
warmth	1.70	0.40
youth	1.70	0.58
infinite	1.70	0.84
charm	1.71	0.40
ideal	1.71	0.81
kindness	1.71	0.40
true	1.72	0.73
abundant	1.72	0.93
fair	1.72	0.80
greeting	1.72	0.93
furnish	1.73	0.95
tenderness	1.73	0.71
amusing	1.74	1.08
enjoyment	1.74	0.47
courtesy	1.75	0.37
friendship	1.76	0.70
essential	1.76	0.86
famous	1.77	0.80
merry	1.77	0.92
joyous	1.78	0.86
kindly	1.80	0.77
security	1.80	0.85
prosperous	1.81	0.88
rosy	1.81	1.09
pleasure	1.82	0.68
cool	1.85	0.89
attractive	1.85	1.15
bliss	1.87	0.60
best	1.88	1.04
friendly	1.89	0.75
christmas	1.90	0.85
joy	1.91	0.72
travel	1.91	0.95
perfection	1.91	0.72
grateful	1.93	0.61
tour	1.94	0.82
full	1.94	0.63
mild	1.94	0.88
enjoyed	1.95	0.89
gracious	1.95	0.76
wholesome	1.96	0.85
healthy	1.96	0.75
rest	1.97	0.73
bright	1.97	1.03
simplicity	1.98	0.68
beautiful	1.98	0.78
exquisite	1.99	0.69
flower	1.99	0.90
purity	1.99	0.57
fond	2.00	0.68
harmony	2.01	0.73
grace	2.05	0.58
bloom	2.06	0.89
contented	2.07	0.72
cheerful	2.08	0.95
enjoy	2.09	0.66
radiant	2.10	0.78
repose	2.12	0.65
genuine	2.13	0.70
quiet	2.15	0.86
sweetness	2.18	0.53
peace	2.18	0.66
content	2.18	0.57
desirable	2.21	0.94
sweet	2.22	0.71
charming	2.22	0.89
peaceful	2.25	0.80
delicious	2.26	0.80
graceful	2.26	0.64
sunny	2.27	1.00
splendid	2.29	0.79
pure	2.30	0.46
delicate	2.38	0.70
happiness	2.44	0.61
enjoying	2.46	0.66
fine	2.57	0.59
beauty	2.58	0.47
admirable	2.62	0.60
