cruel	-4.38	0.89
deadly	-4.24	1.02
miserable	-4.15	1.01
ugly	-4.11	1.16
weak	-3.96	1.02
wretched	-3.94	1.05
dirty	-3.91	1.36
dreadful	-3.84	1.13
dying	-3.82	1.05
devil	-3.81	1.08
blind	-3.72	0.90
ignorant	-3.70	1.17
victim	-3.63	1.10
terrible	-3.63	1.14
fearful	-3.60	1.13
swore	-3.60	1.47
wicked	-3.43	0.87
disaster	-3.41	1.31
disgrace	-3.41	1.11
painful	-3.40	1.76
consequences	-3.38	1.15
feeble	-3.35	1.28
quarrel	-3.35	1.41
violence	-3.34	1.29
helpless	-3.32	0.95
lonely	-3.31	1.55
disease	-3.29	1.10
dangerous	-3.28	1.36
fool	-3.26	1.35
accident	-3.24	1.28
alas	-3.18	1.57
death	-3.17	1.24
interference	-3.17	1.66
crime	-3.17	1.46
stupid	-3.15	0.96
bitterly	-3.12	1.44
sin	-3.10	1.10
weary	-3.10	1.13
foolish	-3.10	1.00
horror	-3.08	1.29
dread	-3.07	1.30
endure	-3.03	1.48
hopeless	-3.03	1.03
murder	-3.03	1.75
injustice	-3.02	0.56
false	-3.01	1.25
awful	-3.00	1.47
mortal	-2.99	1.11
ill	-2.98	1.16
curse	-2.98	1.15
sick	-2.95	1.13
careless	-2.95	0.95
evils	-2.94	1.52
worst	-2.90	1.55
revenge	-2.89	1.33
alive	-2.88	1.11
beast	-2.87	0.54
frightened	-2.82	1.13
awkward	-2.79	1.38
deeds	-2.78	1.33
exposed	-2.78	0.67
gambling	-2.78	1.66
bitter	-2.76	1.48
violent	-2.76	1.48
temptation	-2.76	1.33
cunning	-2.72	0.50
restless	-2.71	1.64
tired	-2.71	1.27
savage	-2.69	0.61
fortunately	-2.69	1.81
ignorance	-2.68	0.51
thief	-2.66	0.49
rage	-2.65	1.61
enemies	-2.64	0.57
sins	-2.64	1.43
destroy	-2.63	1.79
shame	-2.62	1.52
crazy	-2.61	1.19
fury	-2.60	1.66
acted	-2.60	2.02
horace	-2.58	1.68
dependent	-2.58	1.42
dead	-2.56	1.40
madness	-2.54	0.95
fatal	-2.54	0.58
peril	-2.52	0.59
suffering	-2.51	0.50
grief	-2.51	1.47
creatures	-2.49	1.47
scorn	-2.49	1.70
anger	-2.47	1.78
badly	-2.46	1.42
imagine	-2.45	1.94
petty	-2.44	0.60
sadly	-2.41	1.36
dangers	-2.41	0.61
angry	-2.40	1.54
drunk	-2.40	1.75
unfortunately	-2.40	1.77
hell	-2.40	0.67
dillon	-2.38	1.64
suffer	-2.38	0.47
punishment	-2.37	0.84
fate	-2.36	0.70
dumb	-2.35	0.63
disturbed	-2.35	1.49
agony	-2.34	0.99
gloomy	-2.34	1.58
jealousy	-2.33	1.82
hatred	-2.32	1.88
mob	-2.31	0.45
bitterness	-2.31	1.77
hath	-2.30	1.79
furious	-2.30	0.94
suffered	-2.28	0.58
forgot	-2.26	1.76
sore	-2.26	0.50
responsible	-2.25	0.43
clarke	-2.25	1.70
injured	-2.25	0.34
wounded	-2.24	0.57
worse	-2.24	1.44
injury	-2.23	0.45
killed	-2.23	0.43
corruption	-2.21	0.61
folly	-2.21	0.52
uncertain	-2.20	0.56
recall	-2.20	2.10
shock	-2.20	0.65
wrath	-2.19	1.80
fiercely	-2.19	0.87
committed	-2.19	0.94
fever	-2.19	0.30
ferris	-2.18	1.59
scared	-2.17	1.45
illness	-2.16	0.40
creature	-2.16	1.41
danger	-2.15	0.59
selfish	-2.15	0.50
forever	-2.14	1.94
absurd	-2.14	0.64
destruction	-2.14	0.64
fierce	-2.12	1.17
jealous	-2.12	1.80
threatened	-2.12	0.65
rude	-2.11	0.44
prison	-2.09	1.10
misery	-2.09	0.92
angrily	-2.09	0.57
spectacle	-2.09	2.21
treatment	-2.08	0.29
mad	-2.07	0.63
acts	-2.04	0.90
escaped	-2.03	0.67
incident	-2.03	2.00
disgust	-2.03	1.24
damn	-2.03	0.77
exhausted	-2.02	0.80
protest	-2.02	0.91
guilty	-2.02	1.04
error	-2.02	0.56
utterly	-2.01	0.60
hospital	-2.01	0.48
ending	-1.99	0.51
lately	-1.99	1.75
hunger	-1.98	0.64
liable	-1.98	0.40
obvious	-1.98	2.26
mischief	-1.98	1.60
desires	-1.97	1.75
threatening	-1.97	0.57
poverty	-1.97	0.63
enemy	-1.96	0.55
panic	-1.96	0.80
hungry	-1.95	0.73
despair	-1.95	1.18
sighed	-1.93	1.85
battle	-1.93	0.63
remarks	-1.93	2.48
arrest	-1.92	1.04
impressed	-1.91	1.97
jail	-1.91	1.02
disappointment	-1.91	1.26
dull	-1.90	0.71
scandal	-1.89	0.73
desperate	-1.89	0.30
charged	-1.88	1.05
growled	-1.88	0.59
distress	-1.86	0.85
feared	-1.86	1.57
foe	-1.85	0.43
fear	-1.85	1.06
confession	-1.85	0.93
deed	-1.84	0.67
queer	-1.82	1.36
habits	-1.82	1.90
indignation	-1.82	1.56
severe	-1.81	0.73
cure	-1.81	0.34
unconscious	-1.80	0.39
temporary	-1.80	2.19
charge	-1.79	1.08
crying	-1.78	1.73
defeat	-1.78	0.70
lot	-1.77	1.75
dismay	-1.77	0.93
terror	-1.77	1.10
joke	-1.77	1.52
muttered	-1.77	0.75
helping	-1.77	1.73
dog	-1.77	0.70
idle	-1.76	0.46
damage	-1.76	0.54
humble	-1.76	1.34
anxiety	-1.74	1.07
weapon	-1.74	0.54
vice	-1.73	0.51
suspicious	-1.72	0.34
attack	-1.72	0.47
ruin	-1.72	0.71
teeth	-1.72	0.74
suspicion	-1.72	0.97
tragic	-1.72	0.79
wolf	-1.71	0.44
physician	-1.70	0.48
fellow	-1.70	1.46
confused	-1.70	0.28
impatience	-1.70	1.14
makes	-1.70	1.86
confusion	-1.69	0.73
yonder	-1.69	0.59
weakness	-1.68	0.31
pistol	-1.68	0.52
embarrassment	-1.68	0.99
indifferent	-1.67	0.51
wound	-1.67	0.38
alike	-1.66	0.67
storm	-1.66	0.75
condemned	-1.66	0.92
vague	-1.66	0.44
buried	-1.66	0.77
rifle	-1.65	0.49
contempt	-1.65	1.47
crisis	-1.65	0.51
startling	-1.65	2.34
spite	-1.64	0.73
sentence	-1.64	0.87
boy	-1.62	1.71
pain	-1.62	1.11
aloud	-1.61	0.49
terry	-1.61	1.69
silly	-1.60	0.50
vanity	-1.60	0.96
die	-1.60	0.51
loss	-1.60	0.63
reckless	-1.60	0.45
wrong	-1.59	1.75
serious	-1.59	0.67
intense	-1.59	1.33
hiding	-1.59	0.46
struggling	-1.59	0.45
criminal	-1.58	1.14
too	-1.58	1.71
prejudice	-1.57	1.02
old	-1.57	1.74
wandering	-1.56	0.61
weapons	-1.56	0.52
arrested	-1.56	1.14
mistake	-1.55	0.57
fancied	-1.54	1.73
gang	-1.54	0.84
accused	-1.53	1.16
resentment	-1.53	1.60
nervous	-1.52	0.46
exclamation	-1.51	0.84
children	-1.51	1.86
risk	-1.50	0.50
conflict	-1.49	0.59
trial	-1.49	0.95
coarse	-1.49	0.66
prisoners	-1.49	0.67
rival	-1.49	0.72
curious	-1.49	2.29
actions	-1.48	0.41
temper	-1.47	1.76
lest	-1.47	0.51
occurred	-1.47	0.70
fighting	-1.47	0.27
alarmed	-1.46	0.46
sudden	-1.46	0.89
extremely	-1.46	0.62
tremendous	-1.45	0.75
utter	-1.44	1.05
fight	-1.44	0.40
saved	-1.44	0.56
doctors	-1.44	0.54
agitation	-1.43	0.58
clayton	-1.42	0.52
startled	-1.42	0.43
impatiently	-1.41	0.43
huge	-1.41	0.58
wild	-1.41	0.76
shouted	-1.41	0.54
fears	-1.40	0.49
prisoner	-1.40	0.82
holes	-1.40	0.59
manners	-1.40	2.08
mingled	-1.40	1.14
mighty	-1.40	0.75
beasts	-1.39	0.37
oath	-1.39	0.64
astonishment	-1.39	0.83
alarm	-1.39	0.86
useless	-1.39	0.54
naked	-1.39	0.46
despite	-1.38	0.23
sort	-1.38	1.57
awe	-1.38	0.98
spirits	-1.38	1.83
irish	-1.38	0.58
voters	-1.38	0.57
resist	-1.38	0.62
remedy	-1.35	0.59
bewildered	-1.34	0.54
disappointed	-1.34	0.54
positively	-1.33	0.38
neglect	-1.33	0.39
destroyed	-1.32	0.31
contest	-1.31	0.60
swear	-1.31	0.52
encounter	-1.30	0.45
severely	-1.30	0.35
conduct	-1.30	0.60
affected	-1.30	0.42
shaken	-1.30	0.28
troubled	-1.28	0.61
medicine	-1.28	0.52
bullet	-1.28	0.33
indifference	-1.27	0.78
ridiculous	-1.27	0.66
seized	-1.26	0.63
affair	-1.26	0.47
alleged	-1.26	0.88
trusted	-1.26	1.83
responsibility	-1.25	0.45
effects	-1.25	0.74
puzzled	-1.23	0.50
surgeon	-1.23	0.52
bull	-1.22	0.33
difficulties	-1.21	0.40
aroused	-1.21	0.99
automobile	-1.20	0.51
burst	-1.20	0.82
snake	-1.20	0.37
worried	-1.20	0.79
struggle	-1.20	0.70
grim	-1.20	0.82
amazement	-1.20	0.93
mostly	-1.20	0.49
doubtful	-1.19	0.58
suspected	-1.19	0.78
grip	-1.19	0.46
overcome	-1.18	0.39
lodge	-1.18	0.59
hurt	-1.18	0.77
leg	-1.17	0.41
seriously	-1.17	0.61
cry	-1.17	0.73
against	-1.17	0.52
controversy	-1.17	0.63
ireland	-1.17	0.75
scene	-1.17	0.84
pony	-1.16	0.70
baby	-1.16	1.87
nonsense	-1.16	0.75
capture	-1.16	0.36
ghost	-1.16	0.58
disagreeable	-1.15	2.31
lazy	-1.15	0.80
release	-1.14	0.89
dogs	-1.14	0.50
nurse	-1.13	0.76
regret	-1.13	1.35
event	-1.13	0.58
liquor	-1.13	0.95
knew	-1.13	1.89
traces	-1.12	0.36
sorts	-1.12	0.53
daring	-1.12	0.31
robbed	-1.11	0.35
existing	-1.11	0.68
woman	-1.11	1.67
mistaken	-1.10	0.49
trap	-1.10	0.34
knocked	-1.10	0.40
heap	-1.10	0.64
troubles	-1.09	0.75
sharply	-1.09	0.39
roused	-1.08	0.59
whites	-1.08	0.62
inevitable	-1.08	0.47
cases	-1.08	0.40
vain	-1.08	0.26
fox	-1.07	0.28
ay	-1.07	0.68
vaguely	-1.06	0.53
captured	-1.06	0.24
drift	-1.06	0.79
animal	-1.06	0.62
strange	-1.05	0.82
absent	-1.05	0.42
pretend	-1.05	0.72
ben	-1.05	0.48
sydney	-1.05	0.57
jury	-1.05	0.69
strikes	-1.05	0.42
beloved	-1.05	1.57
disappear	-1.04	0.64
happened	-1.04	0.97
attacked	-1.04	0.25
motive	-1.04	0.66
game	-1.04	0.61
challenge	-1.03	0.60
delay	-1.03	0.48
lightning	-1.03	0.56
dispute	-1.03	0.59
hardy	-1.02	0.52
kill	-1.02	0.53
separation	-1.02	0.67
trusts	-1.02	0.80
escape	-1.02	0.55
rob	-1.01	0.47
armed	-1.01	0.28
bear	-1.01	0.50
funeral	-1.01	0.48
consequence	-1.00	0.30
confessed	-1.00	0.66
strain	-1.00	0.61
ones	-1.00	1.16
deer	-1.00	0.33
breathing	-1.00	0.48
awake	-1.00	0.73
caused	-1.00	0.37
burden	-1.00	0.62
young	-0.99	1.63
fired	-0.99	0.20
mud	-0.99	0.85
california	-0.99	0.71
deserted	-0.99	0.63
shot	-0.98	0.20
stroke	-0.98	0.47
causes	-0.98	0.44
abandon	-0.98	0.28
curiosity	-0.98	1.04
missed	-0.98	0.63
loyal	-0.97	1.90
failure	-0.97	0.48
lion	-0.96	0.29
warrant	-0.96	0.40
motives	-0.96	0.55
released	-0.95	0.57
cat	-0.95	0.69
produces	-0.95	0.46
inevitably	-0.95	0.72
borne	-0.95	0.45
rush	-0.94	0.52
act	-0.94	0.66
taste	-0.94	1.93
negroes	-0.94	0.66
bed	-0.94	1.10
detective	-0.94	0.41
desert	-0.93	0.62
instinct	-0.93	0.59
unnecessary	-0.93	0.42
discharged	-0.93	0.37
recovered	-0.92	0.42
exceedingly	-0.92	0.53
struggled	-0.92	0.73
ruined	-0.92	0.55
memories	-0.92	0.68
news	-0.92	0.54
animals	-0.92	0.50
avoid	-0.92	0.64
strained	-0.91	0.38
hostile	-0.91	0.80
recalled	-0.91	0.65
surprise	-0.91	0.82
differences	-0.91	0.58
revolution	-0.91	0.51
luck	-0.90	1.90
whip	-0.90	0.20
gasped	-0.90	0.45
englishman	-0.89	0.72
excitement	-0.89	1.00
negro	-0.88	0.61
stress	-0.88	0.42
ai	-0.88	0.84
wash	-0.88	0.77
describe	-0.88	0.59
em	-0.88	0.83
almost	-0.87	0.55
slight	-0.87	0.52
sad	-0.87	1.88
revolver	-0.87	0.23
resistance	-0.87	0.53
meanwhile	-0.87	0.33
witness	-0.86	0.63
hasty	-0.86	0.49
ambitious	-0.86	0.48
endless	-0.86	0.39
flood	-0.86	0.65
crude	-0.86	0.63
guns	-0.86	0.26
powerful	-0.85	0.78
nowhere	-0.85	0.52
authorities	-0.85	0.44
debt	-0.85	0.65
feeling	-0.85	1.24
mere	-0.85	0.58
hang	-0.84	0.58
absence	-0.84	0.34
unlike	-0.84	0.56
haste	-0.84	0.50
sensitive	-0.84	0.53
cried	-0.83	0.67
proceedings	-0.83	0.51
firing	-0.83	0.23
hunting	-0.83	0.27
admired	-0.83	1.73
excited	-0.83	0.52
doc	-0.82	0.68
crack	-0.82	0.21
unto	-0.82	1.02
essentially	-0.82	0.62
shooting	-0.82	0.24
priest	-0.82	0.51
rid	-0.82	0.48
police	-0.82	0.49
impatient	-0.82	0.72
hugh	-0.82	0.57
shoot	-0.82	0.17
defence	-0.82	0.50
conscious	-0.81	0.44
charges	-0.81	0.63
trick	-0.81	0.60
arise	-0.80	0.36
complaint	-0.80	0.39
sheer	-0.80	0.81
lying	-0.80	0.76
jews	-0.80	0.61
laborers	-0.80	0.60
merit	-0.80	0.42
gun	-0.79	0.21
washed	-0.79	0.73
sez	-0.79	1.05
feelings	-0.78	1.18
cow	-0.78	0.33
announcement	-0.78	0.87
williams	-0.78	0.73
fought	-0.78	0.31
triumph	-0.78	1.04
circumstance	-0.77	0.65
wonder	-0.77	0.68
forest	-0.77	0.69
owing	-0.77	0.30
tragedy	-0.77	0.73
bold	-0.77	0.44
indians	-0.77	0.19
interview	-0.77	0.55
bodies	-0.77	0.63
person	-0.76	0.77
commonly	-0.76	0.56
saloon	-0.76	0.57
amazed	-0.76	0.42
whispered	-0.75	0.66
tramp	-0.75	0.42
liked	-0.75	1.81
fell	-0.75	0.59
missing	-0.74	0.47
sheep	-0.74	0.30
mental	-0.74	0.51
tail	-0.74	0.31
falls	-0.74	0.44
nevertheless	-0.74	0.41
murmured	-0.74	0.67
burning	-0.73	0.67
speeches	-0.73	0.54
jerome	-0.73	0.46
concerned	-0.73	0.44
master	-0.73	0.85
ashamed	-0.73	0.67
war	-0.73	0.25
sword	-0.73	0.23
pack	-0.73	0.40
nervously	-0.72	0.37
buck	-0.72	0.31
exercised	-0.72	0.51
cause	-0.72	0.43
lean	-0.72	0.53
imagined	-0.72	1.00
defense	-0.71	0.31
barlow	-0.71	0.43
broken	-0.71	0.49
detectives	-0.71	0.41
remark	-0.71	0.51
wine	-0.71	0.77
educated	-0.70	0.59
policeman	-0.70	0.38
jim	-0.70	0.55
directed	-0.70	0.44
hunter	-0.70	0.34
necessarily	-0.70	0.54
possibility	-0.70	0.38
insist	-0.70	0.55
court	-0.70	0.42
where	-0.70	0.65
blame	-0.70	0.69
sigh	-0.69	0.62
realize	-0.69	0.63
prevented	-0.69	0.30
ward	-0.69	0.39
asleep	-0.69	0.90
patient	-0.69	0.75
sunk	-0.69	0.29
sleep	-0.69	0.69
zoraida	-0.68	0.45
cattle	-0.68	0.28
badger	-0.68	0.56
yielded	-0.68	0.39
rough	-0.68	0.71
constant	-0.68	0.68
checked	-0.68	0.29
witnesses	-0.68	0.51
fallen	-0.67	0.65
multitude	-0.67	0.41
seeming	-0.67	0.30
slightest	-0.67	0.46
capt	-0.67	0.40
declaration	-0.67	0.47
dust	-0.67	0.89
attorney	-0.67	0.44
difficulty	-0.67	0.31
masses	-0.66	0.61
sustained	-0.66	0.29
mysterious	-0.66	0.55
caution	-0.66	0.38
thunder	-0.66	0.52
situation	-0.66	0.43
jesus	-0.66	0.91
cannon	-0.66	0.19
ruins	-0.66	0.57
souls	-0.66	0.91
excessive	-0.66	0.37
emotions	-0.66	1.12
oliver	-0.65	0.41
evident	-0.65	0.48
defeated	-0.65	0.23
unexpected	-0.65	1.01
uttered	-0.65	0.37
encountered	-0.65	0.47
keenly	-0.65	0.32
appeal	-0.65	0.81
sensation	-0.65	1.02
worthington	-0.65	0.52
removal	-0.64	0.24
haward	-0.64	0.52
blow	-0.64	0.35
happen	-0.64	0.95
beaten	-0.64	0.40
created	-0.64	0.55
wave	-0.63	0.49
exists	-0.63	0.43
demanded	-0.63	0.53
hans	-0.63	0.67
lay	-0.63	0.73
nerves	-0.63	0.51
cambridge	-0.63	0.50
dealing	-0.63	0.37
stolen	-0.63	0.61
cast	-0.62	0.44
soldier	-0.62	0.88
handling	-0.62	0.32
solemn	-0.62	0.56
possibilities	-0.62	0.48
nodded	-0.62	0.78
grave	-0.62	0.64
wake	-0.62	0.89
staring	-0.62	0.36
secretly	-0.61	0.81
bones	-0.61	0.45
o	-0.61	0.81
gleam	-0.61	0.68
arthur	-0.61	0.66
satisfy	-0.61	0.33
events	-0.60	0.78
big	-0.60	0.77
rider	-0.60	0.26
spaniards	-0.60	0.14
issues	-0.60	0.45
avoided	-0.59	0.54
sheriff	-0.59	0.35
dwelt	-0.59	0.53
medical	-0.59	0.27
impression	-0.59	0.68
case	-0.59	0.37
grew	-0.59	0.47
beings	-0.59	0.60
protected	-0.59	0.39
completely	-0.58	0.44
outward	-0.58	0.29
opinions	-0.58	0.54
lad	-0.58	0.91
suspect	-0.58	1.00
courts	-0.58	0.39
plot	-0.58	0.65
judges	-0.58	0.37
recover	-0.57	0.54
notwithstanding	-0.57	0.43
strongest	-0.57	0.59
sam	-0.57	0.62
openly	-0.57	0.45
astonished	-0.57	0.40
lawyer	-0.57	0.50
frame	-0.57	0.46
treated	-0.57	0.29
neglected	-0.57	0.22
harm	-0.56	0.85
justify	-0.56	0.38
shook	-0.56	0.74
child	-0.56	1.99
struck	-0.56	0.15
age	-0.56	0.93
accomplish	-0.56	0.54
naval	-0.56	0.14
expressed	-0.56	0.70
thaw	-0.56	0.46
crushed	-0.56	0.64
whereas	-0.56	0.41
shy	-0.56	0.59
confined	-0.56	0.33
accompanied	-0.56	0.55
declares	-0.55	0.42
prevent	-0.55	0.30
acting	-0.55	0.45
surprised	-0.55	0.44
cries	-0.55	0.51
delivered	-0.55	0.49
divorce	-0.55	0.77
trace	-0.55	0.43
died	-0.55	1.15
resort	-0.54	0.46
soldiers	-0.54	0.36
toil	-0.54	0.56
gesture	-0.54	0.86
concern	-0.54	0.63
horses	-0.54	0.29
ground	-0.54	0.70
dot	-0.54	0.62
hitherto	-0.54	0.48
thou	-0.53	0.74
wildly	-0.53	0.44
involved	-0.53	0.27
long	-0.53	0.69
gossip	-0.53	0.50
barney	-0.53	0.60
conceal	-0.53	0.29
fleet	-0.53	0.13
gospel	-0.53	0.73
farther	-0.52	0.56
shed	-0.52	0.60
ah	-0.52	0.55
worry	-0.52	0.64
depths	-0.52	0.61
seems	-0.52	0.99
bone	-0.52	0.28
torn	-0.52	0.52
shell	-0.52	0.21
leonard	-0.52	0.60
thing	-0.52	0.80
boys	-0.52	0.74
opposition	-0.51	0.46
precisely	-0.51	0.58
poured	-0.51	0.63
doubts	-0.51	0.53
intensity	-0.51	0.99
smiled	-0.51	0.74
largest	-0.51	0.84
connection	-0.51	0.50
immense	-0.51	0.47
appealed	-0.51	0.36
circles	-0.51	0.38
stuff	-0.51	0.87
betrayed	-0.51	0.53
signs	-0.51	0.28
heels	-0.50	0.62
nay	-0.50	0.68
rests	-0.50	0.42
altogether	-0.50	0.54
stronger	-0.50	0.66
telegraph	-0.50	0.50
verdict	-0.49	0.56
roar	-0.49	0.44
killing	-0.49	0.45
without	-0.49	0.30
headquarters	-0.49	0.16
distinguish	-0.49	0.50
retorted	-0.49	0.56
abruptly	-0.49	0.26
suggestion	-0.49	0.60
deliberately	-0.49	0.18
thereby	-0.48	0.71
due	-0.48	0.28
bottle	-0.48	0.69
wrought	-0.48	0.29
curiously	-0.48	0.38
morton	-0.48	0.44
identity	-0.48	0.32
exception	-0.48	0.41
sinking	-0.48	0.27
drink	-0.48	0.70
prophet	-0.47	0.79
district	-0.47	0.31
indian	-0.47	0.23
thoughtfully	-0.47	0.49
eagerly	-0.47	0.26
drank	-0.47	0.69
older	-0.47	1.05
exclaimed	-0.47	0.57
people	-0.47	0.84
buffalo	-0.47	0.20
motionless	-0.47	0.33
beach	-0.47	0.20
explain	-0.47	0.54
ashes	-0.47	0.62
experienced	-0.47	0.49
prospect	-0.47	0.37
emphasis	-0.47	0.58
brush	-0.47	0.53
sergeant	-0.47	0.25
complicated	-0.47	0.60
vigorous	-0.47	0.60
partly	-0.46	0.26
fled	-0.46	0.18
cup	-0.46	0.72
commented	-0.46	0.54
ignored	-0.46	0.21
based	-0.46	0.50
pursued	-0.46	0.38
guessed	-0.46	1.28
imitation	-0.46	0.65
bob	-0.46	0.57
connected	-0.46	0.47
shared	-0.45	0.50
cole	-0.45	0.40
significance	-0.45	0.30
express	-0.45	0.60
ambition	-0.45	0.79
sphere	-0.45	0.44
revelation	-0.45	0.46
farm	-0.45	0.54
hodge	-0.45	0.64
surrounding	-0.45	0.48
greatly	-0.44	0.60
necessity	-0.44	0.29
adventure	-0.44	0.74
refer	-0.44	0.45
bryan	-0.44	0.17
knife	-0.44	0.19
characteristic	-0.44	0.68
presented	-0.44	0.65
suddenly	-0.44	0.28
tribes	-0.44	0.16
judge	-0.44	0.31
pupils	-0.44	0.60
lie	-0.43	0.47
tall	-0.43	0.97
lies	-0.43	0.44
anxious	-0.43	0.35
fashion	-0.43	0.61
results	-0.43	0.46
farmers	-0.43	0.47
rather	-0.43	0.80
impulse	-0.43	0.72
action	-0.43	0.23
trifle	-0.43	0.55
abandoned	-0.43	0.14
ideals	-0.43	0.59
memory	-0.43	0.64
speech	-0.42	0.54
women	-0.42	1.11
comrades	-0.42	0.51
matters	-0.42	0.27
wan	-0.42	0.68
mason	-0.42	0.24
admit	-0.42	0.58
moreover	-0.42	0.24
commissioner	-0.42	0.30
lap	-0.42	0.80
strongly	-0.42	0.37
echoed	-0.42	0.42
piper	-0.42	0.64
gravely	-0.42	0.64
wholly	-0.42	0.45
team	-0.42	0.25
dash	-0.42	0.11
loaded	-0.42	0.19
becoming	-0.42	0.53
protested	-0.41	0.55
habit	-0.41	0.39
parker	-0.41	0.15
glass	-0.41	0.72
sorrow	-0.41	1.74
customs	-0.41	0.88
dickon	-0.41	0.56
silent	-0.41	0.69
awakened	-0.41	0.66
circumstances	-0.41	0.44
ships	-0.41	0.12
strong	-0.41	1.80
comment	-0.41	0.49
surprising	-0.41	0.89
testimony	-0.41	0.36
vessels	-0.41	0.12
reaction	-0.41	0.47
largely	-0.41	0.33
answered	-0.41	0.61
officer	-0.40	0.23
retreat	-0.40	0.14
problems	-0.40	0.26
local	-0.40	0.21
frontier	-0.40	0.14
appeals	-0.40	0.20
seemed	-0.40	0.61
occasion	-0.40	0.47
experience	-0.40	0.68
folks	-0.40	0.70
invisible	-0.40	0.39
considerations	-0.40	0.28
temple	-0.40	0.52
secret	-0.40	0.66
fill	-0.40	0.41
fountain	-0.40	0.55
coldly	-0.40	0.51
condition	-0.40	0.44
became	-0.40	0.50
japanese	-0.40	0.10
happily	-0.39	0.55
perform	-0.39	0.44
glasses	-0.39	0.69
tammany	-0.39	0.19
election	-0.39	0.14
noticed	-0.39	1.03
guard	-0.39	0.27
cell	-0.39	0.32
burn	-0.39	0.53
problem	-0.39	0.24
working	-0.39	0.48
horse	-0.39	0.26
evidently	-0.39	0.76
reckon	-0.39	0.63
wars	-0.38	0.18
decision	-0.38	0.28
plainly	-0.38	0.95
repeated	-0.38	0.59
bond	-0.38	0.44
till	-0.38	0.65
civil	-0.38	0.25
prayers	-0.38	0.78
apparent	-0.38	0.74
ranch	-0.38	0.32
replied	-0.38	0.59
arguments	-0.38	0.45
added	-0.38	0.59
holy	-0.38	0.87
moses	-0.38	0.73
marshal	-0.38	0.23
natives	-0.38	0.26
bein	-0.38	1.04
dreamed	-0.37	1.00
sex	-0.37	0.55
safely	-0.37	0.40
nest	-0.37	0.59
steal	-0.37	0.24
eager	-0.37	0.42
morgan	-0.37	0.30
pity	-0.37	1.94
counsel	-0.37	0.33
obviously	-0.37	0.38
wondering	-0.37	0.46
criticism	-0.37	0.47
teachers	-0.37	0.66
eagerness	-0.37	0.86
persons	-0.37	0.76
pawnee	-0.37	0.29
votes	-0.37	0.15
bears	-0.37	0.33
attracted	-0.37	0.41
everywhere	-0.37	0.17
blank	-0.37	0.27
depend	-0.37	0.33
campaign	-0.37	0.18
hit	-0.36	0.47
admiral	-0.36	0.13
wilderness	-0.36	0.28
instructions	-0.36	0.49
candidate	-0.36	0.17
olivia	-0.36	0.41
directions	-0.36	0.47
mild	-0.36	2.05
calmly	-0.36	0.48
frank	-0.36	0.76
destined	-0.36	0.57
ile	-0.36	0.27
dutch	-0.36	0.27
fed	-0.36	0.35
lookin	-0.36	1.04
fat	-0.36	0.68
mate	-0.36	0.44
private	-0.35	0.42
democrats	-0.35	0.14
emotion	-0.35	1.27
gentleman	-0.35	0.93
folk	-0.35	0.69
vote	-0.35	0.15
somewhere	-0.35	0.43
dream	-0.35	0.45
fer	-0.35	0.65
remarked	-0.35	0.58
justice	-0.35	0.32
regards	-0.35	0.35
blows	-0.34	0.33
insisted	-0.34	0.35
sink	-0.34	0.12
yesterday	-0.34	0.28
behalf	-0.34	0.19
brings	-0.34	0.46
awfully	-0.34	0.62
active	-0.34	0.47
dreams	-0.34	0.47
feeding	-0.34	0.25
lock	-0.34	0.19
make	-0.34	0.54
git	-0.34	0.63
approach	-0.34	0.20
hide	-0.33	0.16
vanished	-0.33	0.49
goin	-0.33	0.68
candidates	-0.33	0.15
commander	-0.33	0.26
conventional	-0.33	0.49
sank	-0.33	0.36
fort	-0.33	0.13
object	-0.33	0.43
suggest	-0.33	0.25
drinking	-0.33	0.74
adventures	-0.33	0.71
homes	-0.33	0.65
hole	-0.33	0.16
midst	-0.33	0.75
sign	-0.33	0.41
funny	-0.33	0.93
tempted	-0.33	0.65
understand	-0.32	0.82
neighbor	-0.32	0.27
leads	-0.32	0.49
pressure	-0.32	0.42
recently	-0.32	0.59
becomes	-0.32	0.58
gave	-0.32	0.28
artificial	-0.32	0.53
ticket	-0.32	0.15
staff	-0.32	0.18
quite	-0.32	0.81
informed	-0.32	0.63
ideas	-0.32	0.48
americans	-0.32	0.48
yo	-0.31	0.52
protect	-0.31	0.61
warned	-0.31	0.56
interested	-0.31	0.60
appearance	-0.31	0.39
flash	-0.31	0.29
fit	-0.31	0.64
bore	-0.31	0.17
supreme	-0.31	0.37
briefly	-0.31	0.42
murphy	-0.31	0.21
carroll	-0.31	0.25
affect	-0.31	0.45
stared	-0.31	0.39
solitary	-0.31	0.69
apparently	-0.30	0.56
named	-0.30	1.15
muscular	-0.30	0.26
sprang	-0.30	0.24
brady	-0.30	0.31
er	-0.30	0.52
farmer	-0.30	0.61
confronted	-0.30	0.32
settle	-0.30	0.22
ho	-0.30	0.49
boards	-0.30	0.14
realized	-0.30	1.05
extraordinary	-0.30	1.02
kin	-0.30	0.58
hero	-0.30	0.52
carolina	-0.30	0.17
ter	-0.30	0.58
suggested	-0.30	0.54
merriwell	-0.30	0.65
stranger	-0.29	0.47
entirely	-0.29	0.51
questions	-0.29	0.25
successfully	-0.29	0.29
paradise	-0.29	0.81
judged	-0.29	0.23
singular	-0.29	1.08
muscles	-0.29	0.48
noted	-0.29	0.63
officers	-0.29	0.13
though	-0.29	1.03
correct	-0.29	0.54
ancestors	-0.29	0.50
arrival	-0.29	0.20
dreaming	-0.28	0.60
families	-0.28	0.85
wandered	-0.28	0.72
settlement	-0.28	0.17
subsequent	-0.28	0.57
lawyers	-0.28	0.17
trembling	-0.28	0.57
yer	-0.28	0.57
ye	-0.28	0.62
revealed	-0.28	0.30
teach	-0.28	0.52
nothin	-0.28	0.69
flames	-0.28	0.29
questioned	-0.28	0.66
newly	-0.28	0.44
sailor	-0.28	0.66
ef	-0.28	0.54
judgment	-0.28	0.42
chase	-0.27	0.33
effect	-0.27	0.26
stole	-0.27	0.25
heads	-0.27	0.78
evidence	-0.27	0.38
losing	-0.27	0.58
making	-0.27	0.58
wagon	-0.27	0.14
army	-0.27	0.13
republican	-0.27	0.15
party	-0.27	0.15
tent	-0.27	0.32
roosevelt	-0.27	0.15
spare	-0.27	0.52
importance	-0.27	0.28
tribe	-0.27	0.25
proudly	-0.27	0.44
troops	-0.27	0.10
intent	-0.27	0.58
waste	-0.27	0.26
republicans	-0.27	0.14
alan	-0.27	0.46
reality	-0.27	0.48
related	-0.27	0.48
forgotten	-0.26	0.88
cease	-0.26	0.39
heed	-0.26	0.57
nomination	-0.26	0.16
navy	-0.26	0.09
dave	-0.26	0.47
bars	-0.26	0.34
andy	-0.26	0.50
comparatively	-0.26	0.88
feed	-0.26	0.35
thar	-0.26	0.54
summoned	-0.26	0.20
fragments	-0.26	0.32
urged	-0.26	0.41
tears	-0.26	1.07
wheels	-0.26	0.15
responded	-0.26	0.53
statement	-0.26	0.26
jimmy	-0.26	0.55
t	-0.25	0.40
unconsciously	-0.25	0.16
reasons	-0.25	0.20
inquired	-0.25	0.55
quick	-0.25	0.28
develop	-0.25	0.49
clerk	-0.25	0.21
saw	-0.25	0.98
relieved	-0.25	0.44
stirred	-0.25	0.93
democratic	-0.25	0.16
amused	-0.25	0.53
boldly	-0.25	0.18
crowd	-0.25	0.39
harry	-0.25	0.34
assumption	-0.25	0.46
defend	-0.24	0.47
field	-0.24	0.20
hidden	-0.24	0.15
victory	-0.24	0.40
glanced	-0.24	0.50
mayor	-0.24	0.15
scotch	-0.24	0.40
warning	-0.24	0.34
objection	-0.24	0.34
tendency	-0.24	0.31
nearest	-0.24	0.21
figure	-0.24	0.87
instant	-0.24	0.25
giant	-0.24	0.33
guarded	-0.24	0.21
von	-0.24	0.20
stirring	-0.24	0.57
resulted	-0.23	0.48
taught	-0.23	0.49
miller	-0.23	0.40
controlled	-0.23	0.44
contrary	-0.23	0.44
plunged	-0.23	0.21
lords	-0.23	0.49
relief	-0.23	0.75
asked	-0.23	0.70
concerning	-0.23	0.24
objected	-0.23	0.38
flush	-0.23	0.99
cavalry	-0.23	0.23
meantime	-0.23	0.39
hesitated	-0.23	0.47
vicinity	-0.23	0.14
grandfather	-0.23	1.02
passengers	-0.23	0.14
dealt	-0.23	0.30
competition	-0.22	0.32
rendered	-0.22	0.36
barry	-0.22	0.12
judicial	-0.22	0.28
crew	-0.22	0.12
consciousness	-0.22	0.26
eminent	-0.22	0.22
afraid	-0.22	0.67
showed	-0.22	0.31
saddle	-0.22	0.29
affairs	-0.22	0.23
thy	-0.22	0.91
hesitation	-0.22	0.39
childhood	-0.22	0.68
county	-0.22	0.20
support	-0.22	0.53
voted	-0.22	0.15
heavily	-0.22	0.56
aware	-0.22	0.63
letting	-0.22	0.39
vessel	-0.22	0.09
seem	-0.22	0.82
driver	-0.22	0.12
majority	-0.22	0.14
aspect	-0.22	0.45
further	-0.21	0.26
round	-0.21	0.19
christ	-0.21	0.83
philosopher	-0.21	0.38
sets	-0.21	0.43
custom	-0.21	0.48
yuh	-0.21	0.51
question	-0.21	0.26
slaves	-0.21	0.39
girl	-0.21	1.75
afterward	-0.21	0.58
bare	-0.21	0.31
drop	-0.21	0.21
producing	-0.21	0.21
sand	-0.21	0.37
municipal	-0.21	0.20
administration	-0.21	0.16
unusual	-0.21	1.21
dat	-0.21	0.41
ship	-0.21	0.09
rushed	-0.21	0.21
car	-0.21	0.11
interrupted	-0.21	0.45
perceived	-0.21	0.52
lost	-0.21	0.44
locked	-0.21	0.30
deeper	-0.21	0.21
foreigners	-0.21	0.28
gazed	-0.21	0.47
cab	-0.20	0.12
senses	-0.20	0.41
record	-0.20	0.66
shoulder	-0.20	0.34
unknown	-0.20	0.31
dropping	-0.20	0.30
therein	-0.20	0.59
reply	-0.20	0.26
radical	-0.20	0.61
movements	-0.20	0.21
discover	-0.20	0.37
perceive	-0.20	0.42
tower	-0.20	0.24
concealed	-0.20	0.13
dismissed	-0.20	0.35
continued	-0.20	0.52
attitude	-0.20	0.23
returned	-0.20	0.53
parties	-0.20	0.21
spoken	-0.20	0.90
rushing	-0.20	0.25
reform	-0.20	0.22
officials	-0.20	0.13
gods	-0.20	0.77
laughed	-0.19	0.76
measures	-0.19	0.26
mention	-0.19	0.48
choice	-0.19	0.77
captain	-0.19	0.24
boats	-0.19	0.09
mothers	-0.19	1.13
names	-0.19	0.58
sharp	-0.19	0.34
dis	-0.19	0.43
systems	-0.19	0.14
neighbors	-0.19	0.44
minor	-0.19	0.21
whose	-0.19	0.78
pile	-0.19	0.28
en	-0.19	0.42
mark	-0.19	0.12
kind	-0.19	1.77
interests	-0.19	0.54
amid	-0.19	0.36
phase	-0.19	0.53
feller	-0.18	0.78
emotional	-0.18	0.60
general	-0.18	0.15
pronounced	-0.18	0.59
treat	-0.18	0.36
procession	-0.18	0.55
trouble	-0.18	0.54
civilized	-0.18	0.14
caught	-0.18	0.19
southern	-0.18	0.13
jumped	-0.18	0.16
herrick	-0.18	0.57
prompt	-0.18	0.43
hunt	-0.18	0.16
hastily	-0.18	0.20
stick	-0.18	0.18
remain	-0.17	0.45
motor	-0.17	0.20
saving	-0.17	0.23
assistant	-0.17	0.26
regiment	-0.17	0.23
drowned	-0.17	0.37
dropped	-0.17	0.30
language	-0.17	0.44
howard	-0.17	0.24
professor	-0.17	0.35
bit	-0.17	0.99
belt	-0.17	0.24
circuit	-0.17	0.17
military	-0.17	0.09
secretary	-0.17	0.15
inquiry	-0.17	0.21
gradually	-0.17	0.16
broke	-0.17	0.23
marcia	-0.16	0.45
wet	-0.16	1.14
announced	-0.16	0.40
taft	-0.16	0.11
issue	-0.16	0.20
amos	-0.16	0.61
matter	-0.16	0.36
station	-0.16	0.15
latest	-0.16	0.71
delight	-0.16	0.86
felt	-0.16	0.81
prayer	-0.16	0.77
appointment	-0.16	0.15
finest	-0.16	0.87
invariably	-0.16	0.28
force	-0.16	0.51
port	-0.16	0.08
aboard	-0.16	0.08
chamberlain	-0.16	0.11
traditions	-0.16	0.58
mckinley	-0.16	0.11
past	-0.16	0.24
finds	-0.16	0.59
sleeping	-0.15	0.73
cards	-0.15	0.52
command	-0.15	0.13
politicians	-0.15	0.15
voyage	-0.15	0.24
looked	-0.15	0.40
circle	-0.15	0.51
argument	-0.15	0.30
infinite	-0.15	0.85
tear	-0.15	0.20
built	-0.15	0.17
thoughts	-0.15	0.57
harbor	-0.15	0.08
paused	-0.15	0.39
violently	-0.15	0.36
merits	-0.15	0.20
cut	-0.15	0.22
render	-0.15	0.55
quietly	-0.15	0.34
hid	-0.15	0.22
understood	-0.15	1.15
craft	-0.15	0.09
searched	-0.15	0.14
accepted	-0.15	0.56
turned	-0.15	0.39
inhabitants	-0.14	0.31
speaker	-0.14	0.15
influence	-0.14	0.23
helped	-0.14	0.55
train	-0.14	0.10
occur	-0.14	0.29
lieutenant	-0.14	0.24
wasted	-0.14	0.51
explained	-0.14	0.70
breathed	-0.14	0.65
canoe	-0.14	0.14
somewhat	-0.14	0.39
opinion	-0.14	0.27
president	-0.14	0.17
brave	-0.14	0.42
rescue	-0.14	0.44
department	-0.14	0.13
self	-0.14	0.74
tale	-0.14	0.69
remembered	-0.14	1.56
display	-0.14	0.32
discovered	-0.14	0.77
expedition	-0.14	0.15
classes	-0.14	0.33
blessed	-0.14	0.91
sense	-0.14	0.54
bits	-0.14	0.54
parliament	-0.14	0.14
intelligence	-0.14	0.35
thought	-0.13	1.23
individual	-0.13	0.44
carriage	-0.13	0.15
senators	-0.13	0.12
got	-0.13	0.62
nick	-0.13	0.60
doctor	-0.13	0.31
floor	-0.13	0.39
believing	-0.13	0.53
coach	-0.13	0.18
viola	-0.13	0.48
handle	-0.13	0.11
kendric	-0.13	0.29
hurriedly	-0.13	0.22
loudly	-0.13	0.29
texas	-0.13	0.13
dashed	-0.13	0.16
thinking	-0.13	0.94
hale	-0.13	0.36
thee	-0.13	0.85
gloom	-0.13	0.64
hired	-0.13	0.21
hint	-0.13	0.27
afterwards	-0.13	0.74
conscience	-0.13	0.56
indicate	-0.13	0.27
bontoc	-0.13	0.18
superintendent	-0.13	0.17
sailing	-0.12	0.09
v	-0.12	0.45
financial	-0.12	0.25
riding	-0.12	0.24
immediate	-0.12	0.48
produced	-0.12	0.24
spoke	-0.12	0.66
fish	-0.12	0.32
westward	-0.12	0.09
state	-0.12	0.11
ministers	-0.12	0.18
notion	-0.12	0.43
remember	-0.12	0.75
louisiana	-0.12	0.12
crittenden	-0.12	0.29
instantly	-0.12	0.23
girls	-0.12	1.10
academy	-0.12	0.20
south	-0.12	0.11
clung	-0.12	0.56
colored	-0.12	0.56
kentucky	-0.12	0.19
elected	-0.12	0.19
brief	-0.12	0.77
steamer	-0.12	0.09
merchants	-0.12	0.30
columbia	-0.12	0.14
philadelphia	-0.12	0.19
catch	-0.12	0.13
shouting	-0.12	0.66
conclusion	-0.12	0.27
processes	-0.12	0.23
declared	-0.11	0.47
clubs	-0.11	0.47
limited	-0.11	0.36
body	-0.11	0.66
behold	-0.11	0.65
anxiously	-0.11	0.36
stones	-0.11	0.29
brooklyn	-0.11	0.14
fathers	-0.11	0.94
logs	-0.11	0.34
extreme	-0.11	0.56
forming	-0.11	0.19
conservative	-0.11	0.12
weldon	-0.11	0.26
thrown	-0.11	0.20
sailed	-0.11	0.08
because	-0.11	1.09
stern	-0.11	0.24
barrier	-0.11	0.12
associated	-0.11	0.48
college	-0.11	0.20
ere	-0.11	0.22
mounted	-0.11	0.16
boat	-0.11	0.09
gallant	-0.11	0.53
repeat	-0.11	0.45
students	-0.11	0.22
departure	-0.11	0.17
declare	-0.11	0.26
continental	-0.11	0.11
commissioners	-0.11	0.14
track	-0.11	0.10
adam	-0.11	0.57
trail	-0.11	0.13
equally	-0.11	0.46
hearing	-0.11	0.27
british	-0.10	0.08
doubtless	-0.10	0.53
teacher	-0.10	0.54
succeed	-0.10	0.59
couch	-0.10	0.48
missouri	-0.10	0.12
bar	-0.10	0.15
doubt	-0.10	0.62
illinois	-0.10	0.13
frequent	-0.10	0.56
sons	-0.10	1.10
n	-0.10	0.38
frankly	-0.10	0.18
create	-0.10	0.57
ceremony	-0.10	0.22
barn	-0.10	0.24
legs	-0.10	0.37
bid	-0.10	0.40
dim	-0.10	0.42
project	-0.10	0.16
address	-0.10	0.19
landed	-0.10	0.08
build	-0.10	0.60
reaching	-0.10	0.19
trip	-0.10	0.57
preparing	-0.10	0.32
fact	-0.10	0.37
workmen	-0.10	0.21
thinks	-0.10	0.99
regarded	-0.10	0.60
arms	-0.10	0.85
continually	-0.10	0.22
ha	-0.10	0.47
adding	-0.10	0.37
gazing	-0.10	0.32
professors	-0.10	0.23
scenes	-0.09	0.74
internal	-0.09	0.23
russian	-0.09	0.09
bureau	-0.09	0.13
objects	-0.09	0.26
arc	-0.09	0.16
however	-0.09	0.68
end	-0.09	0.15
servant	-0.09	0.69
relatives	-0.09	1.01
arm	-0.09	0.35
expert	-0.09	0.19
sport	-0.09	0.44
confess	-0.09	0.61
commanding	-0.09	0.13
hut	-0.09	0.19
wherever	-0.09	0.66
lamb	-0.09	0.32
addressed	-0.09	0.22
examination	-0.09	0.23
flow	-0.09	0.23
delegates	-0.09	0.15
hudson	-0.09	0.09
clock	-0.09	0.19
desire	-0.09	0.74
load	-0.09	0.37
council	-0.09	0.16
ashore	-0.09	0.09
scholar	-0.09	0.24
rule	-0.09	0.29
companions	-0.09	0.49
alice	-0.08	0.54
removed	-0.08	0.08
primitive	-0.08	0.38
marine	-0.08	0.09
sail	-0.08	0.09
attend	-0.08	0.54
interfere	-0.08	0.48
recognize	-0.08	0.52
bravely	-0.08	0.32
columbus	-0.08	0.18
disappeared	-0.08	0.23
wing	-0.08	0.31
column	-0.08	0.20
wonderful	-0.08	0.85
claims	-0.08	0.19
kate	-0.08	0.62
uncle	-0.08	0.95
federal	-0.08	0.23
legislative	-0.08	0.15
dick	-0.08	0.54
tea	-0.08	0.45
islands	-0.08	0.07
commission	-0.08	0.17
current	-0.08	0.19
murmur	-0.08	0.42
already	-0.08	0.91
kansas	-0.08	0.13
separated	-0.08	0.16
class	-0.08	0.46
eagle	-0.08	0.31
exhibition	-0.08	0.46
bay	-0.08	0.09
surface	-0.08	0.34
bowl	-0.08	0.40
gov	-0.08	0.09
grasped	-0.07	0.31
maurice	-0.07	0.52
driven	-0.07	0.15
sommers	-0.07	0.31
naturally	-0.07	0.50
hurried	-0.07	0.18
states	-0.07	0.12
reporter	-0.07	0.15
wishes	-0.07	0.50
north	-0.07	0.07
thrust	-0.07	0.14
seeking	-0.07	0.37
threshold	-0.07	0.26
marie	-0.07	0.90
marks	-0.07	0.22
serving	-0.07	0.45
agreed	-0.07	0.40
servants	-0.07	0.86
art	-0.07	0.50
exactly	-0.07	0.77
post	-0.07	0.09
oldest	-0.07	0.57
strip	-0.07	0.21
produce	-0.07	0.27
pride	-0.07	1.86
peoples	-0.07	0.16
marked	-0.07	0.37
secrets	-0.07	0.42
surrounded	-0.07	0.33
noise	-0.07	0.34
passion	-0.07	2.01
schools	-0.07	0.23
leader	-0.07	0.24
called	-0.07	0.64
lives	-0.07	0.68
seen	-0.07	1.21
quickly	-0.06	0.21
mystery	-0.06	0.33
board	-0.06	0.11
native	-0.06	0.10
border	-0.06	0.13
island	-0.06	0.07
fault	-0.06	0.64
stable	-0.06	0.17
task	-0.06	0.22
reach	-0.06	0.23
priests	-0.06	0.48
foot	-0.06	0.30
building	-0.06	0.19
concluded	-0.06	0.40
cleveland	-0.06	0.09
university	-0.06	0.17
result	-0.06	0.49
discussed	-0.06	0.34
depends	-0.06	0.55
flight	-0.06	0.23
flung	-0.06	0.19
hollow	-0.06	0.21
depth	-0.06	0.22
knees	-0.06	0.50
guess	-0.06	0.65
ended	-0.06	0.27
movement	-0.06	0.25
referred	-0.06	0.27
considered	-0.06	0.42
brick	-0.06	0.23
somehow	-0.06	0.77
assembly	-0.06	0.15
crow	-0.06	0.29
freight	-0.06	0.13
suffrage	-0.06	0.31
moment	-0.06	0.29
word	-0.06	0.25
leaped	-0.06	0.23
enterprise	-0.06	0.14
report	-0.06	0.18
wheel	-0.05	0.16
glances	-0.05	0.18
mississippi	-0.05	0.08
expression	-0.05	0.28
differ	-0.05	0.19
office	-0.05	0.13
dragged	-0.05	0.19
streams	-0.05	0.20
pennsylvania	-0.05	0.10
sight	-0.05	0.37
intention	-0.05	0.23
gates	-0.05	0.20
satisfaction	-0.05	0.90
policy	-0.05	0.22
represents	-0.05	0.60
purposes	-0.05	0.37
heard	-0.05	0.55
being	-0.05	0.69
flew	-0.05	0.28
observed	-0.05	0.49
admitted	-0.05	0.64
gently	-0.05	1.00
resting	-0.05	0.32
earliest	-0.05	0.69
female	-0.05	0.26
arose	-0.05	0.31
virginia	-0.05	0.16
wooden	-0.05	0.20
views	-0.05	0.33
wives	-0.05	1.04
official	-0.05	0.15
detail	-0.05	0.66
instance	-0.05	0.28
ports	-0.05	0.07
conviction	-0.05	0.87
districts	-0.05	0.15
feel	-0.05	0.79
west	-0.05	0.12
account	-0.04	0.25
debate	-0.04	0.40
therefore	-0.04	0.51
purpose	-0.04	0.25
stood	-0.04	0.30
performed	-0.04	0.47
broadway	-0.04	0.12
stated	-0.04	0.35
camp	-0.04	0.16
sermon	-0.04	0.28
chiefly	-0.04	0.23
literary	-0.04	0.49
particularly	-0.04	0.31
spanish	-0.04	0.09
temperament	-0.04	0.49
street	-0.04	0.14
government	-0.04	0.15
previous	-0.04	0.28
school	-0.04	0.26
re	-0.04	0.32
don	-0.04	0.25
der	-0.04	0.28
courses	-0.04	0.17
tracks	-0.04	0.11
colonel	-0.04	0.31
albany	-0.04	0.11
regard	-0.04	0.24
halted	-0.04	0.25
stopped	-0.04	0.29
smart	-0.04	1.01
western	-0.04	0.12
eastern	-0.04	0.08
elsewhere	-0.04	0.24
leaned	-0.04	0.32
harvard	-0.04	0.14
formerly	-0.04	0.29
decide	-0.04	0.28
discovery	-0.04	0.23
whence	-0.04	0.15
celebrated	-0.04	0.46
marched	-0.04	0.16
mercy	-0.04	1.06
legislation	-0.04	0.26
erected	-0.04	0.24
occurs	-0.04	0.29
god	-0.03	1.10
leaders	-0.03	0.13
constantly	-0.03	0.21
duchess	-0.03	0.53
smaller	-0.03	0.25
universities	-0.03	0.17
waves	-0.03	0.34
younger	-0.03	1.18
motion	-0.03	0.20
originally	-0.03	0.22
standing	-0.03	0.33
conference	-0.03	0.13
ohio	-0.03	0.15
certainty	-0.03	0.43
liberal	-0.03	0.13
appointed	-0.03	0.18
stanley	-0.03	0.49
channel	-0.03	0.12
manhattan	-0.03	0.11
leap	-0.03	0.39
drove	-0.03	0.14
succeeded	-0.03	0.26
stone	-0.03	0.23
th	-0.03	0.66
buildings	-0.03	0.27
mass	-0.03	0.25
appeared	-0.02	0.48
finance	-0.02	0.14
grasp	-0.02	0.22
law	-0.02	0.30
accordance	-0.02	0.25
parents	-0.02	1.11
threw	-0.02	0.17
contract	-0.02	0.22
convention	-0.02	0.14
conquest	-0.02	0.16
waters	-0.02	0.22
statements	-0.02	0.25
instruction	-0.02	0.20
tore	-0.02	0.11
inner	-0.02	0.07
ventured	-0.02	0.42
both	-0.02	0.41
cheerfully	-0.02	0.53
lord	-0.02	0.60
pleased	-0.02	0.67
coffee	-0.02	0.41
appears	-0.02	0.60
cutting	-0.02	0.13
details	-0.02	0.64
tight	-0.02	0.25
ours	-0.02	0.36
executive	-0.02	0.16
milk	-0.02	0.37
physical	-0.02	0.28
signal	-0.02	0.42
operations	-0.02	0.18
cars	-0.02	0.13
bart	-0.02	0.60
words	-0.02	0.21
deck	-0.02	0.14
lots	-0.02	0.88
castle	-0.02	0.29
tightly	-0.02	0.28
resemblance	-0.02	0.17
forces	-0.02	0.30
coast	-0.02	0.07
hook	-0.02	0.11
growing	-0.02	0.25
jersey	-0.02	0.15
conducted	-0.02	0.19
straw	-0.02	0.28
jones	-0.02	0.31
indicated	-0.02	0.32
alfred	-0.02	0.55
teaching	-0.02	0.24
mail	-0.02	0.11
slipped	-0.02	0.18
argued	-0.02	0.28
creed	-0.02	0.31
session	-0.01	0.15
craig	-0.01	0.33
winning	-0.01	0.18
consequently	-0.01	0.21
preacher	-0.01	0.29
gulf	-0.01	0.08
solely	-0.01	0.17
villages	-0.01	0.23
near	-0.01	0.20
appear	-0.01	0.49
accustomed	-0.01	0.49
bother	-0.01	0.68
des	-0.01	0.29
legislature	-0.01	0.16
ministry	-0.01	0.29
reveal	-0.01	0.36
everybody	-0.01	1.13
england	-0.01	0.13
governor	-0.01	0.10
bet	-0.01	0.65
honey	-0.01	0.40
blanket	-0.01	0.39
public	-0.01	0.20
doorway	-0.01	0.32
colleges	-0.01	0.17
lowered	-0.01	0.16
asks	-0.01	0.73
german	-0.01	0.14
engineers	-0.01	0.15
inch	-0.01	0.18
hampton	-0.01	0.30
eating	-0.01	0.35
canada	-0.01	0.09
situated	-0.01	0.17
apparatus	-0.01	0.17
stepped	-0.01	0.22
upstairs	-0.01	0.41
although	-0.01	0.74
beside	-0.01	0.40
swept	-0.01	0.30
listened	-0.01	0.37
bearing	-0.01	0.18
chances	-0.01	0.62
reference	-0.00	0.22
france	-0.00	0.13
firmly	-0.00	0.23
become	-0.00	0.56
break	-0.00	0.16
races	-0.00	0.14
laying	-0.00	0.13
range	-0.00	0.13
shore	-0.00	0.12
congress	-0.00	0.20
st	-0.00	0.22
pull	-0.00	0.16
pains	-0.00	0.33
message	-0.00	0.17
laid	-0.00	0.22
paul	-0.00	0.42
top	-0.00	0.22
senate	-0.00	0.14
politics	-0.00	0.17
term	-0.00	0.17
whistle	-0.00	0.39
platform	-0.00	0.11
falling	-0.00	0.22
backward	-0.00	0.18
major	-0.00	0.21
united	-0.00	0.12
historic	-0.00	0.22
partner	-0.00	0.62
compared	0.00	0.24
regarding	0.00	0.15
ahead	0.00	0.17
hand	0.00	0.47
economic	0.00	0.52
downward	0.00	0.15
africa	0.00	0.08
rivers	0.00	0.14
alliance	0.00	0.13
feet	0.00	0.22
individuals	0.00	0.20
professional	0.00	0.17
wilson	0.00	0.29
knight	0.01	0.31
studies	0.01	0.12
incidents	0.01	0.90
trains	0.01	0.14
advanced	0.01	0.16
remote	0.01	0.32
cape	0.01	0.10
india	0.01	0.08
watched	0.01	0.47
platt	0.01	0.11
himself	0.01	0.32
globe	0.01	0.21
recorded	0.01	0.53
plains	0.01	0.18
reminded	0.01	0.62
displayed	0.01	0.49
thousands	0.01	0.21
drew	0.01	0.19
representatives	0.01	0.15
indeed	0.01	0.83
watching	0.01	0.29
culture	0.01	0.51
atlantic	0.01	0.10
hurrying	0.01	0.17
lakes	0.01	0.14
compare	0.01	0.13
connecticut	0.01	0.12
sat	0.01	0.32
cave	0.01	0.17
spencer	0.01	0.45
approached	0.01	0.24
negative	0.01	0.23
dared	0.01	0.89
mainly	0.01	0.14
offices	0.01	0.10
carry	0.01	0.21
rode	0.01	0.16
reasoning	0.01	0.26
amusement	0.02	0.47
rested	0.02	0.32
represent	0.02	0.17
rigid	0.02	0.35
striking	0.02	0.83
followers	0.02	0.30
drama	0.02	0.46
secondary	0.02	0.14
lena	0.02	1.35
expense	0.02	0.38
headed	0.02	0.18
rosalie	0.02	0.42
maid	0.02	1.05
prize	0.02	0.16
cabinet	0.02	0.11
mexico	0.02	0.10
typical	0.02	0.57
diameter	0.02	0.11
catholic	0.02	0.32
contributed	0.02	0.21
f	0.02	0.20
empty	0.02	0.22
colony	0.02	0.10
discoveries	0.02	0.37
subjects	0.02	0.09
messenger	0.02	0.14
representative	0.02	0.15
hastened	0.02	0.16
except	0.02	0.89
blocks	0.02	0.24
bundle	0.02	0.22
previously	0.02	0.40
besides	0.02	0.92
approaching	0.02	0.13
gives	0.02	0.57
city	0.02	0.12
bringing	0.02	0.27
passenger	0.02	0.13
alert	0.02	0.48
clark	0.02	0.40
manage	0.02	0.66
shows	0.02	0.52
sheets	0.02	0.21
considering	0.02	0.22
philippines	0.02	0.16
avenue	0.02	0.11
consider	0.03	0.28
crowds	0.03	0.25
tells	0.03	0.65
creek	0.03	0.11
committee	0.03	0.13
rolled	0.03	0.26
assist	0.03	0.22
phrase	0.03	0.32
massachusetts	0.03	0.15
select	0.03	0.59
baron	0.03	0.25
total	0.03	0.29
closed	0.03	0.22
practically	0.03	0.49
primary	0.03	0.18
east	0.03	0.09
merchant	0.03	0.27
laws	0.03	0.31
race	0.03	0.16
stretched	0.03	0.28
searching	0.03	0.13
humanity	0.03	0.64
acceptance	0.03	0.18
share	0.03	0.18
engaged	0.03	0.22
elevated	0.03	0.16
manila	0.03	0.16
fellows	0.03	0.77
widely	0.03	0.33
recent	0.03	0.42
ford	0.03	0.20
simply	0.03	0.63
pocket	0.03	0.14
grounds	0.03	0.19
rocks	0.03	0.22
shores	0.03	0.11
leigh	0.03	0.40
search	0.03	0.14
chairman	0.03	0.20
chinese	0.03	0.14
syndicate	0.03	0.09
consul	0.03	0.14
show	0.04	0.33
corner	0.04	0.24
enormous	0.04	0.40
bring	0.04	0.25
subject	0.04	0.21
advance	0.04	0.16
davis	0.04	0.38
york	0.04	0.17
garrison	0.04	0.26
knee	0.04	0.47
tim	0.04	0.23
bow	0.04	0.21
shortly	0.04	0.25
gaze	0.04	0.24
yield	0.04	0.10
critic	0.04	0.16
driving	0.04	0.27
sandy	0.04	0.39
site	0.04	0.14
descended	0.04	0.12
convinced	0.04	0.59
warn	0.04	0.39
advancing	0.04	0.11
business	0.04	0.14
francisco	0.04	0.16
parish	0.04	0.27
porter	0.04	0.19
oxford	0.04	0.13
ate	0.04	0.37
difficult	0.04	0.62
behind	0.04	0.22
scholars	0.04	0.16
de	0.04	0.30
difference	0.04	0.20
bottom	0.04	0.14
particular	0.04	0.23
directly	0.04	0.36
bridge	0.04	0.10
scattered	0.04	0.17
cleared	0.04	0.23
san	0.04	0.17
accomplished	0.04	0.56
throwing	0.04	0.16
campbell	0.05	1.44
appreciate	0.05	0.47
nose	0.05	0.32
admission	0.05	0.18
swung	0.05	0.16
america	0.05	0.09
absolutely	0.05	0.50
view	0.05	0.23
pushing	0.05	0.19
needs	0.05	0.49
inquire	0.05	0.33
river	0.05	0.11
roll	0.05	0.16
idea	0.05	0.33
exercise	0.05	0.16
breaks	0.05	0.17
adds	0.05	0.43
deep	0.05	0.40
forward	0.05	0.26
reduced	0.05	0.30
duty	0.05	0.37
tossed	0.05	0.16
taxes	0.05	0.18
weight	0.05	0.23
point	0.05	0.15
institutions	0.05	0.18
stand	0.05	0.27
chicago	0.05	0.11
undoubtedly	0.05	0.24
italy	0.05	0.16
province	0.05	0.12
central	0.05	0.10
hayden	0.05	0.53
carried	0.05	0.20
breaking	0.05	0.16
really	0.05	1.04
feels	0.05	0.78
provinces	0.05	0.13
proposition	0.05	0.25
specific	0.05	0.40
places	0.05	0.27
fix	0.05	0.32
land	0.05	0.24
wall	0.05	0.18
imagination	0.06	0.53
sheet	0.06	0.13
closely	0.06	0.15
hold	0.06	0.13
carrying	0.06	0.15
pulled	0.06	0.14
attended	0.06	0.15
science	0.06	0.18
governments	0.06	0.12
representation	0.06	0.24
purely	0.06	0.25
still	0.06	0.40
britain	0.06	0.12
slip	0.06	0.14
natural	0.06	0.27
handsome	0.06	0.90
den	0.06	0.43
distinctly	0.06	0.28
ocean	0.06	0.13
phenomena	0.06	0.26
machine	0.06	0.16
dusty	0.06	0.83
theories	0.06	0.30
remarkable	0.06	1.06
japan	0.06	0.11
landing	0.06	0.13
departments	0.06	0.14
getting	0.06	0.66
height	0.06	0.30
education	0.06	0.18
wondered	0.06	1.57
finding	0.06	0.39
foster	0.06	0.24
suggests	0.06	0.52
proved	0.06	0.50
corporations	0.06	0.17
fishing	0.06	0.17
stream	0.06	0.21
yet	0.06	1.12
peculiar	0.06	0.98
organs	0.06	0.24
spot	0.06	0.12
found	0.06	0.74
deal	0.06	0.77
jest	0.06	0.58
engine	0.07	0.16
setting	0.07	0.48
undertake	0.07	0.25
worship	0.07	0.69
china	0.07	0.08
fall	0.07	0.24
critics	0.07	0.14
harder	0.07	0.65
lake	0.07	0.17
audrey	0.07	0.80
melancholy	0.07	0.77
arrived	0.07	0.28
territory	0.07	0.14
characters	0.07	0.26
transfer	0.07	0.28
assigned	0.07	0.12
exist	0.07	0.43
document	0.07	0.19
clearing	0.07	0.15
namely	0.07	0.60
raised	0.07	0.20
sciences	0.07	0.21
ran	0.07	0.16
tools	0.07	0.18
shut	0.07	0.19
look	0.07	0.22
entered	0.07	0.18
foreign	0.07	0.09
sometimes	0.07	0.80
sisters	0.07	1.20
pray	0.07	0.92
christianity	0.07	0.46
agents	0.07	0.08
northern	0.07	0.12
miracle	0.07	0.30
activity	0.07	0.30
training	0.07	0.13
request	0.07	0.21
length	0.07	0.17
stretch	0.07	0.23
net	0.07	0.23
pushed	0.07	0.19
window	0.07	0.30
d	0.07	0.26
period	0.07	0.19
sixth	0.07	0.12
preferred	0.07	0.47
room	0.07	0.29
whisper	0.07	0.33
discharge	0.08	0.21
folded	0.08	0.29
dressed	0.08	0.77
rail	0.08	0.14
system	0.08	0.22
chicken	0.08	0.38
remained	0.08	0.27
twisted	0.08	0.21
ages	0.08	0.19
many	0.08	0.24
head	0.08	0.46
tariff	0.08	0.22
discussing	0.08	0.21
health	0.08	0.55
distant	0.08	0.20
countries	0.08	0.09
hay	0.08	0.29
manager	0.08	0.16
changes	0.08	0.39
popular	0.08	0.25
key	0.08	0.13
cabin	0.08	0.24
lifted	0.08	0.27
gap	0.08	0.29
corporation	0.08	0.17
breath	0.08	0.38
says	0.08	0.68
region	0.08	0.14
brought	0.08	0.21
gets	0.08	0.58
europe	0.08	0.10
keep	0.08	0.27
daughters	0.08	1.18
tip	0.08	0.22
vast	0.08	0.48
submitted	0.08	0.23
using	0.08	0.26
appetite	0.08	0.34
present	0.08	0.23
service	0.08	0.13
farewell	0.08	0.63
egypt	0.08	0.12
orleans	0.08	0.13
members	0.08	0.10
french	0.08	0.14
consideration	0.08	0.22
centre	0.08	0.18
finally	0.08	0.34
held	0.08	0.20
cottage	0.08	0.22
things	0.08	0.82
hot	0.08	0.88
cities	0.08	0.15
american	0.09	0.10
frozen	0.09	0.39
positions	0.09	0.15
closing	0.09	0.19
joint	0.09	0.11
saint	0.09	0.56
small	0.09	0.28
maybe	0.09	0.54
shake	0.09	0.32
washington	0.09	0.26
fully	0.09	0.57
studying	0.09	0.18
am	0.09	0.71
jeff	0.09	1.14
outcome	0.09	0.28
nation	0.09	0.14
treasure	0.09	0.12
strangely	0.09	0.44
joseph	0.09	0.50
facts	0.09	0.34
reports	0.09	0.18
fingers	0.09	0.43
artists	0.09	0.14
wood	0.09	0.27
church	0.09	0.41
sufficiently	0.09	0.35
venture	0.09	0.33
rachel	0.09	0.41
regularly	0.09	0.29
m	0.09	0.29
employees	0.09	0.13
pupil	0.09	0.29
competent	0.09	0.16
towards	0.09	0.10
masters	0.09	0.18
submit	0.09	0.22
listening	0.09	0.36
hoped	0.09	0.72
bargain	0.09	0.16
trained	0.09	0.49
picked	0.09	0.12
history	0.09	0.25
ordered	0.09	0.34
took	0.09	0.18
sending	0.09	0.19
discussion	0.09	0.32
doors	0.09	0.19
clearly	0.09	0.42
keeping	0.09	0.31
sea	0.09	0.16
visible	0.09	0.17
presently	0.09	0.21
prairie	0.09	0.21
adopt	0.10	0.18
accordingly	0.10	0.26
finger	0.10	0.37
started	0.10	0.24
whether	0.10	0.57
anyhow	0.10	0.67
ned	0.10	0.65
straight	0.10	0.14
single	0.10	0.66
piece	0.10	0.23
fancy	0.10	0.51
cuba	0.10	0.18
snow	0.10	0.70
neighborhood	0.10	0.30
boston	0.10	0.22
opened	0.10	0.13
handkerchief	0.10	0.28
wealthy	0.10	0.78
railways	0.10	0.16
asia	0.10	0.10
left	0.10	0.29
seeing	0.10	0.43
scarcely	0.10	1.02
napoleon	0.10	0.17
won	0.10	0.33
placed	0.10	0.13
loose	0.10	0.18
toward	0.10	0.12
odd	0.10	2.12
railroad	0.10	0.12
lands	0.10	0.19
altar	0.10	0.59
grows	0.10	0.27
mona	0.10	0.54
earlier	0.10	0.20
legal	0.10	0.22
deeply	0.10	1.31
line	0.10	0.08
back	0.10	0.29
management	0.10	0.20
inches	0.10	0.14
put	0.10	0.17
mind	0.10	0.36
distribution	0.10	0.23
actually	0.10	0.71
engineer	0.10	0.14
personal	0.10	0.38
european	0.10	0.12
visiting	0.11	0.50
directors	0.11	0.09
just	0.11	1.04
side	0.11	0.20
tax	0.11	0.21
figures	0.11	0.29
seas	0.11	0.24
remains	0.11	0.16
throw	0.11	0.18
improve	0.11	0.67
having	0.11	0.64
meetings	0.11	0.09
selection	0.11	0.18
organizations	0.11	0.12
pen	0.11	0.10
heaven	0.11	1.04
off	0.11	0.23
railway	0.11	0.14
moved	0.11	0.21
morley	0.11	0.45
loud	0.11	0.45
pacific	0.11	0.09
jump	0.11	0.22
glance	0.11	0.21
different	0.11	0.21
foremost	0.11	0.20
occupied	0.11	0.14
anyway	0.11	0.70
characteristics	0.11	0.30
various	0.11	0.24
joe	0.11	0.70
male	0.11	0.30
swiftly	0.11	0.12
minds	0.11	0.43
leaving	0.11	0.31
periods	0.11	0.20
presence	0.11	0.28
deny	0.11	0.42
opposed	0.11	0.41
commanded	0.11	0.41
hotel	0.11	0.17
chamber	0.11	0.12
story	0.11	0.64
peculiarly	0.11	0.29
imperial	0.11	0.09
citizen	0.11	0.46
valleys	0.11	0.15
silently	0.11	0.21
skill	0.11	0.48
push	0.11	0.14
pine	0.11	0.46
earnestly	0.11	0.39
chair	0.11	0.46
pulling	0.11	0.14
widow	0.11	1.23
raise	0.11	0.21
discipline	0.11	0.31
rear	0.11	0.17
interest	0.11	0.83
h	0.11	0.27
occasions	0.11	0.24
check	0.11	0.10
employer	0.12	0.12
ruler	0.12	0.15
shoulders	0.12	0.42
reason	0.12	0.55
spain	0.12	0.10
ball	0.12	0.33
structure	0.12	0.21
woods	0.12	0.41
resolution	0.12	0.15
properly	0.12	0.38
et	0.12	0.26
edge	0.12	0.18
towns	0.12	0.19
slave	0.12	0.39
arrive	0.12	0.27
instances	0.12	0.21
organization	0.12	0.16
thursday	0.12	0.24
orders	0.12	0.28
spread	0.12	0.24
find	0.12	0.41
front	0.12	0.20
fifth	0.12	0.11
get	0.12	0.38
sweep	0.12	0.38
everything	0.12	1.09
student	0.12	0.12
le	0.12	0.28
encouraged	0.12	0.47
notable	0.12	0.72
separate	0.12	0.13
tongue	0.12	0.16
b	0.12	0.18
immediately	0.12	0.29
outside	0.12	0.18
reached	0.12	0.17
strangers	0.12	0.79
readers	0.12	0.17
pole	0.12	0.12
bowed	0.12	0.35
forms	0.12	0.17
strictly	0.12	0.16
leaning	0.12	0.29
programme	0.12	0.16
counter	0.12	0.18
estimate	0.12	0.21
morris	0.12	0.45
establishment	0.12	0.48
block	0.12	0.12
meaning	0.12	0.26
along	0.12	0.12
occasionally	0.12	0.22
divided	0.12	0.17
managers	0.12	0.11
soon	0.13	0.39
bluff	0.13	0.14
town	0.13	0.16
holding	0.13	0.19
breakfast	0.13	0.32
chain	0.13	0.20
franklin	0.13	0.42
rolling	0.13	0.28
bishop	0.13	0.20
below	0.13	0.15
watch	0.13	0.21
probably	0.13	0.70
determine	0.13	0.23
lacy	0.13	0.39
stout	0.13	0.29
requires	0.13	0.21
walked	0.13	0.20
bent	0.13	0.44
seventh	0.13	0.13
institution	0.13	0.14
lose	0.13	0.59
knock	0.13	0.18
political	0.13	0.24
learned	0.13	0.85
fourth	0.13	0.14
herself	0.13	1.12
neither	0.13	1.07
tide	0.13	0.29
second	0.13	0.16
glancing	0.13	0.31
groups	0.13	0.09
swamp	0.13	0.34
mountains	0.13	0.14
beds	0.13	0.35
diamond	0.13	0.27
fly	0.13	0.27
rang	0.13	0.38
constans	0.13	0.35
thus	0.13	0.26
walls	0.13	0.23
begins	0.13	0.47
drive	0.13	0.16
judith	0.13	0.36
sold	0.13	0.23
lines	0.14	0.12
valley	0.14	0.13
wire	0.14	0.13
enthusiasm	0.14	1.15
grain	0.14	0.22
apartment	0.14	0.19
supposed	0.14	0.82
acknowledged	0.14	0.44
move	0.14	0.27
lesson	0.14	0.33
plate	0.14	0.30
character	0.14	0.29
ranks	0.14	0.12
square	0.14	0.14
values	0.14	0.26
kingdom	0.14	0.71
hill	0.14	0.14
seat	0.14	0.36
russia	0.14	0.10
card	0.14	0.17
strength	0.14	0.63
combination	0.14	0.32
billy	0.14	0.58
information	0.14	0.26
timber	0.14	0.26
wife	0.14	1.19
prominent	0.14	0.18
latter	0.14	0.36
hands	0.14	0.54
passing	0.14	0.16
sweeping	0.14	0.31
group	0.14	0.48
direction	0.14	0.08
continue	0.14	0.19
remaining	0.14	0.16
mistress	0.14	0.69
rapidly	0.14	0.08
league	0.14	0.10
definite	0.14	0.32
numbers	0.14	0.18
tin	0.14	0.25
marble	0.14	0.21
third	0.15	0.13
languages	0.15	0.12
across	0.15	0.15
save	0.15	0.60
reported	0.15	0.50
hall	0.15	0.19
senor	0.15	0.23
handed	0.15	0.09
corresponding	0.15	0.24
divide	0.15	0.14
opening	0.15	0.14
smith	0.15	0.40
springs	0.15	0.25
extent	0.15	0.21
features	0.15	0.30
insects	0.15	0.62
tradition	0.15	0.38
brewster	0.15	0.29
sections	0.15	0.12
belong	0.15	0.34
nicholas	0.15	0.30
writer	0.15	0.12
study	0.15	0.11
jackson	0.15	0.36
founded	0.15	0.21
outer	0.15	0.13
hundreds	0.15	0.19
often	0.15	0.75
upward	0.15	0.16
prentice	0.15	0.38
mile	0.15	0.13
bud	0.15	0.63
always	0.15	1.55
thin	0.15	0.33
efforts	0.15	0.29
wages	0.15	0.13
pointed	0.15	0.19
dozen	0.15	0.16
bag	0.15	0.17
explanation	0.15	0.23
draw	0.16	0.17
samuel	0.16	0.44
english	0.16	0.18
score	0.16	0.16
practice	0.16	0.15
stairs	0.16	0.18
around	0.16	0.21
hopes	0.16	0.60
away	0.16	0.19
sent	0.16	0.20
wisdom	0.16	0.51
penloe	0.16	0.47
few	0.16	0.20
rightly	0.16	0.60
preceding	0.16	0.23
arrange	0.16	0.33
done	0.16	0.96
rocky	0.16	0.16
pass	0.16	0.25
highly	0.16	0.46
packed	0.16	0.16
rate	0.16	0.16
neck	0.16	0.38
live	0.16	0.48
assumed	0.16	0.25
houses	0.16	0.24
elspeth	0.16	0.46
went	0.16	0.28
led	0.16	0.15
position	0.16	0.21
opposite	0.16	0.19
egg	0.16	0.32
place	0.16	0.19
pope	0.16	0.18
under	0.16	0.21
churches	0.16	0.25
deposits	0.16	0.18
clasped	0.16	0.52
clay	0.16	0.35
beard	0.16	0.38
corridor	0.16	0.18
meeting	0.16	0.17
amendment	0.16	0.28
contemporary	0.16	0.22
store	0.16	0.13
through	0.16	0.19
richard	0.16	0.54
doing	0.16	0.85
empire	0.16	0.15
happens	0.16	0.73
s	0.16	0.38
germany	0.17	0.11
october	0.17	0.28
flashed	0.17	0.29
years	0.17	0.28
combined	0.17	0.43
thread	0.17	0.22
cautiously	0.17	0.18
iv	0.17	0.62
envelope	0.17	0.08
start	0.17	0.28
footsteps	0.17	0.24
leave	0.17	0.30
slightly	0.17	0.27
ceased	0.17	0.27
passed	0.17	0.26
succession	0.17	0.16
otherwise	0.17	0.58
points	0.17	0.12
slopes	0.17	0.14
sentiment	0.17	0.99
lip	0.17	0.26
description	0.17	0.37
faced	0.17	0.22
eight	0.17	0.16
arch	0.17	0.16
else	0.17	1.02
learning	0.17	0.11
lofty	0.17	0.21
twice	0.17	0.56
saying	0.17	0.66
distinct	0.17	0.26
running	0.17	0.15
meant	0.17	0.78
mood	0.17	0.46
hello	0.17	0.31
ridge	0.17	0.14
artist	0.17	0.23
e	0.17	0.25
placing	0.17	0.13
firm	0.17	0.39
dramatic	0.17	0.42
care	0.17	0.70
think	0.17	0.74
representing	0.17	0.19
respectable	0.17	0.52
sale	0.17	0.21
open	0.17	0.16
flowing	0.17	0.25
inside	0.17	0.17
republic	0.17	0.21
twelve	0.17	0.17
fires	0.17	0.36
eighteen	0.17	0.17
sides	0.17	0.12
youth	0.17	0.80
four	0.17	0.16
employers	0.17	0.15
three	0.17	0.16
facing	0.17	0.20
population	0.18	0.20
sixteen	0.18	0.16
powder	0.18	0.47
raw	0.18	0.23
wise	0.18	0.38
fourteen	0.18	0.17
run	0.18	0.22
parallel	0.18	0.10
pace	0.18	0.19
relative	0.18	0.24
historian	0.18	0.17
size	0.18	0.23
selected	0.18	0.64
fifteen	0.18	0.17
thirteen	0.18	0.15
diplomatic	0.18	0.15
cathedral	0.18	0.15
miles	0.18	0.14
eleven	0.18	0.17
suspended	0.18	0.18
mask	0.18	0.29
ray	0.18	0.36
whenever	0.18	0.50
attached	0.18	0.14
forty	0.18	0.16
cover	0.18	0.16
bulk	0.18	0.20
faces	0.18	0.32
couple	0.18	0.20
method	0.18	0.24
midnight	0.18	0.31
roof	0.18	0.20
nine	0.18	0.18
seven	0.18	0.17
speaking	0.18	0.54
twenty	0.18	0.17
thirty	0.18	0.17
six	0.18	0.17
entrance	0.18	0.17
leadership	0.18	0.30
influences	0.18	0.35
most	0.18	0.39
beyond	0.18	0.12
hazy	0.18	0.33
lack	0.18	0.57
changed	0.18	0.32
union	0.18	0.10
five	0.18	0.16
apart	0.18	0.10
principles	0.18	0.33
drawn	0.18	0.09
waved	0.18	0.26
less	0.18	0.54
writers	0.18	0.12
effort	0.18	0.29
monday	0.18	0.26
ten	0.18	0.17
requirements	0.19	0.29
powers	0.19	0.29
angle	0.19	0.08
prime	0.19	0.13
robert	0.19	0.64
sound	0.19	0.40
colonies	0.19	0.15
continues	0.19	0.12
steep	0.19	0.13
hills	0.19	0.18
applied	0.19	0.21
lifting	0.19	0.17
admiration	0.19	1.10
lessons	0.19	0.21
labor	0.19	0.13
whom	0.19	1.51
came	0.19	0.28
recognized	0.19	0.72
stay	0.19	0.33
burned	0.19	0.39
sixty	0.19	0.15
regions	0.19	0.16
mount	0.19	0.23
agricultural	0.19	0.13
revenue	0.19	0.18
letter	0.19	0.14
hundred	0.19	0.15
notice	0.19	0.28
box	0.19	0.15
control	0.19	0.22
observer	0.19	0.20
lincoln	0.19	0.42
prove	0.19	0.48
half	0.19	0.16
examined	0.19	0.13
mode	0.19	0.24
waited	0.19	0.45
door	0.19	0.17
markets	0.19	0.13
telegram	0.19	0.16
conspicuous	0.19	0.60
nineteenth	0.19	0.13
sell	0.19	0.20
century	0.19	0.16
waiting	0.19	0.27
middle	0.19	0.13
shown	0.19	0.36
lumber	0.19	0.16
defined	0.19	0.32
interior	0.19	0.17
farms	0.19	0.25
flat	0.19	0.22
asking	0.19	0.44
arts	0.19	0.22
pick	0.19	0.19
club	0.19	0.12
glimpse	0.19	0.17
take	0.19	0.34
putting	0.19	0.27
born	0.19	0.85
continent	0.19	0.08
usually	0.19	0.34
bronze	0.20	0.59
pipe	0.20	0.28
mountain	0.20	0.15
products	0.20	0.17
chin	0.20	0.40
kitchen	0.20	0.24
suggestions	0.20	0.19
shop	0.20	0.25
brothers	0.20	0.97
functions	0.20	0.17
butler	0.20	0.33
leading	0.20	0.10
while	0.20	0.32
trembled	0.20	0.41
within	0.20	0.14
sally	0.20	0.42
risen	0.20	0.10
era	0.20	0.09
adams	0.20	0.41
mill	0.20	0.09
looking	0.20	0.30
pencil	0.20	0.07
fifty	0.20	0.14
number	0.20	0.14
moderate	0.20	0.32
scientific	0.20	0.26
faculty	0.20	0.26
thousand	0.20	0.15
nearly	0.20	0.17
sounded	0.20	0.35
expenses	0.20	0.19
pointing	0.20	0.35
authors	0.20	0.14
inn	0.20	0.26
audience	0.20	0.31
main	0.20	0.16
each	0.20	0.17
rates	0.20	0.18
constitution	0.20	0.27
du	0.20	0.27
blaze	0.20	0.36
centuries	0.20	0.15
covering	0.20	0.28
pleaded	0.20	0.84
acres	0.20	0.20
sounds	0.20	0.38
wide	0.20	0.13
observations	0.20	0.44
frequently	0.20	0.33
educational	0.20	0.24
short	0.20	0.17
literature	0.20	0.21
slope	0.20	0.12
keen	0.20	0.39
chosen	0.20	0.66
association	0.20	0.10
crop	0.20	0.30
eighteenth	0.20	0.12
lasted	0.20	0.30
specially	0.20	0.42
railroads	0.20	0.19
oil	0.20	0.25
slept	0.20	0.53
sacred	0.21	0.62
living	0.21	0.43
since	0.21	0.74
swift	0.21	0.35
charles	0.21	0.56
marriage	0.21	0.90
division	0.21	0.19
anderson	0.21	0.39
reaches	0.21	0.19
species	0.21	0.27
among	0.21	0.49
advised	0.21	0.39
canal	0.21	0.18
oak	0.21	0.48
owned	0.21	0.30
narrow	0.21	0.16
quarter	0.21	0.15
entering	0.21	0.21
magnificent	0.21	0.64
fortune	0.21	0.35
until	0.21	0.28
narrative	0.21	0.72
tuesday	0.21	0.23
tobacco	0.21	0.35
mentioned	0.21	0.73
occupy	0.21	0.16
marquis	0.21	0.26
yards	0.21	0.17
asserted	0.21	0.38
thoroughly	0.21	0.44
attempts	0.21	0.28
fastened	0.21	0.15
same	0.21	0.55
philosophy	0.21	0.24
hour	0.21	0.30
famous	0.21	0.22
large	0.21	0.49
personality	0.21	0.33
windows	0.21	0.24
catching	0.21	0.24
country	0.21	0.16
doctrine	0.21	0.30
absorbed	0.21	0.44
merely	0.21	0.36
bushes	0.21	0.44
several	0.21	0.20
road	0.21	0.21
either	0.21	0.65
talent	0.21	0.25
gathering	0.21	0.21
met	0.21	0.87
center	0.21	0.12
owners	0.21	0.13
hung	0.21	0.21
process	0.21	0.19
electric	0.21	0.22
estimated	0.21	0.17
observation	0.21	0.25
baxter	0.21	0.46
stove	0.22	0.28
steadily	0.22	0.15
mabel	0.22	0.23
waiter	0.22	0.30
theory	0.22	0.26
date	0.22	0.22
publishers	0.22	0.14
l	0.22	0.26
cross	0.22	0.14
religion	0.22	0.45
brookfield	0.22	0.37
elder	0.22	1.03
critical	0.22	0.21
fire	0.22	0.40
wanted	0.22	1.03
parts	0.22	0.18
national	0.22	0.15
scott	0.22	0.23
agree	0.22	0.37
eh	0.22	0.39
earn	0.22	0.19
special	0.22	0.28
telephone	0.22	0.12
cliff	0.22	0.14
faint	0.22	0.35
statue	0.22	0.09
forests	0.22	0.34
r	0.22	0.26
passes	0.22	0.10
begin	0.22	0.31
slowly	0.22	0.21
paper	0.22	0.08
selling	0.22	0.20
investigation	0.22	0.23
bench	0.22	0.26
generations	0.22	0.22
hours	0.22	0.35
bonner	0.22	0.26
answer	0.22	0.37
terms	0.22	0.21
companies	0.22	0.14
intellectual	0.22	0.31
faintly	0.22	0.25
proceeded	0.22	0.25
give	0.22	0.23
climb	0.23	0.10
grown	0.23	0.27
dishes	0.23	0.22
another	0.23	0.18
eye	0.23	0.26
mademoiselle	0.23	0.38
runs	0.23	0.27
seed	0.23	0.30
those	0.23	0.51
independent	0.23	0.47
ownership	0.23	0.22
heir	0.23	0.55
september	0.23	0.23
june	0.23	0.22
climbed	0.23	0.16
reduction	0.23	0.28
knowledge	0.23	0.24
passage	0.23	0.10
james	0.23	0.47
november	0.23	0.17
extend	0.23	0.18
also	0.23	0.61
basis	0.23	0.26
bills	0.23	0.18
between	0.23	0.20
millions	0.23	0.16
chest	0.23	0.60
lead	0.23	0.55
distance	0.23	0.09
commerce	0.23	0.14
march	0.23	0.19
corbin	0.23	0.26
strike	0.23	0.32
capable	0.23	0.37
consists	0.23	0.23
change	0.23	0.35
alfalfa	0.23	0.28
walter	0.23	0.23
certainly	0.23	0.94
chief	0.23	0.34
duke	0.23	0.33
telling	0.23	0.65
deliver	0.23	0.28
numerous	0.23	0.20
duncan	0.23	0.47
annual	0.23	0.14
tons	0.23	0.13
next	0.23	0.27
annie	0.23	0.37
nora	0.23	0.23
saturday	0.24	0.24
village	0.24	0.37
meat	0.24	0.33
feathers	0.24	0.42
martin	0.24	0.52
ice	0.24	0.37
personally	0.24	0.28
boss	0.24	0.42
stages	0.24	0.16
prices	0.24	0.17
parlor	0.24	0.25
taken	0.24	0.47
michael	0.24	0.38
tunnel	0.24	0.13
ll	0.24	0.33
treasury	0.24	0.13
conclusions	0.24	0.49
sown	0.24	0.30
steps	0.24	0.21
august	0.24	0.23
oriental	0.24	0.24
jack	0.24	0.77
mouth	0.24	0.33
morning	0.24	0.27
spell	0.24	0.38
ivan	0.24	0.20
send	0.24	0.24
organized	0.24	0.13
double	0.24	0.16
abroad	0.24	0.08
received	0.24	0.16
iron	0.24	0.21
gentlemen	0.24	0.42
david	0.24	0.59
beginning	0.24	0.17
fulton	0.24	0.28
clover	0.24	0.27
nations	0.24	0.09
step	0.24	0.11
turn	0.24	0.27
conceived	0.24	0.38
elbow	0.24	0.36
lived	0.24	1.56
day	0.24	0.28
months	0.24	0.37
roman	0.24	0.19
perhaps	0.24	0.81
genius	0.24	0.26
corners	0.24	0.41
bought	0.25	0.18
calling	0.25	0.58
harrison	0.25	0.30
taking	0.25	0.32
ancient	0.25	0.36
london	0.25	0.10
per	0.25	0.13
power	0.25	0.31
louis	0.25	0.43
million	0.25	0.17
darwin	0.25	0.28
again	0.25	0.39
plane	0.25	0.22
following	0.25	0.17
later	0.25	0.27
review	0.25	0.15
sovereign	0.25	0.15
used	0.25	0.58
matthew	0.25	0.27
payment	0.25	0.15
paying	0.25	0.15
night	0.25	0.38
becky	0.25	0.54
portions	0.25	0.13
speak	0.25	0.49
stores	0.25	0.21
lee	0.25	0.26
evolution	0.25	0.18
apply	0.25	0.34
successive	0.25	0.23
reign	0.25	0.27
regular	0.25	0.19
developed	0.25	0.26
followed	0.25	0.17
company	0.25	0.12
citizens	0.25	0.40
scheme	0.25	0.26
retained	0.25	0.37
instead	0.25	0.30
accounts	0.25	0.17
accept	0.25	0.25
vivid	0.25	0.89
learn	0.25	0.31
much	0.25	1.02
alec	0.25	0.24
origin	0.25	0.15
remove	0.25	0.31
senator	0.25	0.27
columns	0.25	0.18
streets	0.25	0.19
something	0.25	0.94
madison	0.25	0.18
ago	0.25	0.27
salt	0.26	0.41
bacon	0.26	0.31
frederick	0.26	0.51
plans	0.26	0.22
noon	0.26	0.27
energy	0.26	0.31
catherine	0.26	0.38
principle	0.26	0.30
pounds	0.26	0.16
counted	0.26	0.38
community	0.26	0.30
writes	0.26	0.23
february	0.26	0.23
daughter	0.26	1.21
william	0.26	0.67
shout	0.26	0.57
bible	0.26	0.17
deserve	0.26	0.32
bird	0.26	0.93
george	0.26	0.66
fine	0.26	1.73
fixed	0.26	0.09
stayed	0.26	0.29
issued	0.26	0.13
quoted	0.26	0.20
whatever	0.26	0.51
pool	0.26	0.45
bradford	0.26	0.29
vision	0.26	0.42
win	0.26	0.20
sit	0.26	0.27
faster	0.26	0.21
dollar	0.26	0.17
measured	0.26	0.18
steel	0.26	0.16
divine	0.26	0.69
elsie	0.26	0.68
mirror	0.26	0.16
newspaper	0.26	0.14
la	0.26	0.26
christian	0.26	0.58
return	0.26	0.22
seldom	0.26	0.67
buy	0.26	0.16
visited	0.26	0.50
first	0.27	0.21
experiments	0.27	0.38
bark	0.27	0.42
december	0.27	0.23
cynthia	0.27	0.36
desk	0.27	0.14
filled	0.27	0.70
dwell	0.27	0.46
receiving	0.27	0.16
possessions	0.27	0.11
larger	0.27	0.39
knowing	0.27	0.77
areas	0.27	0.22
cent	0.27	0.14
year	0.27	0.22
giving	0.27	0.25
wanting	0.27	0.60
generally	0.27	0.73
bread	0.27	0.35
month	0.27	0.22
permit	0.27	0.29
intervals	0.27	0.23
taylor	0.27	0.35
francis	0.27	0.66
supported	0.27	0.35
jeanne	0.27	0.88
according	0.27	0.35
grand	0.27	0.60
hence	0.27	0.24
proceed	0.27	0.32
yard	0.27	0.18
believe	0.27	0.81
alexander	0.27	0.44
shares	0.27	0.14
trunks	0.27	0.24
research	0.27	0.20
value	0.27	0.38
moving	0.27	0.14
edward	0.27	0.51
plan	0.27	0.26
carefully	0.27	0.16
bell	0.27	0.22
greek	0.27	0.16
latin	0.27	0.11
butter	0.27	0.35
hats	0.27	0.52
crown	0.27	0.22
advice	0.27	0.43
waist	0.27	0.30
introduce	0.27	0.19
charity	0.27	0.73
intelligent	0.27	0.36
eternal	0.28	0.69
interpretation	0.28	0.25
slow	0.28	0.61
obey	0.28	0.38
ann	0.28	0.64
truly	0.28	0.53
nancy	0.28	0.49
eat	0.28	0.45
tie	0.28	0.21
july	0.28	0.20
copy	0.28	0.14
henry	0.28	0.37
stir	0.28	0.51
friday	0.28	0.26
goods	0.28	0.17
cents	0.28	0.15
sum	0.28	0.12
newspapers	0.28	0.14
seconds	0.28	0.25
drawing	0.28	0.05
philosophical	0.28	0.29
employed	0.28	0.34
sunday	0.28	0.15
least	0.28	0.55
electricity	0.28	0.26
existed	0.28	0.53
flesh	0.28	0.44
brows	0.28	0.28
medium	0.28	0.29
czar	0.28	0.20
application	0.28	0.26
upper	0.28	0.22
boxes	0.28	0.21
somebody	0.28	0.67
purchased	0.28	0.24
supper	0.28	0.33
andrew	0.28	0.46
cost	0.28	0.20
income	0.28	0.13
nobody	0.29	1.03
raising	0.29	0.18
branches	0.29	0.47
martha	0.29	0.55
workers	0.29	0.32
monsieur	0.29	0.32
ears	0.29	0.31
dwelling	0.29	0.42
applause	0.29	0.40
deposited	0.29	0.15
trade	0.29	0.14
located	0.29	0.35
holds	0.29	0.28
analysis	0.29	0.25
member	0.29	0.40
dan	0.29	0.41
uses	0.29	0.61
paris	0.29	0.16
jarvis	0.29	0.27
house	0.29	0.19
capacity	0.29	0.32
madam	0.29	0.56
formation	0.29	0.23
bunch	0.29	0.88
acre	0.29	0.23
c	0.29	0.24
boots	0.29	0.36
stocks	0.29	0.14
sketch	0.29	0.30
april	0.29	0.23
stock	0.29	0.15
busy	0.29	0.41
societies	0.29	0.13
vanderpoel	0.29	0.60
sir	0.29	0.45
metal	0.29	0.21
soil	0.29	0.37
conditions	0.29	0.38
during	0.29	0.32
preliminary	0.29	0.31
forget	0.29	0.55
letters	0.29	0.13
reads	0.29	0.39
peggy	0.29	0.36
dollars	0.29	0.14
trunk	0.29	0.20
brass	0.29	0.22
patricia	0.29	0.70
wheat	0.30	0.29
creation	0.30	0.31
clergy	0.30	0.25
anne	0.30	1.12
profession	0.30	0.41
last	0.30	0.27
approved	0.30	0.21
level	0.30	0.17
press	0.30	0.13
shape	0.30	0.36
curtains	0.30	0.32
degrees	0.30	0.19
iii	0.30	0.21
nor	0.30	0.94
ear	0.30	0.28
patience	0.30	0.43
flushed	0.30	0.38
nobility	0.30	0.32
barely	0.30	0.24
amount	0.30	0.20
ii	0.30	0.21
note	0.30	0.14
measure	0.30	0.26
fund	0.30	0.19
january	0.30	0.22
chance	0.30	0.45
days	0.30	0.38
covers	0.30	0.14
heights	0.30	0.11
chose	0.30	0.43
way	0.30	0.63
gone	0.30	0.67
use	0.30	0.29
demands	0.30	0.24
rise	0.30	0.12
porch	0.30	0.25
cared	0.30	1.58
gallery	0.30	0.15
buying	0.30	0.17
departed	0.30	0.26
editor	0.30	0.11
product	0.30	0.25
palace	0.30	0.21
pound	0.30	0.19
resumed	0.30	0.32
worn	0.30	0.44
wiggs	0.30	0.34
jennings	0.31	0.28
exchange	0.31	0.18
residence	0.31	0.37
king	0.31	0.37
say	0.31	0.67
pair	0.31	0.46
pipes	0.31	0.21
acquired	0.31	0.51
sister	0.31	1.16
virtues	0.31	0.64
list	0.31	0.20
bert	0.31	0.38
theatre	0.31	0.45
ware	0.31	0.58
papers	0.31	0.17
heavy	0.31	0.60
proportion	0.31	0.28
slavery	0.31	0.46
civilization	0.31	0.18
poem	0.31	0.24
root	0.31	0.30
bade	0.31	0.31
suited	0.31	0.71
dannie	0.31	0.49
throne	0.31	0.34
publisher	0.31	0.12
minutes	0.31	0.27
existence	0.31	0.23
lower	0.31	0.16
costume	0.31	0.41
park	0.31	0.22
survey	0.31	0.22
promptly	0.31	0.24
fiction	0.31	0.34
preparation	0.31	0.21
wings	0.31	0.38
fields	0.31	0.34
spirit	0.31	0.72
carries	0.31	0.36
madge	0.31	0.42
nights	0.31	0.54
ends	0.31	0.13
greatest	0.31	0.64
fail	0.31	0.41
solid	0.31	0.28
talked	0.31	1.54
rice	0.31	0.27
materials	0.31	0.24
average	0.32	0.24
transportation	0.32	0.21
path	0.32	0.17
button	0.32	0.19
insurance	0.32	0.14
beat	0.32	0.39
modern	0.32	0.63
paid	0.32	0.12
high	0.32	0.11
begged	0.32	0.71
price	0.32	0.19
exact	0.32	0.28
royal	0.32	0.17
environment	0.32	0.24
candle	0.32	0.40
tree	0.32	0.49
map	0.32	0.18
distinguished	0.32	0.27
son	0.32	1.20
ryder	0.32	0.33
represented	0.32	0.35
hurry	0.32	0.46
prince	0.32	0.36
melanctha	0.32	1.47
lowest	0.32	0.21
suit	0.32	0.35
manufacture	0.32	0.14
read	0.32	0.13
ride	0.32	0.35
helen	0.32	0.65
fireplace	0.32	0.28
flame	0.32	0.45
scale	0.32	0.16
tied	0.33	0.21
pay	0.33	0.12
significant	0.33	1.00
determination	0.33	0.33
week	0.33	0.29
mission	0.33	0.44
broad	0.33	0.22
colonial	0.33	0.35
services	0.33	0.33
owner	0.33	0.37
cotton	0.33	0.19
grandma	0.33	0.32
fred	0.33	0.39
sources	0.33	0.24
advertising	0.33	0.19
anywhere	0.33	0.78
nerve	0.33	0.41
reduce	0.33	0.29
discuss	0.33	0.38
magic	0.33	0.44
face	0.33	0.31
market	0.33	0.21
attention	0.33	0.29
determined	0.33	0.25
decided	0.33	0.33
brook	0.33	0.26
household	0.33	0.52
acquainted	0.33	0.75
contents	0.33	0.17
wrote	0.33	0.36
writings	0.33	0.10
substance	0.34	0.27
hanging	0.34	0.26
visit	0.34	0.27
meal	0.34	0.30
branch	0.34	0.30
veins	0.34	0.49
authority	0.34	0.49
principal	0.34	0.38
described	0.34	0.38
jean	0.34	0.42
italian	0.34	0.39
steam	0.34	0.32
swing	0.34	0.20
call	0.34	0.48
quality	0.34	0.55
agriculture	0.34	0.35
help	0.34	0.52
plates	0.34	0.40
rules	0.34	0.42
sugar	0.34	0.31
pressing	0.34	0.25
stem	0.34	0.41
low	0.34	0.28
copper	0.34	0.21
disposed	0.34	0.32
minute	0.35	0.36
soils	0.35	0.30
surrender	0.35	0.28
complex	0.35	0.42
purchase	0.35	0.18
chapter	0.35	0.31
endeavor	0.35	0.29
weeks	0.35	0.36
sought	0.35	0.28
fur	0.35	0.35
throws	0.35	0.23
fashionable	0.35	0.21
dense	0.35	0.45
longing	0.35	1.74
gate	0.35	0.18
holiday	0.35	0.31
customary	0.35	0.48
john	0.35	0.61
qualities	0.35	0.37
rings	0.35	0.20
capital	0.35	0.16
write	0.35	0.29
devoted	0.35	0.56
brain	0.35	0.51
madame	0.35	0.43
tables	0.35	0.21
host	0.35	0.55
ring	0.35	0.16
table	0.36	0.21
vii	0.36	0.34
throat	0.36	0.58
increasing	0.36	0.47
article	0.36	0.17
indiana	0.36	0.25
carved	0.36	0.30
stands	0.36	0.28
countess	0.36	0.47
stuck	0.36	0.35
crops	0.36	0.32
lighted	0.36	0.42
water	0.36	0.62
limit	0.36	0.48
themselves	0.36	0.40
artistic	0.36	0.55
wind	0.36	0.70
weather	0.36	1.15
magazine	0.36	0.13
assume	0.36	0.35
foundation	0.37	0.33
horn	0.37	0.27
afternoon	0.37	0.27
performance	0.37	0.42
meets	0.37	0.26
polished	0.37	0.26
emperor	0.37	0.20
clouds	0.37	0.57
money	0.37	0.18
mankind	0.37	0.47
varying	0.37	0.25
advise	0.37	0.40
international	0.37	0.36
reflection	0.37	0.25
floating	0.37	0.40
work	0.37	0.36
brother	0.37	1.45
keeps	0.37	0.41
whole	0.37	0.65
birds	0.37	0.75
justified	0.37	0.36
crept	0.37	0.45
together	0.37	0.23
substances	0.37	0.27
stake	0.37	0.32
renewed	0.37	0.47
milton	0.37	0.16
shoes	0.37	0.42
believes	0.37	0.88
grow	0.37	0.32
itself	0.37	0.29
mexican	0.37	0.25
potatoes	0.37	0.38
answering	0.37	0.22
log	0.37	0.38
go	0.38	0.43
roddy	0.38	0.40
excess	0.38	0.32
print	0.38	0.15
estate	0.38	0.42
charter	0.38	0.26
leather	0.38	0.29
brow	0.38	0.35
lend	0.38	0.19
drops	0.38	0.40
fence	0.38	0.29
stop	0.38	0.39
breast	0.38	0.76
painter	0.38	0.26
lit	0.38	0.45
throughout	0.38	0.47
dunstan	0.38	0.43
growth	0.38	0.21
commercial	0.38	0.21
actual	0.38	0.50
interesting	0.38	1.14
constitutional	0.38	0.31
industry	0.38	0.19
provisions	0.38	0.50
touched	0.38	0.37
forehead	0.38	0.44
lantern	0.38	0.35
cheap	0.38	0.40
gathered	0.38	0.15
limits	0.38	0.25
eggs	0.38	0.41
covered	0.38	0.35
inferior	0.38	0.38
space	0.39	0.27
shirt	0.39	0.35
striving	0.39	0.35
bending	0.39	0.51
increase	0.39	0.26
considerable	0.39	0.62
victoria	0.39	0.30
expect	0.39	0.58
production	0.39	0.23
enough	0.39	0.53
jefferson	0.39	0.63
flying	0.39	0.40
probable	0.39	0.62
dinner	0.39	0.26
food	0.39	0.39
final	0.39	0.79
hoping	0.39	0.33
speaks	0.39	0.39
fortunes	0.39	0.16
aim	0.39	0.38
possessed	0.39	0.39
loan	0.39	0.16
noble	0.39	0.35
preparations	0.39	0.24
contrast	0.39	0.58
queen	0.39	0.46
luncheon	0.39	0.25
articles	0.39	0.15
industrial	0.39	0.32
cultivated	0.39	0.29
profound	0.39	0.40
dad	0.39	0.47
industries	0.39	0.14
records	0.39	0.40
methods	0.39	0.35
kinds	0.39	0.61
profits	0.39	0.17
name	0.39	0.92
painting	0.39	0.33
resources	0.39	0.27
levering	0.40	0.44
development	0.40	0.37
series	0.40	0.21
sober	0.40	0.56
kennedy	0.40	0.40
eaten	0.40	0.50
distributed	0.40	0.21
pieces	0.40	0.35
bonds	0.40	0.16
throng	0.40	0.43
prepared	0.40	0.16
excellency	0.40	0.28
refused	0.40	0.33
bride	0.40	1.07
shall	0.40	0.40
trust	0.40	0.20
pictures	0.40	0.28
clothes	0.40	0.40
puts	0.40	0.27
inspiration	0.40	0.30
talking	0.40	0.66
follows	0.40	0.24
veil	0.40	0.35
formal	0.40	0.43
induced	0.41	0.34
declined	0.41	0.28
introduction	0.41	0.14
execution	0.41	0.76
kings	0.41	0.35
lips	0.41	0.54
fitted	0.41	0.36
examples	0.41	0.30
library	0.41	0.18
hat	0.41	0.38
began	0.41	0.30
published	0.41	0.13
attempted	0.41	0.39
poet	0.41	0.19
greater	0.41	0.46
written	0.41	0.15
distinction	0.41	0.23
promises	0.41	0.46
skirt	0.41	0.41
expected	0.41	0.40
reflected	0.41	0.28
even	0.41	0.90
takes	0.41	0.28
proposed	0.41	0.45
beating	0.41	0.60
quarters	0.41	0.46
degree	0.42	0.52
positive	0.42	0.55
x	0.42	0.26
lamp	0.42	0.41
ladies	0.42	0.60
associations	0.42	0.35
mechanical	0.42	0.36
known	0.42	1.51
add	0.42	0.38
shadow	0.42	0.48
especially	0.42	0.43
permission	0.42	0.21
van	0.42	0.17
similar	0.42	0.31
sorry	0.42	0.63
bill	0.42	0.44
someone	0.42	0.76
readily	0.42	0.38
planned	0.42	0.23
furniture	0.42	0.20
traffic	0.42	0.45
corn	0.42	0.37
cloak	0.42	0.41
increased	0.42	0.43
varieties	0.42	0.36
prepare	0.42	0.31
belief	0.42	0.48
sitting	0.42	0.50
match	0.42	0.37
santa	0.42	0.37
permitted	0.42	0.39
tales	0.42	0.49
journal	0.42	0.13
calls	0.42	0.42
poetry	0.43	0.19
refuse	0.43	0.42
type	0.43	0.45
kid	0.43	0.59
hers	0.43	0.86
ready	0.43	0.34
hesitate	0.43	0.47
worthy	0.43	0.32
lightly	0.43	0.40
rain	0.43	0.83
belongs	0.43	0.53
rent	0.43	0.11
come	0.43	0.50
practical	0.43	0.42
bees	0.43	0.74
beany	0.43	0.42
shakespeare	0.43	0.17
printed	0.43	0.14
laugh	0.43	0.50
bath	0.43	0.75
assistance	0.43	0.26
activities	0.43	0.36
outline	0.44	0.28
cash	0.44	0.18
offered	0.44	0.22
machinery	0.44	0.35
books	0.44	0.15
ourselves	0.44	0.30
invention	0.44	0.40
comparison	0.44	0.36
eugenia	0.44	0.44
form	0.44	0.30
book	0.44	0.16
obtain	0.44	0.28
propose	0.44	0.44
base	0.44	0.34
coat	0.44	0.39
test	0.44	0.47
evening	0.44	0.31
employ	0.44	0.32
carl	0.44	0.41
nothing	0.44	0.89
bend	0.44	0.29
monty	0.44	0.40
set	0.44	0.31
spreading	0.44	0.32
upright	0.44	0.35
feature	0.44	0.47
speed	0.44	0.37
lights	0.45	0.48
fame	0.45	0.21
background	0.45	0.47
reader	0.45	0.28
reputation	0.45	0.28
standards	0.45	0.45
footnote	0.45	0.19
family	0.45	1.07
sees	0.45	0.53
darkness	0.45	0.47
theater	0.45	0.31
inclined	0.45	0.36
anything	0.45	0.89
image	0.45	0.35
swinging	0.45	0.29
season	0.45	0.54
plain	0.45	0.35
row	0.45	0.40
including	0.45	0.24
banks	0.45	0.15
fast	0.45	0.35
rounded	0.45	0.38
sure	0.45	0.67
others	0.45	0.41
career	0.45	0.28
novels	0.45	0.31
told	0.45	1.43
credit	0.46	0.22
allow	0.46	0.39
wedding	0.46	0.40
hear	0.46	0.36
gilbert	0.46	0.39
funds	0.46	0.21
sofa	0.46	0.46
retired	0.46	0.38
offer	0.46	0.23
today	0.46	0.42
nearer	0.46	0.28
once	0.46	0.67
co	0.46	0.34
sheldon	0.46	0.30
dare	0.46	0.50
descent	0.46	0.26
want	0.46	0.64
rome	0.46	0.40
kissed	0.46	1.12
early	0.46	0.29
wrapped	0.46	0.52
pages	0.46	0.20
never	0.47	1.44
course	0.47	0.60
beneath	0.47	0.37
changing	0.47	0.27
intended	0.47	0.30
mean	0.47	0.62
follow	0.47	0.35
suppose	0.47	0.63
factory	0.47	0.32
experiment	0.47	0.41
bank	0.47	0.15
properties	0.47	0.27
romance	0.47	0.77
wherein	0.47	0.18
forced	0.47	0.35
opens	0.47	0.28
dress	0.47	0.44
botes	0.47	0.30
far	0.47	0.60
rank	0.47	0.23
tried	0.47	0.35
lady	0.47	0.80
looks	0.47	0.32
securing	0.47	0.34
communication	0.47	0.35
salary	0.47	0.10
rarely	0.47	0.53
ca	0.47	0.56
section	0.47	0.46
types	0.47	0.40
ordinary	0.47	0.69
vida	0.47	0.30
aside	0.47	0.36
certain	0.47	0.39
best	0.48	1.90
arranged	0.48	0.21
majesty	0.48	0.17
does	0.48	0.61
collar	0.48	0.36
married	0.48	1.38
nature	0.48	0.65
resolved	0.48	0.35
passages	0.48	0.22
ability	0.48	0.36
faded	0.48	0.58
traveling	0.48	0.37
ringing	0.48	0.37
quantity	0.48	0.29
poets	0.48	0.17
betty	0.48	0.75
given	0.48	0.25
edition	0.48	0.16
careful	0.48	0.21
dusk	0.48	0.43
tribute	0.48	0.49
grade	0.48	0.34
allowed	0.48	0.40
formed	0.48	0.29
stopping	0.48	0.35
returns	0.48	0.23
sole	0.49	0.34
direct	0.49	0.39
executed	0.49	0.40
wished	0.49	0.40
served	0.49	0.39
external	0.49	0.55
collected	0.49	0.23
wo	0.49	0.51
wait	0.49	0.38
pretty	0.49	1.51
rope	0.49	0.31
gas	0.49	0.37
promised	0.49	0.48
engagement	0.49	0.60
let	0.49	0.48
erect	0.49	0.42
wear	0.49	0.45
amy	0.49	0.56
agreement	0.49	0.41
belonged	0.49	1.37
joan	0.49	0.71
novel	0.49	0.64
wider	0.49	0.34
economy	0.49	0.36
inspection	0.49	0.21
factors	0.49	0.49
lift	0.49	0.30
late	0.49	0.37
compelled	0.49	0.36
roots	0.50	0.47
calculated	0.50	0.39
believed	0.50	1.44
demand	0.50	0.27
cap	0.50	0.41
daylight	0.50	0.46
flag	0.50	0.40
string	0.50	0.26
hardly	0.50	0.85
anna	0.50	0.81
studied	0.50	0.35
democracy	0.50	0.49
stiff	0.50	0.44
chill	0.50	1.13
ing	0.50	0.40
agent	0.50	0.39
museum	0.50	0.31
ma	0.50	0.48
anybody	0.50	0.91
earth	0.50	0.34
intend	0.50	0.43
correspondence	0.50	0.75
courage	0.50	0.46
belonging	0.50	0.42
willing	0.50	0.36
manhood	0.51	0.46
comes	0.51	0.33
unless	0.51	0.59
bound	0.51	0.14
area	0.51	0.46
introduced	0.51	0.56
longer	0.51	0.55
author	0.51	0.31
claim	0.51	0.22
possess	0.51	0.37
stonor	0.51	0.38
consent	0.51	0.39
eleanor	0.51	0.55
decline	0.51	0.37
bosom	0.51	0.58
rooms	0.51	0.49
thick	0.51	0.43
stately	0.51	0.59
paint	0.51	0.35
seeds	0.52	0.43
advantage	0.52	0.29
duties	0.52	0.25
replaced	0.52	0.32
prefer	0.52	0.39
lucky	0.52	2.44
blew	0.52	0.75
stage	0.52	0.38
variety	0.52	0.34
uniform	0.52	0.46
chap	0.52	1.45
historical	0.52	0.40
impossible	0.52	0.39
reception	0.52	0.40
rows	0.52	0.36
obliged	0.53	0.35
grant	0.53	0.11
pays	0.53	0.59
expecting	0.53	0.28
quaint	0.53	0.84
every	0.53	0.35
common	0.53	0.37
composed	0.53	0.18
possibly	0.53	0.69
maggie	0.53	0.32
sits	0.53	0.30
montague	0.53	0.48
right	0.53	0.60
construction	0.53	0.39
husband	0.53	1.34
smiles	0.53	0.27
eyes	0.53	0.32
smooth	0.53	0.36
need	0.54	0.62
reserve	0.54	0.41
wearing	0.54	0.46
quantities	0.54	0.43
cook	0.54	0.47
father	0.54	1.43
relation	0.54	0.31
assure	0.54	0.31
countenance	0.54	0.46
ix	0.54	0.32
signed	0.54	0.36
ask	0.54	0.58
gain	0.54	0.39
logical	0.54	0.50
writing	0.54	0.30
own	0.54	0.39
why	0.54	0.56
property	0.55	0.34
knows	0.55	1.40
crossed	0.55	0.46
above	0.55	0.24
myself	0.55	0.49
yourself	0.55	0.45
reserved	0.55	0.35
shaking	0.55	0.42
heat	0.55	0.44
adopted	0.55	0.48
viii	0.55	0.32
crosses	0.55	0.29
respect	0.55	0.90
try	0.55	0.41
vegetables	0.55	0.42
draws	0.55	0.43
beatrice	0.55	0.54
turkey	0.55	0.46
shirley	0.55	0.65
painted	0.55	0.31
sooner	0.55	0.58
benefit	0.56	0.35
peter	0.56	0.39
smoke	0.56	0.68
attempt	0.56	0.39
panama	0.56	0.44
minister	0.56	0.44
finer	0.56	0.52
mining	0.56	0.34
crossing	0.56	0.30
failed	0.56	0.40
likely	0.56	0.49
tell	0.56	0.68
gold	0.56	0.36
grandmother	0.56	0.72
page	0.56	0.36
spent	0.56	0.44
volumes	0.56	0.21
refuge	0.57	0.31
obedience	0.57	0.44
ever	0.57	1.39
slender	0.57	0.45
desired	0.57	0.33
diamonds	0.57	0.40
progress	0.57	0.30
exercises	0.57	0.25
enable	0.57	0.33
obtained	0.57	0.25
vital	0.57	0.44
works	0.57	0.22
function	0.57	0.34
passionate	0.57	1.70
illustration	0.57	0.36
mary	0.57	0.67
aid	0.57	0.34
enter	0.57	0.37
shadows	0.58	0.54
human	0.58	0.41
worth	0.58	0.59
constructed	0.58	0.39
proof	0.58	0.40
mixed	0.58	0.36
jane	0.58	0.61
important	0.58	0.62
scarce	0.58	0.34
exit	0.58	0.37
wore	0.58	0.47
precious	0.58	0.44
feast	0.58	0.24
pani	0.58	0.82
pockets	0.58	0.39
cloth	0.58	0.33
none	0.58	0.81
former	0.58	0.29
elements	0.59	0.50
portion	0.59	0.44
anyone	0.59	0.86
worked	0.59	0.44
religious	0.59	0.43
dried	0.59	0.42
companion	0.59	0.58
thurston	0.59	0.34
subtle	0.59	0.51
showing	0.59	0.40
mr	0.59	0.30
recognition	0.59	0.26
success	0.59	0.37
currency	0.60	0.35
begun	0.60	0.35
putnam	0.60	0.44
journey	0.60	0.40
conception	0.60	0.56
tone	0.60	0.50
cloud	0.60	0.57
ought	0.60	0.63
roads	0.60	0.42
tend	0.60	0.47
example	0.60	0.58
barker	0.60	0.41
henderson	0.60	0.44
alone	0.60	0.34
cardington	0.60	0.38
coming	0.60	0.41
reading	0.60	0.32
route	0.60	0.46
organic	0.60	0.60
visits	0.60	0.39
secure	0.61	0.56
elizabeth	0.61	0.70
berlin	0.61	0.37
gift	0.61	0.29
stomach	0.61	0.39
starting	0.61	0.37
higher	0.61	0.41
maida	0.61	0.82
friends	0.61	0.65
likes	0.61	1.38
sarah	0.61	0.57
moral	0.61	0.47
turns	0.61	0.35
horizon	0.61	0.40
chemical	0.61	0.47
tom	0.61	0.51
flies	0.61	0.54
cultivation	0.61	0.44
highest	0.62	0.60
coal	0.62	0.30
material	0.62	0.27
varied	0.62	0.35
dry	0.62	0.84
count	0.62	0.39
home	0.62	0.66
returning	0.62	0.24
needed	0.62	0.63
grass	0.62	0.58
smiling	0.62	0.40
picking	0.62	0.33
visitor	0.62	0.44
forth	0.62	0.54
attained	0.62	0.40
apt	0.62	0.38
source	0.62	0.52
likewise	0.62	0.38
gladys	0.62	0.41
niece	0.62	0.85
pressed	0.62	0.69
gown	0.62	0.46
offers	0.62	0.67
joined	0.62	0.38
birth	0.62	0.28
extra	0.62	0.36
starts	0.63	0.37
mixture	0.63	0.46
rock	0.63	0.52
include	0.63	0.42
pause	0.63	0.40
smoking	0.63	0.52
obeyed	0.63	1.16
lunch	0.63	0.47
silence	0.63	0.37
games	0.63	0.32
mines	0.63	0.30
softly	0.63	0.75
favor	0.63	0.48
murdock	0.63	0.31
honest	0.63	0.35
pattern	0.63	0.35
finished	0.63	0.31
montgomery	0.63	0.45
receive	0.63	0.30
waving	0.63	0.55
eunice	0.63	0.58
angel	0.63	0.70
universe	0.63	0.59
cake	0.64	0.51
operation	0.64	0.52
silver	0.64	0.35
seated	0.64	0.49
order	0.64	0.37
mist	0.64	0.56
princess	0.64	0.41
goes	0.64	0.35
band	0.64	0.41
volume	0.64	0.19
collection	0.64	0.44
fun	0.64	0.66
filling	0.64	0.47
times	0.64	0.45
illustrations	0.64	0.29
extending	0.64	0.50
miners	0.65	0.34
winter	0.65	0.77
contact	0.65	0.43
legitimate	0.65	0.54
remainder	0.65	0.39
harriet	0.65	0.43
employment	0.65	0.32
us	0.65	0.43
easily	0.65	0.43
lovers	0.65	0.73
treaty	0.65	0.45
crowded	0.65	0.42
stories	0.65	0.53
gladly	0.65	0.28
honorable	0.65	0.26
universal	0.65	0.71
walk	0.65	0.36
spots	0.65	0.56
moments	0.65	0.48
poems	0.66	0.22
daily	0.66	0.46
sensible	0.66	0.84
future	0.66	0.35
kept	0.66	0.30
rebecca	0.66	0.69
documents	0.66	0.53
winds	0.66	0.93
might	0.66	0.62
faith	0.66	0.74
managed	0.66	0.42
required	0.66	0.33
play	0.66	0.50
factor	0.66	0.51
generation	0.67	0.33
talk	0.67	0.63
plants	0.67	0.62
technical	0.67	0.59
comstock	0.67	0.50
provision	0.67	0.54
fenelby	0.67	0.53
atmosphere	0.67	0.49
rhy	0.67	0.34
enabled	0.67	0.42
thoughtful	0.67	0.46
normal	0.67	0.34
unable	0.67	0.42
favorite	0.67	0.31
maintenance	0.67	0.49
response	0.67	0.49
trying	0.67	0.41
world	0.67	0.53
illustrated	0.68	0.34
basket	0.68	0.49
trees	0.68	0.69
extension	0.68	0.50
guests	0.68	0.41
beg	0.68	0.54
going	0.68	0.55
thorough	0.68	0.40
retain	0.68	0.48
please	0.68	0.47
cigar	0.68	0.51
rosalind	0.68	0.61
theme	0.68	0.38
silk	0.68	0.48
blood	0.69	0.50
additional	0.69	0.53
assembled	0.69	0.36
vigor	0.69	0.59
wish	0.69	0.47
stillwater	0.69	0.49
black	0.69	0.48
possession	0.69	0.41
dora	0.69	0.69
yes	0.69	0.46
require	0.69	0.45
philip	0.69	0.38
wants	0.69	0.80
containing	0.69	0.39
here	0.69	0.54
guest	0.69	0.35
establish	0.69	0.65
planted	0.70	0.45
instrument	0.70	0.33
means	0.70	0.43
clothing	0.70	0.40
stops	0.70	0.40
chairs	0.70	0.50
visitors	0.70	0.40
allison	0.70	0.60
seats	0.70	0.49
manner	0.70	0.54
disposition	0.70	0.70
owe	0.70	0.59
hostess	0.70	0.38
roland	0.70	0.34
protection	0.70	0.42
moisture	0.70	0.50
hair	0.71	0.38
agreeable	0.71	2.19
honor	0.71	0.47
examine	0.71	0.34
attract	0.71	0.42
genuine	0.71	0.71
part	0.71	0.40
able	0.71	0.41
completed	0.71	0.46
meet	0.71	0.47
perfectly	0.71	0.28
reward	0.72	0.42
fundamental	0.72	0.65
profit	0.72	0.35
publication	0.72	0.39
blowing	0.72	0.72
equal	0.72	0.62
contained	0.72	0.57
margaret	0.72	0.70
laura	0.72	0.35
possible	0.73	0.56
autumn	0.73	0.59
title	0.73	0.19
adapted	0.73	0.79
heartily	0.73	0.55
necessary	0.73	0.38
climate	0.73	0.89
skin	0.73	0.43
garments	0.73	0.51
text	0.73	0.28
experiences	0.73	1.70
romantic	0.73	0.48
interval	0.74	0.49
choose	0.74	0.31
picture	0.74	0.47
miss	0.74	0.65
turning	0.74	0.45
johnson	0.74	0.36
settled	0.74	0.31
elnora	0.74	0.72
temperature	0.74	0.74
afford	0.74	0.46
rare	0.75	0.70
tour	0.75	0.34
cigarette	0.75	0.48
vi	0.75	0.44
pardon	0.75	0.54
clinging	0.75	0.55
elaborate	0.75	0.58
established	0.75	0.39
loyalty	0.75	0.96
earnest	0.75	0.54
tones	0.75	0.43
successful	0.75	0.48
social	0.75	0.32
constitute	0.76	0.57
gifts	0.76	0.35
breathe	0.76	0.39
invited	0.76	0.37
praise	0.76	0.48
velvet	0.77	0.55
dolly	0.77	0.78
lively	0.77	0.61
longed	0.77	0.57
sympathy	0.77	0.93
job	0.77	1.71
expensive	0.77	0.71
rays	0.77	0.47
solution	0.77	0.39
supplies	0.77	0.48
superior	0.78	1.36
friend	0.78	1.16
walking	0.78	0.41
design	0.78	0.46
costly	0.78	0.63
monopoly	0.78	0.44
laughter	0.78	0.71
dark	0.78	0.50
truth	0.78	0.57
curtain	0.78	0.36
offering	0.78	0.28
compromise	0.78	0.53
thomas	0.78	0.38
moon	0.78	0.51
surroundings	0.78	0.67
rises	0.78	0.45
inspired	0.79	0.80
greatness	0.79	0.39
continuous	0.79	0.59
twilight	0.79	0.67
lacking	0.79	0.39
architecture	0.79	0.50
paths	0.79	0.70
aunt	0.80	0.69
invitation	0.80	0.51
occasional	0.80	1.60
fordyce	0.80	0.32
beautifully	0.80	0.53
heavens	0.80	0.50
herbert	0.81	1.14
kitty	0.81	0.66
addition	0.81	0.52
designed	0.81	0.46
augustine	0.81	0.30
wit	0.81	0.54
usual	0.81	0.53
touching	0.81	0.54
pursuit	0.81	0.46
smile	0.81	0.53
bells	0.81	0.55
acquaintance	0.82	0.50
listen	0.82	0.49
cousin	0.82	0.76
dorothy	0.82	0.79
awaiting	0.82	0.45
easier	0.82	0.50
strict	0.82	0.50
available	0.82	0.51
gray	0.82	0.46
rapid	0.83	0.41
rest	0.83	0.65
voice	0.83	0.55
glow	0.83	0.50
substantial	0.83	0.74
grey	0.84	0.55
faithful	0.84	1.03
balloon	0.84	0.44
plays	0.84	0.45
closer	0.84	0.46
spiritual	0.84	0.53
cheeks	0.84	0.60
ultimate	0.84	0.70
parted	0.85	0.45
greeted	0.85	0.55
enthusiastic	0.85	0.49
tiny	0.85	0.52
soul	0.85	1.53
clean	0.85	0.66
carlos	0.85	0.39
isabel	0.85	0.59
splendid	0.86	0.53
excuse	0.86	0.50
arrangement	0.86	0.41
light	0.86	0.65
confidence	0.86	0.68
pale	0.87	0.72
ruth	0.87	0.52
close	0.87	0.55
stars	0.87	0.58
achievement	0.87	0.38
rising	0.87	0.41
phil	0.87	0.66
wrighton	0.87	0.34
prosperous	0.87	0.45
dawn	0.88	0.54
element	0.88	0.62
maintain	0.88	0.71
mrs	0.88	0.34
virtue	0.88	0.59
spend	0.88	0.55
oh	0.88	0.52
jewels	0.88	0.50
generous	0.89	0.51
standard	0.89	0.57
society	0.89	0.31
juliet	0.89	0.54
efficiency	0.89	0.47
style	0.89	0.73
plant	0.89	0.67
assured	0.89	0.36
voices	0.89	0.64
enters	0.90	0.45
advantages	0.90	0.63
moves	0.90	0.33
parting	0.90	0.48
appropriate	0.90	0.50
included	0.90	0.54
leaf	0.91	0.64
austin	0.91	0.50
lace	0.91	0.58
scholarship	0.91	0.39
katherine	0.91	0.60
fairly	0.92	1.32
honesty	0.92	0.59
lane	0.92	0.36
provide	0.92	0.65
leaves	0.92	0.67
sky	0.92	0.54
sincere	0.92	0.83
glory	0.93	0.55
cheek	0.93	0.57
seek	0.93	0.43
rich	0.93	0.46
opera	0.93	0.53
honour	0.94	0.53
lover	0.94	1.51
understanding	0.94	0.46
lang	0.94	0.38
claimed	0.94	0.31
landscape	0.94	0.53
jinny	0.95	0.57
touches	0.95	0.38
sufficient	0.95	0.54
furnished	0.95	0.60
feminine	0.95	0.42
polite	0.95	0.58
tavia	0.95	0.67
relations	0.95	0.51
rev	0.95	0.40
shelter	0.96	0.40
lloyd	0.96	0.64
cold	0.96	0.94
portrait	0.96	0.29
singleton	0.96	0.41
approval	0.96	0.53
polly	0.96	0.70
rights	0.97	0.47
desirable	0.97	0.88
gained	0.97	0.41
thank	0.97	0.51
hush	0.97	0.67
innocent	0.97	1.35
safe	0.97	0.53
join	0.98	0.28
tillman	0.98	0.60
yours	0.98	0.53
accurate	0.98	0.46
hope	0.98	0.52
domestic	0.99	0.35
reasonable	0.99	0.38
proper	0.99	0.53
shone	1.00	0.52
crimson	1.00	0.64
unique	1.00	1.74
contain	1.00	0.63
privilege	1.00	0.47
extensive	1.00	0.52
sun	1.01	0.66
respects	1.01	0.46
verse	1.01	0.40
maintained	1.01	0.65
heart	1.01	1.57
acid	1.01	0.40
gratitude	1.02	1.52
fruit	1.02	0.69
glowing	1.03	0.57
liquid	1.03	0.50
johnny	1.03	0.51
playing	1.03	0.59
extended	1.03	0.49
notes	1.03	0.46
free	1.03	0.39
supplied	1.03	0.64
sunset	1.04	0.50
derived	1.05	0.50
secured	1.05	0.38
intercourse	1.05	0.60
welfare	1.05	0.49
rose	1.05	0.72
freely	1.05	0.42
played	1.06	0.59
molly	1.06	0.32
appreciation	1.07	0.54
colors	1.07	0.44
picturesque	1.07	0.75
denied	1.07	0.41
orchard	1.07	0.37
moonlight	1.07	0.70
brown	1.07	0.31
promise	1.07	0.45
gather	1.08	0.59
steady	1.09	0.58
provided	1.09	0.72
verses	1.09	0.50
christmas	1.09	0.55
shade	1.09	0.64
modest	1.09	0.38
loves	1.09	1.60
geraldine	1.10	0.46
summer	1.10	0.96
neat	1.10	0.71
hard	1.10	1.43
granted	1.11	0.40
greeting	1.11	0.63
pleasure	1.11	0.65
independence	1.11	0.64
apple	1.12	0.40
clever	1.12	1.16
opportunity	1.12	0.38
concert	1.13	0.53
stella	1.13	0.43
belle	1.13	0.63
mutual	1.13	0.59
floated	1.13	0.63
contains	1.14	0.46
occupation	1.14	0.73
red	1.15	0.64
scarlet	1.16	0.66
suitable	1.17	0.88
fruits	1.18	0.78
sunlight	1.18	0.79
sincerity	1.18	0.60
instruments	1.18	0.52
valuable	1.18	1.29
maiden	1.18	0.93
equality	1.19	0.68
sympathetic	1.19	0.58
white	1.19	0.64
cheer	1.20	0.61
arrangements	1.21	0.50
star	1.21	0.49
danced	1.21	0.76
bless	1.21	1.48
efficient	1.21	0.51
organ	1.21	0.46
gardens	1.21	0.74
vines	1.21	0.80
touch	1.21	0.45
calm	1.22	0.69
nice	1.22	1.19
thanks	1.22	0.50
blue	1.22	0.65
hearts	1.23	1.40
shining	1.23	0.59
opportunities	1.24	0.47
affection	1.24	1.41
supply	1.24	0.62
mother	1.24	1.28
hearty	1.25	0.57
full	1.25	0.43
dignified	1.25	0.49
prosperity	1.25	0.41
garden	1.26	0.76
kiss	1.26	1.33
proud	1.26	0.85
better	1.27	1.37
serve	1.27	1.28
assurance	1.27	0.48
green	1.27	0.74
musical	1.29	0.58
safety	1.29	0.42
entitled	1.30	0.45
composition	1.30	0.50
dignity	1.30	0.48
courtesy	1.31	0.55
ways	1.32	1.04
brains	1.33	1.36
yellow	1.33	0.69
balance	1.33	1.39
etc	1.34	1.25
sake	1.34	1.42
dimple	1.34	1.19
conversation	1.34	1.38
golden	1.34	0.61
marry	1.35	1.35
breeze	1.35	0.77
accord	1.36	0.40
flower	1.36	0.87
dear	1.36	0.62
brilliant	1.37	0.68
grateful	1.37	0.57
orchestra	1.37	0.64
friendship	1.38	0.58
devotion	1.38	1.32
kindness	1.39	0.62
restored	1.39	1.23
sacrifice	1.40	1.26
wealth	1.40	0.45
familiar	1.41	1.34
privileges	1.41	0.55
dancing	1.41	0.71
adequate	1.41	0.66
air	1.42	0.87
afforded	1.42	0.50
decent	1.42	1.16
permanent	1.42	1.17
true	1.43	1.06
quit	1.43	1.51
purple	1.44	0.84
kisses	1.45	1.32
charm	1.46	0.56
darling	1.46	1.21
utmost	1.46	1.20
luxury	1.47	0.64
liberty	1.47	0.66
smell	1.48	1.32
blossoms	1.48	0.84
cool	1.49	1.47
warmth	1.49	0.81
jolly	1.49	1.15
forgive	1.49	1.35
tenderness	1.50	1.22
mamma	1.50	1.05
clear	1.51	0.49
bloom	1.51	0.83
violin	1.51	0.66
spring	1.51	0.71
fond	1.52	0.91
surely	1.52	1.17
soft	1.53	0.59
security	1.54	0.45
laughing	1.54	1.08
color	1.54	0.58
handy	1.55	1.18
improved	1.56	1.14
joy	1.56	1.28
healthy	1.56	0.86
delicate	1.57	0.52
fair	1.57	0.89
colour	1.58	0.58
simple	1.58	1.10
loving	1.58	1.21
chorus	1.59	0.64
presents	1.60	1.32
preserved	1.60	1.08
useful	1.61	0.98
randy	1.61	1.15
amusing	1.62	1.45
favorable	1.63	1.08
tender	1.63	0.97
improvement	1.63	1.13
providing	1.63	1.17
edith	1.64	1.00
walks	1.64	1.33
beautiful	1.65	0.86
preserve	1.65	1.15
observe	1.65	1.58
mine	1.65	1.14
dance	1.65	0.64
real	1.66	1.22
entire	1.66	1.25
welcome	1.67	1.24
furnish	1.67	1.18
kindly	1.67	1.00
piano	1.67	0.62
fresh	1.68	0.58
warm	1.69	1.39
florence	1.70	1.13
delighted	1.70	1.01
bright	1.70	0.64
delicious	1.70	1.26
ease	1.70	1.02
profitable	1.71	1.06
sunny	1.73	1.36
singing	1.74	0.71
absolute	1.74	1.20
sung	1.74	0.67
unity	1.76	1.17
easy	1.76	1.10
glorious	1.77	1.04
intimate	1.77	1.01
favored	1.78	1.46
humor	1.78	0.98
ample	1.78	1.02
complete	1.78	1.13
guide	1.79	1.16
sweetness	1.79	0.62
cares	1.79	0.93
sunshine	1.79	1.38
gracious	1.80	0.48
original	1.80	0.99
life	1.80	0.87
songs	1.81	0.65
satisfied	1.82	0.88
abundant	1.83	0.97
comfortable	1.84	1.16
essential	1.84	1.03
fairy	1.86	1.19
goodness	1.86	0.95
plenty	1.87	1.15
effective	1.88	1.22
simplicity	1.88	0.87
enjoying	1.88	1.07
glad	1.88	0.87
friendly	1.89	1.08
gentle	1.89	0.89
music	1.89	0.59
papa	1.89	0.94
rosy	1.89	1.07
leisure	1.91	1.21
eve	1.91	0.97
attractive	1.91	1.12
flowers	1.93	1.17
confident	1.93	0.81
comfort	1.96	0.58
merry	1.97	0.85
model	1.97	0.96
finish	1.98	0.99
dainty	1.99	0.88
exquisite	1.99	0.80
graceful	1.99	0.72
quiet	2.00	1.08
ideal	2.01	0.92
perfection	2.03	0.96
enjoy	2.03	1.03
travel	2.04	1.21
convenient	2.04	0.86
pink	2.09	1.07
beauty	2.10	0.79
grace	2.14	0.75
enjoyment	2.14	0.89
content	2.16	0.80
dearest	2.18	0.75
harmony	2.19	0.90
gay	2.23	0.71
radiant	2.23	0.64
sang	2.23	0.85
song	2.25	0.83
charming	2.27	0.93
freedom	2.27	0.80
peace	2.28	0.79
sing	2.32	0.78
pleasures	2.34	0.83
roses	2.36	0.90
peaceful	2.42	0.94
cheerful	2.49	0.96
satisfactory	2.49	0.91
happiness	2.50	0.73
enjoyed	2.50	0.92
admirable	2.61	0.73
wholesome	2.62	0.78
pure	2.63	0.71
sweet	2.77	0.70
