cruel	-4.46	0.83
ugly	-4.41	0.96
victim	-4.36	0.92
deadly	-4.22	1.19
helpless	-4.16	0.87
coward	-4.07	0.83
brute	-4.04	0.80
revenge	-3.81	1.14
savage	-3.74	0.93
damned	-3.73	0.93
hatred	-3.72	1.41
victims	-3.70	1.06
blind	-3.68	0.89
horror	-3.58	1.35
sick	-3.57	0.94
lonely	-3.55	1.20
terrible	-3.49	1.30
devil	-3.49	1.02
stupid	-3.48	0.55
creature	-3.46	1.10
ill	-3.38	1.16
distress	-3.36	1.20
painful	-3.34	1.44
weak	-3.32	0.78
wicked	-3.30	1.02
fled	-3.29	1.81
fearful	-3.28	1.48
dreadful	-3.26	1.42
bitter	-3.26	1.23
innocent	-3.24	1.17
worse	-3.23	1.53
fool	-3.21	0.73
ignorant	-3.20	0.75
worried	-3.19	1.40
angry	-3.17	1.37
rage	-3.15	1.41
selfish	-3.14	1.00
consequences	-3.09	1.42
miserable	-3.09	1.19
awful	-3.08	1.66
fierce	-3.07	1.39
hungry	-3.07	1.10
ridiculous	-3.07	1.24
punishment	-3.07	1.41
accident	-3.06	1.39
violence	-3.06	1.40
tired	-3.05	0.92
suspicion	-3.05	1.21
anger	-3.03	1.46
ignorance	-3.01	1.31
fatal	-2.99	1.26
fate	-2.97	0.72
thief	-2.96	0.90
scorn	-2.96	1.53
shame	-2.96	1.42
fear	-2.96	1.40
ashamed	-2.96	1.38
crime	-2.95	0.67
terribly	-2.95	1.53
worst	-2.94	1.74
saved	-2.90	1.61
sighed	-2.90	1.42
beast	-2.89	0.45
inevitable	-2.83	1.62
shock	-2.82	1.72
jealous	-2.82	1.13
disappointed	-2.81	1.62
tragic	-2.81	1.35
dying	-2.81	1.04
beasts	-2.80	0.51
suffering	-2.80	0.51
vice	-2.79	1.71
drunk	-2.79	1.52
uncertain	-2.78	1.50
mad	-2.77	0.73
exhausted	-2.76	1.18
evils	-2.75	1.61
poverty	-2.75	0.61
confessed	-2.75	1.66
hopeless	-2.71	0.50
scared	-2.69	0.51
angrily	-2.69	0.69
injury	-2.64	0.59
dangerous	-2.64	1.33
misery	-2.63	0.63
restless	-2.63	1.55
dirty	-2.61	0.56
damn	-2.60	0.57
growled	-2.58	0.70
illness	-2.57	0.35
wrath	-2.56	1.09
loneliness	-2.56	0.58
resentment	-2.55	1.16
deeply	-2.53	1.80
terror	-2.52	0.85
unconscious	-2.52	0.55
sin	-2.49	1.51
suffer	-2.49	0.56
badly	-2.48	0.63
cure	-2.48	0.46
temper	-2.47	1.30
suffered	-2.45	0.61
karl	-2.44	1.32
overwhelming	-2.44	1.97
pain	-2.43	0.88
temptation	-2.43	1.83
agony	-2.41	0.97
fury	-2.38	1.14
disease	-2.37	0.44
disaster	-2.35	0.81
death	-2.34	0.51
despair	-2.34	0.98
deed	-2.34	1.69
event	-2.34	1.83
fever	-2.33	0.45
dread	-2.33	0.67
sudden	-2.33	0.95
disgust	-2.32	1.13
sorry	-2.32	1.90
alarmed	-2.31	0.84
useless	-2.31	0.40
weary	-2.31	0.75
frightened	-2.30	0.90
grim	-2.29	0.68
hurt	-2.28	0.93
bitterness	-2.28	1.16
mistake	-2.27	1.59
murmured	-2.27	1.76
threatening	-2.25	0.57
silly	-2.24	0.94
sore	-2.23	0.56
diseases	-2.20	0.44
grief	-2.20	1.06
muttered	-2.19	0.89
contempt	-2.19	1.12
false	-2.17	1.55
loss	-2.16	0.62
wounded	-2.16	0.62
endure	-2.16	0.65
disappointment	-2.13	1.10
destroy	-2.13	2.12
weakness	-2.12	0.48
liable	-2.12	0.56
furious	-2.11	1.04
sad	-2.11	1.52
indignation	-2.11	1.26
dependent	-2.10	1.39
hunger	-2.10	0.40
gaston	-2.10	0.43
anxiety	-2.09	0.80
dead	-2.08	1.60
creatures	-2.05	0.55
deeds	-2.05	1.69
injured	-2.03	0.43
impressions	-2.03	2.22
treatment	-2.02	0.42
escaped	-2.02	0.51
mob	-2.02	0.82
nervous	-2.01	0.63
alarm	-2.00	0.59
crushed	-2.00	0.58
spurling	-1.99	0.54
murder	-1.99	0.61
relieve	-1.99	0.53
poison	-1.99	0.39
panic	-1.98	0.71
bitterly	-1.98	1.63
peril	-1.98	0.61
guilty	-1.97	0.58
committed	-1.94	0.71
hospital	-1.93	0.65
doctors	-1.93	0.66
amazing	-1.93	1.77
severe	-1.92	0.55
indifferent	-1.92	0.68
suspicious	-1.92	0.71
patients	-1.92	0.61
literally	-1.91	0.42
probable	-1.91	2.04
killed	-1.91	0.39
snapped	-1.90	0.75
babies	-1.88	1.66
stomach	-1.87	0.50
habits	-1.86	1.88
threatened	-1.86	0.52
foolish	-1.84	0.44
impatient	-1.84	0.76
competition	-1.84	2.47
condemned	-1.83	0.45
disturbed	-1.81	0.98
confusion	-1.80	0.55
alas	-1.79	1.27
ones	-1.79	1.54
lest	-1.79	0.64
dangers	-1.78	0.72
jail	-1.78	0.57
cat	-1.78	0.59
recall	-1.77	2.26
significant	-1.77	1.92
peculiar	-1.76	2.09
unnecessary	-1.76	0.72
error	-1.76	0.68
destruction	-1.75	0.70
deserted	-1.73	0.68
wound	-1.73	0.38
feared	-1.73	1.89
treated	-1.72	0.58
dog	-1.71	0.52
utter	-1.70	0.83
crazy	-1.70	0.65
shaken	-1.69	0.75
prejudice	-1.69	0.81
lot	-1.69	1.72
folly	-1.69	0.70
attacks	-1.68	0.47
wildly	-1.68	0.63
reckless	-1.68	0.41
forbidden	-1.67	0.69
astonishment	-1.67	0.83
blows	-1.67	0.68
bull	-1.66	0.36
weather	-1.66	2.22
suddenly	-1.65	0.73
danger	-1.65	0.55
secret	-1.65	2.15
lion	-1.65	0.40
defeat	-1.64	0.73
losses	-1.64	0.60
violent	-1.63	0.77
amazement	-1.63	0.83
caused	-1.63	0.56
patient	-1.63	0.40
troubled	-1.62	0.96
sorrow	-1.62	0.98
miki	-1.61	0.39
desperate	-1.61	0.52
shocked	-1.61	1.14
strain	-1.60	0.47
gasped	-1.59	1.02
seized	-1.59	0.63
puzzled	-1.58	0.92
dogs	-1.58	0.41
upset	-1.58	0.66
seriously	-1.58	0.62
startled	-1.58	0.65
damage	-1.57	0.47
wild	-1.57	0.91
eloise	-1.56	0.43
seemingly	-1.55	0.45
acts	-1.55	0.98
burst	-1.55	0.91
singular	-1.55	1.74
wise	-1.54	1.54
tremendous	-1.54	0.96
makes	-1.53	1.91
ruin	-1.53	0.65
stress	-1.52	0.57
dull	-1.51	0.65
wrong	-1.50	2.01
trembled	-1.48	0.48
hell	-1.48	0.80
relief	-1.47	0.79
common	-1.47	2.05
sheer	-1.47	0.62
confess	-1.47	0.71
sensitive	-1.46	1.89
sadly	-1.46	0.95
breathed	-1.46	0.80
luck	-1.46	1.67
blake	-1.46	0.68
wandering	-1.45	0.67
protested	-1.45	1.21
kill	-1.45	0.67
utterly	-1.45	0.47
jude	-1.45	0.42
gross	-1.44	0.87
wreck	-1.43	0.84
hampton	-1.42	0.56
greatly	-1.42	1.02
anxious	-1.42	0.71
garman	-1.42	0.47
killing	-1.42	0.31
lazy	-1.41	0.83
nerves	-1.41	0.49
cry	-1.41	0.64
confused	-1.41	0.97
trembling	-1.41	0.48
fiercely	-1.40	0.55
thou	-1.40	1.89
wrought	-1.40	2.02
cause	-1.39	0.57
simmy	-1.39	0.71
slave	-1.39	0.51
absurd	-1.39	0.50
charlie	-1.39	0.59
sentimental	-1.38	0.46
remedy	-1.38	0.40
enemies	-1.38	0.55
embarrassment	-1.37	0.72
rush	-1.36	0.77
helena	-1.36	1.81
exclaimed	-1.36	1.13
old	-1.36	1.57
storm	-1.35	0.79
spite	-1.35	0.46
blank	-1.35	0.55
robbed	-1.35	0.50
animal	-1.35	0.43
treat	-1.35	0.51
regret	-1.34	1.12
protest	-1.34	0.93
weapons	-1.34	0.61
trick	-1.34	0.69
doubtful	-1.34	0.71
outcome	-1.34	0.95
charged	-1.33	0.43
chill	-1.32	0.86
drug	-1.31	0.39
weapon	-1.31	0.57
murdered	-1.31	1.03
whispered	-1.31	1.14
dexter	-1.30	0.65
indians	-1.30	0.48
consequence	-1.29	0.57
bless	-1.28	1.55
cried	-1.28	1.14
giant	-1.27	0.62
boy	-1.27	1.76
inevitably	-1.27	0.56
ignored	-1.27	0.64
arrested	-1.27	0.57
embarrassed	-1.26	1.03
nodded	-1.26	1.10
surprise	-1.26	0.74
desperately	-1.26	0.39
roused	-1.26	0.78
wolf	-1.25	0.48
criminal	-1.24	0.44
bird	-1.24	0.59
ambition	-1.24	0.84
admitted	-1.24	0.76
gods	-1.24	2.16
awfully	-1.24	0.81
neglect	-1.24	0.51
wilderness	-1.23	0.41
naked	-1.23	0.59
sigh	-1.23	0.53
corners	-1.23	0.53
physician	-1.22	0.39
knocked	-1.22	0.48
shook	-1.21	0.95
openly	-1.21	0.80
thy	-1.21	1.94
serious	-1.21	0.52
excited	-1.20	1.02
retorted	-1.20	0.95
replied	-1.20	1.15
wandered	-1.20	0.62
repeated	-1.20	1.13
risk	-1.20	0.73
commented	-1.20	1.08
stolen	-1.19	0.54
borne	-1.19	0.57
against	-1.19	0.61
arrest	-1.19	0.41
slow	-1.19	0.59
pathetic	-1.19	0.92
chuckled	-1.18	0.83
motives	-1.17	0.71
remarked	-1.17	1.07
responsible	-1.17	0.55
driven	-1.17	0.45
causes	-1.17	0.68
prison	-1.17	0.56
conquest	-1.16	0.76
relieved	-1.16	0.65
tears	-1.16	1.15
accused	-1.16	0.58
prisoner	-1.16	0.41
attacked	-1.16	0.50
thrill	-1.15	0.88
reaction	-1.14	0.71
unexpected	-1.14	2.23
laughed	-1.14	0.99
partly	-1.14	0.33
avoided	-1.14	0.56
sword	-1.14	0.67
delay	-1.13	0.45
amazed	-1.13	0.62
sentence	-1.13	0.74
wholly	-1.12	0.39
observed	-1.12	1.06
rushed	-1.12	0.55
swift	-1.12	0.57
die	-1.12	0.66
somethin	-1.11	0.85
thorpe	-1.11	0.62
alleged	-1.11	0.54
passengers	-1.11	0.57
felt	-1.10	0.81
comparatively	-1.10	0.46
stuff	-1.09	0.88
spell	-1.09	0.58
awkward	-1.09	0.71
uttered	-1.08	0.50
demanded	-1.08	1.00
bear	-1.08	0.43
threat	-1.07	0.39
blame	-1.07	1.01
fears	-1.07	0.44
sensation	-1.07	2.44
feelings	-1.06	0.80
pride	-1.06	1.05
checked	-1.06	0.78
struggle	-1.06	0.63
destroyed	-1.05	0.66
hunt	-1.05	0.36
bit	-1.05	0.78
added	-1.05	1.00
apt	-1.04	0.33
missed	-1.04	0.57
fault	-1.04	0.68
interrupted	-1.04	0.98
am	-1.03	0.82
astonished	-1.03	0.78
indian	-1.03	0.45
sort	-1.03	0.97
absence	-1.03	0.44
shouted	-1.03	0.70
leg	-1.03	0.35
considerably	-1.03	0.49
grinned	-1.02	0.66
aloud	-1.02	0.57
equally	-1.01	0.48
liked	-1.01	1.80
surprised	-1.01	1.02
jake	-1.01	0.62
animals	-1.01	0.30
inquired	-1.00	1.02
physicians	-1.00	0.41
broken	-0.99	0.40
answered	-0.99	0.99
drink	-0.99	0.76
widow	-0.99	1.85
compensation	-0.99	0.61
hesitated	-0.98	0.72
affected	-0.98	0.66
blow	-0.97	0.56
agreed	-0.96	0.97
suggested	-0.96	0.98
burden	-0.96	0.45
limbs	-0.96	0.52
pains	-0.96	0.54
stronger	-0.96	0.54
fought	-0.96	0.43
beaten	-0.96	0.50
maybe	-0.95	0.97
remote	-0.95	0.42
trifle	-0.95	0.57
mingled	-0.95	0.93
con	-0.95	0.40
exposed	-0.95	0.43
joke	-0.94	0.79
dash	-0.94	0.49
agitation	-0.94	0.57
relatively	-0.94	0.43
desert	-0.94	0.57
steal	-0.93	0.44
haste	-0.93	0.37
mistaken	-0.92	1.72
cries	-0.92	0.62
slight	-0.92	0.34
experienced	-0.92	0.70
prisoners	-0.92	0.31
suspect	-0.92	1.05
asleep	-0.92	0.92
owing	-0.92	0.33
stroke	-0.92	0.58
smiled	-0.91	1.17
eventually	-0.91	0.54
charge	-0.91	0.37
rogers	-0.91	0.50
overcome	-0.91	0.37
returned	-0.91	0.95
failure	-0.91	0.59
extremely	-0.91	0.59
escape	-0.90	0.47
bite	-0.90	0.54
cases	-0.90	0.29
declared	-0.90	0.98
drank	-0.90	0.65
result	-0.89	0.83
crying	-0.89	0.77
ward	-0.89	0.62
bullet	-0.89	0.13
tribes	-0.89	0.55
speculation	-0.89	0.48
responded	-0.88	0.90
violently	-0.88	0.34
admit	-0.88	0.63
trial	-0.87	0.38
fight	-0.87	0.51
emotion	-0.87	1.22
grin	-0.87	0.46
faster	-0.86	0.67
surrounded	-0.86	0.52
invariably	-0.86	0.64
rescue	-0.86	0.46
flew	-0.85	0.54
clock	-0.85	0.41
recalled	-0.85	2.34
ending	-0.84	0.79
gradually	-0.84	0.61
occurred	-0.84	1.13
drinking	-0.84	0.77
noise	-0.84	0.55
fed	-0.84	0.76
bottle	-0.84	0.77
somewhere	-0.84	0.49
hastened	-0.84	0.51
penrod	-0.84	0.57
slept	-0.83	0.84
feeling	-0.83	0.78
breakfast	-0.83	0.75
decline	-0.83	0.31
nurse	-0.83	0.65
exceedingly	-0.83	0.53
actions	-0.83	0.49
tense	-0.82	0.29
funny	-0.82	1.81
too	-0.82	0.66
forest	-0.82	0.66
emotions	-0.82	0.69
horses	-0.82	0.49
fox	-0.81	0.66
fat	-0.81	0.46
charges	-0.81	0.29
explained	-0.81	1.06
imposed	-0.81	0.50
crisis	-0.81	0.43
roar	-0.81	0.54
distinct	-0.80	1.08
poured	-0.80	0.60
asked	-0.80	1.07
isolated	-0.80	0.45
loud	-0.80	0.54
bowed	-0.80	0.73
vandover	-0.80	0.45
bruce	-0.80	0.52
rid	-0.79	0.45
intense	-0.79	0.84
wine	-0.79	0.76
aroused	-0.79	0.50
gee	-0.78	0.81
mere	-0.78	0.39
harder	-0.78	0.67
eating	-0.77	0.73
alone	-0.77	0.70
beer	-0.77	0.74
incredible	-0.77	0.97
neewa	-0.77	0.28
curiosity	-0.77	0.80
cup	-0.77	0.75
prevent	-0.77	0.55
resistance	-0.77	0.57
pursuit	-0.76	0.65
thoughtfully	-0.76	0.47
payne	-0.76	0.47
paused	-0.76	0.68
nonsense	-0.76	0.67
ventured	-0.76	0.95
capture	-0.76	0.51
abandoned	-0.75	0.33
menace	-0.75	0.74
eaten	-0.75	0.75
glass	-0.75	0.73
gang	-0.75	0.42
wasted	-0.75	0.54
released	-0.74	0.20
peoples	-0.74	0.63
muscles	-0.74	0.27
senses	-0.74	1.07
traveling	-0.73	0.78
impatiently	-0.73	0.41
excitedly	-0.73	0.27
tragedy	-0.73	0.56
reckon	-0.73	0.55
lately	-0.73	0.83
grimly	-0.73	0.56
vague	-0.72	0.90
female	-0.72	0.60
cage	-0.72	0.30
jury	-0.72	0.33
meals	-0.72	0.74
trap	-0.72	0.23
heap	-0.72	0.61
rabbit	-0.71	0.53
detective	-0.71	0.49
meantime	-0.71	0.46
supper	-0.71	0.73
slightest	-0.71	0.40
th	-0.71	0.69
feeding	-0.71	0.55
excitement	-0.71	0.73
nice	-0.71	1.84
forth	-0.70	0.43
begged	-0.70	0.81
intensity	-0.70	0.98
sprang	-0.70	0.31
glasses	-0.70	0.76
positively	-0.70	0.51
woman	-0.70	1.62
destiny	-0.70	0.87
despite	-0.70	0.36
neglected	-0.69	0.51
primitive	-0.69	0.54
desirable	-0.69	2.27
slightly	-0.69	0.61
exact	-0.69	0.66
heroic	-0.69	0.59
eat	-0.68	0.74
races	-0.68	0.54
philip	-0.68	0.41
ate	-0.68	0.71
pretty	-0.68	1.48
conspicuous	-0.68	0.80
flood	-0.68	0.57
comrades	-0.68	0.46
liquor	-0.68	0.69
bears	-0.68	0.35
shouting	-0.68	0.39
joyce	-0.67	0.50
resist	-0.67	0.41
soldier	-0.67	0.93
sharply	-0.67	0.35
drift	-0.67	0.47
dodd	-0.67	0.37
male	-0.67	0.49
personal	-0.67	0.43
sank	-0.67	0.84
waste	-0.67	0.23
grave	-0.66	0.40
depend	-0.66	0.25
doctor	-0.66	0.67
jasper	-0.66	0.48
biggest	-0.66	0.56
superiority	-0.66	0.49
calumet	-0.66	0.27
effects	-0.66	0.62
passion	-0.66	1.98
died	-0.66	1.33
vain	-0.65	0.21
ye	-0.65	0.46
stiff	-0.65	0.74
continued	-0.65	0.79
lunch	-0.65	0.73
motive	-0.65	0.53
diane	-0.65	0.44
stared	-0.65	0.51
breed	-0.65	0.25
yelled	-0.65	0.43
obviously	-0.65	0.43
recovered	-0.65	0.60
announced	-0.64	0.85
commanded	-0.64	0.49
determine	-0.64	0.60
similar	-0.64	0.67
avoid	-0.64	0.32
kid	-0.64	0.50
approaching	-0.64	0.51
pretend	-0.64	0.56
jimmy	-0.64	0.48
difficulties	-0.64	0.51
queer	-0.64	1.73
superior	-0.64	0.40
bud	-0.64	0.39
sheriff	-0.64	0.23
reminded	-0.63	0.77
heavily	-0.63	0.49
lively	-0.63	1.76
organs	-0.63	0.55
spoke	-0.63	0.85
making	-0.63	0.78
pronounced	-0.63	0.40
gigantic	-0.62	0.57
ideas	-0.62	0.59
yourself	-0.62	0.61
conflict	-0.62	0.55
descended	-0.62	0.63
signs	-0.62	0.32
nat	-0.62	0.48
temporary	-0.62	0.42
objection	-0.62	0.49
specific	-0.61	0.62
filled	-0.61	0.63
hint	-0.61	0.45
majority	-0.61	0.68
fellow	-0.61	1.47
wife	-0.61	1.86
discovery	-0.60	0.81
fairy	-0.60	0.56
wars	-0.60	0.66
thing	-0.60	0.75
amusement	-0.60	0.87
carl	-0.60	0.40
bar	-0.60	0.65
shoot	-0.60	0.24
final	-0.60	0.81
shot	-0.60	0.15
doubts	-0.60	0.45
considering	-0.59	0.40
billy	-0.59	0.59
alike	-0.59	0.59
conscious	-0.59	0.58
attack	-0.59	0.34
cow	-0.59	0.39
urged	-0.59	0.67
considerations	-0.59	0.50
glanced	-0.59	0.65
max	-0.59	0.47
policeman	-0.58	0.65
positions	-0.58	0.52
joe	-0.58	0.52
grip	-0.58	0.52
complaint	-0.58	0.20
doubt	-0.58	0.64
verdict	-0.58	0.35
manifest	-0.58	0.43
sheep	-0.57	0.35
searched	-0.57	0.30
tommy	-0.57	0.42
broke	-0.57	0.51
opposition	-0.57	0.49
occur	-0.57	0.51
largely	-0.57	0.28
feel	-0.57	0.62
hunting	-0.57	0.62
fired	-0.56	0.12
beings	-0.56	0.45
clever	-0.56	0.77
bein	-0.56	1.04
case	-0.56	0.27
instant	-0.56	0.32
likewise	-0.56	0.43
quick	-0.56	0.34
tribe	-0.55	0.61
tail	-0.55	0.32
sherman	-0.55	0.33
childish	-0.55	0.56
loudly	-0.55	0.40
afraid	-0.55	0.89
significance	-0.55	0.66
jungle	-0.55	0.52
immediate	-0.54	0.57
correct	-0.54	0.75
altogether	-0.54	0.35
create	-0.54	1.05
somehow	-0.54	0.79
shaking	-0.54	0.61
due	-0.54	0.34
somewhat	-0.53	0.50
grows	-0.53	0.70
increasing	-0.53	0.57
aims	-0.53	0.45
artificial	-0.53	0.47
ends	-0.53	0.43
folks	-0.53	0.97
fist	-0.53	0.27
warfare	-0.53	0.36
gave	-0.53	0.42
faint	-0.52	0.60
characteristic	-0.52	0.85
notion	-0.52	0.57
pleased	-0.52	0.98
clara	-0.52	0.54
yuh	-0.52	0.51
commercial	-0.52	0.59
revolution	-0.52	0.68
acted	-0.52	0.60
melancholy	-0.52	0.68
scout	-0.52	0.65
saving	-0.52	0.45
questioned	-0.52	1.00
solemnly	-0.51	0.41
scouts	-0.51	0.59
fit	-0.51	0.74
particular	-0.51	0.67
affect	-0.51	0.50
defence	-0.51	0.37
turned	-0.51	0.58
feed	-0.51	0.70
medical	-0.51	0.32
person	-0.51	0.81
soldiers	-0.51	0.31
tion	-0.50	0.44
police	-0.50	0.27
easier	-0.50	0.59
struck	-0.50	0.22
saloon	-0.50	0.65
anxiously	-0.50	0.34
witness	-0.50	0.24
donna	-0.50	0.56
desires	-0.50	0.52
careless	-0.49	0.60
trace	-0.49	0.45
warned	-0.49	0.69
meal	-0.49	0.74
rifle	-0.49	0.18
captured	-0.49	0.19
gesture	-0.49	0.44
called	-0.49	0.95
smart	-0.48	1.06
bone	-0.48	0.21
enemy	-0.48	0.24
numbers	-0.48	0.52
compared	-0.48	0.70
whence	-0.48	0.21
larry	-0.48	0.77
save	-0.48	0.59
whenever	-0.48	0.61
faced	-0.48	0.29
bigger	-0.47	0.67
solely	-0.47	0.30
make	-0.47	0.54
leaped	-0.47	0.22
nervously	-0.47	0.40
ai	-0.47	0.64
bones	-0.47	0.26
em	-0.47	0.59
indicate	-0.47	0.53
mike	-0.47	0.46
crack	-0.46	0.16
harvey	-0.46	0.48
admiration	-0.46	1.11
coffee	-0.46	0.55
different	-0.46	0.64
amid	-0.46	0.39
stirred	-0.46	0.64
leap	-0.46	0.28
concluded	-0.46	0.65
sharp	-0.46	0.35
gettin	-0.46	0.63
grew	-0.46	0.42
bob	-0.46	0.76
impossible	-0.46	0.55
freely	-0.45	0.51
external	-0.45	0.93
incident	-0.45	1.29
individual	-0.45	0.56
blown	-0.45	0.39
without	-0.45	0.35
jumped	-0.45	0.29
abandon	-0.45	0.22
empty	-0.44	0.21
guards	-0.44	0.26
important	-0.44	0.98
depends	-0.44	0.54
teddy	-0.44	0.61
lydia	-0.44	0.55
certain	-0.44	0.70
higgins	-0.44	0.40
git	-0.44	0.57
estimate	-0.44	0.69
struggling	-0.44	0.21
impression	-0.44	0.97
sailor	-0.43	0.70
child	-0.43	1.87
hank	-0.43	0.76
calmly	-0.43	0.60
arrival	-0.43	0.64
jest	-0.43	0.56
expecting	-0.43	0.48
wave	-0.43	0.89
goin	-0.43	0.62
wondering	-0.43	0.51
fallen	-0.43	0.57
carson	-0.43	0.40
tiny	-0.42	0.85
cards	-0.42	0.51
breathing	-0.42	0.45
staff	-0.42	0.59
court	-0.42	0.26
tony	-0.42	0.64
sometimes	-0.42	0.83
hastily	-0.42	0.30
sorts	-0.42	0.77
doin	-0.41	0.58
couple	-0.41	1.25
midst	-0.41	0.33
oath	-0.41	0.37
sure	-0.41	0.79
insisted	-0.41	1.04
knife	-0.41	0.20
movements	-0.41	0.28
ordered	-0.41	0.41
abruptly	-0.41	0.36
firing	-0.40	0.12
boss	-0.40	0.52
advised	-0.40	0.67
feels	-0.40	0.64
birds	-0.40	0.59
remove	-0.40	0.59
flushed	-0.40	0.67
yer	-0.40	0.52
mouse	-0.40	0.46
repeat	-0.40	0.43
alert	-0.40	0.41
guard	-0.40	0.26
hide	-0.40	0.49
fellows	-0.40	0.82
gun	-0.40	0.16
expedition	-0.40	0.61
thure	-0.40	0.33
unlike	-0.39	0.33
undoubtedly	-0.39	0.41
wo	-0.39	0.74
tea	-0.39	0.53
spectacle	-0.39	0.44
plainly	-0.39	0.55
plunged	-0.39	0.22
regarding	-0.39	0.53
keenly	-0.39	0.38
tramp	-0.39	0.25
joy	-0.39	0.99
mainly	-0.39	0.31
brief	-0.39	0.61
swept	-0.39	0.35
cannon	-0.38	0.13
characteristics	-0.38	0.63
ned	-0.38	0.63
thereby	-0.38	0.46
reduce	-0.38	0.65
comparison	-0.38	0.67
torn	-0.38	0.33
cast	-0.38	0.21
bought	-0.38	0.66
comin	-0.38	0.59
adding	-0.38	0.11
mirror	-0.38	0.40
feller	-0.38	0.48
stern	-0.38	0.20
guns	-0.37	0.18
fer	-0.37	0.54
shell	-0.37	0.12
throat	-0.37	0.51
counsel	-0.37	0.23
pistol	-0.37	0.15
seal	-0.37	0.33
according	-0.37	0.57
lose	-0.37	0.39
thoughts	-0.37	0.53
tew	-0.36	0.37
theo	-0.36	0.65
discover	-0.36	0.50
vaguely	-0.36	0.61
conclusion	-0.36	0.60
produced	-0.36	0.37
motion	-0.36	0.68
revolver	-0.36	0.16
lying	-0.36	0.65
robinson	-0.36	0.39
suspected	-0.36	1.74
cattle	-0.36	0.39
served	-0.36	0.46
chap	-0.35	1.81
species	-0.35	0.20
confronted	-0.35	0.51
contrary	-0.35	0.71
educated	-0.35	0.58
possibilities	-0.35	0.59
rarely	-0.35	0.63
dashed	-0.35	0.21
succession	-0.35	0.58
fish	-0.35	0.35
hostile	-0.35	0.47
nothin	-0.35	0.57
henley	-0.35	0.39
factor	-0.35	0.63
advance	-0.34	0.26
counter	-0.34	0.21
argue	-0.34	0.21
everyone	-0.34	0.63
consequently	-0.34	0.48
amzi	-0.34	0.46
formerly	-0.34	0.43
interests	-0.34	0.46
shooting	-0.34	0.18
resolved	-0.34	0.52
hearing	-0.34	0.22
miller	-0.34	0.63
ben	-0.34	0.37
attorney	-0.33	0.23
janet	-0.33	0.60
lee	-0.33	0.29
howard	-0.33	0.50
asserted	-0.33	0.63
judge	-0.33	0.19
idle	-0.33	0.72
wake	-0.33	0.35
possibility	-0.33	0.61
o	-0.33	0.48
deeper	-0.33	0.65
moth	-0.33	0.67
curiously	-0.33	0.39
cake	-0.33	0.74
miracle	-0.33	0.66
struggled	-0.33	0.23
besides	-0.33	0.84
peter	-0.32	0.56
heels	-0.32	0.31
piang	-0.32	0.26
chase	-0.32	0.53
kin	-0.32	0.54
striking	-0.32	1.10
absorbed	-0.32	0.53
wade	-0.32	0.49
guarded	-0.32	0.16
fly	-0.32	0.29
regarded	-0.32	0.71
barrel	-0.32	0.21
pupil	-0.32	0.79
changing	-0.32	0.83
ice	-0.32	0.75
fighting	-0.32	0.30
split	-0.32	0.14
opinions	-0.32	0.51
hidden	-0.32	0.51
pity	-0.32	1.96
medicine	-0.32	0.24
commerce	-0.31	0.79
ter	-0.31	0.53
folk	-0.31	0.53
instincts	-0.31	0.44
apparatus	-0.31	0.55
breaking	-0.31	0.18
regulation	-0.31	0.73
plate	-0.31	0.44
sources	-0.31	0.58
particularly	-0.31	0.36
bargain	-0.31	0.61
describe	-0.31	0.43
losing	-0.31	0.47
fell	-0.31	0.28
testimony	-0.31	0.25
trenches	-0.30	0.15
habit	-0.30	0.43
beating	-0.30	0.57
rushing	-0.30	0.24
wiggily	-0.30	0.57
buried	-0.30	0.54
shells	-0.30	0.15
rapid	-0.30	0.61
claims	-0.30	0.45
claimed	-0.30	0.56
hard	-0.30	0.52
proved	-0.30	0.48
differences	-0.30	0.50
throws	-0.30	0.28
margaret	-0.30	0.79
holmes	-0.29	0.44
hundreds	-0.29	0.31
alive	-0.29	0.47
money	-0.29	0.69
zara	-0.29	0.53
expressed	-0.29	0.53
dragged	-0.29	0.21
fortunately	-0.29	0.15
mouth	-0.29	0.50
delight	-0.29	0.76
present	-0.28	0.57
especially	-0.28	0.26
vanished	-0.28	0.44
conditions	-0.28	0.82
promptly	-0.28	0.35
render	-0.28	0.51
absent	-0.28	0.39
deliberately	-0.28	0.27
jump	-0.28	0.23
wind	-0.28	0.81
lots	-0.28	1.07
looked	-0.28	0.64
markets	-0.28	0.76
excuse	-0.28	0.70
fortunes	-0.28	0.44
robert	-0.27	0.53
plot	-0.27	0.74
foreman	-0.27	0.27
farmer	-0.27	0.76
ham	-0.27	0.39
difference	-0.27	0.41
egg	-0.27	0.32
evidence	-0.27	0.32
nerve	-0.27	0.33
officer	-0.27	0.29
popular	-0.27	0.54
battle	-0.27	0.30
lena	-0.27	0.49
cut	-0.27	0.21
proceedings	-0.27	0.25
ground	-0.26	0.60
customs	-0.26	0.52
kind	-0.26	1.82
warning	-0.26	0.29
skipper	-0.26	0.50
buy	-0.26	0.67
armed	-0.26	0.16
eggs	-0.26	0.40
dolly	-0.26	0.48
spot	-0.26	0.70
gazed	-0.26	0.30
interesting	-0.26	2.28
yes	-0.26	0.82
teeth	-0.26	0.29
regan	-0.26	0.37
strained	-0.26	0.20
special	-0.26	0.66
bessie	-0.26	0.46
active	-0.26	0.51
flames	-0.25	0.45
gives	-0.25	0.54
startling	-0.25	1.16
justify	-0.25	0.29
wonder	-0.25	0.48
based	-0.25	0.57
recover	-0.25	0.61
outfit	-0.25	0.55
searching	-0.25	0.18
things	-0.25	0.70
loaded	-0.25	0.14
disappeared	-0.25	0.61
thrown	-0.25	0.15
lad	-0.25	0.84
issues	-0.25	0.58
pursued	-0.25	0.60
cave	-0.25	0.27
swamp	-0.25	0.36
mean	-0.25	0.83
forgot	-0.24	0.67
lawyer	-0.24	0.35
acting	-0.24	0.18
abe	-0.24	0.50
referred	-0.24	0.54
body	-0.24	0.63
earnestly	-0.24	0.35
judges	-0.24	0.62
knowing	-0.24	1.04
horn	-0.24	0.21
conceal	-0.24	0.26
instantly	-0.24	0.38
getting	-0.24	0.59
grandfather	-0.24	1.20
most	-0.24	0.41
germans	-0.24	0.31
englishman	-0.24	0.76
rather	-0.24	0.41
daring	-0.24	0.62
eagerly	-0.23	0.38
lip	-0.23	0.35
stare	-0.23	0.28
calls	-0.23	0.54
resulted	-0.23	0.47
bodies	-0.23	0.44
chum	-0.23	0.68
catch	-0.23	0.22
impulse	-0.23	0.90
information	-0.23	0.62
belt	-0.23	0.34
fog	-0.23	0.75
prevented	-0.23	0.48
evidently	-0.23	0.88
lookin	-0.23	0.88
quarrel	-0.23	0.47
hiram	-0.23	0.47
hook	-0.23	0.28
grown	-0.23	0.59
camp	-0.23	0.29
increased	-0.22	0.30
rain	-0.22	0.89
ended	-0.22	0.28
tendency	-0.22	0.39
buffalo	-0.22	0.20
occasion	-0.22	0.53
becoming	-0.22	0.27
shall	-0.22	0.60
shows	-0.22	0.47
brain	-0.22	0.40
hit	-0.22	0.10
infantry	-0.22	0.17
expense	-0.22	0.47
guess	-0.21	0.70
hollow	-0.21	0.31
naturally	-0.21	0.42
halted	-0.21	0.24
dick	-0.21	0.67
worry	-0.21	0.54
driving	-0.21	0.19
emphasis	-0.21	0.37
glances	-0.21	0.52
supposed	-0.21	1.01
zile	-0.21	0.30
thunder	-0.21	0.32
katherine	-0.21	0.39
motionless	-0.21	0.29
eagle	-0.21	0.25
drove	-0.21	0.22
souls	-0.21	0.98
thee	-0.21	1.03
ma	-0.21	0.47
huge	-0.21	0.47
legs	-0.21	0.31
winds	-0.21	0.86
chest	-0.21	0.23
glance	-0.20	0.24
revolutionary	-0.20	0.34
trade	-0.20	0.80
obeyed	-0.20	0.59
granger	-0.20	0.29
falling	-0.20	0.23
strongly	-0.20	0.42
flung	-0.20	0.19
hurried	-0.20	0.26
either	-0.20	0.70
many	-0.20	0.32
lawyers	-0.20	0.21
frankly	-0.20	0.56
lean	-0.20	0.79
glancing	-0.20	0.29
purely	-0.19	0.17
artillery	-0.19	0.13
lightning	-0.19	0.57
rendered	-0.19	0.16
otherwise	-0.19	0.48
army	-0.19	0.25
reasons	-0.19	0.24
wing	-0.19	0.36
triumph	-0.19	0.87
others	-0.19	0.68
lack	-0.19	0.64
baron	-0.19	0.44
pack	-0.19	0.30
streets	-0.19	0.26
primarily	-0.19	0.18
policies	-0.19	0.50
finished	-0.19	0.45
defeated	-0.19	0.29
drops	-0.19	0.22
pace	-0.19	0.15
t	-0.19	0.40
reduced	-0.19	0.25
awake	-0.19	0.36
created	-0.18	0.59
plea	-0.18	0.28
almost	-0.18	0.47
trail	-0.18	0.26
ran	-0.18	0.23
sounded	-0.18	0.34
cavalry	-0.18	0.15
sinking	-0.18	0.12
milk	-0.18	0.41
lost	-0.18	0.52
principal	-0.18	0.44
observations	-0.18	1.10
blew	-0.18	0.51
places	-0.18	0.42
shannon	-0.18	0.29
recorded	-0.18	1.03
regiment	-0.18	0.21
bacon	-0.18	0.48
amos	-0.18	0.40
flash	-0.18	0.38
jaw	-0.18	0.25
landed	-0.18	0.14
kick	-0.18	0.26
trench	-0.18	0.14
walks	-0.18	0.30
halt	-0.17	0.25
endless	-0.17	0.60
subsequent	-0.17	0.45
build	-0.17	0.59
al	-0.17	0.54
pressure	-0.17	0.31
carries	-0.17	0.19
courtland	-0.17	0.28
alexandra	-0.17	0.51
natural	-0.17	0.59
bore	-0.17	0.16
holds	-0.17	0.58
tossed	-0.17	0.20
continue	-0.17	0.27
asher	-0.17	0.56
foster	-0.17	0.40
strangely	-0.17	0.55
beat	-0.17	0.36
grasped	-0.17	0.26
thousands	-0.17	0.33
lay	-0.17	0.69
yo	-0.17	0.42
honestly	-0.17	0.71
brewster	-0.17	0.60
aeroplane	-0.17	0.22
courts	-0.16	0.23
accordingly	-0.16	0.22
lieutenant	-0.16	0.31
indicated	-0.16	0.25
departure	-0.16	0.20
letting	-0.16	0.49
nest	-0.16	0.37
striving	-0.16	0.37
saddle	-0.16	0.26
roger	-0.16	0.42
associated	-0.16	0.78
crow	-0.16	0.50
fast	-0.16	0.19
ranch	-0.16	0.34
changed	-0.16	0.62
stick	-0.16	0.16
becomes	-0.16	0.47
seems	-0.16	0.65
humble	-0.16	0.50
horse	-0.16	0.27
better	-0.16	0.87
temperament	-0.16	0.61
direct	-0.16	0.29
lives	-0.15	0.43
obvious	-0.15	0.31
keen	-0.15	0.55
action	-0.15	0.29
mcgraw	-0.15	0.64
bits	-0.15	0.32
chicken	-0.15	0.49
actual	-0.15	0.69
image	-0.15	0.94
bother	-0.15	0.64
refer	-0.15	0.27
pushed	-0.15	0.20
decision	-0.15	0.26
agatha	-0.15	0.54
excess	-0.15	0.25
rival	-0.15	0.65
figure	-0.15	0.74
flight	-0.15	0.25
threw	-0.15	0.20
immediately	-0.15	0.35
bread	-0.15	0.55
showed	-0.15	0.26
nights	-0.15	0.86
caught	-0.14	0.28
mounted	-0.14	0.19
steamer	-0.14	0.17
burns	-0.14	0.41
objects	-0.14	0.67
described	-0.14	0.62
holes	-0.14	0.22
wheels	-0.14	0.20
stole	-0.14	0.20
snow	-0.14	0.79
philo	-0.14	0.24
further	-0.14	0.29
baby	-0.14	1.25
deep	-0.14	0.52
bet	-0.14	0.52
le	-0.14	0.27
command	-0.14	0.21
marie	-0.14	0.69
arise	-0.14	0.26
fill	-0.14	0.22
differ	-0.14	0.29
dramatic	-0.14	1.03
troubles	-0.14	0.53
act	-0.14	0.21
marched	-0.14	0.20
odd	-0.13	2.05
commander	-0.13	0.22
briefly	-0.13	0.34
doing	-0.13	0.72
ferguson	-0.13	0.34
im	-0.13	0.33
small	-0.13	0.22
depths	-0.13	0.44
johnnie	-0.13	0.43
hero	-0.13	0.62
beg	-0.13	0.73
sailors	-0.13	0.22
corps	-0.13	0.20
aydelot	-0.13	0.55
logical	-0.13	0.84
district	-0.13	0.19
girl	-0.13	1.50
levine	-0.13	0.37
encouraged	-0.13	0.61
confession	-0.13	0.68
engineer	-0.13	0.14
leaned	-0.13	0.38
signal	-0.13	0.16
happens	-0.13	0.60
widely	-0.13	0.49
extraordinary	-0.13	1.09
dusty	-0.13	0.38
search	-0.13	0.16
cheap	-0.13	0.25
contest	-0.13	0.28
periods	-0.12	0.23
effect	-0.12	0.40
flesh	-0.12	0.57
sunk	-0.12	0.17
hastings	-0.12	0.33
walked	-0.12	0.28
troops	-0.12	0.19
whose	-0.12	0.85
release	-0.12	0.40
several	-0.12	0.31
dropped	-0.12	0.26
timothy	-0.12	0.47
lodge	-0.12	0.15
laughs	-0.12	0.60
own	-0.12	0.45
tore	-0.12	0.15
desire	-0.12	0.79
officers	-0.12	0.18
changes	-0.12	0.43
wings	-0.12	0.46
tip	-0.12	0.55
laws	-0.12	0.33
campaign	-0.12	0.31
people	-0.12	0.70
furthermore	-0.12	0.50
whip	-0.11	0.19
colin	-0.11	0.36
whitman	-0.11	0.21
total	-0.11	0.22
producing	-0.11	0.26
pete	-0.11	0.55
heaven	-0.11	1.03
rapidly	-0.11	0.16
inclined	-0.11	0.43
hitherto	-0.11	0.55
various	-0.11	0.34
advanced	-0.11	0.10
arose	-0.11	0.41
got	-0.11	0.72
anne	-0.11	0.51
gubb	-0.11	0.29
resort	-0.11	0.16
retreat	-0.11	0.27
rigid	-0.11	0.09
twisted	-0.11	0.22
approach	-0.11	0.60
summoned	-0.11	0.25
trained	-0.11	0.20
nearer	-0.11	0.21
clearing	-0.11	0.30
rubbed	-0.11	0.35
both	-0.11	0.19
emerged	-0.11	0.24
difficult	-0.11	0.29
aboard	-0.11	0.18
break	-0.10	0.22
extreme	-0.10	0.67
commenced	-0.10	0.27
phil	-0.10	0.60
enormous	-0.10	0.44
election	-0.10	0.25
division	-0.10	0.17
led	-0.10	0.16
mostly	-0.10	0.14
operations	-0.10	0.26
indicates	-0.10	0.17
motor	-0.10	0.08
tend	-0.10	0.33
sufficiently	-0.10	0.33
inner	-0.10	0.47
lowered	-0.10	0.20
corresponding	-0.10	0.34
ms	-0.10	0.40
pleaded	-0.10	1.03
daylight	-0.10	0.35
swiftly	-0.10	0.17
tom	-0.10	0.66
consciousness	-0.10	0.90
directed	-0.10	0.11
partner	-0.10	0.98
swung	-0.10	0.21
individuals	-0.09	0.19
david	-0.09	0.43
completely	-0.09	0.53
observation	-0.09	0.67
confined	-0.09	0.24
rolled	-0.09	0.30
returning	-0.09	0.23
bend	-0.09	0.22
moment	-0.09	0.30
headquarters	-0.09	0.21
improved	-0.09	0.81
prudence	-0.09	0.66
cooking	-0.09	0.53
partial	-0.09	0.82
commanding	-0.09	0.22
mistress	-0.09	0.72
athens	-0.09	0.53
ticket	-0.09	0.25
events	-0.09	1.21
right	-0.09	0.64
justified	-0.09	0.56
throw	-0.09	0.23
civil	-0.09	0.27
rode	-0.09	0.28
merits	-0.09	0.49
flying	-0.09	0.23
among	-0.09	0.60
began	-0.08	0.38
distant	-0.08	0.25
hang	-0.08	0.21
thank	-0.08	0.85
quickly	-0.08	0.36
davis	-0.08	0.29
don	-0.08	0.30
felicia	-0.08	0.65
pepper	-0.08	0.28
shortly	-0.08	0.38
cook	-0.08	0.47
leads	-0.08	0.13
staring	-0.08	0.27
defense	-0.08	0.32
responsibility	-0.08	0.59
experts	-0.08	0.17
braden	-0.08	0.60
pardon	-0.08	0.80
throwing	-0.08	0.16
elinor	-0.08	0.56
major	-0.08	0.24
slavery	-0.08	0.31
captain	-0.08	0.26
permitted	-0.08	0.51
drive	-0.08	0.24
gentleman	-0.08	0.81
mls	-0.08	0.41
example	-0.08	0.62
bade	-0.08	0.79
limitations	-0.07	0.30
consider	-0.07	0.32
wished	-0.07	0.87
prove	-0.07	0.28
estimated	-0.07	0.23
contribution	-0.07	0.64
whisper	-0.07	0.26
pat	-0.07	0.68
intent	-0.07	0.23
existing	-0.07	0.62
submit	-0.07	0.22
ghost	-0.07	0.70
fix	-0.07	0.26
husband	-0.07	1.82
ha	-0.07	0.45
proceeded	-0.07	0.40
drag	-0.07	0.19
achievement	-0.07	0.60
nelson	-0.07	0.30
experience	-0.07	0.76
dishes	-0.07	0.46
assigned	-0.07	0.18
defend	-0.07	0.28
seelig	-0.07	0.57
orders	-0.07	0.16
hey	-0.07	0.36
show	-0.07	0.21
thrust	-0.07	0.19
growing	-0.07	0.37
barely	-0.07	0.26
minor	-0.07	0.26
pole	-0.06	0.14
procedure	-0.06	0.27
originally	-0.06	0.29
conclusions	-0.06	0.31
piece	-0.06	0.31
code	-0.06	0.16
calling	-0.06	0.34
conceived	-0.06	0.51
mysterious	-0.06	0.79
tax	-0.06	0.23
seem	-0.06	0.63
polly	-0.06	0.50
ship	-0.06	0.19
discovered	-0.06	0.80
officials	-0.06	0.21
push	-0.06	0.23
breath	-0.06	0.36
midnight	-0.06	0.41
crept	-0.06	0.24
prepare	-0.06	0.20
venture	-0.06	0.23
examined	-0.06	0.16
persons	-0.06	0.40
boats	-0.06	0.16
efforts	-0.06	0.36
candidates	-0.06	0.25
brooklyn	-0.06	0.17
trains	-0.06	0.14
passing	-0.06	0.19
submarine	-0.06	0.12
er	-0.06	0.38
necessary	-0.06	0.69
divisions	-0.06	0.18
ideals	-0.05	0.44
stepped	-0.05	0.25
afterwards	-0.05	0.37
carried	-0.05	0.22
attempts	-0.05	0.35
cutting	-0.05	0.20
load	-0.05	0.13
apply	-0.05	0.22
stir	-0.05	0.21
base	-0.05	0.22
oh	-0.05	0.83
flashed	-0.05	0.33
map	-0.05	0.21
meat	-0.05	0.48
native	-0.05	0.17
belong	-0.05	0.52
gravely	-0.05	0.48
season	-0.05	0.92
medium	-0.05	0.50
carol	-0.05	0.65
hoping	-0.05	0.40
birth	-0.05	0.93
carrying	-0.05	0.17
number	-0.05	0.22
authorities	-0.05	0.18
started	-0.05	0.32
richardson	-0.05	0.32
cream	-0.05	0.39
noon	-0.05	0.42
taxes	-0.05	0.21
powerful	-0.05	0.49
roy	-0.05	0.41
pointed	-0.05	0.43
failed	-0.05	0.38
sign	-0.05	0.41
guide	-0.05	0.42
whatever	-0.05	0.33
ford	-0.05	0.10
fur	-0.05	0.44
countenance	-0.05	0.28
anyhow	-0.05	0.53
crew	-0.05	0.20
slipped	-0.05	0.22
drew	-0.05	0.21
results	-0.04	0.77
genevieve	-0.04	0.69
ammunition	-0.04	0.19
servant	-0.04	0.52
vessel	-0.04	0.19
went	-0.04	0.38
deserve	-0.04	0.60
maid	-0.04	0.77
inspector	-0.04	0.22
rested	-0.04	0.29
exercises	-0.04	0.21
easy	-0.04	0.38
sole	-0.04	0.32
chiefly	-0.04	0.20
influences	-0.04	0.64
presently	-0.04	0.27
quite	-0.04	0.60
accompanied	-0.04	0.51
succeeded	-0.04	0.29
sam	-0.04	0.33
supreme	-0.04	0.32
putting	-0.04	0.24
concerning	-0.04	0.31
chief	-0.04	0.15
numerous	-0.04	0.29
declare	-0.04	0.25
pony	-0.04	0.31
trouble	-0.04	0.63
effort	-0.04	0.34
throne	-0.04	0.77
voices	-0.04	0.36
finally	-0.04	0.46
deck	-0.04	0.23
harry	-0.04	0.35
marks	-0.04	0.36
dirt	-0.04	0.45
sailed	-0.04	0.25
passes	-0.04	0.21
agree	-0.04	0.30
accounts	-0.04	0.34
negroes	-0.04	0.24
notable	-0.04	1.00
driver	-0.03	0.18
shown	-0.03	0.29
doc	-0.03	0.44
class	-0.03	0.53
properly	-0.03	0.44
master	-0.03	0.70
continually	-0.03	0.18
evident	-0.03	0.60
forgotten	-0.03	0.78
dozen	-0.03	0.26
opinion	-0.03	0.33
instances	-0.03	0.57
craft	-0.03	0.17
dat	-0.03	0.38
brains	-0.03	0.40
dinner	-0.03	0.56
somebody	-0.03	0.65
sleep	-0.03	0.75
unable	-0.03	0.41
drop	-0.03	0.27
expenses	-0.03	0.21
falls	-0.03	0.22
increase	-0.03	0.26
merchants	-0.03	0.23
pointing	-0.03	0.37
trying	-0.03	0.40
uncle	-0.03	0.74
neck	-0.03	0.27
clerk	-0.03	0.22
washing	-0.03	0.46
professional	-0.03	0.19
why	-0.03	0.86
doubtless	-0.03	0.23
brow	-0.03	0.36
millions	-0.03	0.20
fact	-0.03	0.33
apparently	-0.03	0.50
connie	-0.03	0.45
cora	-0.03	0.40
appear	-0.03	0.36
costs	-0.03	0.17
presence	-0.03	0.45
arc	-0.03	0.43
potatoes	-0.03	0.53
guardian	-0.03	0.43
sergeant	-0.02	0.31
drama	-0.02	0.72
tomorrow	-0.02	0.40
schooner	-0.02	0.25
freight	-0.02	0.12
herself	-0.02	0.69
larger	-0.02	0.27
egypt	-0.02	0.73
ahead	-0.02	0.14
smaller	-0.02	0.21
farr	-0.02	0.29
diamond	-0.02	0.29
bending	-0.02	0.28
lark	-0.02	0.43
train	-0.02	0.08
hurriedly	-0.02	0.22
satisfy	-0.02	0.38
purpose	-0.02	0.29
vessels	-0.02	0.14
moved	-0.02	0.24
shirley	-0.02	0.55
sid	-0.02	0.41
appeals	-0.02	0.36
engine	-0.02	0.12
order	-0.02	0.39
tried	-0.02	0.44
starting	-0.02	0.45
declares	-0.02	0.54
amused	-0.02	0.76
necessity	-0.02	0.27
landing	-0.02	0.19
finish	-0.01	0.28
difficulty	-0.01	0.33
reveal	-0.01	0.50
ambitious	-0.01	0.53
sale	-0.01	0.28
compare	-0.01	0.65
politicians	-0.01	0.20
daddy	-0.01	0.46
jackson	-0.01	0.28
argued	-0.01	0.51
van	-0.01	0.33
prairie	-0.01	0.35
naval	-0.01	0.20
yesterday	-0.01	0.14
range	-0.01	0.25
mothers	-0.01	1.36
sail	-0.01	0.19
entirely	-0.01	0.44
edith	-0.01	0.29
preferred	-0.01	0.81
became	-0.01	0.35
theirs	-0.01	0.24
mcintyre	-0.01	0.30
stretched	-0.01	0.30
produce	-0.01	0.36
minds	-0.01	0.35
problems	-0.01	0.32
memory	-0.01	1.23
another	-0.01	0.69
discipline	-0.01	0.18
string	-0.01	0.23
varied	-0.01	0.98
serve	-0.01	0.29
tons	-0.00	0.14
rose	-0.00	0.44
appearance	-0.00	0.36
seemed	-0.00	0.45
three	-0.00	0.28
sir	-0.00	0.70
lead	-0.00	0.17
butter	-0.00	0.48
test	-0.00	0.36
jack	-0.00	0.36
moreover	-0.00	0.35
russians	-0.00	0.32
purposes	-0.00	0.26
immense	-0.00	0.69
ancient	-0.00	0.62
boys	-0.00	0.74
please	-0.00	0.68
climate	-0.00	1.00
problem	-0.00	0.32
ride	-0.00	0.29
missing	-0.00	0.25
car	0.00	0.14
hurry	0.00	0.50
slender	0.00	0.81
pulled	0.00	0.19
attempt	0.00	0.38
fails	0.00	0.43
stopped	0.00	0.32
pound	0.00	0.28
enable	0.00	0.43
hold	0.00	0.26
passenger	0.00	0.12
happen	0.00	0.58
teachers	0.00	0.55
movement	0.00	0.28
whistle	0.00	0.33
stated	0.00	0.38
aldrid	0.00	0.63
ed	0.00	0.38
tools	0.00	0.19
mud	0.00	0.46
listened	0.00	0.34
able	0.00	0.44
operating	0.00	0.27
keith	0.00	0.21
argument	0.00	0.32
decided	0.00	0.53
silently	0.00	0.25
trunk	0.00	0.29
otto	0.00	0.27
expert	0.00	0.21
proportion	0.00	0.23
measured	0.00	0.21
ears	0.00	0.27
think	0.01	0.64
ashore	0.01	0.21
environment	0.01	0.59
connected	0.01	0.29
sailing	0.01	0.14
pull	0.01	0.20
raise	0.01	0.16
head	0.01	0.30
force	0.01	0.25
become	0.01	0.49
slaves	0.01	0.60
considerable	0.01	0.53
equal	0.01	0.47
grounds	0.01	0.37
emotional	0.01	0.63
types	0.01	0.38
proceed	0.01	0.17
try	0.01	0.52
interfere	0.01	0.54
boat	0.01	0.17
ivory	0.01	0.60
bluff	0.01	0.47
developing	0.01	0.23
followed	0.01	0.37
get	0.01	0.43
add	0.01	0.24
laid	0.01	0.22
store	0.01	0.28
holden	0.01	0.28
experiments	0.01	0.30
runs	0.01	0.31
jones	0.01	0.28
drawn	0.01	0.15
town	0.01	0.64
seeking	0.01	0.33
laying	0.01	0.21
armies	0.01	0.28
bold	0.01	0.63
marshall	0.01	0.34
advice	0.01	0.34
sooner	0.01	0.50
endeavor	0.01	0.36
ida	0.01	0.52
exist	0.01	0.50
assistant	0.01	0.20
shape	0.01	0.51
complicated	0.01	0.63
change	0.01	0.38
anyway	0.01	0.57
reach	0.02	0.22
companion	0.02	0.65
adopt	0.02	0.21
stopping	0.02	0.35
shout	0.02	0.47
placing	0.02	0.15
picked	0.02	0.18
convince	0.02	0.32
wagon	0.02	0.18
bent	0.02	0.34
greater	0.02	0.40
raising	0.02	0.15
jim	0.02	0.67
put	0.02	0.23
took	0.02	0.21
servants	0.02	0.54
mrs	0.02	0.47
views	0.02	0.38
bringing	0.02	0.22
assist	0.02	0.18
measures	0.02	0.26
revenue	0.02	0.26
factors	0.02	0.39
contrast	0.02	0.55
children	0.02	1.34
catching	0.02	0.16
newly	0.02	0.26
cars	0.02	0.12
attempted	0.02	0.42
gazing	0.02	0.33
riding	0.02	0.26
pause	0.02	0.51
directions	0.02	0.20
breaks	0.02	0.34
fred	0.02	0.67
goes	0.02	0.47
carry	0.02	0.26
prohibition	0.02	0.18
pieces	0.02	0.20
floating	0.02	0.43
scholars	0.02	0.25
pushing	0.02	0.22
acknowledged	0.02	0.75
pick	0.02	0.20
votes	0.02	0.20
elsie	0.02	0.39
eleanor	0.03	0.41
county	0.03	0.17
helped	0.03	0.51
station	0.03	0.09
draw	0.03	0.21
race	0.03	0.30
therefore	0.03	0.50
hiding	0.03	0.48
bankers	0.03	0.21
protected	0.03	0.20
structure	0.03	0.63
ships	0.03	0.13
donald	0.03	0.33
tries	0.03	0.43
look	0.03	0.30
helping	0.03	0.32
valuable	0.03	1.00
likely	0.03	0.47
fleet	0.03	0.13
character	0.03	0.60
few	0.03	0.26
us	0.03	0.58
begun	0.03	0.28
per	0.03	0.13
salvation	0.03	0.91
enough	0.03	0.55
thaine	0.03	0.37
bring	0.03	0.34
less	0.03	0.37
affair	0.03	0.23
raised	0.03	0.20
negro	0.03	0.23
determined	0.03	0.40
ancestors	0.03	0.53
josie	0.03	0.31
taking	0.03	0.33
demands	0.03	0.43
indifference	0.03	0.86
stuck	0.03	0.25
mayor	0.03	0.13
voters	0.04	0.16
suggestion	0.04	0.23
scale	0.04	0.19
regard	0.04	0.43
assumption	0.04	0.42
flour	0.04	0.28
develop	0.04	0.70
box	0.04	0.17
ourselves	0.04	0.39
takes	0.04	0.33
dare	0.04	0.62
accordance	0.04	0.29
fall	0.04	0.30
creek	0.04	0.27
decidedly	0.04	0.42
plains	0.04	0.28
mixed	0.04	0.22
waters	0.04	0.23
suppose	0.04	0.66
sue	0.04	0.82
inquiry	0.04	0.22
enters	0.04	0.50
ruth	0.04	0.38
million	0.04	0.14
reward	0.04	0.55
finding	0.04	0.31
rope	0.04	0.21
pool	0.04	0.35
dean	0.04	0.27
arm	0.04	0.24
justice	0.04	0.38
clay	0.04	0.21
plane	0.04	0.17
begin	0.04	0.45
machine	0.04	0.15
finance	0.04	0.31
sound	0.04	0.44
commissioner	0.04	0.19
vi	0.04	0.42
experiences	0.04	1.18
chose	0.04	0.63
offensive	0.04	0.39
instead	0.04	0.26
pan	0.05	0.42
roylston	0.05	0.52
colonel	0.05	0.25
continues	0.05	0.24
looks	0.05	0.40
stops	0.05	0.36
situation	0.05	0.29
showing	0.05	0.26
apart	0.05	0.19
merchant	0.05	0.13
foot	0.05	0.22
hagen	0.05	0.24
burke	0.05	0.37
forward	0.05	0.17
knee	0.05	0.28
unfortunately	0.05	0.17
dug	0.05	0.19
sacrifice	0.05	0.69
steadily	0.05	0.18
son	0.05	1.46
away	0.05	0.16
private	0.05	0.23
grasp	0.05	0.21
ranks	0.05	0.11
considered	0.05	0.51
guessed	0.05	1.13
approached	0.05	0.27
running	0.05	0.23
competent	0.05	0.52
brave	0.05	0.47
serving	0.05	0.48
clung	0.05	0.39
audience	0.05	0.69
apparent	0.05	0.41
starts	0.05	0.42
lincoln	0.05	0.19
dave	0.05	0.46
teacher	0.05	0.82
leaving	0.05	0.32
forced	0.05	0.51
san	0.05	0.23
port	0.05	0.12
downward	0.05	0.15
however	0.05	0.51
evolution	0.05	0.25
hesitate	0.05	0.53
lift	0.05	0.16
salary	0.05	0.15
where	0.05	0.25
giving	0.05	0.26
prepared	0.05	0.30
handle	0.06	0.13
tin	0.06	0.26
hut	0.06	0.22
waves	0.06	0.39
cleggett	0.06	0.50
hole	0.06	0.25
shoulders	0.06	0.32
let	0.06	0.59
wheel	0.06	0.18
distinguish	0.06	0.25
employer	0.06	0.19
examination	0.06	0.22
experiment	0.06	0.32
developed	0.06	0.25
preliminary	0.06	0.22
roughly	0.06	0.16
reason	0.06	0.37
rough	0.06	0.45
forces	0.06	0.36
score	0.06	0.21
obliged	0.06	0.51
imagine	0.06	0.49
holliday	0.06	0.29
phone	0.06	0.38
protect	0.06	0.72
worth	0.06	0.23
former	0.06	0.18
hen	0.06	0.40
though	0.06	0.88
concern	0.06	0.42
classes	0.06	0.25
visitor	0.06	0.22
vote	0.06	0.21
sought	0.06	0.42
explain	0.06	0.41
mind	0.06	0.53
destined	0.06	0.38
prominent	0.06	0.35
allowed	0.06	0.54
run	0.06	0.36
cleared	0.06	0.22
pine	0.06	0.48
find	0.06	0.40
sentiment	0.06	0.73
compelled	0.06	0.52
occasional	0.06	0.43
merely	0.06	0.29
planned	0.06	0.26
straw	0.06	0.49
latter	0.06	0.35
closely	0.07	0.17
larkin	0.07	0.43
directly	0.07	0.08
recent	0.07	0.79
cent	0.07	0.13
soon	0.07	0.65
sending	0.07	0.20
turn	0.07	0.34
income	0.07	0.21
capt	0.07	0.36
sell	0.07	0.24
arnold	0.07	0.55
exits	0.07	0.43
refused	0.07	0.53
manage	0.07	0.35
leslie	0.07	0.45
include	0.07	0.22
instance	0.07	0.26
appeared	0.07	0.39
regular	0.07	0.11
follows	0.07	0.20
walking	0.07	0.26
spotswood	0.07	0.29
elkan	0.07	0.55
setting	0.07	0.20
remember	0.07	0.86
placed	0.07	0.16
bars	0.07	0.24
depot	0.07	0.15
myself	0.07	0.64
handling	0.07	0.28
expensive	0.07	0.58
turns	0.07	0.45
ball	0.07	0.14
end	0.07	0.15
military	0.07	0.23
kinds	0.07	0.28
insist	0.07	0.21
listening	0.07	0.29
dollars	0.07	0.20
domestic	0.07	0.18
questions	0.07	0.25
theories	0.07	0.30
allied	0.07	0.40
march	0.07	0.48
powder	0.07	0.24
cover	0.07	0.25
facts	0.07	0.46
four	0.07	0.20
remarks	0.07	0.76
arguments	0.08	0.27
forests	0.08	0.35
harm	0.08	0.64
permit	0.08	0.47
reported	0.08	0.21
wider	0.08	0.26
preparations	0.08	0.12
solemn	0.08	0.53
acquired	0.08	0.46
thousand	0.08	0.16
rejected	0.08	0.22
undertaking	0.08	0.21
selling	0.08	0.32
comes	0.08	0.41
track	0.08	0.09
kit	0.08	0.73
curtains	0.08	0.60
iv	0.08	0.16
insurance	0.08	0.28
sold	0.08	0.24
aim	0.08	0.42
shakes	0.08	0.45
april	0.08	0.48
noted	0.08	0.59
puts	0.08	0.31
candidate	0.08	0.20
tide	0.08	0.31
automobile	0.08	0.14
decide	0.08	0.44
fail	0.08	0.35
meanwhile	0.08	0.35
surprising	0.08	0.98
favor	0.08	0.25
general	0.08	0.20
rex	0.08	0.32
appears	0.08	0.29
rolling	0.08	0.22
profits	0.08	0.22
disposed	0.08	0.15
nellie	0.08	0.57
fade	0.08	0.29
crude	0.08	0.20
canyon	0.08	0.29
until	0.08	0.34
concealed	0.08	0.28
picking	0.08	0.22
onto	0.08	0.23
night	0.08	0.42
enabled	0.08	0.40
watched	0.08	0.50
because	0.08	0.91
left	0.08	0.40
preparation	0.08	0.16
jewish	0.08	0.41
nowhere	0.08	0.32
afterward	0.08	0.79
wait	0.08	0.63
harbor	0.08	0.21
unusual	0.08	1.04
pray	0.08	0.91
pair	0.08	0.81
ultimate	0.08	0.73
vast	0.09	0.45
springs	0.09	0.37
conscience	0.09	0.51
check	0.09	0.14
statistics	0.09	0.30
friend	0.09	1.17
remaining	0.09	0.14
enterprises	0.09	0.23
intend	0.09	0.59
frame	0.09	0.36
rand	0.09	0.57
fifty	0.09	0.17
lizzie	0.09	0.76
cents	0.09	0.13
hence	0.09	0.24
crossing	0.09	0.21
climbed	0.09	0.24
moore	0.09	0.42
ceased	0.09	0.24
vii	0.09	0.35
host	0.09	0.62
field	0.09	0.11
method	0.09	0.31
held	0.09	0.19
promised	0.09	0.69
revealed	0.09	0.20
really	0.09	0.67
republican	0.09	0.21
sets	0.09	0.19
involved	0.09	0.29
closer	0.09	0.17
organ	0.09	0.20
tied	0.09	0.19
want	0.09	0.66
mechanical	0.09	0.27
carey	0.09	0.41
crosses	0.09	0.35
investigation	0.09	0.27
process	0.09	0.23
americans	0.09	0.28
vivid	0.09	1.24
admission	0.09	0.23
came	0.09	0.41
sixty	0.09	0.17
ways	0.09	0.69
rates	0.09	0.15
stood	0.09	0.31
rate	0.09	0.12
phases	0.09	0.40
mile	0.09	0.14
island	0.09	0.19
undertake	0.09	0.24
legislature	0.09	0.18
again	0.10	0.53
step	0.10	0.13
face	0.10	0.34
might	0.10	0.75
law	0.10	0.22
nose	0.10	0.33
real	0.10	0.68
question	0.10	0.22
wanting	0.10	0.61
keeps	0.10	0.34
timber	0.10	0.48
fastened	0.10	0.19
reform	0.10	0.28
detail	0.10	0.86
introduced	0.10	0.29
frozen	0.10	0.45
paul	0.10	0.63
concerned	0.10	0.30
packed	0.10	0.18
johnny	0.10	0.48
priest	0.10	1.01
hundred	0.10	0.17
sounds	0.10	0.38
probably	0.10	0.64
price	0.10	0.21
goods	0.10	0.25
constitutional	0.10	0.25
emergency	0.10	0.21
hid	0.10	0.33
follow	0.10	0.23
admiral	0.10	0.21
forty	0.10	0.18
arrived	0.10	0.32
household	0.10	0.84
eight	0.10	0.19
rises	0.10	0.38
holding	0.10	0.19
short	0.10	0.18
view	0.10	0.26
democrats	0.10	0.21
headed	0.10	0.15
february	0.10	0.54
voted	0.10	0.19
processes	0.10	0.26
wives	0.10	1.28
gaze	0.10	0.23
hear	0.10	0.30
continuous	0.10	0.37
lois	0.10	0.47
propose	0.10	0.47
elizabeth	0.10	0.78
display	0.11	0.59
analysis	0.11	0.39
frequently	0.11	0.39
crowded	0.11	0.24
conduct	0.11	0.32
around	0.11	0.19
seven	0.11	0.19
feet	0.11	0.15
strange	0.11	1.59
cost	0.11	0.16
iii	0.11	0.14
pounds	0.11	0.13
call	0.11	0.54
boston	0.11	0.30
neighbor	0.11	0.89
cells	0.11	0.23
exciting	0.11	2.28
thirty	0.11	0.18
thirteen	0.11	0.19
designed	0.11	0.23
moves	0.11	0.15
seas	0.11	0.22
weight	0.11	0.23
twenty	0.11	0.19
stop	0.11	0.52
win	0.11	0.23
start	0.11	0.39
laughing	0.11	0.65
exit	0.11	0.40
knees	0.11	0.31
obtain	0.11	0.25
six	0.11	0.19
en	0.11	0.23
shoulder	0.11	0.29
five	0.11	0.19
previously	0.11	0.50
hands	0.11	0.29
rising	0.11	0.35
frank	0.11	0.53
speaker	0.11	0.14
ocean	0.11	0.18
influence	0.11	0.37
accustomed	0.11	0.37
regulations	0.11	0.21
much	0.11	0.66
lifting	0.11	0.22
bridge	0.11	0.21
appointment	0.11	0.13
bulk	0.11	0.40
nan	0.11	0.54
luncheon	0.11	0.52
watching	0.11	0.30
emily	0.11	0.39
chin	0.11	0.33
twins	0.11	0.74
broadway	0.11	0.16
kansas	0.11	0.24
geraldine	0.11	0.56
ten	0.11	0.19
nine	0.11	0.19
take	0.11	0.42
express	0.11	0.22
brought	0.11	0.29
kate	0.11	0.68
bay	0.11	0.15
current	0.11	0.30
hello	0.11	0.67
seeming	0.11	0.76
barbara	0.12	0.71
backward	0.12	0.14
careful	0.12	0.34
gets	0.12	0.37
conventional	0.12	0.32
strictly	0.12	0.16
wondered	0.12	1.64
stores	0.12	0.23
philadelphia	0.12	0.36
wanted	0.12	0.89
percentage	0.12	0.20
ordinary	0.12	0.47
arrive	0.12	0.29
intended	0.12	0.51
awakened	0.12	0.34
louis	0.12	0.26
twelve	0.12	0.19
chapter	0.12	0.43
roll	0.12	0.18
phenomena	0.12	0.36
refuse	0.12	0.53
annual	0.12	0.20
fifteen	0.12	0.19
sea	0.12	0.24
maintain	0.12	0.73
eye	0.12	0.19
relatives	0.12	1.42
history	0.12	0.75
massachusetts	0.12	0.41
strike	0.12	0.12
speaks	0.12	0.36
distance	0.12	0.14
connection	0.12	0.83
providing	0.12	0.21
elected	0.12	0.17
grammar	0.12	0.33
instruments	0.12	0.20
constant	0.12	0.36
remark	0.12	0.22
suggest	0.12	0.43
resting	0.12	0.25
critical	0.12	0.39
detailed	0.12	0.76
say	0.12	0.64
ear	0.12	0.22
eleven	0.12	0.19
ing	0.12	0.24
someone	0.12	0.79
importance	0.12	0.34
course	0.12	0.68
phase	0.12	0.38
systems	0.12	0.27
half	0.12	0.18
talked	0.12	1.04
thoroughly	0.12	0.57
account	0.12	0.37
loose	0.12	0.29
young	0.12	1.02
themselves	0.12	0.29
leading	0.12	0.18
nearly	0.12	0.19
come	0.13	0.57
lawrence	0.13	0.23
circles	0.13	0.16
radical	0.13	0.28
card	0.13	0.18
girls	0.13	0.81
bert	0.13	0.49
natives	0.13	0.33
scattered	0.13	0.14
returns	0.13	0.19
mention	0.13	0.37
exception	0.13	0.19
traffic	0.13	0.11
dressed	0.13	0.84
pass	0.13	0.33
discuss	0.13	0.20
often	0.13	0.70
slip	0.13	0.19
point	0.13	0.14
methods	0.13	0.34
discussion	0.13	0.25
description	0.13	0.84
earnings	0.13	0.25
interstate	0.13	0.31
unless	0.13	0.55
french	0.13	0.19
quoted	0.13	0.22
help	0.13	0.48
accomplish	0.13	0.29
joint	0.13	0.15
live	0.13	0.60
ports	0.13	0.15
personally	0.13	0.61
lifted	0.13	0.19
absolutely	0.13	0.39
psychological	0.13	0.36
irish	0.14	0.18
records	0.14	0.38
stands	0.14	0.34
tracks	0.14	0.17
baltimore	0.14	0.11
done	0.14	0.94
waited	0.14	0.27
tests	0.14	0.32
beach	0.14	0.24
fanny	0.14	0.61
points	0.14	0.27
bound	0.14	0.14
instructions	0.14	0.12
willing	0.14	0.57
sent	0.14	0.21
combined	0.14	0.31
bat	0.14	0.37
lake	0.14	0.19
public	0.14	0.23
kent	0.14	0.55
pulling	0.14	0.26
downstairs	0.14	0.32
fathers	0.14	1.02
suggestions	0.14	0.64
backs	0.14	0.25
allow	0.14	0.53
fixed	0.14	0.13
miles	0.14	0.14
office	0.14	0.10
basket	0.14	0.25
reasoning	0.14	0.40
subject	0.14	0.66
required	0.14	0.36
fort	0.14	0.15
gloom	0.14	0.44
idea	0.14	0.55
under	0.14	0.32
quarter	0.14	0.14
stewart	0.14	0.38
rent	0.14	0.14
monkey	0.14	0.53
shore	0.14	0.17
third	0.15	0.13
bare	0.15	0.36
expenditure	0.15	0.20
paying	0.15	0.19
meet	0.15	0.52
erect	0.15	0.35
stand	0.15	0.43
does	0.15	0.66
name	0.15	1.18
separated	0.15	0.20
whether	0.15	0.59
commonly	0.15	0.28
unique	0.15	1.01
handled	0.15	0.21
independent	0.15	0.38
counted	0.15	0.13
hand	0.15	0.30
rivers	0.15	0.22
report	0.15	0.19
nearest	0.15	0.16
give	0.15	0.31
federal	0.15	0.26
just	0.15	0.67
caroline	0.15	0.48
advise	0.15	0.50
monopoly	0.15	0.76
circle	0.15	0.37
suffrage	0.15	0.19
invisible	0.15	0.31
moving	0.15	0.18
bell	0.15	0.23
tables	0.15	0.41
german	0.15	0.24
streams	0.15	0.24
george	0.15	0.71
require	0.15	0.26
kings	0.15	0.78
shipping	0.15	0.20
determination	0.15	0.86
sat	0.15	0.33
reads	0.15	0.21
combination	0.15	0.61
fortune	0.15	0.56
attached	0.15	0.16
boxes	0.15	0.19
variety	0.16	0.64
game	0.16	0.20
governor	0.16	0.15
record	0.16	0.95
position	0.16	0.24
prices	0.16	0.17
expect	0.16	0.64
tariff	0.16	0.22
dollar	0.16	0.17
alice	0.16	0.54
selection	0.16	0.27
sugar	0.16	0.33
sacred	0.16	0.62
tongue	0.16	0.14
heard	0.16	0.42
issue	0.16	0.26
sister	0.16	1.36
mary	0.16	0.44
scholar	0.16	0.23
tembarom	0.16	0.32
parents	0.16	1.36
pressed	0.16	0.32
chemical	0.16	0.29
subjects	0.16	0.23
sink	0.16	0.32
amendment	0.16	0.20
pay	0.16	0.16
grandmother	0.16	0.87
legislation	0.16	0.23
stones	0.16	0.29
fifth	0.16	0.13
crossed	0.16	0.18
islands	0.16	0.18
reached	0.16	0.15
canadian	0.16	0.12
customers	0.16	0.17
speed	0.16	0.21
readily	0.16	0.47
navy	0.16	0.18
object	0.16	0.43
assembly	0.16	0.17
treasure	0.16	0.39
being	0.16	0.67
far	0.16	0.56
cabinet	0.16	0.21
lips	0.16	0.35
cell	0.16	0.20
challenge	0.16	0.14
asking	0.16	0.42
bark	0.16	0.50
tight	0.16	0.20
leaning	0.16	0.31
activity	0.16	0.28
manager	0.16	0.11
market	0.16	0.23
machines	0.16	0.22
replaced	0.16	0.37
convention	0.16	0.16
flag	0.16	0.23
realize	0.17	0.47
rail	0.17	0.15
party	0.17	0.25
sides	0.17	0.22
bag	0.17	0.26
something	0.17	0.79
large	0.17	0.38
mississippi	0.17	0.11
communities	0.17	0.14
paid	0.17	0.16
walter	0.17	0.44
butler	0.17	0.42
aspects	0.17	0.34
principles	0.17	0.34
sixteen	0.17	0.19
identity	0.17	0.39
fourteen	0.17	0.19
hughes	0.17	0.18
surely	0.17	0.68
channel	0.17	0.19
tall	0.17	0.73
frazer	0.17	0.52
listen	0.17	0.67
bill	0.17	0.15
clasped	0.17	0.36
passed	0.17	0.18
perhaps	0.17	0.72
straight	0.17	0.31
york	0.17	0.31
research	0.17	0.22
pile	0.17	0.29
coarse	0.17	0.74
seventeen	0.17	0.19
traditional	0.17	0.43
elbow	0.17	0.23
thus	0.17	0.31
provisions	0.17	0.16
village	0.17	0.24
having	0.17	0.58
exactly	0.17	0.55
degrees	0.17	0.25
n	0.17	0.21
sits	0.17	0.39
count	0.17	0.17
surrounding	0.17	0.22
wire	0.17	0.18
napoleon	0.17	0.30
generally	0.17	0.55
slowly	0.17	0.16
pupils	0.17	0.55
keep	0.17	0.47
neighbors	0.17	0.84
british	0.17	0.20
strip	0.17	0.38
congress	0.18	0.19
dale	0.18	0.35
discussing	0.18	0.20
scientific	0.18	0.28
rules	0.18	0.24
farther	0.18	0.14
usually	0.18	0.51
possibly	0.18	0.67
tear	0.18	0.20
eighteen	0.18	0.20
reply	0.18	0.18
managers	0.18	0.14
relative	0.18	0.42
d	0.18	0.20
lakes	0.18	0.23
telephone	0.18	0.16
session	0.18	0.11
ca	0.18	0.71
tradition	0.18	0.27
noticed	0.18	0.70
dried	0.18	0.50
sense	0.18	0.46
business	0.18	0.24
survey	0.18	0.28
means	0.18	0.32
realization	0.18	0.33
seconds	0.18	0.19
roads	0.18	0.12
begins	0.18	0.31
passionate	0.18	1.85
dared	0.18	0.72
economic	0.18	0.33
remained	0.18	0.27
line	0.18	0.13
jefferson	0.18	0.21
using	0.18	0.25
appeal	0.18	0.55
yards	0.18	0.14
farm	0.18	0.28
swinging	0.18	0.17
wage	0.18	0.12
practice	0.18	0.21
awoke	0.18	0.41
big	0.18	0.51
agents	0.18	0.15
annie	0.18	0.55
thread	0.18	0.30
oak	0.18	0.55
passage	0.18	0.10
frontier	0.18	0.18
equipped	0.18	0.13
lesson	0.18	0.30
lads	0.18	0.39
sight	0.18	0.33
s	0.18	0.18
farmers	0.19	0.24
practically	0.19	0.34
stayed	0.19	0.40
extra	0.19	0.41
manhattan	0.19	0.12
virginia	0.19	0.49
separate	0.19	0.25
senate	0.19	0.20
local	0.19	0.18
judith	0.19	0.50
younger	0.19	1.30
pocket	0.19	0.21
received	0.19	0.15
steps	0.19	0.23
ohio	0.19	0.16
francisco	0.19	0.12
school	0.19	0.43
princess	0.19	0.64
older	0.19	0.96
should	0.19	0.70
presented	0.19	0.63
details	0.19	0.51
hour	0.19	0.23
submitted	0.19	0.18
least	0.19	0.50
financial	0.19	0.30
nora	0.19	0.43
appointed	0.19	0.16
mail	0.19	0.09
consumption	0.19	0.20
coast	0.19	0.17
imagined	0.19	1.19
sisters	0.19	1.29
safely	0.19	0.35
functions	0.19	0.28
typical	0.19	0.49
north	0.19	0.16
requires	0.19	0.23
republicans	0.19	0.22
earn	0.19	0.16
opposed	0.19	0.21
bottom	0.19	0.26
off	0.19	0.28
river	0.19	0.21
engineers	0.19	0.11
atlantic	0.19	0.18
mis	0.19	0.47
distinctly	0.19	0.25
supported	0.19	0.14
climb	0.19	0.20
sons	0.19	1.36
sit	0.19	0.41
zone	0.19	0.18
going	0.19	0.67
route	0.20	0.15
regions	0.20	0.19
civilized	0.20	0.27
necessarily	0.20	0.27
speak	0.20	0.56
activities	0.20	0.28
entered	0.20	0.25
direction	0.20	0.12
prize	0.20	0.36
grimm	0.20	0.37
project	0.20	0.22
each	0.20	0.25
statements	0.20	0.31
reports	0.20	0.19
leader	0.20	0.23
psychology	0.20	0.30
employees	0.20	0.13
isman	0.20	0.22
bunch	0.20	0.98
departments	0.20	0.16
set	0.20	0.22
railways	0.20	0.23
post	0.20	0.08
gilbert	0.20	0.36
affairs	0.20	0.28
certainly	0.20	0.66
toward	0.20	0.15
e	0.20	0.22
friday	0.20	0.30
street	0.20	0.20
grade	0.20	0.23
stranger	0.20	0.47
times	0.20	0.23
realized	0.20	0.89
once	0.20	0.75
handed	0.20	0.10
flat	0.20	0.29
consideration	0.20	0.42
inch	0.20	0.20
tuesday	0.20	0.31
monday	0.20	0.31
manufacturers	0.20	0.19
sum	0.20	0.23
tales	0.20	0.57
blocks	0.20	0.16
progressive	0.20	0.24
bearing	0.20	0.30
fishing	0.20	0.41
prayers	0.20	0.81
delegates	0.20	0.20
values	0.20	0.39
understand	0.20	0.61
miss	0.21	0.63
agent	0.21	0.14
lie	0.21	0.62
knock	0.21	0.19
enterprise	0.21	0.27
villages	0.21	0.24
rocky	0.21	0.30
feature	0.21	0.47
edestone	0.21	0.20
carefully	0.21	0.20
concerns	0.21	0.27
p	0.21	0.19
recognize	0.21	0.43
r	0.21	0.19
bills	0.21	0.13
bed	0.21	0.52
named	0.21	1.04
daughters	0.21	1.36
aspect	0.21	0.31
following	0.21	0.14
smoking	0.21	0.24
hopes	0.21	0.54
c	0.21	0.19
duke	0.21	0.76
municipal	0.21	0.21
highly	0.21	0.38
appropriate	0.21	0.54
region	0.21	0.15
georgiana	0.21	0.42
aunt	0.21	0.75
f	0.21	0.18
awaiting	0.21	0.48
roosevelt	0.21	0.13
second	0.21	0.15
writers	0.21	0.29
rule	0.21	0.20
seek	0.21	0.49
population	0.21	0.19
easily	0.21	0.68
y	0.21	0.19
training	0.21	0.20
keeping	0.21	0.22
park	0.21	0.17
fingers	0.21	0.31
performance	0.21	0.23
represents	0.21	0.15
brothers	0.21	1.35
city	0.21	0.18
quit	0.21	0.62
favored	0.21	0.40
student	0.21	0.21
main	0.21	0.18
bates	0.21	0.72
woods	0.21	0.55
contained	0.21	0.14
betty	0.21	0.58
waiting	0.21	0.32
turning	0.21	0.60
instruction	0.21	0.37
requirements	0.21	0.27
explanation	0.21	0.22
curve	0.21	0.16
development	0.21	0.28
anything	0.21	0.79
students	0.21	0.23
ashes	0.21	0.37
internal	0.22	0.51
democratic	0.22	0.26
tonight	0.22	0.24
denied	0.22	0.49
leave	0.22	0.62
remain	0.22	0.33
leigh	0.22	0.38
nevertheless	0.22	0.33
k	0.22	0.19
extent	0.22	0.31
banking	0.22	0.32
department	0.22	0.17
abroad	0.22	0.15
knight	0.22	0.18
eh	0.22	0.58
h	0.22	0.19
stream	0.22	0.23
strangers	0.22	0.22
beginning	0.22	0.16
inhabitants	0.22	0.24
l	0.22	0.19
ministers	0.22	0.41
select	0.22	0.37
families	0.22	0.95
round	0.22	0.23
william	0.22	0.51
clearly	0.22	0.32
hoover	0.22	0.45
talk	0.22	0.59
receiving	0.22	0.19
karen	0.22	0.96
sees	0.22	0.45
across	0.22	0.20
stocks	0.22	0.25
du	0.22	0.51
payment	0.22	0.22
representative	0.22	0.12
africa	0.22	0.23
section	0.22	0.11
v	0.22	0.17
facing	0.22	0.24
pockets	0.22	0.31
happened	0.22	0.69
brother	0.22	1.39
tell	0.22	0.79
senator	0.22	0.13
marked	0.22	0.48
divided	0.22	0.25
plates	0.22	0.31
lord	0.22	0.79
expected	0.22	0.68
product	0.22	0.18
russian	0.22	0.30
deny	0.22	0.29
net	0.22	0.26
distributed	0.22	0.16
provision	0.22	0.26
mighty	0.22	1.55
football	0.22	0.19
go	0.22	0.65
rings	0.22	0.25
salt	0.23	0.39
pawn	0.23	0.18
programme	0.23	0.19
represented	0.23	0.13
opens	0.23	0.33
rocks	0.23	0.39
official	0.23	0.17
origin	0.23	0.27
along	0.23	0.22
stout	0.23	0.38
political	0.23	0.30
stairs	0.23	0.24
says	0.23	0.51
anywhere	0.23	0.74
state	0.23	0.16
west	0.23	0.09
primary	0.23	0.15
seeing	0.23	0.52
saturday	0.23	0.32
physical	0.23	0.45
instinct	0.23	0.62
illinois	0.23	0.12
estate	0.23	0.20
average	0.23	0.21
transportation	0.23	0.25
conducted	0.23	0.17
enter	0.23	0.49
fundamental	0.23	0.40
dispute	0.23	0.22
barrier	0.23	0.24
avenue	0.23	0.17
eyes	0.23	0.35
carolina	0.23	0.20
rank	0.23	0.22
critics	0.23	0.24
managed	0.23	0.64
strong	0.23	0.64
marteau	0.23	0.49
chairman	0.23	0.21
legislative	0.23	0.22
intervals	0.23	0.13
matters	0.23	0.31
heat	0.23	0.61
interval	0.23	0.20
sex	0.23	0.36
baker	0.23	0.31
unconsciously	0.23	0.50
sport	0.23	0.44
figures	0.23	0.30
discussed	0.23	0.37
commission	0.23	0.21
hired	0.23	0.34
title	0.24	0.25
pennsylvania	0.24	0.12
aid	0.24	0.29
wood	0.24	0.32
board	0.24	0.16
ireland	0.24	0.25
women	0.24	0.92
message	0.24	0.11
learn	0.24	0.41
drawing	0.24	0.11
length	0.24	0.14
hubert	0.24	0.32
corner	0.24	0.26
dawson	0.24	0.80
dealt	0.24	0.28
use	0.24	0.20
raymond	0.24	0.39
morning	0.24	0.29
previous	0.24	0.36
speeches	0.24	0.16
stay	0.24	0.66
sand	0.24	0.36
valley	0.24	0.34
statement	0.24	0.21
east	0.24	0.10
respects	0.24	0.29
kettle	0.24	0.26
corn	0.24	0.49
railway	0.24	0.20
unit	0.24	0.32
aside	0.24	0.25
branches	0.24	0.63
studying	0.24	0.20
borrowed	0.24	0.23
cyrus	0.24	0.25
related	0.24	0.93
purchase	0.24	0.24
whereas	0.24	0.31
rear	0.24	0.26
stirring	0.24	0.79
hardly	0.24	0.80
spanish	0.24	0.20
longer	0.24	0.53
proposed	0.24	0.17
nothing	0.24	0.87
land	0.24	0.26
bundle	0.24	0.33
tree	0.25	0.61
director	0.25	0.17
ho	0.25	0.44
prince	0.25	0.35
duties	0.25	0.23
b	0.25	0.18
panama	0.25	0.15
studies	0.25	0.19
tightly	0.25	0.23
liberal	0.25	0.27
square	0.25	0.15
executive	0.25	0.18
reference	0.25	0.37
first	0.25	0.20
alexander	0.25	0.76
chicago	0.25	0.13
constitute	0.25	0.35
road	0.25	0.29
assume	0.25	0.35
peggy	0.25	0.61
cigar	0.25	0.33
occasions	0.25	0.64
advantages	0.25	0.66
formation	0.25	0.23
technical	0.25	0.15
those	0.25	0.39
thinking	0.25	0.57
california	0.25	0.09
workmen	0.25	0.16
x	0.25	0.17
minute	0.25	0.37
minutes	0.25	0.22
location	0.25	0.40
ii	0.25	0.21
universities	0.25	0.22
twice	0.25	0.70
learning	0.25	0.29
human	0.25	0.54
mamma	0.25	0.64
rock	0.25	0.32
aware	0.25	0.80
answer	0.25	0.23
albert	0.25	0.27
socialist	0.25	0.28
owners	0.25	0.17
looking	0.25	0.58
envelope	0.25	0.13
actually	0.25	0.63
lines	0.25	0.14
rang	0.25	0.42
joseph	0.25	0.74
july	0.25	0.31
application	0.25	0.26
scene	0.25	0.25
file	0.25	0.17
canal	0.25	0.17
september	0.25	0.31
august	0.25	0.31
year	0.25	0.26
thorough	0.25	0.31
unknown	0.25	0.28
custom	0.25	0.24
jane	0.25	0.53
pacific	0.26	0.14
von	0.26	0.52
introduction	0.26	0.31
shop	0.26	0.28
mill	0.26	0.15
next	0.26	0.28
strikes	0.26	0.14
maine	0.26	0.18
quietly	0.26	0.48
already	0.26	0.78
ellen	0.26	0.58
package	0.26	0.12
bryan	0.26	0.13
debate	0.26	0.18
recently	0.26	0.29
food	0.26	0.45
obtained	0.26	0.29
telegraph	0.26	0.07
acid	0.26	0.26
beside	0.26	0.34
career	0.26	0.46
brings	0.26	0.18
derived	0.26	0.28
schools	0.26	0.40
lessons	0.26	0.39
amount	0.26	0.24
seldom	0.26	0.49
representatives	0.26	0.18
fashion	0.26	0.34
june	0.26	0.31
support	0.26	0.33
mission	0.26	0.43
forms	0.26	0.48
accomplished	0.26	0.55
college	0.26	0.20
mountains	0.26	0.32
family	0.26	1.34
socialists	0.26	0.30
word	0.26	0.48
principle	0.26	0.32
districts	0.26	0.21
depth	0.26	0.27
declined	0.26	0.34
minimum	0.26	0.22
forget	0.26	0.76
blowing	0.26	0.90
value	0.26	0.36
hung	0.26	0.27
manufacturer	0.26	0.46
taft	0.26	0.13
december	0.26	0.29
afternoon	0.26	0.35
below	0.26	0.22
intention	0.27	0.39
month	0.27	0.25
teaching	0.27	0.32
yet	0.27	0.94
regards	0.27	0.41
leaders	0.27	0.25
day	0.27	0.28
date	0.27	0.28
fond	0.27	1.38
also	0.27	0.81
corporations	0.27	0.33
u	0.27	0.26
theory	0.27	0.32
southern	0.27	0.16
terry	0.27	0.46
shed	0.27	0.45
middle	0.27	0.13
finger	0.27	0.27
nineteenth	0.27	0.11
living	0.27	0.42
turkish	0.27	0.29
standing	0.27	0.31
angle	0.27	0.13
south	0.27	0.14
exchange	0.27	0.21
frequent	0.27	0.63
herford	0.27	0.57
none	0.27	0.76
adds	0.27	0.12
shut	0.27	0.44
bells	0.27	0.32
deliver	0.27	0.16
advancing	0.27	0.28
hotel	0.27	0.25
haven	0.27	0.20
proper	0.27	0.72
mist	0.27	0.49
distribution	0.27	0.19
representing	0.27	0.20
service	0.27	0.17
chester	0.27	0.38
japanese	0.27	0.24
polatkin	0.27	0.57
telegram	0.27	0.09
still	0.27	0.53
arthur	0.27	0.39
exercise	0.27	0.30
source	0.27	0.64
lower	0.27	0.09
scarcely	0.27	0.81
products	0.27	0.22
historical	0.27	0.90
anyone	0.27	0.87
given	0.27	0.26
through	0.27	0.29
solution	0.27	0.25
washington	0.27	0.13
railroad	0.27	0.16
european	0.27	0.39
carriage	0.28	0.42
folded	0.28	0.18
october	0.28	0.37
narrow	0.28	0.21
president	0.28	0.18
opposite	0.28	0.19
till	0.28	0.32
martha	0.28	0.32
jersey	0.28	0.14
oliver	0.28	1.12
goal	0.28	0.54
ah	0.28	0.55
everybody	0.28	0.73
area	0.28	0.13
afford	0.28	0.42
richard	0.28	0.45
cambridge	0.28	0.15
francis	0.28	0.72
railroads	0.28	0.25
climbing	0.28	0.31
laugh	0.28	0.60
system	0.28	0.28
cement	0.28	0.20
politics	0.28	0.25
peale	0.28	0.32
believing	0.28	0.65
settle	0.28	0.20
colleges	0.28	0.20
committee	0.28	0.18
stone	0.28	0.24
group	0.28	0.53
finer	0.28	0.79
blessed	0.28	0.95
notice	0.28	0.33
authority	0.28	0.30
policy	0.28	0.28
term	0.28	0.20
agency	0.28	0.15
hours	0.28	0.30
bride	0.28	1.00
securing	0.28	0.26
invention	0.28	0.46
floor	0.28	0.30
last	0.28	0.28
ready	0.28	0.60
equipment	0.28	0.29
shadow	0.29	0.41
adopted	0.29	0.22
side	0.29	0.19
found	0.29	0.69
pratt	0.29	0.43
sweep	0.29	0.50
earlier	0.29	0.19
move	0.29	0.15
cautiously	0.29	0.24
attention	0.29	0.37
china	0.29	0.25
accurate	0.29	0.42
angel	0.29	0.76
study	0.29	0.21
wish	0.29	0.65
gates	0.29	0.21
single	0.29	0.35
administration	0.29	0.25
wet	0.29	0.86
measure	0.29	0.26
thoughtful	0.29	0.51
ago	0.29	0.23
washed	0.29	0.45
quantities	0.29	0.23
anybody	0.29	0.79
news	0.29	0.26
evening	0.29	0.33
texas	0.29	0.13
chosen	0.29	0.38
hurrying	0.29	0.46
collected	0.29	0.18
send	0.29	0.56
grain	0.29	0.31
surplus	0.29	0.22
university	0.29	0.18
hanging	0.29	0.33
today	0.29	0.14
parliament	0.29	0.20
amounts	0.29	0.25
oxford	0.29	0.17
yield	0.29	0.33
jonathan	0.29	0.27
january	0.29	0.33
entering	0.29	0.24
science	0.29	0.28
hoped	0.29	0.72
heads	0.29	0.32
possible	0.29	0.62
request	0.29	0.12
issued	0.29	0.19
offered	0.29	0.26
hamilton	0.29	0.37
mental	0.29	0.43
definitely	0.29	0.34
rise	0.29	0.11
coming	0.29	0.69
candy	0.30	0.39
skill	0.30	0.57
jimmie	0.30	0.35
period	0.30	0.17
accepted	0.30	0.47
diana	0.30	0.86
crowd	0.30	0.47
november	0.30	0.34
lowest	0.30	0.16
advertising	0.30	0.14
although	0.30	0.82
near	0.30	0.28
quantity	0.30	0.26
towns	0.30	0.26
moral	0.30	0.32
turkey	0.30	0.39
even	0.30	0.92
proposition	0.30	0.38
material	0.30	0.27
doctrine	0.30	0.82
cigarette	0.30	0.28
corridor	0.30	0.27
ever	0.30	0.90
interest	0.30	0.61
ridge	0.30	0.32
size	0.30	0.27
re	0.30	0.25
double	0.30	0.13
faintly	0.30	0.48
profit	0.30	0.28
constantly	0.30	0.30
years	0.30	0.22
beyond	0.30	0.20
legal	0.30	0.29
elsewhere	0.30	0.29
limit	0.30	0.30
secretary	0.30	0.16
match	0.30	0.33
dining	0.30	0.31
way	0.30	0.79
center	0.30	0.18
adams	0.30	0.42
delivered	0.30	0.10
address	0.30	0.12
upper	0.30	0.14
jarrow	0.30	0.42
games	0.31	0.21
higher	0.31	0.14
demand	0.31	0.22
ambassador	0.31	0.17
dorothy	0.31	0.52
ought	0.31	0.66
belonged	0.31	1.49
log	0.31	0.32
condition	0.31	0.44
doorway	0.31	0.31
engagement	0.31	0.75
modern	0.31	0.29
moments	0.31	0.87
belle	0.31	0.79
needs	0.31	0.28
contents	0.31	0.14
government	0.31	0.23
speaking	0.31	0.36
wrapped	0.31	0.24
lived	0.31	1.56
gerald	0.31	0.22
laughter	0.31	0.52
comment	0.31	0.22
eastern	0.31	0.16
wages	0.31	0.14
growth	0.31	0.23
property	0.31	0.26
council	0.31	0.21
accept	0.31	0.35
properties	0.31	0.33
sphere	0.31	0.19
watch	0.31	0.38
father	0.31	1.53
talcott	0.31	0.78
gravity	0.31	0.47
john	0.31	0.79
maximum	0.31	0.33
divorce	0.31	0.97
austrian	0.31	0.31
lutheran	0.31	0.75
phrase	0.31	0.19
frederick	0.31	0.53
western	0.31	0.16
band	0.31	0.30
arrange	0.31	0.27
visible	0.31	0.17
later	0.31	0.23
trip	0.31	0.88
playing	0.32	0.30
receive	0.32	0.18
wheat	0.32	0.42
upstairs	0.32	0.30
raw	0.32	0.21
iron	0.32	0.20
hills	0.32	0.40
circumstances	0.32	0.64
clark	0.32	0.32
foreign	0.32	0.29
cold	0.32	0.97
harvard	0.32	0.14
breast	0.32	0.51
dutch	0.32	0.21
progress	0.32	0.38
prompt	0.32	0.51
saw	0.32	0.86
bosom	0.32	0.46
trousers	0.32	0.75
within	0.32	0.17
satisfaction	0.32	0.74
forehead	0.32	0.44
chain	0.32	0.24
nobody	0.32	0.93
henry	0.32	0.56
practical	0.32	0.24
temperature	0.32	0.23
earned	0.32	0.16
generations	0.32	0.29
language	0.32	0.19
agricultural	0.32	0.15
plays	0.32	0.20
sheet	0.32	0.20
writings	0.32	0.26
belonging	0.32	0.40
daughter	0.32	1.47
task	0.32	0.37
preceding	0.32	0.21
surface	0.32	0.27
desk	0.32	0.24
management	0.32	0.28
la	0.32	0.33
examples	0.32	0.41
johnson	0.32	0.34
generation	0.32	0.60
obligations	0.32	0.28
thought	0.32	1.07
ownership	0.32	0.31
lectures	0.32	0.18
pays	0.32	0.19
brass	0.32	0.30
pipe	0.33	0.26
top	0.33	0.26
controversy	0.33	0.28
gathered	0.33	0.35
hardy	0.33	0.41
distinguished	0.33	0.14
program	0.33	0.20
yale	0.33	0.14
plan	0.33	0.26
treasury	0.33	0.25
century	0.33	0.10
wallace	0.33	0.53
elder	0.33	1.52
platform	0.33	0.20
largest	0.33	0.41
louise	0.33	0.51
included	0.33	0.33
fame	0.33	0.32
tale	0.33	0.71
water	0.33	0.58
used	0.33	0.48
northern	0.33	0.19
handkerchief	0.33	0.37
phrases	0.33	0.22
resolution	0.33	0.27
dear	0.33	0.91
shops	0.33	0.18
days	0.33	0.29
instrument	0.33	0.25
manufacture	0.34	0.20
reserve	0.34	0.27
standards	0.34	0.33
operation	0.34	0.25
played	0.34	0.26
dropping	0.34	0.40
agriculture	0.34	0.19
thomas	0.34	0.70
offering	0.34	0.19
letter	0.34	0.10
currency	0.34	0.24
met	0.34	1.05
alfred	0.34	0.70
yonder	0.34	0.36
economy	0.34	0.61
machinery	0.34	0.25
home	0.34	0.73
how	0.34	0.70
unions	0.34	0.17
mentioned	0.34	0.79
whom	0.34	1.43
expansion	0.34	0.46
function	0.34	0.29
sections	0.34	0.17
worker	0.34	0.11
leaves	0.34	0.88
tobacco	0.34	0.34
mr	0.34	0.22
concrete	0.34	0.14
located	0.34	0.14
adventure	0.34	0.75
taught	0.34	0.46
central	0.34	0.19
labor	0.34	0.15
scenes	0.34	1.01
kitchen	0.34	0.37
employed	0.34	0.13
applied	0.34	0.20
arms	0.34	0.54
edward	0.34	0.67
offices	0.34	0.12
academy	0.34	0.14
finds	0.34	0.81
words	0.35	0.23
substantial	0.35	0.24
london	0.35	0.13
reader	0.35	0.47
charles	0.35	0.67
shy	0.35	1.26
sweeping	0.35	0.37
inches	0.35	0.24
upward	0.35	0.17
limited	0.35	0.26
lend	0.35	0.18
level	0.35	0.17
recognized	0.35	0.88
cabin	0.35	0.26
meant	0.35	0.81
crops	0.35	0.41
laura	0.35	0.53
hildegarde	0.35	0.32
wishes	0.35	0.68
block	0.35	0.26
social	0.35	0.28
production	0.35	0.21
india	0.35	0.25
entrance	0.35	0.21
place	0.35	0.53
latin	0.35	0.24
draft	0.35	0.18
burned	0.35	0.42
magee	0.35	0.39
mountain	0.35	0.47
nancy	0.35	0.53
columbia	0.35	0.14
behalf	0.35	0.30
travel	0.35	0.42
longing	0.35	1.50
seat	0.35	0.27
stuart	0.35	0.55
rodney	0.35	0.31
mines	0.35	0.16
steel	0.35	0.18
fund	0.35	0.33
supplies	0.35	0.26
handsome	0.35	0.76
english	0.35	0.23
fourth	0.36	0.25
industrial	0.36	0.26
stove	0.36	0.35
extensive	0.36	0.64
tante	0.36	0.82
risen	0.36	0.13
permission	0.36	0.26
gulf	0.36	0.84
chair	0.36	0.34
contains	0.36	0.70
covering	0.36	0.27
mercy	0.36	1.08
workers	0.36	0.13
useful	0.36	1.06
window	0.36	0.29
phyllis	0.36	0.48
dust	0.36	0.51
baxter	0.36	0.51
perform	0.36	0.16
additional	0.36	0.46
spread	0.36	0.26
pleasure	0.36	0.72
walk	0.36	0.40
note	0.36	0.19
mixture	0.36	0.19
fuel	0.36	0.23
table	0.36	0.32
members	0.36	0.18
contemporary	0.36	0.33
american	0.36	0.21
months	0.36	0.25
employers	0.36	0.13
reflection	0.36	0.63
matter	0.36	0.32
during	0.36	0.27
winter	0.36	1.01
part	0.36	0.32
desired	0.36	0.63
meetings	0.36	0.12
week	0.36	0.30
fire	0.36	0.38
noble	0.36	0.63
paper	0.36	0.15
need	0.37	0.57
kaiser	0.37	0.27
professor	0.37	0.18
coal	0.37	0.19
wide	0.37	0.21
marian	0.37	0.47
always	0.37	1.49
weeks	0.37	0.25
indeed	0.37	0.50
portion	0.37	0.35
owner	0.37	0.38
ages	0.37	0.24
capital	0.37	0.27
closing	0.37	0.31
parts	0.37	0.44
prime	0.37	0.17
sunday	0.37	0.30
italian	0.37	0.26
inspiration	0.37	0.44
governments	0.37	0.39
bow	0.37	0.37
mystery	0.37	0.51
stock	0.37	0.24
containing	0.37	0.19
loan	0.37	0.27
province	0.37	0.23
majesty	0.37	0.26
reaching	0.37	0.27
promises	0.37	0.53
write	0.37	0.36
establishment	0.37	0.27
poets	0.37	0.25
crop	0.37	0.44
benefit	0.37	0.40
friends	0.37	0.95
ruined	0.37	0.53
institutions	0.37	0.18
darkness	0.37	0.42
wool	0.37	0.33
telling	0.37	0.68
intellectual	0.38	0.32
outside	0.38	0.26
complex	0.38	0.58
oriental	0.38	0.68
mate	0.38	0.37
talks	0.38	0.54
dealing	0.38	0.36
opera	0.38	0.21
universal	0.38	0.64
appealed	0.38	0.61
territory	0.38	0.25
chinese	0.38	0.24
neighborhood	0.38	0.30
offer	0.38	0.19
cash	0.38	0.28
patsy	0.38	0.85
above	0.38	0.23
saying	0.38	0.72
outer	0.38	0.18
centuries	0.38	0.11
constructed	0.38	0.20
pen	0.38	0.13
marwitz	0.38	0.78
expression	0.38	0.42
swear	0.38	0.61
meeting	0.38	0.19
funds	0.38	0.31
constitution	0.38	0.29
ask	0.38	0.74
opening	0.38	0.26
brick	0.38	0.26
uniform	0.38	0.57
proposal	0.38	0.26
prayer	0.38	0.93
trask	0.38	0.37
opened	0.38	0.29
heavy	0.38	0.54
high	0.38	0.13
long	0.38	0.17
canada	0.38	0.18
industries	0.39	0.26
closed	0.39	0.27
barholm	0.39	0.51
represent	0.39	0.29
jeffrey	0.39	0.56
pressing	0.39	0.17
groups	0.39	0.36
definite	0.39	0.56
pope	0.39	0.24
minister	0.39	0.56
philosophy	0.39	0.31
hall	0.39	0.25
farms	0.39	0.28
mexican	0.39	0.22
autumn	0.39	1.08
paris	0.39	0.17
smoke	0.39	0.46
owned	0.39	0.33
wherever	0.39	0.38
soap	0.39	0.26
interior	0.39	0.35
investment	0.39	0.35
flow	0.39	0.40
educational	0.39	0.20
fires	0.39	0.37
gas	0.39	0.37
steam	0.39	0.39
visitors	0.40	0.47
directors	0.40	0.19
play	0.40	0.19
front	0.40	0.26
construction	0.40	0.21
share	0.40	0.24
together	0.40	0.33
rubber	0.40	0.25
gregory	0.40	0.69
simply	0.40	0.37
overhead	0.40	0.50
inspection	0.40	0.35
centre	0.40	0.18
contracts	0.40	0.18
succeed	0.40	0.37
cloth	0.40	0.47
vital	0.40	0.47
cheerfully	0.40	0.60
parallel	0.40	0.13
factory	0.40	0.21
link	0.40	0.20
glory	0.40	0.71
addition	0.40	0.37
obey	0.40	0.49
crown	0.40	0.38
companions	0.40	0.52
writer	0.40	0.27
national	0.40	0.26
metal	0.40	0.21
list	0.41	0.23
queen	0.41	0.25
dad	0.41	0.73
strongest	0.41	0.47
offers	0.41	0.21
except	0.41	0.72
built	0.41	0.25
scheme	0.41	0.29
space	0.41	0.19
lightly	0.41	0.38
wall	0.41	0.28
dam	0.41	0.40
seen	0.41	1.06
burn	0.41	0.38
prospect	0.41	0.43
article	0.41	0.24
composed	0.41	0.31
forming	0.41	0.36
mass	0.41	0.30
boards	0.41	0.21
edge	0.41	0.35
distinction	0.41	0.31
parlor	0.41	0.29
neutral	0.41	0.32
names	0.41	0.41
ann	0.41	0.53
countries	0.41	0.37
editor	0.42	0.22
told	0.42	1.53
buying	0.42	0.39
born	0.42	0.98
profound	0.42	0.78
door	0.42	0.30
room	0.42	0.29
displayed	0.42	0.44
attend	0.42	0.38
manufacturing	0.42	0.31
firmly	0.42	0.35
daily	0.42	0.17
doors	0.42	0.29
smiles	0.42	0.44
faculty	0.42	0.28
capable	0.42	0.46
saint	0.42	0.67
glimpse	0.42	0.17
voyage	0.42	0.62
mills	0.42	0.22
synod	0.42	0.37
cross	0.42	0.23
citizens	0.42	0.35
learned	0.42	0.91
everything	0.42	0.81
while	0.42	0.47
holy	0.42	0.98
gained	0.42	0.36
cowboys	0.42	0.51
sleeve	0.42	0.44
art	0.42	0.85
arranged	0.42	0.14
column	0.42	0.14
row	0.43	0.42
believed	0.43	1.59
shelter	0.43	0.42
writes	0.43	0.48
favorable	0.43	2.01
cousin	0.43	1.01
composition	0.43	0.19
letters	0.43	0.17
society	0.43	0.25
mabel	0.43	0.48
bishop	0.43	0.28
leather	0.43	0.50
gone	0.43	0.77
dawn	0.43	0.42
materials	0.43	0.28
press	0.43	0.18
piano	0.43	0.28
bench	0.43	0.34
lands	0.43	0.23
chancellor	0.43	0.19
sufficient	0.43	0.49
stephen	0.43	0.51
correspondence	0.43	0.24
jesus	0.43	1.08
barn	0.43	0.33
gate	0.43	0.35
observe	0.43	0.51
pitch	0.43	0.28
emperor	0.43	0.27
parties	0.43	0.29
chorus	0.44	0.41
picturesque	0.44	1.23
refuge	0.44	1.33
agencies	0.44	0.20
secure	0.44	0.44
contain	0.44	0.44
fireplace	0.44	0.31
charity	0.44	0.80
united	0.44	0.35
lit	0.44	0.37
height	0.44	0.21
speech	0.44	0.19
literature	0.44	0.35
articles	0.44	0.24
interview	0.44	0.38
newspapers	0.44	0.21
burrill	0.44	0.42
acres	0.44	0.37
formal	0.44	0.35
musical	0.44	0.28
organizations	0.44	0.20
thinks	0.44	0.79
departed	0.44	0.23
powers	0.44	0.37
traditions	0.44	0.51
claim	0.44	0.17
continent	0.44	0.24
neat	0.44	0.72
worship	0.44	0.96
industry	0.44	0.27
summer	0.45	1.04
grayson	0.45	0.33
removed	0.45	0.34
proportions	0.45	0.53
fields	0.45	0.49
behind	0.45	0.33
brush	0.45	0.55
suggests	0.45	0.81
waist	0.45	0.45
solid	0.45	0.21
copper	0.45	0.20
invasion	0.45	0.48
grandma	0.45	0.48
completed	0.45	0.40
rome	0.45	0.33
cowboy	0.45	0.49
scott	0.45	0.39
wooden	0.45	0.28
power	0.45	0.36
obligation	0.45	0.33
energy	0.45	0.36
knew	0.45	1.62
tells	0.45	0.67
culture	0.45	0.31
cloud	0.45	0.56
papers	0.45	0.20
invited	0.45	0.43
flame	0.45	0.44
museum	0.45	0.16
buildings	0.45	0.21
doris	0.45	0.68
silent	0.45	0.42
needed	0.45	0.48
civilization	0.45	0.32
foundation	0.45	0.20
shake	0.45	0.37
sheets	0.46	0.26
gathering	0.46	0.34
asks	0.46	0.55
candle	0.46	0.38
gather	0.46	0.44
journey	0.46	0.50
likes	0.46	1.19
curious	0.46	1.61
limits	0.46	0.37
blood	0.46	0.42
notes	0.46	0.26
newspaper	0.46	0.20
ring	0.46	0.37
cultivated	0.46	0.31
building	0.46	0.24
liquid	0.46	0.19
reflected	0.46	0.47
columns	0.46	0.17
imagination	0.46	0.46
controlled	0.46	0.34
background	0.46	0.34
planning	0.46	0.49
emerson	0.46	0.28
low	0.46	0.42
armstrong	0.46	0.57
cotton	0.46	0.35
teach	0.46	0.53
extend	0.47	0.36
screen	0.47	0.38
susan	0.47	0.70
spoken	0.47	0.92
realizing	0.47	0.67
dusk	0.47	0.51
choice	0.47	0.27
songs	0.47	0.26
burning	0.47	0.45
bedroom	0.47	0.33
lantern	0.47	0.31
review	0.47	0.29
attracted	0.47	0.35
cavallini	0.47	0.61
addressed	0.47	0.31
wrote	0.47	0.30
shakespeare	0.47	0.46
mexico	0.47	0.25
palm	0.47	0.47
copy	0.47	0.20
clothing	0.47	0.35
itself	0.47	0.27
nation	0.47	0.26
neither	0.47	0.85
including	0.47	0.41
type	0.47	0.42
locked	0.47	0.45
arrangements	0.47	0.24
bonds	0.47	0.33
association	0.47	0.17
lighted	0.47	0.37
provided	0.47	0.45
imperial	0.48	0.20
secured	0.48	0.42
war	0.48	0.62
talking	0.48	0.54
grant	0.48	0.33
spirits	0.48	0.70
late	0.48	0.39
faces	0.48	0.23
surrender	0.48	0.30
original	0.48	0.29
rests	0.48	0.32
won	0.48	0.43
windows	0.48	0.30
member	0.48	0.45
element	0.48	0.52
outline	0.48	0.50
critic	0.48	0.52
societies	0.48	0.23
conviction	0.48	0.70
hay	0.48	0.44
model	0.48	0.31
america	0.48	0.27
mount	0.48	0.29
characters	0.48	0.61
establish	0.49	0.63
nor	0.49	0.85
library	0.49	0.16
ceremony	0.49	0.42
resources	0.49	0.34
music	0.49	0.28
interpretation	0.49	0.44
preserved	0.49	0.45
electric	0.49	0.35
ours	0.49	0.56
furniture	0.49	0.25
reading	0.49	0.25
believe	0.49	0.60
whole	0.49	0.35
tent	0.49	0.44
else	0.49	0.92
publication	0.49	0.26
lap	0.50	0.43
states	0.50	0.29
substitute	0.50	0.44
dressing	0.50	0.58
preparing	0.50	0.36
scope	0.50	0.33
remembered	0.50	1.39
observer	0.50	0.42
arts	0.50	0.25
attended	0.50	0.22
supplied	0.50	0.27
lucky	0.50	1.92
namely	0.50	0.49
beard	0.50	0.54
kissed	0.50	0.79
logic	0.50	0.36
stage	0.50	0.39
mother	0.50	1.40
manuscript	0.50	0.22
established	0.50	0.36
colonies	0.50	0.28
consists	0.50	0.37
loans	0.50	0.33
worked	0.50	0.51
chamber	0.50	0.22
initiative	0.50	0.47
roof	0.51	0.29
belgium	0.51	0.42
spain	0.51	0.37
sober	0.51	0.62
softly	0.51	0.52
artists	0.51	0.22
judgment	0.51	0.48
intellect	0.51	0.54
masters	0.51	0.27
organized	0.51	0.19
volumes	0.51	0.26
informed	0.51	0.37
greece	0.51	0.40
twilight	0.51	0.46
branch	0.51	0.41
announcement	0.51	0.14
lights	0.51	0.38
gallery	0.51	0.14
martin	0.51	0.44
greek	0.51	0.36
illustrated	0.51	0.23
harrington	0.51	0.48
beneath	0.51	0.60
criticism	0.52	0.51
madame	0.52	0.74
canvas	0.52	0.39
eager	0.52	0.45
early	0.52	0.29
exhibition	0.52	0.51
dim	0.52	0.55
patience	0.52	0.67
assured	0.52	0.66
journal	0.52	0.23
employ	0.52	0.44
factories	0.52	0.27
series	0.52	0.55
sarah	0.52	0.66
conception	0.52	0.42
advantage	0.52	0.43
strickland	0.52	0.29
read	0.52	0.26
remains	0.52	0.31
approved	0.52	0.27
stretch	0.52	0.45
morgan	0.53	0.33
europe	0.53	0.36
boots	0.53	0.61
m	0.53	0.38
wants	0.53	0.83
plans	0.53	0.31
existence	0.53	0.37
silver	0.53	0.42
covers	0.53	0.31
sylvia	0.53	0.67
grand	0.53	0.27
resumed	0.53	0.30
path	0.53	0.49
promise	0.53	0.49
acceptance	0.53	0.16
etc	0.53	0.21
successful	0.53	0.58
walls	0.53	0.30
apartment	0.53	0.29
future	0.54	0.64
bible	0.54	0.62
empire	0.54	0.31
taken	0.54	0.51
attract	0.54	0.36
victory	0.54	0.55
every	0.54	0.36
england	0.54	0.30
landscape	0.54	0.63
intelligence	0.54	0.41
tie	0.54	0.62
lamp	0.54	0.38
roman	0.54	0.51
shade	0.54	0.74
clouds	0.54	0.54
available	0.54	0.50
readers	0.54	0.55
institution	0.54	0.39
pages	0.54	0.28
berlin	0.54	0.21
substance	0.55	0.39
illustration	0.55	0.25
merit	0.55	0.37
hair	0.55	0.55
france	0.55	0.40
world	0.55	0.21
chance	0.55	0.47
poems	0.55	0.33
viii	0.55	0.29
authors	0.55	0.28
written	0.55	0.28
sewing	0.55	0.40
since	0.55	0.54
shared	0.55	1.25
knowledge	0.55	0.38
shadows	0.55	0.51
occasionally	0.55	0.30
working	0.55	0.33
attitude	0.55	0.39
fully	0.55	0.45
published	0.56	0.27
page	0.56	0.32
printed	0.56	0.27
williams	0.56	0.34
libraries	0.56	0.27
root	0.56	0.35
writing	0.56	0.29
successfully	0.56	0.33
same	0.56	0.61
permanent	0.56	0.70
possess	0.56	0.44
worn	0.56	0.74
crowds	0.56	0.45
performed	0.56	0.22
gospel	0.56	0.84
spots	0.56	0.49
theatre	0.56	0.35
inspired	0.57	0.83
achieved	0.57	0.54
singing	0.57	0.44
improve	0.57	0.59
literary	0.57	0.39
star	0.57	0.38
japan	0.57	0.43
filling	0.57	0.51
designs	0.57	0.35
known	0.57	1.52
doctrines	0.57	0.68
faithful	0.58	0.66
supply	0.58	0.49
curtain	0.58	0.40
reaches	0.58	0.31
thin	0.58	0.64
rows	0.58	0.30
selected	0.58	0.28
genuine	0.58	0.71
horizon	0.58	0.42
studied	0.59	0.27
socialism	0.59	0.32
key	0.59	0.46
founded	0.59	0.37
shirt	0.59	0.72
churches	0.59	0.70
citizen	0.59	0.47
humanity	0.59	0.79
grow	0.59	0.73
thick	0.59	0.68
text	0.59	0.35
smell	0.59	0.99
possession	0.59	0.41
lucy	0.59	0.53
consent	0.59	0.31
spiritual	0.59	0.52
adapted	0.59	0.48
formed	0.60	0.36
assumed	0.60	0.32
greatest	0.60	0.60
presents	0.60	0.57
provide	0.60	0.48
debt	0.60	0.48
communication	0.60	0.24
italy	0.60	0.42
companies	0.60	0.44
never	0.61	1.48
volume	0.61	0.38
kept	0.61	0.40
allen	0.61	0.38
essential	0.61	0.80
worthy	0.61	0.54
enthusiasm	0.61	0.85
edition	0.61	0.30
duty	0.61	0.34
funeral	0.61	0.62
books	0.61	0.28
britain	0.61	0.42
allies	0.61	0.62
cellar	0.61	0.42
corporation	0.61	0.46
conversation	0.61	0.31
bond	0.61	0.55
hats	0.61	0.58
works	0.61	0.26
elements	0.61	0.62
border	0.62	0.37
thanksgiving	0.62	0.50
visited	0.62	0.45
print	0.62	0.28
sing	0.62	0.38
marry	0.62	1.41
age	0.62	0.55
heart	0.62	1.56
utmost	0.62	0.63
essentially	0.62	0.36
answers	0.62	0.35
christian	0.62	0.87
thanks	0.62	0.52
joined	0.63	0.29
reality	0.63	0.38
earnest	0.63	0.30
helen	0.63	0.52
gold	0.63	0.26
catholic	0.63	0.65
throughout	0.63	0.37
grey	0.63	0.80
qualities	0.63	0.38
borrow	0.63	0.35
alicia	0.63	0.52
intelligent	0.63	0.55
church	0.63	0.72
era	0.63	0.28
abstract	0.64	0.54
examine	0.64	0.27
winning	0.64	0.36
james	0.64	0.57
reputation	0.64	0.45
julia	0.64	0.65
protection	0.64	0.54
arch	0.64	0.24
assembled	0.64	0.37
smile	0.64	0.51
meaning	0.64	0.34
belongs	0.64	0.60
stories	0.64	0.49
honorable	0.64	0.30
standard	0.64	0.34
furnish	0.64	0.60
christ	0.65	0.91
sandy	0.65	0.54
covered	0.65	0.65
capacity	0.65	0.40
sleeping	0.65	0.61
services	0.65	0.32
community	0.65	0.29
lock	0.65	0.39
porter	0.66	0.43
cared	0.66	1.57
team	0.66	0.32
knows	0.66	0.91
morality	0.66	0.47
degree	0.66	0.49
clothes	0.66	0.63
bank	0.66	0.43
shoes	0.66	0.74
virtue	0.66	0.65
understood	0.66	0.87
extension	0.66	0.46
earliest	0.66	0.22
suitable	0.66	0.70
education	0.66	0.33
masses	0.66	0.41
theodore	0.66	0.44
fruit	0.66	0.92
superintendent	0.66	0.35
precious	0.66	0.56
interested	0.66	1.01
vacation	0.66	0.53
hers	0.66	0.62
assistance	0.66	0.32
prefer	0.67	0.39
oceana	0.67	0.40
club	0.67	0.27
union	0.67	0.27
banks	0.67	0.43
cities	0.67	0.39
talent	0.67	0.38
spare	0.67	0.25
manners	0.67	0.71
blanket	0.67	0.56
outward	0.68	0.39
remarkable	0.68	1.21
past	0.68	0.69
gain	0.68	0.39
stable	0.68	0.35
open	0.68	0.44
moderate	0.68	0.60
associations	0.68	0.39
anthony	0.68	0.45
conservative	0.68	0.78
uses	0.68	0.46
exists	0.68	0.42
relation	0.68	0.39
existed	0.68	0.39
inside	0.69	0.44
christianity	0.69	0.69
wash	0.69	0.62
wilson	0.69	0.40
attained	0.69	0.45
everett	0.69	0.39
black	0.69	0.57
success	0.69	0.52
feast	0.69	0.68
shone	0.69	0.44
bushes	0.69	0.84
swing	0.70	0.38
normal	0.70	0.59
dark	0.70	0.61
sensible	0.70	0.53
acquaintance	0.70	0.31
religious	0.70	0.47
usual	0.70	0.64
himself	0.70	0.49
furnished	0.70	0.40
broussard	0.70	0.41
anita	0.70	0.51
tribute	0.70	0.68
immigration	0.70	0.36
temple	0.70	0.52
compromise	0.71	0.42
novels	0.71	0.60
retired	0.71	0.42
devoted	0.71	0.35
rural	0.71	0.29
soil	0.71	0.69
wealth	0.71	0.37
gentlemen	0.71	0.34
magic	0.71	0.46
effective	0.72	0.53
portrait	0.72	0.26
veil	0.72	0.70
guest	0.72	0.46
gray	0.72	0.79
trees	0.72	0.97
reasonable	0.72	0.48
country	0.72	0.36
work	0.72	0.36
light	0.73	0.49
kingdom	0.73	0.49
mine	0.73	1.40
smooth	0.73	0.63
de	0.73	0.59
spent	0.73	0.59
suit	0.73	0.80
waving	0.73	0.30
leadership	0.73	0.49
universe	0.73	0.58
cap	0.73	0.82
belief	0.73	0.55
engaged	0.73	0.49
earth	0.73	0.49
schofield	0.74	0.45
securities	0.74	0.44
positive	0.74	0.52
greeks	0.74	0.64
highest	0.74	0.46
collar	0.74	0.81
company	0.74	0.32
houses	0.74	0.44
fancy	0.74	0.55
faded	0.74	0.96
coat	0.74	0.82
god	0.74	1.50
cheeks	0.74	0.69
employment	0.74	0.29
republic	0.74	0.37
reserved	0.75	0.31
silence	0.75	0.45
moonlight	0.75	0.55
book	0.75	0.58
fortescue	0.75	0.31
hat	0.75	0.82
bureau	0.75	0.39
choose	0.75	1.38
personality	0.75	0.62
broad	0.75	0.41
owe	0.75	0.68
garments	0.76	0.69
magazine	0.76	0.55
spirit	0.76	0.71
signed	0.76	0.35
trusted	0.76	1.29
andrew	0.76	0.68
couch	0.76	0.61
house	0.76	0.51
rutherford	0.76	0.37
gladly	0.76	0.46
hill	0.76	0.58
contract	0.76	0.30
wearing	0.76	0.87
return	0.76	0.28
ability	0.77	0.49
ideal	0.77	0.45
eve	0.77	0.51
retained	0.77	0.70
honour	0.77	0.74
firm	0.77	0.30
features	0.77	0.49
dreamed	0.77	0.76
wear	0.77	0.86
story	0.77	0.83
paint	0.77	0.45
assure	0.77	0.40
wears	0.77	0.86
poet	0.77	0.37
impressed	0.78	1.43
guests	0.78	0.46
wore	0.78	0.87
wisdom	0.78	0.66
sitting	0.78	0.56
lane	0.78	0.70
rays	0.79	0.48
waved	0.79	0.53
facilities	0.79	0.43
granted	0.79	0.33
king	0.79	0.50
seated	0.79	0.54
organization	0.79	0.43
skin	0.79	0.66
voice	0.79	0.56
wedding	0.79	0.76
blankets	0.80	0.56
slope	0.80	0.54
subtle	0.80	0.44
sake	0.80	1.56
shining	0.80	0.47
fence	0.80	0.76
nations	0.80	0.57
hope	0.80	0.49
fruits	0.80	0.89
fiction	0.80	0.82
conference	0.80	0.46
fitted	0.81	0.49
linen	0.81	0.72
horace	0.81	0.66
extended	0.81	0.37
cheek	0.81	0.49
poem	0.81	0.61
glow	0.81	0.48
arrangement	0.81	0.38
madam	0.82	0.28
pattern	0.82	0.42
alan	0.82	0.49
adequate	0.82	0.60
sovereign	0.82	0.53
painting	0.82	0.31
rest	0.82	0.36
verse	0.83	0.49
stars	0.83	0.43
opportunities	0.83	0.43
abundant	0.83	0.57
dress	0.83	0.85
russia	0.83	0.59
picture	0.83	0.56
response	0.84	0.44
steady	0.84	0.53
improvement	0.84	0.46
latest	0.84	0.51
danced	0.84	0.44
hot	0.84	0.78
youth	0.84	0.45
feminine	0.85	0.57
profession	0.85	0.40
author	0.85	0.66
smith	0.85	0.64
dry	0.85	0.75
adam	0.85	0.62
procession	0.85	0.50
full	0.85	0.49
patriotism	0.86	0.76
austria	0.86	0.57
oil	0.86	0.42
germany	0.86	0.59
darling	0.86	1.40
credit	0.86	0.61
colored	0.86	0.50
kisses	0.86	0.66
illustrations	0.87	0.42
self	0.87	0.50
artist	0.87	0.26
colonial	0.87	0.45
negotiations	0.87	0.49
red	0.87	0.83
everywhere	0.87	0.31
sky	0.87	0.52
seats	0.88	0.49
diplomatic	0.88	0.47
sympathy	0.88	0.90
apple	0.88	0.91
pale	0.88	0.73
vigorous	0.88	0.40
creation	0.88	0.41
possessed	0.88	0.42
religion	0.88	0.72
wit	0.89	0.42
costume	0.89	0.41
plenty	0.89	1.56
residence	0.89	0.35
poetry	0.89	0.50
moon	0.89	0.50
papa	0.89	0.46
rude	0.89	0.52
visit	0.89	0.37
occupied	0.89	0.35
mankind	0.90	0.66
proof	0.90	0.67
sang	0.90	0.52
yours	0.90	1.29
parted	0.90	0.55
agreeable	0.90	1.96
control	0.91	0.60
lace	0.91	0.98
homes	0.91	0.53
towards	0.91	0.35
cease	0.91	1.51
favorite	0.91	0.49
sunset	0.91	0.53
tower	0.91	0.42
memories	0.91	1.70
song	0.92	0.50
roots	0.92	0.93
grass	0.92	0.97
opportunity	0.92	0.50
famous	0.92	0.35
chairs	0.92	0.55
accord	0.92	0.41
invitation	0.92	0.48
convinced	0.92	0.64
spend	0.93	0.57
quality	0.93	0.57
porch	0.93	0.50
spending	0.93	0.67
hearts	0.93	1.28
collection	0.93	0.51
insight	0.93	0.57
divine	0.94	0.90
contact	0.94	0.53
royal	0.94	0.41
league	0.94	0.47
manhood	0.94	0.30
democracy	0.94	0.46
violet	0.95	0.66
slim	0.95	1.07
atmosphere	0.95	0.54
golden	0.95	0.52
clean	0.95	0.80
honor	0.95	0.57
lacking	0.95	0.49
patriotic	0.95	0.47
yard	0.96	0.77
gently	0.96	0.46
pictures	0.96	0.49
proud	0.96	1.12
dancing	0.96	0.50
fairly	0.96	1.27
close	0.97	0.42
green	0.97	0.93
silk	0.97	0.93
plain	0.97	0.44
declaration	0.97	0.56
intimate	0.97	0.44
brilliant	0.97	0.72
nature	0.97	0.50
palace	0.97	0.38
vision	0.97	0.41
rooms	0.97	0.51
truth	0.98	0.55
genius	0.98	0.43
forever	0.98	0.47
glowing	0.98	0.69
glorious	0.99	0.62
seed	0.99	0.89
generous	0.99	0.49
maintained	0.99	0.56
treaty	0.99	0.53
castle	0.99	0.46
approval	1.00	0.53
praise	1.00	0.48
tones	1.00	0.44
job	1.01	1.70
mild	1.01	1.33
efficient	1.01	0.47
believes	1.01	1.21
touched	1.02	0.49
rights	1.02	0.47
fun	1.02	1.40
afforded	1.02	0.51
courage	1.03	0.56
cottage	1.03	0.73
respect	1.03	0.93
yellow	1.03	0.79
sunlight	1.04	0.68
settled	1.04	0.56
tone	1.04	0.50
manner	1.04	0.43
colors	1.05	0.71
certainty	1.05	0.89
delighted	1.05	1.08
white	1.05	0.88
scarlet	1.05	0.92
entitled	1.05	0.41
sun	1.05	0.56
married	1.06	1.34
terms	1.06	0.47
quarters	1.06	0.41
jean	1.06	1.17
appreciate	1.06	0.44
brown	1.06	0.84
plants	1.07	0.99
lady	1.07	1.06
planted	1.07	1.01
casual	1.07	1.38
familiar	1.07	1.40
lover	1.08	1.37
mood	1.08	1.19
infinite	1.08	0.64
deal	1.08	1.60
marble	1.09	0.52
leaf	1.09	0.96
basis	1.10	0.41
care	1.10	1.49
bid	1.10	0.35
dora	1.10	1.46
dreams	1.10	0.40
fine	1.11	1.32
forgive	1.11	1.51
bath	1.11	0.74
gifts	1.11	0.32
colour	1.11	0.75
breeze	1.11	0.92
unto	1.11	1.17
kindly	1.12	0.46
complete	1.12	1.49
sunshine	1.12	0.91
dearest	1.13	1.52
style	1.13	0.48
join	1.13	0.42
disposition	1.13	0.44
dignified	1.13	0.49
strength	1.14	0.49
humor	1.14	0.43
between	1.15	0.47
painted	1.16	0.60
recognition	1.16	0.44
convenient	1.16	1.45
appreciation	1.16	0.71
sincere	1.16	0.51
rich	1.16	0.41
gift	1.17	0.39
settlement	1.17	0.48
blue	1.17	0.89
wonderful	1.17	1.20
soul	1.18	1.23
marriage	1.18	1.25
ethel	1.18	1.20
grace	1.18	0.35
precisely	1.19	1.25
enthusiastic	1.19	0.45
romantic	1.19	1.31
plant	1.20	1.02
touching	1.20	0.51
privilege	1.20	0.52
life	1.20	0.40
relationship	1.20	0.43
welfare	1.21	0.53
alliance	1.22	0.56
agreement	1.22	0.50
enjoyment	1.22	0.62
eternal	1.23	1.27
heights	1.23	0.53
glad	1.23	1.39
kiss	1.23	1.38
purple	1.23	0.91
ladies	1.24	1.03
vigor	1.24	0.52
international	1.25	0.46
finest	1.26	0.65
reception	1.26	0.67
perfectly	1.27	1.05
artistic	1.27	0.53
dance	1.27	0.53
patty	1.28	1.10
ample	1.29	1.32
taste	1.29	0.56
simple	1.29	0.42
clear	1.30	0.61
preserve	1.30	1.43
loves	1.30	1.58
spring	1.31	1.11
busy	1.31	1.25
truly	1.31	1.16
decent	1.32	1.16
handy	1.32	1.38
air	1.32	0.77
mark	1.32	1.33
cooperation	1.32	0.45
design	1.32	0.61
comfort	1.32	0.67
adventures	1.32	1.41
color	1.34	0.69
entire	1.34	1.40
efficiency	1.35	0.56
safety	1.35	0.71
architecture	1.35	0.56
chances	1.35	1.49
smiling	1.35	1.30
admirable	1.36	1.04
amusing	1.36	1.52
novel	1.36	1.50
relations	1.36	0.51
mutual	1.37	0.60
loyal	1.38	0.52
sincerity	1.38	0.72
touch	1.38	0.54
charm	1.39	0.56
visiting	1.39	1.40
balance	1.39	1.35
modest	1.39	0.50
form	1.40	1.22
fresh	1.40	0.87
heartily	1.40	0.95
hearty	1.40	0.61
courtesy	1.41	0.61
marjorie	1.41	1.29
attractive	1.41	1.23
lies	1.43	1.22
polite	1.43	1.13
sympathetic	1.43	0.38
warmth	1.44	0.57
beds	1.45	0.76
prosperity	1.46	0.62
dream	1.47	1.00
independence	1.49	0.74
restored	1.50	1.26
gratitude	1.50	1.14
loving	1.51	1.03
contented	1.51	1.09
happily	1.51	1.08
surroundings	1.51	1.07
security	1.51	0.72
graceful	1.52	0.95
heavens	1.52	1.22
dr	1.52	1.35
tender	1.53	0.92
faith	1.53	1.21
bright	1.53	0.75
gown	1.54	1.42
visits	1.56	1.24
kindness	1.56	1.10
liberty	1.56	0.52
cheer	1.57	0.62
splendid	1.57	0.83
tenderness	1.58	1.04
affection	1.58	1.12
pure	1.59	0.42
childhood	1.59	0.91
julie	1.59	1.29
greeted	1.60	1.20
absolute	1.60	1.21
best	1.60	1.39
beloved	1.60	1.18
goodness	1.61	1.00
eva	1.61	1.29
devotion	1.62	1.07
gentle	1.62	0.84
honest	1.62	1.05
lawn	1.63	1.37
greeting	1.65	0.76
farewell	1.66	0.47
leisure	1.67	1.22
enjoyed	1.68	1.04
elaborate	1.68	0.98
romance	1.68	0.79
delicate	1.68	1.06
flowers	1.69	1.25
acquainted	1.71	1.16
pink	1.72	1.28
loyalty	1.72	1.09
confident	1.72	0.96
lily	1.73	1.03
warm	1.74	1.26
satisfied	1.74	0.97
unity	1.75	1.10
wells	1.76	1.18
magnificent	1.77	0.90
healthy	1.77	0.96
occupation	1.78	1.25
soft	1.78	1.17
grateful	1.79	0.99
gardens	1.80	1.19
friendly	1.80	0.99
trust	1.80	1.15
ease	1.81	0.86
roses	1.82	1.14
cool	1.82	1.19
christmas	1.83	1.02
dignity	1.84	0.86
garden	1.85	1.20
merry	1.85	0.90
content	1.86	0.96
satisfactory	1.86	1.00
quiet	1.88	1.03
safe	1.89	0.97
assurance	1.89	0.99
beautiful	1.90	0.80
free	1.90	0.90
friendship	1.93	0.91
true	1.93	1.05
prosperous	1.94	0.90
understanding	1.94	0.89
fair	1.94	0.94
perfection	1.94	0.91
respectable	1.95	1.20
sweet	1.95	1.13
harmony	1.96	0.96
cheerful	1.97	1.12
calm	1.97	0.87
simplicity	1.97	0.90
flower	1.98	1.06
charming	1.99	0.85
rare	2.01	1.05
confidence	2.02	1.01
welcome	2.07	1.09
freedom	2.11	0.86
jolly	2.13	0.91
health	2.14	0.86
gay	2.15	0.87
peaceful	2.16	1.01
comfortable	2.18	1.05
peace	2.18	0.84
enjoy	2.22	0.97
sunny	2.24	1.30
exquisite	2.25	0.78
beauty	2.42	0.70
happiness	2.46	0.83
