ugly	-4.60	1.37
rival	-4.35	1.58
devil	-4.20	1.12
worst	-4.15	1.45
wicked	-4.09	1.18
tragic	-3.86	1.61
damn	-3.80	1.53
miserable	-3.77	1.17
deadly	-3.67	1.65
ill	-3.65	1.24
badly	-3.63	1.40
cruel	-3.63	1.44
lonely	-3.61	1.40
fears	-3.60	1.77
terror	-3.56	1.48
menace	-3.55	1.65
endure	-3.54	1.57
cure	-3.54	1.41
horror	-3.54	1.49
terrible	-3.45	1.49
bitterly	-3.44	1.52
absurd	-3.43	1.47
britt	-3.34	2.05
angry	-3.33	1.32
ghost	-3.32	1.53
worse	-3.29	1.34
afraid	-3.29	1.25
weak	-3.28	1.30
helpless	-3.26	1.11
fear	-3.22	1.34
upset	-3.21	1.61
vaguely	-3.17	1.63
hopeless	-3.14	0.97
bewildered	-3.11	1.79
weary	-3.10	1.58
destruction	-3.10	1.92
sick	-3.08	1.48
painful	-3.07	2.02
recalled	-3.05	2.20
worried	-3.03	1.74
ignored	-2.98	2.05
dreadful	-2.97	1.58
hungry	-2.97	1.34
confused	-2.94	1.77
ridiculous	-2.92	1.62
terribly	-2.92	1.48
rescue	-2.92	1.90
troubled	-2.91	1.75
sin	-2.90	1.49
fury	-2.85	1.54
rage	-2.85	1.55
mad	-2.85	1.31
root	-2.85	2.16
fool	-2.84	1.25
suffered	-2.83	0.54
queer	-2.78	1.31
ignorant	-2.78	1.15
sadly	-2.78	1.39
stupid	-2.67	0.87
anxious	-2.66	1.85
saving	-2.65	2.19
error	-2.65	1.92
ashamed	-2.64	1.52
frightened	-2.63	1.20
accident	-2.62	1.80
unnecessary	-2.62	1.91
dread	-2.62	0.96
agony	-2.59	0.84
silly	-2.55	0.95
misery	-2.54	0.57
shame	-2.53	1.46
sore	-2.51	1.45
restless	-2.51	1.12
despair	-2.51	0.85
suffer	-2.50	0.34
bold	-2.49	1.85
hurt	-2.48	0.69
suffering	-2.48	0.45
exhausted	-2.48	0.82
desperately	-2.47	1.38
jealous	-2.47	1.21
latest	-2.46	2.49
blame	-2.46	1.45
considering	-2.46	2.36
punishment	-2.45	0.68
sighed	-2.45	1.81
puzzled	-2.44	1.41
anger	-2.44	1.81
wounded	-2.43	0.79
slave	-2.40	1.80
dare	-2.39	1.88
influences	-2.39	2.37
tired	-2.39	1.75
startled	-2.36	1.22
strange	-2.36	1.69
bloody	-2.35	0.55
disease	-2.33	0.43
suspicious	-2.32	1.03
injured	-2.31	0.54
illness	-2.31	0.46
scorn	-2.31	1.77
precisely	-2.30	2.20
doubtless	-2.29	2.01
nervous	-2.29	0.84
external	-2.29	2.41
desperate	-2.28	0.65
sorry	-2.28	1.35
hatred	-2.27	1.93
unlike	-2.27	2.29
panic	-2.26	0.83
alarmed	-2.25	1.48
creatures	-2.23	1.68
gossip	-2.22	2.33
vague	-2.21	0.76
bored	-2.21	1.26
surprised	-2.21	1.27
disturbed	-2.20	1.47
disappointed	-2.20	1.42
furious	-2.19	0.88
embarrassed	-2.18	1.46
hunger	-2.17	0.46
kill	-2.17	2.06
foolish	-2.14	0.65
savage	-2.12	0.72
forget	-2.11	2.01
hospital	-2.11	0.62
threatening	-2.10	0.73
sensation	-2.09	1.90
fate	-2.08	0.58
vain	-2.07	0.40
quarrel	-2.06	0.64
angrily	-2.06	0.68
surely	-2.06	1.63
irene	-2.05	1.92
confusion	-2.04	0.67
astonished	-2.04	1.19
distress	-2.03	0.81
raphael	-2.03	1.78
fever	-2.03	0.50
sudden	-2.02	0.92
useless	-2.02	0.50
lest	-2.02	0.64
treatment	-2.02	0.48
wildly	-2.00	0.48
grief	-1.99	1.10
pain	-1.98	0.99
anxiety	-1.95	1.04
dangerous	-1.93	1.68
alarm	-1.93	0.94
trembling	-1.93	0.57
wound	-1.93	0.48
damned	-1.92	0.71
awful	-1.89	1.59
waste	-1.88	0.64
blind	-1.88	1.61
severe	-1.87	0.87
strained	-1.87	0.75
magic	-1.87	1.99
fierce	-1.86	0.93
scared	-1.85	1.76
bitter	-1.85	0.76
affair	-1.84	2.15
certainly	-1.83	1.76
disaster	-1.83	0.54
disappointment	-1.82	1.02
trifle	-1.81	0.99
poverty	-1.80	0.41
relieved	-1.80	1.33
seriously	-1.80	0.49
sorts	-1.79	0.78
uncertain	-1.78	1.15
damage	-1.77	0.51
thief	-1.77	0.70
shocked	-1.76	1.29
astonishment	-1.76	0.91
loss	-1.76	0.59
scream	-1.74	0.59
shock	-1.74	0.79
quintana	-1.74	0.52
old	-1.73	1.71
loneliness	-1.73	0.78
amazement	-1.73	0.73
victim	-1.73	0.31
stiff	-1.72	0.90
false	-1.72	0.65
frozen	-1.72	0.50
poison	-1.71	0.59
dirty	-1.70	0.55
indignation	-1.70	1.41
wilderness	-1.69	0.52
awfully	-1.69	1.27
crisis	-1.69	0.65
beaten	-1.69	0.44
danger	-1.69	0.70
strain	-1.68	0.53
feared	-1.64	1.91
explosion	-1.62	0.42
treated	-1.61	0.50
violently	-1.61	0.41
leg	-1.60	0.40
threatened	-1.60	0.56
cry	-1.60	0.64
death	-1.59	0.54
serious	-1.59	0.61
excitement	-1.59	0.78
violence	-1.58	0.66
doubtful	-1.57	0.99
crushed	-1.57	0.48
anyway	-1.57	1.93
crime	-1.56	0.62
challenge	-1.56	0.69
amazed	-1.56	1.19
sad	-1.55	1.83
mysterious	-1.55	0.61
excited	-1.55	1.29
bit	-1.54	0.73
resentment	-1.53	1.38
wandering	-1.53	0.81
medicine	-1.52	0.65
overcome	-1.52	0.34
broken	-1.52	0.51
violent	-1.51	0.80
grim	-1.51	0.99
ruin	-1.51	0.69
whip	-1.51	0.49
physician	-1.50	0.60
agitation	-1.50	0.87
sinking	-1.50	0.74
wandered	-1.49	0.68
gang	-1.48	0.71
weapons	-1.47	0.87
sometimes	-1.47	1.85
tragedy	-1.47	0.96
relieve	-1.47	0.37
wild	-1.47	0.58
snapped	-1.46	0.54
utter	-1.46	0.92
blenham	-1.46	0.58
utterly	-1.46	0.50
remedy	-1.45	0.59
fatal	-1.45	0.59
anxiously	-1.45	0.71
notion	-1.45	0.49
suspicion	-1.44	1.06
fault	-1.44	0.56
packard	-1.44	0.56
sorrow	-1.44	0.92
committed	-1.44	0.55
dat	-1.43	0.67
wrong	-1.43	1.88
dey	-1.43	0.66
muttered	-1.42	0.60
troubles	-1.42	0.47
die	-1.42	0.97
killed	-1.41	0.38
startling	-1.41	2.23
sigh	-1.40	0.55
escape	-1.38	0.46
beast	-1.37	0.55
ay	-1.37	0.80
ali	-1.37	0.55
impressed	-1.36	1.21
fortnight	-1.36	0.71
nerves	-1.35	0.50
suppose	-1.34	0.76
cared	-1.34	1.95
raoul	-1.34	0.79
weakness	-1.34	0.55
treat	-1.33	0.32
yuh	-1.33	1.06
sharply	-1.32	0.38
recovered	-1.32	0.36
deserted	-1.32	0.72
hell	-1.32	0.93
desert	-1.31	0.56
nonsense	-1.30	0.60
aside	-1.30	0.49
patient	-1.30	0.60
loves	-1.29	1.65
den	-1.29	0.57
victims	-1.29	0.36
losses	-1.27	0.56
thoughtfully	-1.27	0.71
surprise	-1.26	0.79
fellow	-1.26	1.60
am	-1.25	0.70
threat	-1.25	0.55
indifferent	-1.24	0.74
terrific	-1.24	0.75
caused	-1.24	0.38
enemy	-1.23	0.59
hunting	-1.22	0.49
bet	-1.21	1.23
worry	-1.21	0.66
defeated	-1.21	0.65
robbed	-1.21	0.44
ignorance	-1.21	0.69
burst	-1.20	0.90
searching	-1.20	0.71
murder	-1.20	0.44
shut	-1.20	0.59
sounds	-1.19	0.56
dull	-1.19	0.83
destroyed	-1.19	0.56
mean	-1.19	0.77
stare	-1.19	0.76
consequently	-1.18	0.51
trap	-1.18	0.72
clinch	-1.17	0.35
consequences	-1.17	0.53
hostile	-1.17	0.62
dreamed	-1.17	1.88
doctors	-1.17	0.49
intense	-1.16	1.13
hiram	-1.16	0.47
yourself	-1.15	0.83
wondering	-1.15	0.87
borne	-1.15	0.48
depression	-1.15	0.39
strangely	-1.14	0.59
incredible	-1.14	0.94
grimly	-1.14	0.58
curiosity	-1.14	1.06
huh	-1.14	1.04
eunice	-1.14	0.55
curiously	-1.14	0.58
dis	-1.13	0.53
confess	-1.13	0.59
bore	-1.13	0.53
blank	-1.13	0.64
liked	-1.13	1.79
hut	-1.13	0.62
bears	-1.12	0.42
rid	-1.12	0.54
delay	-1.11	0.57
fond	-1.11	1.19
cries	-1.10	0.54
guns	-1.10	0.64
dying	-1.10	0.36
prisoners	-1.10	0.18
corners	-1.09	0.39
complained	-1.09	0.62
revolt	-1.09	0.70
killing	-1.09	0.50
gravely	-1.09	0.71
kagig	-1.08	0.57
captured	-1.08	0.43
weapon	-1.08	0.61
exposed	-1.07	0.60
conflict	-1.07	0.60
obviously	-1.06	0.45
seized	-1.06	0.56
eager	-1.06	0.57
weather	-1.05	2.48
jim	-1.05	0.47
amytis	-1.05	0.39
deeply	-1.05	0.94
cheap	-1.04	0.99
crazy	-1.03	1.04
shoot	-1.03	0.61
opponents	-1.03	0.64
alone	-1.03	0.79
propaganda	-1.02	0.64
burden	-1.02	0.62
defeat	-1.02	0.52
israel	-1.01	0.35
galusha	-1.01	0.38
affected	-1.01	0.83
cause	-1.01	0.27
contempt	-1.01	1.32
quit	-1.01	1.06
io	-1.00	0.62
tore	-1.00	0.62
mistaken	-1.00	0.68
lily	-1.00	0.57
maurice	-1.00	0.48
attack	-0.99	0.49
avoid	-0.99	0.50
unknown	-0.99	0.39
briefly	-0.98	0.45
bangs	-0.97	0.32
drama	-0.97	0.93
somewhat	-0.97	0.63
amused	-0.97	1.00
straw	-0.97	0.66
inevitably	-0.97	0.55
duke	-0.96	0.56
rushed	-0.96	0.59
eagerly	-0.96	0.55
careless	-0.96	0.63
inclined	-0.95	0.72
causes	-0.95	0.43
brave	-0.95	1.52
regime	-0.95	0.86
think	-0.95	0.75
calmly	-0.95	0.53
expecting	-0.94	0.79
interfere	-0.94	0.52
difficult	-0.94	0.53
none	-0.94	0.94
unexpected	-0.94	2.49
warning	-0.94	0.49
suddenly	-0.94	0.33
sailor	-0.93	0.47
flushed	-0.93	0.55
chap	-0.93	0.92
rathburn	-0.93	0.33
confessed	-0.93	0.68
forgive	-0.93	2.22
edith	-0.93	0.49
nervously	-0.93	0.38
ca	-0.93	0.84
stroke	-0.93	0.55
care	-0.93	0.79
baker	-0.93	0.54
faintly	-0.92	0.65
prairie	-0.92	0.63
ventured	-0.92	0.73
spot	-0.92	0.50
bullet	-0.91	0.18
missed	-0.91	0.72
greatly	-0.91	0.97
evidently	-0.90	0.54
torn	-0.90	0.60
feel	-0.90	0.60
tense	-0.90	0.43
young	-0.90	1.75
murray	-0.89	0.41
prison	-0.89	0.18
discover	-0.88	0.40
con	-0.88	0.51
prejudice	-0.88	0.84
aboard	-0.88	0.69
spare	-0.87	0.50
accused	-0.87	0.25
detective	-0.87	0.43
daring	-0.87	0.33
fortunately	-0.87	0.49
rather	-0.87	0.62
solemn	-0.87	0.83
dead	-0.86	0.56
mess	-0.86	0.79
pete	-0.86	0.79
somewhere	-0.86	0.60
storm	-0.86	0.68
pronounced	-0.86	0.36
swear	-0.85	2.40
taste	-0.85	2.28
dear	-0.85	1.78
odd	-0.84	1.07
dr	-0.84	0.61
lose	-0.84	0.63
demanding	-0.84	0.50
christine	-0.84	0.46
gather	-0.84	0.49
fired	-0.84	0.17
sort	-0.83	0.87
jail	-0.83	0.16
hoping	-0.83	0.63
enemies	-0.83	0.51
thoroughly	-0.83	0.52
rims	-0.83	0.69
driven	-0.83	0.48
nodded	-0.83	0.89
thoughts	-0.83	0.74
nevertheless	-0.83	0.48
chapter	-0.82	0.64
yours	-0.82	0.52
haste	-0.82	0.47
x	-0.82	0.43
stomach	-0.82	0.39
yes	-0.82	0.81
eh	-0.82	0.85
madam	-0.82	0.82
feelings	-0.82	0.90
resulted	-0.82	0.58
thinking	-0.82	0.69
guilty	-0.82	0.26
kid	-0.81	1.28
shots	-0.81	0.16
familiar	-0.81	2.62
doctor	-0.81	0.51
hunt	-0.81	0.56
lift	-0.81	0.39
murmured	-0.80	1.01
properly	-0.80	0.63
zero	-0.80	1.02
rotten	-0.80	2.06
revolution	-0.80	0.58
anyhow	-0.80	1.12
submit	-0.80	0.44
faced	-0.80	0.65
drunk	-0.80	0.82
places	-0.80	0.51
failure	-0.80	0.34
competition	-0.79	0.75
criminal	-0.79	0.27
doug	-0.79	0.49
pardon	-0.79	1.03
interested	-0.79	1.13
imagine	-0.79	0.64
manage	-0.79	0.78
hang	-0.79	0.71
stern	-0.79	0.71
endless	-0.79	0.64
ai	-0.79	1.00
encouraged	-0.79	0.96
struggle	-0.78	0.54
meanwhile	-0.78	0.40
jake	-0.78	0.34
snake	-0.78	0.73
regret	-0.78	0.98
wishes	-0.78	0.58
jeff	-0.78	0.43
guess	-0.78	1.31
roosevelt	-0.78	0.68
explain	-0.77	0.46
slightly	-0.77	0.56
curtis	-0.77	0.70
barber	-0.77	0.40
protest	-0.77	0.76
arrested	-0.77	0.19
shook	-0.77	0.89
laughed	-0.77	0.75
shrugged	-0.77	0.73
wo	-0.77	0.85
mystery	-0.77	0.57
beg	-0.76	1.01
desires	-0.76	0.64
myself	-0.76	0.76
stir	-0.76	0.60
going	-0.76	0.76
partly	-0.76	0.34
becoming	-0.76	0.57
distinctly	-0.76	0.40
hunter	-0.76	0.37
impossible	-0.76	0.56
responsible	-0.75	0.42
emotions	-0.75	0.94
hide	-0.75	0.64
wake	-0.75	0.36
maxwell	-0.75	0.60
automobile	-0.75	0.64
escaped	-0.75	0.55
chuckled	-0.75	0.67
de	-0.75	0.43
incident	-0.75	1.12
too	-0.75	0.67
pick	-0.75	0.67
willing	-0.74	0.90
ah	-0.74	0.66
crash	-0.74	0.33
englishman	-0.74	0.85
storey	-0.74	0.55
propose	-0.74	0.92
allow	-0.74	0.93
hey	-0.74	0.91
stop	-0.73	0.81
apply	-0.73	0.41
glanced	-0.73	0.83
smiled	-0.73	0.83
lodge	-0.73	0.63
discovery	-0.73	0.98
sentimental	-0.73	0.58
say	-0.73	0.69
fellows	-0.73	0.96
mistake	-0.73	1.02
em	-0.73	0.73
s	-0.73	0.53
gee	-0.72	1.32
lie	-0.72	0.78
queenie	-0.72	0.54
feed	-0.72	0.55
im	-0.72	0.52
somethin	-0.72	0.78
paul	-0.72	0.50
git	-0.72	0.62
destroy	-0.72	0.80
remove	-0.72	0.43
aroused	-0.72	0.93
exactly	-0.72	0.67
lady	-0.71	1.81
worn	-0.71	0.80
pack	-0.71	0.50
sleep	-0.71	0.56
interference	-0.71	0.50
remember	-0.71	0.92
please	-0.71	0.89
resist	-0.71	0.40
oh	-0.71	0.82
flood	-0.71	0.55
dared	-0.71	1.01
lad	-0.71	1.11
why	-0.71	0.84
jones	-0.71	0.68
bout	-0.71	0.61
intend	-0.70	1.02
ought	-0.70	0.82
let	-0.70	0.94
break	-0.70	0.62
uses	-0.70	0.55
sir	-0.69	0.78
hawk	-0.69	0.36
mr	-0.69	0.80
backward	-0.69	0.43
arrest	-0.69	0.20
grave	-0.69	0.91
examine	-0.69	0.39
file	-0.69	0.41
likes	-0.69	0.51
carr	-0.69	0.63
search	-0.69	0.46
stops	-0.69	0.38
try	-0.68	0.94
losing	-0.68	0.37
refuse	-0.68	0.91
maybe	-0.68	1.15
prisoner	-0.68	0.13
crossing	-0.68	0.56
tank	-0.68	0.37
fo	-0.68	0.45
speaking	-0.68	0.62
catch	-0.68	0.65
openly	-0.67	0.43
springs	-0.67	0.39
joyce	-0.67	0.47
comin	-0.67	0.96
seeking	-0.67	0.60
bigger	-0.67	0.64
course	-0.67	0.67
quin	-0.67	0.43
bother	-0.67	0.72
invisible	-0.67	0.45
squire	-0.67	0.42
nothin	-0.67	0.64
stretched	-0.66	0.52
risk	-0.66	0.54
blow	-0.66	0.42
easier	-0.66	0.64
mademoiselle	-0.66	0.81
awakened	-0.66	0.64
wilson	-0.66	0.75
pleaded	-0.65	0.55
harm	-0.65	0.85
understand	-0.65	0.76
kin	-0.65	0.59
evans	-0.65	0.47
felix	-0.65	0.76
mob	-0.65	0.16
feeding	-0.65	0.57
sentence	-0.65	0.24
occurred	-0.65	0.33
vaniman	-0.65	0.60
settle	-0.65	0.49
o	-0.64	0.59
earnestly	-0.64	0.70
speak	-0.64	0.77
strikes	-0.64	1.03
lion	-0.64	0.35
goin	-0.64	0.74
gasped	-0.64	0.77
fairchild	-0.63	0.20
take	-0.63	0.75
burned	-0.63	0.50
chris	-0.63	0.40
subsequent	-0.63	0.91
forbes	-0.63	0.73
extremely	-0.63	0.41
hesitated	-0.63	0.92
really	-0.63	0.73
curious	-0.63	1.09
thinks	-0.63	0.77
thrill	-0.62	0.70
alleged	-0.62	0.25
sands	-0.62	0.65
douglas	-0.62	0.47
wade	-0.62	0.34
monica	-0.62	0.58
fled	-0.62	0.34
retorted	-0.62	0.68
recall	-0.62	0.52
ann	-0.62	0.61
hurrying	-0.62	0.31
wants	-0.62	0.80
ter	-0.62	0.45
dreams	-0.62	0.61
want	-0.62	0.84
er	-0.62	0.59
listen	-0.61	0.63
scouts	-0.61	0.54
drowned	-0.61	0.18
terry	-0.61	0.38
breaks	-0.61	0.29
grinned	-0.61	0.46
suspected	-0.61	1.07
barbara	-0.61	0.45
yer	-0.61	0.49
twisted	-0.61	0.19
yore	-0.61	0.66
gesture	-0.60	0.59
ll	-0.60	0.45
charge	-0.60	0.22
don	-0.60	0.54
dramatic	-0.60	1.09
policemen	-0.60	0.15
fist	-0.60	0.41
right	-0.60	0.76
idle	-0.59	0.70
eat	-0.59	0.66
jest	-0.59	0.58
canetto	-0.59	1.17
dave	-0.59	0.52
stick	-0.59	0.26
minute	-0.58	0.53
romantic	-0.58	0.87
folks	-0.58	0.97
th	-0.58	0.49
cronin	-0.58	0.80
lean	-0.58	0.73
primary	-0.58	0.85
feeling	-0.58	1.04
consider	-0.57	0.39
joke	-0.57	0.71
rifle	-0.57	0.17
evident	-0.57	0.57
tish	-0.57	0.42
fer	-0.57	0.65
harder	-0.57	0.77
bull	-0.57	0.26
ford	-0.56	0.71
eric	-0.56	0.74
howard	-0.56	0.27
t	-0.56	0.38
funny	-0.56	1.77
learn	-0.56	0.67
letting	-0.56	0.78
shell	-0.56	0.13
maurrant	-0.56	0.68
fred	-0.56	0.55
lazy	-0.56	0.63
m	-0.56	0.33
patch	-0.56	0.60
hid	-0.56	0.47
does	-0.55	0.86
surprising	-0.55	1.29
dealt	-0.55	0.37
mule	-0.55	0.23
whispered	-0.55	0.90
quickly	-0.55	0.27
nobody	-0.55	0.90
charged	-0.55	0.22
flies	-0.55	0.50
tillerton	-0.54	0.48
efforts	-0.54	0.56
tom	-0.54	0.61
noise	-0.54	0.25
republic	-0.54	0.75
tell	-0.54	0.89
somehow	-0.54	0.58
hester	-0.54	0.55
johnny	-0.54	0.46
finish	-0.54	0.60
stephen	-0.53	0.45
saying	-0.53	0.73
hit	-0.53	0.55
animals	-0.53	0.54
struck	-0.53	0.22
hurry	-0.53	0.60
controversy	-0.53	0.26
comedy	-0.53	1.11
fill	-0.53	0.55
selfish	-0.52	1.57
nurse	-0.52	0.89
turning	-0.52	0.48
abruptly	-0.52	0.26
coming	-0.52	0.50
guy	-0.52	0.83
d	-0.52	0.34
re	-0.52	0.31
e	-0.52	0.31
hurriedly	-0.52	0.38
event	-0.52	0.99
opinions	-0.52	0.36
profound	-0.52	1.02
story	-0.52	0.81
reckon	-0.52	0.64
captain	-0.52	0.49
loud	-0.52	0.28
permitted	-0.51	0.84
ye	-0.51	0.64
placing	-0.51	0.40
push	-0.51	0.30
monsieur	-0.51	0.51
egypt	-0.51	0.61
remarks	-0.51	0.56
expense	-0.51	0.87
got	-0.51	1.05
indeed	-0.51	0.65
experienced	-0.51	0.79
hastened	-0.51	0.60
comment	-0.50	0.57
obliged	-0.50	0.85
anna	-0.50	0.37
happens	-0.50	0.70
pit	-0.50	0.26
get	-0.50	0.54
instantly	-0.50	0.24
talk	-0.50	0.84
forced	-0.50	0.80
morgan	-0.50	0.65
moment	-0.50	0.27
myra	-0.50	0.76
zeke	-0.50	0.21
seem	-0.50	0.65
personally	-0.50	0.60
steve	-0.50	0.39
tells	-0.50	0.82
compelled	-0.50	0.83
fisher	-0.50	0.50
doing	-0.50	0.79
exclaimed	-0.50	0.74
uttered	-0.50	0.26
stress	-0.50	0.45
leap	-0.50	0.24
ames	-0.50	0.38
trial	-0.50	0.22
rushing	-0.50	0.18
kenneth	-0.49	0.23
whistle	-0.49	0.30
stared	-0.49	0.54
anybody	-0.49	0.95
carl	-0.49	0.55
shouting	-0.49	0.25
somebody	-0.49	0.77
joe	-0.49	0.42
discuss	-0.49	0.31
just	-0.49	0.74
undoubtedly	-0.49	0.52
dependent	-0.49	0.45
originally	-0.49	0.45
parker	-0.49	0.49
n	-0.49	0.31
claim	-0.49	0.54
tear	-0.49	0.44
al	-0.49	0.40
hurried	-0.49	0.38
according	-0.49	0.58
pistol	-0.49	0.18
bartlett	-0.48	0.28
senses	-0.48	0.51
how	-0.48	0.80
phipps	-0.48	0.60
broke	-0.48	0.41
inquired	-0.48	0.76
gazed	-0.48	0.38
yo	-0.48	0.47
armed	-0.48	0.23
tries	-0.48	0.66
ha	-0.48	0.65
v	-0.48	0.29
eaten	-0.48	0.65
creature	-0.48	1.69
unable	-0.48	0.74
sid	-0.48	0.38
clearing	-0.47	0.58
admit	-0.47	0.60
staring	-0.47	0.32
knock	-0.47	0.22
karl	-0.47	0.41
hannibal	-0.47	0.37
continuing	-0.47	0.47
talks	-0.47	0.71
vanity	-0.47	0.69
hastily	-0.47	0.31
minor	-0.47	0.55
holes	-0.47	0.32
released	-0.47	0.16
gun	-0.47	0.19
webster	-0.47	0.40
shall	-0.47	0.86
stole	-0.47	0.21
should	-0.47	1.02
mate	-0.46	0.55
sandy	-0.46	0.28
attempting	-0.46	0.71
loudly	-0.46	0.36
throw	-0.46	0.40
difficulties	-0.46	0.36
goes	-0.46	0.39
answered	-0.46	0.77
clung	-0.46	0.44
fed	-0.46	0.65
boy	-0.45	0.91
crack	-0.45	0.18
instance	-0.45	0.71
suggest	-0.45	0.26
getting	-0.45	0.45
muscles	-0.45	0.59
shooting	-0.45	0.13
outfit	-0.45	0.29
ma	-0.45	0.78
charges	-0.45	0.21
andrew	-0.45	0.35
aware	-0.45	0.61
emotion	-0.45	1.26
thank	-0.45	0.89
ourselves	-0.45	0.72
un	-0.45	0.33
acts	-0.45	0.25
cellar	-0.44	0.15
counter	-0.44	0.65
amy	-0.44	0.50
attempts	-0.44	0.69
better	-0.44	0.97
meadows	-0.44	0.37
amusement	-0.44	0.80
sergeant	-0.44	0.29
deer	-0.44	0.26
ing	-0.44	0.74
matter	-0.44	0.44
come	-0.44	0.66
sprang	-0.44	0.25
facing	-0.44	0.19
stirred	-0.44	0.79
slept	-0.44	0.54
mcguire	-0.44	0.25
r	-0.44	0.24
l	-0.44	0.21
phone	-0.43	0.38
dutch	-0.43	0.65
fight	-0.43	0.61
gentleman	-0.43	1.01
trying	-0.43	0.77
objected	-0.43	0.61
suspect	-0.43	0.94
crosses	-0.43	0.39
belong	-0.43	0.75
draft	-0.43	0.48
felt	-0.43	0.68
unconscious	-0.43	0.56
attempted	-0.43	0.75
soldiers	-0.43	0.28
able	-0.43	0.73
frankly	-0.43	0.54
andy	-0.43	0.43
says	-0.43	0.51
knows	-0.43	0.88
rush	-0.42	0.41
find	-0.42	0.55
wolf	-0.42	0.30
isabel	-0.42	0.42
martha	-0.42	0.46
cried	-0.42	0.75
approach	-0.42	0.48
happen	-0.42	0.90
replied	-0.42	0.74
hitherto	-0.42	0.36
must	-0.42	0.89
fighting	-0.42	0.38
plainly	-0.42	0.48
repeat	-0.42	0.45
pressure	-0.42	0.51
soldier	-0.42	0.82
bear	-0.42	0.24
luck	-0.42	1.95
sally	-0.42	0.55
considerably	-0.42	0.42
sees	-0.42	0.47
boss	-0.41	0.89
fallen	-0.41	0.63
comes	-0.41	0.39
remarked	-0.41	0.74
laugh	-0.41	0.52
fiamma	-0.41	1.31
herd	-0.41	0.24
answer	-0.41	0.50
seemed	-0.41	0.49
eleanor	-0.41	0.65
secondary	-0.41	0.66
possibly	-0.41	0.79
glances	-0.41	0.26
hear	-0.41	0.42
crying	-0.41	0.69
tried	-0.40	0.82
knocked	-0.40	0.16
emma	-0.40	0.31
ere	-0.40	0.37
roy	-0.40	0.78
because	-0.40	0.77
struggled	-0.40	0.51
michael	-0.40	0.18
rufe	-0.40	0.50
make	-0.40	0.33
hears	-0.40	0.40
starting	-0.40	0.41
owen	-0.40	0.34
resolved	-0.40	0.78
shaking	-0.40	0.35
abandoned	-0.40	0.21
stuart	-0.40	0.26
confession	-0.40	0.23
natives	-0.40	0.57
mare	-0.40	0.21
ward	-0.39	0.48
forgot	-0.39	0.58
innocent	-0.39	0.63
turned	-0.39	0.52
pull	-0.39	0.32
excuse	-0.39	0.68
allowed	-0.39	0.93
shouted	-0.39	0.45
hurley	-0.39	0.34
banneker	-0.39	0.39
jan	-0.39	0.27
shakes	-0.39	0.38
tim	-0.39	0.19
flames	-0.39	0.53
enters	-0.39	0.36
refused	-0.39	0.75
beating	-0.39	0.49
everybody	-0.39	0.67
hole	-0.39	0.37
automobiles	-0.39	0.13
whisper	-0.39	0.24
lizzie	-0.39	0.42
protested	-0.39	0.74
scout	-0.39	0.67
bob	-0.39	0.66
helen	-0.39	0.62
ashore	-0.39	0.22
mormon	-0.38	0.38
rhoda	-0.38	0.19
negro	-0.38	0.95
owing	-0.38	0.13
medical	-0.38	0.27
proceed	-0.38	0.43
closely	-0.38	0.19
describe	-0.38	0.34
babies	-0.38	0.84
seas	-0.38	0.70
fix	-0.38	0.49
naturally	-0.38	0.55
wet	-0.38	0.81
rang	-0.38	0.24
indians	-0.38	0.17
observed	-0.38	0.76
enable	-0.38	0.75
halted	-0.38	0.24
added	-0.38	0.69
either	-0.38	0.75
shout	-0.38	0.32
female	-0.38	0.75
revolver	-0.38	0.18
demanded	-0.38	0.76
emergency	-0.38	0.54
remote	-0.37	0.91
bell	-0.37	0.20
vi	-0.37	0.23
stronger	-0.37	0.61
lightning	-0.37	0.29
criticism	-0.37	0.32
altogether	-0.37	0.49
f	-0.37	0.25
tears	-0.37	0.69
appears	-0.37	0.27
determined	-0.37	0.71
suspended	-0.37	0.09
persisted	-0.37	0.72
turns	-0.37	0.32
ralph	-0.37	0.24
knife	-0.37	0.14
jackson	-0.37	0.35
meg	-0.37	0.37
moreover	-0.37	0.32
blows	-0.37	0.38
sheep	-0.37	0.29
gets	-0.37	0.31
fail	-0.37	0.77
commanded	-0.37	0.52
wind	-0.37	0.77
et	-0.37	0.27
plot	-0.36	0.43
prevent	-0.36	0.30
concerning	-0.36	0.61
leave	-0.36	0.90
gave	-0.36	0.27
cases	-0.36	0.16
fox	-0.36	0.23
laughs	-0.36	0.22
gentlemen	-0.36	0.60
depend	-0.36	0.44
alive	-0.36	0.22
expect	-0.36	0.76
interrupted	-0.36	0.74
motionless	-0.36	0.27
suggested	-0.36	0.76
takes	-0.36	0.31
attempt	-0.36	0.65
arrival	-0.36	0.54
cut	-0.36	0.19
honestly	-0.36	0.62
connected	-0.36	0.56
fur	-0.36	0.34
florence	-0.36	0.39
speaker	-0.36	0.16
makes	-0.35	0.50
sam	-0.35	0.40
affairs	-0.35	0.64
stopping	-0.35	0.37
calls	-0.35	0.40
looks	-0.35	0.31
effort	-0.35	0.64
nods	-0.35	0.35
molly	-0.35	0.51
solemnly	-0.35	0.64
help	-0.35	0.86
bud	-0.35	0.42
looked	-0.35	0.59
woman	-0.35	1.75
runs	-0.35	0.32
moves	-0.35	0.29
rises	-0.35	0.39
h	-0.35	0.22
police	-0.35	0.14
dad	-0.35	0.65
anything	-0.35	0.91
walker	-0.35	0.26
failed	-0.35	0.78
forces	-0.35	0.59
clock	-0.34	0.22
le	-0.34	0.30
chase	-0.34	0.61
agreed	-0.34	0.73
liza	-0.34	0.41
begged	-0.34	0.75
observe	-0.34	0.39
neither	-0.34	0.88
cornelia	-0.34	0.45
calling	-0.34	0.75
guessed	-0.34	1.04
looking	-0.34	0.31
closes	-0.34	0.29
persuaded	-0.34	0.72
attacked	-0.34	0.31
crowd	-0.34	0.29
effects	-0.34	0.54
grow	-0.34	0.29
asks	-0.34	0.41
major	-0.33	0.44
ruth	-0.33	0.64
oscar	-0.33	0.39
win	-0.33	0.37
ratio	-0.33	0.74
na	-0.33	0.28
stands	-0.33	0.28
seems	-0.33	0.71
order	-0.33	0.69
movements	-0.33	0.56
jane	-0.33	0.65
wish	-0.33	0.77
mac	-0.33	0.24
bailey	-0.33	0.38
int	-0.33	0.15
walks	-0.33	0.26
hardy	-0.33	0.39
something	-0.33	0.83
viii	-0.33	0.52
picks	-0.33	0.28
venture	-0.33	0.39
anyone	-0.33	1.03
imposed	-0.33	0.28
insurance	-0.32	0.77
permit	-0.32	0.71
instant	-0.32	0.30
listening	-0.32	0.27
trina	-0.32	0.25
hi	-0.32	0.34
mrs	-0.32	0.52
went	-0.32	0.46
kitty	-0.32	0.54
justify	-0.32	0.23
powerful	-0.32	0.65
reveal	-0.32	0.35
determination	-0.32	0.57
brewster	-0.32	0.40
responded	-0.32	0.65
raises	-0.32	0.30
marcus	-0.32	0.28
politics	-0.32	0.47
absence	-0.32	0.16
grew	-0.32	0.33
emerson	-0.32	0.58
meantime	-0.32	0.28
roland	-0.32	0.23
mcteague	-0.32	0.24
run	-0.32	0.49
without	-0.32	0.64
someone	-0.32	0.75
jaw	-0.32	0.17
leaped	-0.32	0.21
thrown	-0.32	0.19
apparently	-0.32	0.51
choose	-0.32	0.83
deny	-0.31	0.60
overland	-0.31	0.28
proceeded	-0.31	0.60
throws	-0.31	0.28
bodies	-0.31	0.46
waiting	-0.31	0.34
strike	-0.31	0.23
wait	-0.31	0.75
dragged	-0.31	0.29
prevented	-0.31	0.46
drifted	-0.31	0.20
missing	-0.31	0.42
bt	-0.31	0.27
continues	-0.31	0.27
opens	-0.31	0.28
pursued	-0.31	0.36
walked	-0.31	0.44
lots	-0.31	1.25
intended	-0.31	0.90
checked	-0.31	0.22
keep	-0.31	0.46
realize	-0.30	0.49
managed	-0.30	0.85
waited	-0.30	0.31
leaving	-0.30	0.41
puts	-0.30	0.30
jury	-0.30	0.18
bits	-0.30	0.23
carry	-0.30	0.42
remembered	-0.30	1.03
fit	-0.30	0.49
watching	-0.30	0.29
bones	-0.30	0.20
introduction	-0.30	0.60
c	-0.30	0.23
jo	-0.30	0.58
complaint	-0.30	0.18
anywhere	-0.30	0.96
ship	-0.30	0.14
else	-0.30	1.03
roberts	-0.30	0.58
dispute	-0.30	0.24
suggestions	-0.30	0.54
appear	-0.30	0.43
charity	-0.30	0.56
speaks	-0.30	0.34
lane	-0.30	0.31
maria	-0.29	0.44
decided	-0.29	0.87
kelly	-0.29	0.27
horse	-0.29	0.18
scott	-0.29	0.30
crew	-0.29	0.15
angle	-0.29	0.21
need	-0.29	0.86
starts	-0.29	0.35
arise	-0.29	0.20
ben	-0.29	0.31
load	-0.29	0.16
ran	-0.29	0.38
finishes	-0.29	0.29
pause	-0.29	0.57
move	-0.29	0.47
hard	-0.29	2.17
deliberately	-0.29	0.29
stepped	-0.29	0.33
towards	-0.29	0.21
start	-0.29	0.52
unusual	-0.29	2.52
nationalist	-0.29	0.28
filled	-0.29	0.52
harriet	-0.29	0.61
roar	-0.29	0.42
dick	-0.29	0.57
sits	-0.29	0.32
flung	-0.29	0.23
clara	-0.29	0.49
deck	-0.29	0.16
save	-0.28	0.81
taking	-0.28	0.37
begun	-0.28	0.50
saddle	-0.28	0.17
ride	-0.28	0.33
david	-0.28	0.34
wished	-0.28	0.89
loaded	-0.28	0.13
nina	-0.28	0.70
transfer	-0.28	0.62
hero	-0.28	0.52
b	-0.28	0.16
miss	-0.28	1.06
jumped	-0.28	0.32
advise	-0.28	0.57
drive	-0.28	0.29
la	-0.28	0.31
garnache	-0.28	0.41
turn	-0.28	0.48
sure	-0.28	2.04
carrying	-0.27	0.18
earnest	-0.27	0.69
sword	-0.27	0.39
stand	-0.27	0.53
activities	-0.27	0.57
examined	-0.27	0.19
refusal	-0.27	0.53
temper	-0.27	0.66
grace	-0.27	0.30
helped	-0.27	0.80
specific	-0.27	0.42
reach	-0.27	0.36
guards	-0.27	0.13
put	-0.27	0.33
circumstances	-0.27	0.37
kennicott	-0.27	0.36
awake	-0.27	0.22
discussing	-0.27	0.50
cease	-0.27	0.30
shy	-0.27	0.61
presently	-0.27	0.24
especially	-0.27	0.53
call	-0.27	0.74
camera	-0.26	0.25
gaze	-0.26	0.34
blake	-0.26	0.22
gazing	-0.26	0.31
brow	-0.26	0.57
asleep	-0.26	0.25
allen	-0.26	0.35
repeated	-0.26	0.84
sailing	-0.26	0.18
aim	-0.26	0.28
shot	-0.26	0.15
conscience	-0.26	0.61
ask	-0.26	0.89
breathing	-0.26	0.23
witnesses	-0.26	0.13
flight	-0.26	0.51
impression	-0.26	0.41
rider	-0.26	0.21
anderson	-0.26	0.44
commented	-0.26	0.65
judith	-0.26	0.36
lang	-0.26	0.27
talking	-0.26	0.51
chose	-0.26	0.85
isolated	-0.26	0.57
due	-0.26	0.21
threw	-0.25	0.23
bring	-0.25	0.50
troops	-0.25	0.15
paused	-0.25	0.61
drove	-0.25	0.32
smiling	-0.25	0.69
differences	-0.25	0.23
holds	-0.25	0.28
putting	-0.25	0.28
wanting	-0.25	0.74
knowing	-0.25	0.65
pulled	-0.25	0.24
older	-0.25	0.95
pushing	-0.25	0.26
iris	-0.25	0.17
rosemary	-0.25	0.54
enough	-0.25	0.73
imagined	-0.25	1.07
guide	-0.25	0.28
ho	-0.25	0.31
sank	-0.25	0.21
camp	-0.25	0.32
returned	-0.25	0.66
whenever	-0.25	0.48
begin	-0.24	0.54
nothing	-0.24	1.01
draw	-0.24	0.39
prepared	-0.24	0.57
horses	-0.24	0.19
walking	-0.24	0.25
passes	-0.24	0.28
finding	-0.24	0.34
big	-0.24	0.72
title	-0.24	0.28
fell	-0.24	0.14
fact	-0.24	0.46
butler	-0.24	0.31
left	-0.24	0.43
follow	-0.24	0.46
drop	-0.24	0.25
resumed	-0.24	0.34
sarah	-0.24	0.51
falls	-0.24	0.16
detectives	-0.24	0.10
declined	-0.24	0.57
compare	-0.24	0.58
us	-0.24	0.75
pieces	-0.24	0.22
spoke	-0.24	0.78
asked	-0.23	0.90
pointing	-0.23	0.26
traveled	-0.23	0.24
cattle	-0.23	0.22
medium	-0.23	0.17
lying	-0.23	0.20
der	-0.23	0.23
stopped	-0.23	0.41
riding	-0.23	0.16
rent	-0.23	0.40
betty	-0.23	0.71
picking	-0.23	0.25
med	-0.23	0.16
forth	-0.23	0.21
sit	-0.23	0.43
automatic	-0.23	0.14
negroes	-0.23	0.28
likely	-0.23	0.64
fade	-0.23	0.18
exceedingly	-0.23	0.44
driving	-0.23	0.14
rode	-0.23	0.23
off	-0.23	0.12
boys	-0.23	0.71
perry	-0.23	0.48
hippy	-0.23	0.33
scene	-0.23	0.21
iii	-0.23	0.29
sounded	-0.23	0.20
explained	-0.23	0.90
expressed	-0.23	0.68
throwing	-0.23	0.22
draws	-0.22	0.30
pony	-0.22	0.25
riders	-0.22	0.25
otherwise	-0.22	0.63
nerve	-0.22	0.36
spite	-0.22	0.34
adding	-0.22	0.38
pat	-0.22	0.47
sought	-0.22	0.72
doubt	-0.22	0.68
stood	-0.22	0.32
desire	-0.22	0.78
lay	-0.22	0.17
hook	-0.22	0.20
polly	-0.22	0.39
hello	-0.22	0.66
reaches	-0.22	0.26
declared	-0.22	0.70
sail	-0.22	0.16
papa	-0.22	0.84
ones	-0.22	0.50
sailors	-0.22	0.25
armies	-0.22	0.16
walk	-0.22	0.39
concerned	-0.22	0.38
battle	-0.22	0.35
exits	-0.22	0.33
joseph	-0.22	0.36
decide	-0.22	0.37
stay	-0.21	0.75
morton	-0.21	0.43
warned	-0.21	0.79
leaned	-0.21	0.46
bringing	-0.21	0.34
signal	-0.21	0.21
cu	-0.21	0.35
dropped	-0.21	0.21
unless	-0.21	0.82
asking	-0.21	0.63
gordon	-0.21	0.74
semi	-0.21	0.21
obey	-0.21	0.36
advised	-0.21	0.69
declares	-0.21	0.50
summoned	-0.21	0.66
breaking	-0.21	0.19
carried	-0.21	0.34
downstairs	-0.21	0.42
buddy	-0.21	0.37
highly	-0.21	0.36
picked	-0.21	0.23
longer	-0.21	0.66
gates	-0.21	0.11
rising	-0.21	0.38
jump	-0.21	0.25
exit	-0.21	0.28
close	-0.21	0.20
bobby	-0.21	0.57
plea	-0.21	0.18
away	-0.21	0.14
port	-0.21	0.13
split	-0.20	0.12
pushed	-0.20	0.30
vessel	-0.20	0.15
carefully	-0.20	0.25
norma	-0.20	0.76
smiles	-0.20	0.25
died	-0.20	0.85
backed	-0.20	0.17
contest	-0.20	0.23
animal	-0.20	0.65
faces	-0.20	0.25
took	-0.20	0.33
quick	-0.20	0.21
maid	-0.20	1.00
hanging	-0.20	0.17
trick	-0.20	0.65
carries	-0.20	0.19
falling	-0.20	0.23
practice	-0.20	0.49
moved	-0.20	0.34
still	-0.20	0.38
running	-0.20	0.27
brooklyn	-0.20	0.14
besides	-0.20	0.73
questions	-0.20	0.17
rolled	-0.20	0.14
mister	-0.20	0.33
lost	-0.19	0.23
drew	-0.19	0.30
campbell	-0.19	0.46
masses	-0.19	0.39
ships	-0.19	0.13
revolutionary	-0.19	0.35
noted	-0.19	0.77
critics	-0.19	0.49
gives	-0.19	0.24
heels	-0.19	0.18
fleet	-0.19	0.11
sooner	-0.19	0.75
fanny	-0.19	0.38
whereas	-0.19	0.38
spots	-0.19	0.50
buck	-0.19	0.66
sailed	-0.19	0.13
communists	-0.19	0.24
raymond	-0.19	0.49
fishing	-0.19	0.20
case	-0.19	0.18
dropping	-0.19	0.15
court	-0.19	0.25
retreat	-0.19	0.11
debate	-0.19	0.21
nor	-0.19	0.95
craft	-0.19	0.16
answers	-0.19	0.21
became	-0.19	0.35
gregory	-0.19	0.18
passionate	-0.19	1.89
correct	-0.19	0.51
amory	-0.19	0.49
van	-0.19	0.25
wine	-0.18	0.61
rough	-0.18	0.72
smith	-0.18	0.30
moments	-0.18	0.19
glance	-0.18	0.30
agree	-0.18	0.40
column	-0.18	0.14
beings	-0.18	0.69
brings	-0.18	0.21
ordered	-0.18	0.56
follows	-0.18	0.31
slipped	-0.18	0.22
interest	-0.18	0.65
bone	-0.18	0.20
tied	-0.18	0.15
trouble	-0.18	0.41
pulling	-0.18	0.21
questioned	-0.18	0.72
drops	-0.18	0.25
sound	-0.18	0.21
happened	-0.18	1.01
heavily	-0.18	0.13
spread	-0.18	0.12
voyage	-0.18	0.17
people	-0.18	0.55
while	-0.18	0.30
racing	-0.18	0.13
accept	-0.18	0.39
inhabitants	-0.18	0.55
opened	-0.18	0.15
lead	-0.17	0.21
steps	-0.17	0.18
bars	-0.17	0.12
tossed	-0.17	0.20
kate	-0.17	0.50
lap	-0.17	0.19
become	-0.17	0.50
branch	-0.17	0.81
designed	-0.17	0.58
lewis	-0.17	0.22
en	-0.17	0.16
send	-0.17	0.48
heard	-0.17	0.35
johnson	-0.17	0.19
swung	-0.17	0.24
dam	-0.17	0.26
came	-0.17	0.50
everything	-0.17	0.76
stolen	-0.17	0.29
occur	-0.17	0.45
victory	-0.17	0.50
might	-0.16	0.93
consequence	-0.16	0.19
standing	-0.16	0.25
grown	-0.16	0.70
companion	-0.16	0.95
pockets	-0.16	0.14
peter	-0.16	0.26
dean	-0.16	0.32
admission	-0.16	0.10
hen	-0.16	0.24
dog	-0.16	0.30
slid	-0.16	0.19
continually	-0.16	0.26
look	-0.16	0.39
species	-0.16	0.51
hiding	-0.16	0.12
although	-0.16	0.75
pass	-0.16	0.42
warrant	-0.16	0.16
started	-0.16	0.51
deputy	-0.16	0.13
probably	-0.16	0.97
bunk	-0.16	0.23
linda	-0.16	0.39
brought	-0.15	0.43
slowly	-0.15	0.19
often	-0.15	0.74
sinclair	-0.15	0.13
whether	-0.15	0.65
oath	-0.15	0.72
door	-0.15	0.14
mercury	-0.15	0.57
campaign	-0.15	0.17
margot	-0.15	0.26
bram	-0.15	0.33
passion	-0.15	1.99
cell	-0.15	0.12
attention	-0.15	0.17
judge	-0.15	0.16
closing	-0.15	0.15
statements	-0.15	0.23
nominee	-0.15	0.18
account	-0.15	0.20
outside	-0.15	0.16
emotional	-0.15	0.68
legs	-0.15	0.28
remain	-0.15	0.42
announced	-0.15	0.69
again	-0.15	0.51
write	-0.14	0.37
lincoln	-0.14	0.26
disposed	-0.14	0.36
du	-0.14	0.29
accordingly	-0.14	0.29
enthusiastic	-0.14	0.73
servant	-0.14	0.69
almost	-0.14	0.43
responsibility	-0.14	0.33
jack	-0.14	0.51
give	-0.14	0.43
meant	-0.14	1.01
boats	-0.14	0.17
swept	-0.14	0.48
words	-0.14	0.21
harbor	-0.14	0.14
witness	-0.14	0.14
internal	-0.14	0.82
inside	-0.14	0.11
faust	-0.14	0.34
archer	-0.14	0.36
laying	-0.14	0.17
carriage	-0.14	0.18
motives	-0.14	0.66
belongs	-0.14	0.30
began	-0.14	0.70
crowds	-0.14	0.32
annie	-0.14	0.86
ears	-0.14	0.14
ready	-0.14	0.67
seldom	-0.14	0.76
nearer	-0.13	0.25
professor	-0.13	0.18
harding	-0.13	0.23
holding	-0.13	0.26
finds	-0.13	0.32
bowed	-0.13	0.45
followed	-0.13	0.40
frontier	-0.13	0.15
others	-0.13	0.57
lieutenant	-0.13	0.27
ceiling	-0.13	0.49
caught	-0.13	0.35
insisted	-0.13	0.82
view	-0.13	0.16
doorway	-0.13	0.16
himself	-0.13	0.46
indifference	-0.13	0.76
wrapped	-0.13	0.15
philip	-0.13	0.19
ceased	-0.13	0.22
loose	-0.13	0.18
officer	-0.13	0.19
flash	-0.13	0.25
themselves	-0.13	0.46
mount	-0.13	0.14
marched	-0.13	0.17
indian	-0.13	0.54
lot	-0.13	2.07
thoughtful	-0.12	0.96
colonial	-0.12	0.58
thunder	-0.12	0.51
simply	-0.12	0.74
despite	-0.12	0.29
different	-0.12	0.53
toward	-0.12	0.13
examination	-0.12	0.17
guard	-0.12	0.10
approached	-0.12	0.38
expected	-0.12	0.77
sitting	-0.12	0.25
billy	-0.12	0.48
making	-0.12	0.30
pierre	-0.12	0.20
plunged	-0.12	0.14
boat	-0.12	0.17
vessels	-0.12	0.14
liquor	-0.12	0.30
swiftly	-0.12	0.13
child	-0.12	1.83
handed	-0.12	0.22
hearing	-0.12	0.11
largely	-0.12	0.23
things	-0.12	0.81
open	-0.12	0.12
alike	-0.12	0.66
inquiry	-0.12	0.15
range	-0.12	0.11
laughing	-0.12	0.46
defend	-0.12	0.73
carol	-0.11	0.45
consideration	-0.11	0.16
led	-0.11	0.29
distant	-0.11	0.15
frank	-0.11	0.41
returning	-0.11	0.36
lord	-0.11	1.28
sober	-0.11	0.57
henry	-0.11	0.52
investigation	-0.11	0.14
freely	-0.11	0.54
also	-0.11	0.50
rockefeller	-0.11	0.26
bryan	-0.11	0.20
affect	-0.11	0.69
continue	-0.11	0.43
aunt	-0.11	0.88
jean	-0.11	0.37
thrust	-0.11	0.23
till	-0.11	0.37
rope	-0.11	0.15
arthur	-0.11	0.38
winning	-0.11	0.21
seek	-0.11	0.52
inevitable	-0.11	0.38
raise	-0.11	0.12
leads	-0.11	0.17
reaction	-0.11	0.34
clerk	-0.11	0.28
perhaps	-0.11	0.80
live	-0.11	0.65
constantly	-0.11	0.38
judges	-0.11	0.17
landed	-0.11	0.13
eve	-0.10	0.49
waved	-0.10	0.58
speech	-0.10	0.11
anne	-0.10	0.60
cow	-0.10	0.25
wars	-0.10	0.29
colonel	-0.10	0.28
headed	-0.10	0.14
thing	-0.10	0.72
authorized	-0.10	0.43
thompson	-0.10	0.28
dogs	-0.10	0.29
hoped	-0.10	0.75
stage	-0.10	0.26
conversation	-0.10	0.67
entered	-0.10	0.27
telling	-0.10	0.72
intent	-0.10	0.37
directly	-0.10	0.33
joy	-0.10	0.85
show	-0.10	0.36
reporter	-0.10	0.15
cautiously	-0.10	0.14
cagle	-0.10	0.57
return	-0.10	0.40
beth	-0.10	0.54
reaching	-0.09	0.19
horn	-0.09	0.22
wholly	-0.09	0.33
urged	-0.09	0.73
person	-0.09	0.77
wings	-0.09	0.52
hardly	-0.09	0.97
factors	-0.09	0.61
lifted	-0.09	0.20
plenty	-0.09	2.25
even	-0.09	0.92
skull	-0.09	0.11
turks	-0.09	0.22
step	-0.09	0.24
dale	-0.09	0.53
army	-0.09	0.17
expression	-0.09	0.41
influence	-0.09	0.63
hoover	-0.09	0.20
saved	-0.09	0.47
coolidge	-0.09	0.20
coach	-0.09	0.11
stretch	-0.09	0.14
lee	-0.09	0.42
explanation	-0.09	0.19
question	-0.09	0.17
amid	-0.09	0.42
ii	-0.08	0.37
rings	-0.08	0.49
forest	-0.08	0.37
hank	-0.08	0.17
wagon	-0.08	0.14
discussion	-0.08	0.19
johnnie	-0.08	0.40
ext	-0.08	0.19
trail	-0.08	0.13
paris	-0.08	0.18
least	-0.08	0.54
bearing	-0.08	0.12
williams	-0.08	0.35
veins	-0.08	0.54
reed	-0.08	0.16
handle	-0.08	0.27
frederick	-0.08	0.59
factor	-0.08	0.53
recognize	-0.08	0.42
davis	-0.08	0.25
watched	-0.08	0.63
piece	-0.08	0.23
conclusions	-0.08	0.23
investigate	-0.08	0.13
empty	-0.08	0.14
presence	-0.08	0.38
believe	-0.08	0.68
doors	-0.08	0.12
stairs	-0.08	0.17
jimmy	-0.07	0.31
tricks	-0.07	0.61
russian	-0.07	0.19
tribes	-0.07	0.13
however	-0.07	0.53
rendered	-0.07	0.16
slight	-0.07	0.46
condition	-0.07	0.47
minutes	-0.07	0.23
key	-0.07	0.11
swift	-0.07	0.40
parallel	-0.07	0.19
truck	-0.07	0.11
message	-0.07	0.16
sending	-0.07	0.26
forward	-0.07	0.16
finished	-0.07	0.54
pity	-0.07	1.91
marion	-0.07	0.53
tribe	-0.07	0.22
klan	-0.07	0.29
rarely	-0.07	0.66
meet	-0.07	0.78
behind	-0.07	0.12
samuel	-0.07	0.36
giving	-0.07	0.33
ranch	-0.07	0.17
twice	-0.07	0.61
necessity	-0.07	0.62
evidence	-0.07	0.17
admiral	-0.07	0.19
county	-0.07	0.09
midnight	-0.07	0.23
leaning	-0.07	0.24
returns	-0.07	0.16
elsewhere	-0.07	0.32
trace	-0.07	0.30
fly	-0.07	0.20
prophet	-0.07	0.72
tone	-0.07	0.50
hugh	-0.07	0.47
germans	-0.07	0.14
traveling	-0.06	0.10
reply	-0.06	0.32
promptly	-0.06	0.45
objection	-0.06	0.27
edward	-0.06	0.49
confronted	-0.06	0.41
create	-0.06	0.30
lambert	-0.06	0.27
lawrence	-0.06	0.24
soviet	-0.06	0.26
sat	-0.06	0.26
tree	-0.06	0.72
delivered	-0.06	0.12
watch	-0.06	0.28
colored	-0.06	0.52
travel	-0.06	0.19
alien	-0.06	0.12
kent	-0.06	0.19
less	-0.06	0.44
sight	-0.06	0.47
neighbor	-0.06	0.74
buffalo	-0.06	0.21
male	-0.06	0.53
immediately	-0.06	0.48
locked	-0.06	0.16
mounted	-0.06	0.13
farther	-0.06	0.21
faster	-0.06	0.49
marian	-0.06	0.63
set	-0.06	0.56
suggests	-0.06	0.21
crops	-0.06	0.73
testimony	-0.06	0.17
foot	-0.06	0.12
closed	-0.06	0.14
entirely	-0.06	0.41
driver	-0.06	0.13
onto	-0.06	0.08
disappeared	-0.06	0.35
acted	-0.06	0.31
unfortunately	-0.06	0.43
bunch	-0.05	1.14
long	-0.05	0.19
handled	-0.05	0.21
nelson	-0.05	0.32
determine	-0.05	0.22
base	-0.05	0.17
voices	-0.05	0.25
belt	-0.05	0.16
pocket	-0.05	0.10
grandfather	-0.05	0.60
grand	-0.05	0.17
fort	-0.05	0.10
deliver	-0.05	0.21
nowhere	-0.05	0.51
wider	-0.05	0.26
blew	-0.05	0.44
ice	-0.05	0.32
helping	-0.05	0.50
slip	-0.05	0.15
civil	-0.05	0.16
backs	-0.05	0.21
bag	-0.05	0.13
benjamin	-0.05	0.40
bar	-0.05	0.22
direct	-0.05	0.52
express	-0.05	0.66
winds	-0.05	0.90
though	-0.05	0.88
command	-0.05	0.14
therefore	-0.05	0.43
easy	-0.05	0.53
telephone	-0.05	0.16
declare	-0.05	0.34
becomes	-0.05	0.22
car	-0.04	0.12
democrats	-0.04	0.16
borah	-0.04	0.14
fashion	-0.04	0.37
heap	-0.04	0.18
studying	-0.04	0.52
ticket	-0.04	0.17
moscow	-0.04	0.19
entering	-0.04	0.16
prefer	-0.04	0.63
moving	-0.04	0.10
issue	-0.04	0.21
fall	-0.04	0.37
reads	-0.04	0.17
direction	-0.04	0.11
concluded	-0.04	0.55
approaching	-0.04	0.40
connection	-0.04	0.25
apart	-0.04	0.12
satisfy	-0.04	0.41
amazing	-0.04	1.20
dorothy	-0.04	0.75
lucy	-0.04	0.55
gloom	-0.04	0.54
yesterday	-0.04	0.06
wave	-0.04	0.53
glimpse	-0.04	0.33
surrender	-0.04	0.84
jacob	-0.04	0.47
tongue	-0.04	0.20
couple	-0.04	1.53
president	-0.04	0.22
regarded	-0.04	0.63
bird	-0.04	0.26
barely	-0.03	0.45
hollow	-0.03	0.12
agents	-0.03	0.13
favorite	-0.03	0.40
eddie	-0.03	0.27
upon	-0.03	0.08
lowered	-0.03	0.11
sent	-0.03	0.36
tide	-0.03	0.25
alice	-0.03	1.08
robinson	-0.03	0.17
tonight	-0.03	0.29
stuck	-0.03	0.12
dig	-0.03	0.12
landing	-0.03	0.17
sheriff	-0.03	0.41
spending	-0.03	0.64
grasp	-0.03	0.25
presidential	-0.03	0.18
silently	-0.03	0.20
involved	-0.03	0.34
tail	-0.03	0.21
problems	-0.03	0.26
drink	-0.03	0.35
nan	-0.03	0.38
drinks	-0.03	0.33
entrance	-0.03	0.09
difference	-0.03	0.30
morris	-0.02	0.51
shore	-0.02	0.14
arrive	-0.02	0.28
drift	-0.02	0.20
waterman	-0.02	0.66
commander	-0.02	0.12
arose	-0.02	0.25
receiving	-0.02	0.15
gradually	-0.02	0.22
prove	-0.02	0.41
actually	-0.02	0.71
leader	-0.02	0.11
problem	-0.02	0.27
done	-0.02	1.14
willie	-0.02	0.47
piled	-0.02	0.17
realization	-0.02	0.59
james	-0.02	0.44
trained	-0.02	0.20
directed	-0.02	0.31
reminded	-0.02	0.96
majesty	-0.02	0.58
laid	-0.02	0.22
details	-0.02	0.08
definitely	-0.02	0.39
situation	-0.02	0.29
necessarily	-0.02	0.20
staff	-0.02	0.19
release	-0.02	0.25
beach	-0.02	0.17
resistance	-0.02	0.28
beside	-0.02	0.24
shows	-0.02	0.16
george	-0.02	0.53
highway	-0.02	0.09
periods	-0.02	0.11
page	-0.02	0.30
climb	-0.02	0.10
candidate	-0.02	0.14
alert	-0.02	0.42
babs	-0.02	0.38
arnold	-0.02	0.27
authorities	-0.01	0.14
bay	-0.01	0.13
scarcely	-0.01	0.89
claire	-0.01	0.35
traffic	-0.01	0.14
ellen	-0.01	0.52
points	-0.01	0.11
walter	-0.01	0.39
remains	-0.01	0.27
upstairs	-0.01	0.41
slightest	-0.01	0.41
richard	-0.01	0.60
believing	-0.01	0.45
views	-0.01	0.37
cover	-0.01	0.15
senators	-0.01	0.14
burn	-0.01	0.24
lock	-0.01	0.16
hour	-0.01	0.20
safely	-0.01	0.43
hughes	-0.01	0.16
train	-0.01	0.11
based	-0.01	0.26
motor	-0.01	0.14
governor	-0.01	0.13
randy	-0.01	0.53
fog	-0.01	0.67
raised	-0.01	0.12
fastened	-0.01	0.12
teeth	-0.01	0.12
frequently	-0.01	0.67
word	-0.01	0.36
removed	-0.00	0.15
believes	-0.00	0.68
election	-0.00	0.19
climbed	-0.00	0.16
girl	-0.00	1.75
arguments	-0.00	0.15
envelope	-0.00	0.10
headquarters	-0.00	0.10
called	-0.00	0.96
listened	-0.00	0.43
candidates	-0.00	0.17
lecture	-0.00	0.07
crossed	-0.00	0.10
ways	-0.00	0.79
finally	-0.00	0.46
opening	-0.00	0.10
note	0.00	0.16
equally	0.00	0.35
located	0.00	0.15
women	0.00	0.98
iv	0.00	0.32
nomination	0.00	0.14
mountain	0.00	0.13
lantern	0.00	0.20
drawn	0.00	0.24
counted	0.00	0.81
martin	0.00	0.40
discipline	0.01	0.46
quietly	0.01	0.45
goodness	0.01	0.75
depths	0.01	0.22
point	0.01	0.21
continued	0.01	0.38
rose	0.01	0.18
resort	0.01	0.55
champion	0.01	0.16
dressing	0.01	0.21
pencil	0.01	0.11
platform	0.01	0.10
hence	0.01	0.21
request	0.01	0.31
senator	0.01	0.12
defense	0.01	0.22
john	0.01	0.55
descended	0.01	0.18
actions	0.01	0.51
packed	0.01	0.13
letter	0.01	0.15
opposition	0.01	0.21
herbert	0.01	0.40
ideas	0.01	0.44
foreigners	0.01	0.49
cage	0.01	0.22
tend	0.01	0.50
uniform	0.01	0.31
queen	0.01	0.85
attached	0.01	0.09
turkish	0.01	0.20
distance	0.01	0.12
sheet	0.01	0.09
indicates	0.02	0.16
conclusion	0.02	0.24
sara	0.02	0.40
bending	0.02	0.33
firmly	0.02	0.26
crowded	0.02	0.10
parlor	0.02	0.22
republican	0.02	0.13
nearest	0.02	0.10
render	0.02	0.20
audience	0.02	0.41
seeing	0.02	0.71
sharp	0.02	0.52
keeping	0.02	0.24
temperature	0.02	0.59
accomplish	0.02	0.28
dan	0.02	0.46
woods	0.02	0.35
robert	0.02	0.47
hours	0.02	0.25
channel	0.02	0.16
snow	0.02	0.99
easily	0.02	0.77
placed	0.02	0.17
pole	0.02	0.12
swinging	0.02	0.13
ahead	0.02	0.21
uncle	0.02	0.56
corps	0.02	0.13
gone	0.02	1.01
mostly	0.02	0.76
concealed	0.02	0.17
center	0.02	0.15
mayor	0.02	0.08
namely	0.02	0.66
communist	0.02	0.26
bedroom	0.03	0.15
clark	0.03	0.43
assure	0.03	0.44
grandmother	0.03	1.02
claims	0.03	0.15
across	0.03	0.10
dismissed	0.03	0.20
mail	0.03	0.12
sign	0.03	0.35
heavy	0.03	0.73
bark	0.03	0.26
promised	0.03	0.81
buried	0.03	0.12
wheel	0.03	0.12
kinds	0.03	0.22
canoe	0.03	0.21
front	0.03	0.13
wells	0.03	0.13
cars	0.03	0.13
bags	0.03	0.15
sink	0.03	0.18
argument	0.03	0.19
struggling	0.03	0.40
fast	0.03	0.68
strangers	0.03	0.46
revealed	0.03	0.53
speeches	0.03	0.10
canyon	0.03	0.11
difficulty	0.03	0.31
string	0.03	0.14
serving	0.03	0.54
pointed	0.03	0.45
mitchell	0.03	0.33
aloud	0.03	0.84
bottle	0.03	0.35
reason	0.03	0.59
intensity	0.03	0.80
much	0.03	0.81
passengers	0.03	0.14
porch	0.03	0.15
clay	0.03	0.17
valley	0.04	0.18
adams	0.04	0.37
deeper	0.04	0.20
against	0.04	0.40
floating	0.04	0.19
showing	0.04	0.16
hall	0.04	0.13
assumption	0.04	0.18
usually	0.04	0.67
waves	0.04	0.33
hired	0.04	0.31
particularly	0.04	0.45
wheels	0.04	0.11
telegram	0.04	0.13
bow	0.04	0.37
vice	0.04	0.23
departed	0.04	0.34
chest	0.04	0.37
room	0.04	0.14
along	0.04	0.22
weight	0.04	0.21
use	0.04	0.22
confined	0.04	0.16
ichabod	0.04	0.17
carter	0.04	0.62
quite	0.04	0.52
doris	0.04	0.54
concern	0.04	0.50
opposite	0.04	0.10
creek	0.04	0.12
attorney	0.05	0.14
lately	0.05	0.77
mexican	0.05	0.14
ashes	0.05	0.18
friend	0.05	1.18
ed	0.05	0.47
counsel	0.05	0.13
commissioner	0.05	0.10
pleased	0.05	1.61
general	0.05	0.18
democratic	0.05	0.14
add	0.05	0.33
studied	0.05	0.20
thomas	0.05	0.43
grateful	0.05	1.76
gate	0.05	0.17
sea	0.05	0.20
challenger	0.05	0.46
matters	0.05	0.25
represent	0.05	0.19
donald	0.05	0.41
windows	0.05	0.14
mole	0.05	0.24
named	0.05	1.15
newly	0.05	0.18
readily	0.05	0.72
inches	0.06	0.15
sport	0.06	0.21
road	0.06	0.11
rolling	0.06	0.27
address	0.06	0.09
prepare	0.06	0.18
obtain	0.06	0.27
window	0.06	0.13
shoulder	0.06	0.26
superintendent	0.06	0.13
suggestion	0.06	0.19
ladder	0.06	0.12
log	0.06	0.23
officers	0.06	0.10
democrat	0.06	0.10
literary	0.06	0.53
navy	0.06	0.09
visited	0.06	0.80
held	0.06	0.19
current	0.06	0.24
encountered	0.06	0.42
knees	0.06	0.21
site	0.06	0.14
columbia	0.06	0.15
stages	0.06	0.17
spanish	0.06	0.18
roll	0.06	0.14
cousin	0.06	0.87
beat	0.06	0.46
ridge	0.06	0.12
resignation	0.06	0.16
suffrage	0.06	0.12
throat	0.06	0.44
flew	0.06	0.25
tends	0.06	0.34
deal	0.06	0.73
patent	0.06	0.18
triumph	0.06	0.67
alcohol	0.06	0.33
barrel	0.06	0.20
decision	0.06	0.17
washington	0.06	0.13
primarily	0.06	0.17
except	0.06	0.63
motive	0.07	0.34
lloyd	0.07	0.35
crow	0.07	0.25
outer	0.07	0.11
cabinet	0.07	0.12
side	0.07	0.09
vanished	0.07	0.22
twins	0.07	0.52
stranger	0.07	0.37
rapidly	0.07	0.18
estimated	0.07	0.25
faint	0.07	0.34
ministers	0.07	0.30
writer	0.07	0.30
girls	0.07	0.68
hudson	0.07	0.08
district	0.07	0.13
taken	0.07	0.76
larger	0.07	0.26
latter	0.07	0.40
cave	0.07	0.09
completely	0.07	0.34
destiny	0.07	0.54
elections	0.07	0.19
rome	0.07	0.59
preliminary	0.07	0.77
gently	0.07	0.64
cultural	0.07	0.59
editorial	0.07	0.14
republicans	0.07	0.13
station	0.07	0.05
conscious	0.07	0.21
folk	0.07	0.41
bottles	0.07	0.33
shirt	0.07	0.38
garage	0.08	0.13
nest	0.08	0.26
expedition	0.08	0.20
resting	0.08	0.16
premier	0.08	0.21
william	0.08	0.52
experiences	0.08	0.95
yards	0.08	0.12
cells	0.08	0.20
admitted	0.08	0.66
far	0.08	0.71
journey	0.08	0.15
visitor	0.08	0.54
leslie	0.08	0.97
existed	0.08	0.93
contrary	0.08	0.17
cast	0.08	0.08
peak	0.08	0.10
canal	0.08	0.14
french	0.08	0.11
experiments	0.08	0.19
ambition	0.08	1.00
around	0.08	0.15
pending	0.08	0.22
passing	0.08	0.53
marshal	0.08	0.14
rain	0.08	0.87
mile	0.08	0.09
castle	0.08	0.33
ocean	0.08	0.21
courts	0.08	0.20
harry	0.08	0.35
arc	0.09	0.18
correspondent	0.09	0.11
folded	0.09	0.16
effect	0.09	0.31
considered	0.09	0.53
passenger	0.09	0.14
accompanied	0.09	0.28
russia	0.09	0.24
strictly	0.09	0.19
growing	0.09	0.17
accustomed	0.09	0.54
freight	0.09	0.11
officials	0.09	0.13
flat	0.09	0.14
raising	0.09	0.09
afterwards	0.09	0.64
bend	0.09	0.13
shortly	0.09	0.35
policies	0.09	0.22
dirt	0.09	0.37
herself	0.09	0.88
arm	0.09	0.24
bluff	0.09	0.07
steep	0.09	0.09
letters	0.09	0.15
prime	0.09	0.34
british	0.09	0.13
paula	0.09	0.42
streams	0.09	0.34
mud	0.09	0.39
carolina	0.09	0.08
paper	0.09	0.11
announcement	0.09	0.12
baldwin	0.09	0.37
emerged	0.09	0.14
regard	0.09	0.20
movement	0.09	0.21
week	0.09	0.18
roof	0.09	0.19
test	0.09	0.21
military	0.09	0.12
pen	0.09	0.08
chairman	0.09	0.26
elected	0.09	0.11
representative	0.09	0.09
reporters	0.09	0.17
invited	0.09	0.46
merely	0.09	0.46
hill	0.09	0.08
ear	0.10	0.14
grows	0.10	0.33
described	0.10	0.56
dining	0.10	0.18
division	0.10	0.10
reports	0.10	0.17
informed	0.10	0.73
acting	0.10	0.13
delegates	0.10	0.12
mussolini	0.10	0.26
trudy	0.10	0.60
katy	0.10	0.34
application	0.10	0.23
voice	0.10	0.38
slope	0.10	0.10
war	0.10	0.17
voters	0.10	0.12
cabin	0.10	0.20
stones	0.10	0.21
soon	0.10	0.50
begins	0.10	0.16
reduce	0.10	0.25
morning	0.10	0.18
tent	0.10	0.34
swimming	0.10	0.25
prince	0.10	0.53
spoken	0.10	0.91
tracks	0.10	0.08
near	0.10	0.12
wherever	0.10	0.47
contents	0.10	0.09
earn	0.10	0.11
perform	0.10	0.17
solely	0.10	0.14
bridge	0.10	0.12
interests	0.10	0.43
handkerchief	0.10	0.14
silent	0.10	0.45
atlantic	0.10	0.12
offer	0.10	0.22
editor	0.10	0.16
conditions	0.10	0.82
trains	0.10	0.11
secretary	0.10	0.13
chinese	0.10	0.13
island	0.10	0.08
pitch	0.10	0.26
demonstration	0.10	0.69
reasons	0.11	0.18
voted	0.11	0.15
vote	0.11	0.12
tip	0.11	0.24
yale	0.11	0.16
changed	0.11	0.49
route	0.11	0.08
voting	0.11	0.11
king	0.11	0.58
wire	0.11	0.11
statement	0.11	0.17
path	0.11	0.20
trip	0.11	0.15
signs	0.11	0.29
jersey	0.11	0.06
official	0.11	0.15
waters	0.11	0.28
associated	0.11	0.24
former	0.11	0.28
addressed	0.11	0.26
economics	0.11	0.15
moore	0.11	0.30
pilot	0.11	0.22
produce	0.11	0.19
interview	0.11	0.19
votes	0.11	0.14
telegraph	0.11	0.05
action	0.11	0.19
proceedings	0.11	0.12
wing	0.11	0.19
minds	0.11	0.60
turkey	0.11	0.17
coast	0.11	0.11
hidden	0.11	0.16
feels	0.11	0.58
canadian	0.11	0.12
eleven	0.11	0.18
jefferson	0.11	0.22
night	0.12	0.21
stayed	0.12	0.88
sc	0.12	0.15
trunk	0.12	0.30
relative	0.12	0.72
admiration	0.12	1.18
today	0.12	0.09
employers	0.12	0.22
knee	0.12	0.29
wall	0.12	0.12
francis	0.12	0.47
discovered	0.12	0.89
chief	0.12	0.15
half	0.12	0.17
miles	0.12	0.12
seated	0.12	0.24
using	0.12	0.23
poetry	0.12	0.38
decisions	0.12	0.20
opinion	0.12	0.28
manhattan	0.12	0.27
yet	0.12	0.94
possibilities	0.12	0.73
tendency	0.12	0.27
seconds	0.12	0.17
sell	0.12	0.19
bus	0.12	0.07
wires	0.12	0.05
cat	0.12	0.35
ladies	0.12	0.94
hold	0.12	0.37
charles	0.12	0.53
tall	0.12	0.93
card	0.12	0.10
streets	0.12	0.10
nearly	0.12	0.19
flag	0.12	0.18
writers	0.12	0.24
names	0.13	0.54
glass	0.13	0.33
bed	0.13	0.30
appointed	0.13	0.10
stone	0.13	0.18
developments	0.13	0.72
times	0.13	0.16
fund	0.13	0.18
madame	0.13	0.53
vienna	0.13	0.13
rocky	0.13	0.09
parted	0.13	0.27
assigned	0.13	0.10
presented	0.13	0.29
ended	0.13	0.29
mouth	0.13	0.13
develop	0.13	0.18
bought	0.13	0.78
expenses	0.13	0.25
regards	0.13	0.26
copy	0.13	0.16
track	0.13	0.11
desk	0.13	0.16
report	0.13	0.11
opposed	0.13	0.18
rail	0.13	0.10
departure	0.13	0.62
river	0.13	0.20
readers	0.13	0.14
rivers	0.13	0.27
various	0.13	0.25
argued	0.13	0.68
naval	0.13	0.10
administration	0.13	0.16
elements	0.13	0.63
through	0.13	0.19
impulse	0.13	0.78
instructions	0.13	0.16
spend	0.13	0.24
pray	0.13	1.46
critic	0.13	0.29
pay	0.13	0.11
party	0.13	0.15
shadow	0.13	0.30
planned	0.14	0.31
sources	0.14	0.59
teddy	0.14	0.42
noticed	0.14	1.11
lunch	0.14	0.25
upward	0.14	0.11
experts	0.14	0.14
breakfast	0.14	0.28
safety	0.14	0.63
section	0.14	0.06
napoleon	0.14	0.34
ours	0.14	0.33
thereafter	0.14	0.23
machine	0.14	0.17
curtain	0.14	0.15
mountains	0.14	0.15
under	0.14	0.20
covered	0.14	0.34
accepted	0.14	0.42
government	0.14	0.22
neighborhood	0.14	0.42
latin	0.14	0.17
wisconsin	0.14	0.07
missouri	0.14	0.07
wrote	0.14	0.18
flowing	0.14	0.24
neighbors	0.14	0.60
ambassador	0.14	0.13
measures	0.14	0.20
row	0.14	0.14
pride	0.14	1.76
barn	0.14	0.22
denied	0.14	0.50
tire	0.14	0.16
oldest	0.14	1.01
illinois	0.14	0.07
five	0.14	0.20
whatever	0.14	0.38
egg	0.14	0.28
until	0.14	0.28
filed	0.14	0.13
nine	0.14	0.21
flow	0.14	0.20
eight	0.14	0.21
monkey	0.14	0.34
jimsy	0.14	0.46
writes	0.14	0.24
remaining	0.14	0.16
mississippi	0.14	0.07
pays	0.14	0.26
supper	0.14	0.26
chiefly	0.14	0.35
janet	0.14	0.39
edge	0.14	0.11
columns	0.14	0.19
cigar	0.14	0.21
nancy	0.14	0.88
fare	0.14	0.10
nights	0.14	0.91
twelve	0.14	0.20
york	0.15	0.10
tour	0.15	0.11
printed	0.15	0.19
eighteen	0.15	0.20
fourteen	0.15	0.20
indiana	0.15	0.07
sixteen	0.15	0.20
newspaper	0.15	0.17
ten	0.15	0.20
divided	0.15	0.18
gulf	0.15	0.12
january	0.15	0.21
same	0.15	0.66
fifteen	0.15	0.20
feet	0.15	0.12
written	0.15	0.20
louis	0.15	0.30
hearst	0.15	0.16
assistant	0.15	0.15
thirteen	0.15	0.20
whisky	0.15	0.61
forty	0.15	0.19
motors	0.15	0.20
writing	0.15	0.22
being	0.15	0.68
hundred	0.15	0.20
director	0.15	0.18
thousand	0.15	0.20
daylight	0.15	0.24
shakespeare	0.15	0.40
recovery	0.15	0.60
dakota	0.15	0.07
michigan	0.15	0.07
radio	0.15	0.08
parties	0.15	0.16
shops	0.15	0.14
lifting	0.15	0.34
thirty	0.15	0.20
twenty	0.15	0.20
stream	0.15	0.23
sixty	0.15	0.19
smoking	0.15	0.17
further	0.15	0.28
mixed	0.15	0.23
miller	0.15	0.29
rock	0.15	0.12
university	0.15	0.16
drinking	0.15	0.35
engine	0.15	0.14
temporary	0.15	0.29
unions	0.15	0.23
alexander	0.15	0.53
kansas	0.15	0.07
college	0.15	0.16
supreme	0.15	0.19
frequent	0.15	0.22
tests	0.15	0.20
connecticut	0.15	0.07
virginia	0.15	0.07
fifty	0.15	0.20
roads	0.15	0.10
team	0.15	0.16
enter	0.15	0.56
economy	0.15	0.62
bureau	0.15	0.09
lawyers	0.16	0.18
orders	0.16	0.17
albert	0.16	0.55
head	0.16	0.26
submitted	0.16	0.21
print	0.16	0.18
mellon	0.16	0.13
briand	0.16	0.15
journal	0.16	0.18
estimate	0.16	0.16
mainly	0.16	0.16
asserted	0.16	0.67
rear	0.16	0.15
within	0.16	0.12
sets	0.16	0.10
narrow	0.16	0.09
london	0.16	0.11
bells	0.16	0.18
municipal	0.16	0.06
georgia	0.16	0.07
chamber	0.16	0.07
box	0.16	0.21
grey	0.16	0.58
basket	0.16	0.20
resigned	0.16	0.13
oklahoma	0.16	0.07
circuit	0.16	0.24
associate	0.16	0.15
enthusiasm	0.16	1.08
elbow	0.16	0.23
gathered	0.16	0.21
weekly	0.16	0.19
sufficiently	0.16	0.46
mouse	0.16	0.28
appealed	0.16	0.27
top	0.16	0.07
daily	0.16	0.16
german	0.16	0.10
harvard	0.16	0.13
kentucky	0.16	0.07
depth	0.16	0.20
mexico	0.16	0.14
years	0.16	0.19
florida	0.16	0.06
field	0.16	0.12
three	0.16	0.34
psychological	0.17	0.29
supported	0.17	0.15
commission	0.17	0.09
acquainted	0.17	0.60
ago	0.17	0.19
succession	0.17	0.25
louisiana	0.17	0.06
meals	0.17	0.28
restaurant	0.17	0.20
last	0.17	0.25
poured	0.17	0.31
author	0.17	0.37
giant	0.17	0.43
issues	0.17	0.21
pennsylvania	0.17	0.06
bench	0.17	0.22
agriculture	0.17	0.14
engineers	0.17	0.17
robin	0.17	0.41
receive	0.17	0.20
description	0.17	0.45
count	0.17	0.31
forgotten	0.17	0.75
many	0.17	0.25
neck	0.17	0.20
tomorrow	0.17	0.16
birds	0.17	0.61
post	0.17	0.10
agent	0.17	0.11
recorded	0.17	0.30
cliff	0.17	0.13
preparations	0.17	0.22
having	0.17	0.84
texas	0.17	0.06
department	0.17	0.09
absorbed	0.17	0.45
straight	0.17	0.25
student	0.17	0.18
seven	0.17	0.21
formerly	0.17	0.42
rocks	0.17	0.18
welcomed	0.17	0.24
minister	0.17	0.21
theories	0.17	0.26
round	0.17	0.11
humble	0.17	0.55
between	0.17	0.25
depends	0.17	0.29
ground	0.17	0.26
magazine	0.17	0.22
policeman	0.17	0.41
wit	0.17	0.61
spell	0.17	0.57
nose	0.17	0.18
timber	0.17	0.29
papers	0.17	0.19
albany	0.17	0.09
islands	0.17	0.20
check	0.17	0.10
japanese	0.17	0.14
conducted	0.18	0.15
inner	0.18	0.46
teacher	0.18	0.59
ring	0.18	0.17
notice	0.18	0.78
buy	0.18	0.21
politicians	0.18	0.15
franklin	0.18	0.35
phrase	0.18	0.14
iowa	0.18	0.07
prior	0.18	0.26
passage	0.18	0.12
educated	0.18	0.59
extreme	0.18	0.49
finance	0.18	0.12
shop	0.18	0.18
laboratory	0.18	0.14
main	0.18	0.18
purposes	0.18	0.35
street	0.18	0.09
golf	0.18	0.17
brain	0.18	0.47
smaller	0.18	0.19
tight	0.18	0.12
hint	0.18	0.65
together	0.18	0.33
six	0.18	0.20
bent	0.18	0.35
practically	0.18	0.34
flying	0.18	0.28
massachusetts	0.18	0.19
beginning	0.18	0.27
city	0.18	0.06
shipping	0.18	0.10
asia	0.18	0.14
occasions	0.18	0.46
students	0.18	0.20
socialist	0.18	0.19
issued	0.18	0.17
introduced	0.18	0.26
virtually	0.18	0.30
gasoline	0.18	0.19
sleeping	0.18	0.47
chosen	0.18	0.22
role	0.18	0.30
pretty	0.18	1.72
north	0.18	0.08
labor	0.19	0.24
figure	0.19	0.86
where	0.19	0.38
convention	0.19	0.09
serve	0.19	0.54
avenue	0.19	0.07
example	0.19	0.27
occupation	0.19	0.19
accounts	0.19	0.27
quoted	0.19	0.27
circus	0.19	0.35
required	0.19	0.37
location	0.19	0.21
late	0.19	0.51
intervals	0.19	0.15
courses	0.19	0.13
washed	0.19	0.48
souls	0.19	0.88
theatre	0.19	0.44
minority	0.19	0.10
payment	0.19	0.18
bottom	0.19	0.16
thousands	0.19	0.24
understood	0.19	1.13
california	0.19	0.07
generally	0.19	0.61
groups	0.19	0.11
table	0.19	0.22
ohio	0.19	0.19
discussed	0.19	0.44
four	0.19	0.22
face	0.19	0.18
speculation	0.19	0.34
mark	0.19	0.51
realized	0.19	1.09
corner	0.19	0.15
preceding	0.19	0.20
appointment	0.19	0.09
widow	0.19	0.41
pages	0.19	0.24
contemporary	0.19	0.37
occasionally	0.19	0.46
baltimore	0.19	0.11
publication	0.19	0.21
younger	0.19	0.97
senate	0.19	0.09
climbing	0.19	0.08
airplane	0.19	0.25
garments	0.19	0.36
published	0.19	0.23
bound	0.20	0.38
trades	0.20	0.25
merchants	0.20	0.15
park	0.20	0.06
saw	0.20	1.18
million	0.20	0.16
laughter	0.20	0.49
teaching	0.20	0.18
veil	0.20	0.34
extent	0.20	0.26
conductor	0.20	0.17
arrived	0.20	0.56
steam	0.20	0.16
sides	0.20	0.08
rabbit	0.20	0.34
plains	0.20	0.29
engines	0.20	0.16
special	0.20	0.80
conduct	0.20	0.56
chin	0.20	0.25
blocks	0.20	0.22
chain	0.20	0.12
english	0.20	0.15
cloth	0.20	0.25
standpoint	0.20	0.31
noon	0.20	0.17
honey	0.20	0.46
circulation	0.20	0.20
taxation	0.20	0.28
press	0.20	0.17
lake	0.20	0.21
east	0.20	0.07
literature	0.20	0.27
checks	0.20	0.15
west	0.20	0.08
board	0.20	0.07
lindbergh	0.20	0.16
madison	0.20	0.13
bills	0.20	0.11
pursuit	0.20	0.54
lessons	0.20	0.16
possibility	0.20	0.43
build	0.21	0.10
province	0.21	0.12
cleveland	0.21	0.14
joan	0.21	0.47
risen	0.21	0.15
liberal	0.21	0.15
idea	0.21	0.61
fixed	0.21	0.17
hopes	0.21	0.65
line	0.21	0.09
class	0.21	0.12
experiment	0.21	0.45
primitive	0.21	0.31
news	0.21	0.15
full	0.21	0.22
delegation	0.21	0.10
football	0.21	0.19
empire	0.21	0.21
rise	0.21	0.14
map	0.21	0.10
relatively	0.21	0.21
thin	0.21	0.38
africa	0.21	0.12
following	0.21	0.14
dollars	0.21	0.15
representatives	0.21	0.08
railway	0.21	0.09
fifth	0.21	0.09
conviction	0.21	0.71
ranks	0.21	0.08
kellogg	0.21	0.14
needs	0.21	0.19
meal	0.21	0.32
blowing	0.21	0.89
mention	0.21	0.47
eventually	0.21	0.45
separate	0.21	0.15
committee	0.21	0.08
term	0.21	0.17
progressive	0.21	0.16
grant	0.21	0.26
railroad	0.21	0.09
footnote	0.21	0.53
assembly	0.21	0.09
roots	0.22	0.76
leaders	0.22	0.14
charlie	0.22	0.44
berlin	0.22	0.10
pope	0.22	0.65
chicago	0.22	0.10
name	0.22	0.83
research	0.22	0.15
compared	0.22	0.18
past	0.22	0.11
boxes	0.22	0.22
treasury	0.22	0.20
shelf	0.22	0.20
merchant	0.22	0.26
pounds	0.22	0.18
committees	0.22	0.09
lend	0.22	0.16
appeared	0.22	0.66
debt	0.22	0.23
kitchen	0.22	0.21
block	0.22	0.09
fireplace	0.22	0.24
play	0.22	0.39
purely	0.22	0.25
keeps	0.22	0.35
cape	0.22	0.15
southern	0.22	0.08
south	0.22	0.07
italian	0.22	0.12
created	0.22	0.24
including	0.22	0.24
regulation	0.22	0.24
crude	0.22	0.21
bare	0.22	0.47
school	0.22	0.18
frame	0.23	0.27
grains	0.23	0.22
controlled	0.23	0.18
fence	0.23	0.21
members	0.23	0.08
thought	0.23	1.49
bulk	0.23	0.20
tuesday	0.23	0.14
way	0.23	0.88
length	0.23	0.18
stirring	0.23	0.77
newspapers	0.23	0.21
march	0.23	0.23
paying	0.23	0.14
stated	0.23	0.78
fully	0.23	0.52
francisco	0.23	0.12
barrels	0.23	0.19
monday	0.23	0.15
lesson	0.23	0.13
dust	0.23	0.47
session	0.23	0.09
plays	0.23	0.44
poem	0.23	0.41
item	0.23	0.36
boston	0.23	0.15
india	0.23	0.16
device	0.23	0.21
positions	0.23	0.19
urge	0.23	0.63
wednesday	0.23	0.15
signed	0.23	0.14
baby	0.23	1.08
related	0.23	0.22
paid	0.23	0.12
obvious	0.23	0.47
thursday	0.23	0.15
each	0.23	0.24
friday	0.23	0.15
individuals	0.23	0.17
indicated	0.23	0.36
imperial	0.23	0.43
wide	0.23	0.15
membership	0.23	0.11
speed	0.24	0.14
owe	0.24	0.40
reported	0.24	0.54
broadway	0.24	0.12
luncheon	0.24	0.22
dawes	0.24	0.12
received	0.24	0.14
laura	0.24	0.81
conferences	0.24	0.15
radical	0.24	0.18
dozen	0.24	0.26
hills	0.24	0.31
eye	0.24	0.15
planes	0.24	0.22
musical	0.24	0.45
next	0.24	0.18
delighted	0.24	1.58
manufacturers	0.24	0.17
costs	0.24	0.26
billion	0.24	0.15
reduced	0.24	0.31
tower	0.24	0.15
previously	0.24	0.64
reserve	0.24	0.16
state	0.24	0.12
home	0.24	0.52
culture	0.24	0.52
served	0.24	0.30
budget	0.24	0.17
san	0.24	0.11
reading	0.24	0.32
saturday	0.24	0.18
floor	0.24	0.17
brief	0.24	0.10
tax	0.24	0.26
bankers	0.24	0.17
taxes	0.24	0.25
pace	0.24	0.19
figures	0.24	0.12
studies	0.24	0.25
plane	0.24	0.24
variety	0.24	0.32
instinct	0.24	0.68
grin	0.24	0.53
federal	0.25	0.16
contained	0.25	0.15
shoulders	0.25	0.27
resolution	0.25	0.12
importance	0.25	0.30
september	0.25	0.19
burning	0.25	0.29
houses	0.25	0.13
absolutely	0.25	0.29
urging	0.25	0.34
mill	0.25	0.14
found	0.25	0.83
outcome	0.25	0.49
persons	0.25	0.41
parliament	0.25	0.16
gas	0.25	0.31
instruction	0.25	0.15
band	0.25	0.27
present	0.25	0.21
congress	0.25	0.12
given	0.25	0.22
observation	0.25	0.19
canvas	0.25	0.22
beer	0.25	0.61
pittsburgh	0.25	0.12
dollar	0.25	0.17
town	0.25	0.17
pacific	0.25	0.14
angel	0.25	1.07
april	0.25	0.18
dishes	0.25	0.35
heads	0.25	0.33
philadelphia	0.25	0.17
beard	0.25	0.24
grounds	0.25	0.13
common	0.25	0.16
thus	0.25	0.30
transit	0.25	0.11
workers	0.25	0.26
australia	0.25	0.12
read	0.25	0.29
seventeen	0.25	0.11
necessary	0.25	0.44
meeting	0.25	0.06
yard	0.25	0.22
crept	0.25	0.33
records	0.25	0.20
employes	0.25	0.13
previous	0.25	0.31
mistress	0.25	0.95
ball	0.25	0.26
gray	0.25	0.38
december	0.25	0.17
subway	0.26	0.10
control	0.26	0.25
hay	0.26	0.31
types	0.26	0.25
june	0.26	0.18
throne	0.26	0.37
alfred	0.26	0.63
waist	0.26	0.17
upper	0.26	0.06
native	0.26	0.36
hotel	0.26	0.12
milk	0.26	0.34
hat	0.26	0.35
constant	0.26	0.26
wood	0.26	0.28
store	0.26	0.23
showed	0.26	0.26
companions	0.26	0.51
events	0.26	0.54
continent	0.26	0.11
mass	0.26	0.18
central	0.26	0.08
detroit	0.26	0.19
wondered	0.26	1.66
engineering	0.26	0.11
end	0.26	0.10
mothers	0.26	0.87
games	0.26	0.28
deep	0.26	0.66
cents	0.26	0.19
advice	0.26	0.30
retired	0.26	0.14
marmaduke	0.26	0.58
taught	0.26	0.22
visitors	0.26	0.32
naked	0.26	0.32
ending	0.26	0.16
limitation	0.26	0.18
book	0.26	0.42
teachers	0.27	0.33
preacher	0.27	0.75
pair	0.27	0.37
institution	0.27	0.17
toyman	0.27	0.58
china	0.27	0.12
poems	0.27	0.39
low	0.27	0.15
once	0.27	1.06
mother	0.27	1.17
body	0.27	0.47
candle	0.27	0.27
recently	0.27	0.41
boards	0.27	0.20
miners	0.27	0.11
gathering	0.27	0.23
building	0.27	0.09
replaced	0.27	0.15
salary	0.27	0.17
clubs	0.27	0.14
training	0.27	0.14
tobacco	0.27	0.26
february	0.27	0.21
inch	0.27	0.17
tones	0.27	0.45
article	0.27	0.20
smile	0.27	0.37
house	0.27	0.16
won	0.27	0.23
council	0.27	0.09
majority	0.27	0.15
money	0.27	0.17
apparatus	0.27	0.15
indicating	0.27	0.22
centre	0.27	0.10
financial	0.27	0.24
par	0.27	0.17
tennis	0.27	0.19
covering	0.27	0.23
union	0.27	0.15
articles	0.27	0.24
invention	0.27	0.27
sum	0.27	0.17
aviation	0.28	0.20
declaration	0.28	0.20
proposed	0.28	0.18
text	0.28	0.24
electrical	0.28	0.16
october	0.28	0.22
operated	0.28	0.10
eastern	0.28	0.09
departments	0.28	0.10
august	0.28	0.21
adoption	0.28	0.16
referred	0.28	0.53
iron	0.28	0.24
fairy	0.28	0.42
earned	0.28	0.15
goods	0.28	0.26
poets	0.28	0.27
language	0.28	0.48
approximately	0.28	0.18
dealing	0.28	0.31
northern	0.28	0.10
trend	0.28	0.62
proposals	0.28	0.15
canada	0.28	0.19
onetime	0.28	0.62
below	0.28	0.06
weeks	0.28	0.25
year	0.28	0.12
expert	0.28	0.27
wash	0.28	0.46
offices	0.28	0.11
enormous	0.28	0.90
legislative	0.28	0.15
months	0.28	0.22
club	0.28	0.09
local	0.28	0.18
cost	0.28	0.30
boots	0.28	0.38
stores	0.28	0.16
colleges	0.28	0.17
selected	0.28	0.17
extend	0.28	0.14
stations	0.28	0.12
later	0.28	0.22
quarter	0.28	0.11
master	0.28	0.98
lip	0.28	0.44
reader	0.28	0.12
magazines	0.28	0.30
sake	0.28	1.77
touching	0.28	0.41
date	0.28	0.21
manager	0.28	0.15
machines	0.28	0.17
directors	0.29	0.11
verse	0.29	0.38
adventure	0.29	0.84
survey	0.29	0.20
bank	0.29	0.19
approved	0.29	0.19
metal	0.29	0.22
leading	0.29	0.12
amount	0.29	0.28
meadow	0.29	0.29
inspection	0.29	0.18
july	0.29	0.21
month	0.29	0.22
program	0.29	0.16
habits	0.29	0.43
project	0.29	0.18
november	0.29	0.17
spain	0.29	0.22
afternoon	0.29	0.21
pine	0.29	0.38
legislature	0.29	0.13
brass	0.29	0.29
race	0.29	0.22
filling	0.29	0.15
slow	0.29	0.59
tale	0.29	0.69
servants	0.29	0.63
teach	0.29	0.31
silence	0.29	0.43
curve	0.29	0.39
delight	0.29	0.66
policy	0.29	0.22
darling	0.29	1.57
fiction	0.29	0.64
cloud	0.29	0.42
joint	0.29	0.09
tea	0.29	0.32
sand	0.29	0.35
elder	0.30	0.86
federation	0.30	0.14
science	0.30	0.18
company	0.30	0.18
cities	0.30	0.11
flame	0.30	0.39
famed	0.30	0.48
food	0.30	0.26
swing	0.30	0.34
physical	0.30	0.30
similar	0.30	0.27
sixth	0.30	0.08
pipe	0.30	0.21
payments	0.30	0.18
invented	0.30	0.20
midst	0.30	0.48
races	0.30	0.10
sentiment	0.30	0.86
subjects	0.30	0.12
authors	0.30	0.61
pressing	0.30	0.18
executive	0.30	0.12
third	0.30	0.12
revenue	0.30	0.28
habit	0.30	0.20
equivalent	0.30	0.19
license	0.30	0.15
debts	0.30	0.17
sweep	0.30	0.53
ate	0.30	0.39
limits	0.30	0.16
per	0.30	0.21
coat	0.30	0.33
organization	0.30	0.17
forever	0.30	0.58
commonly	0.30	0.57
cap	0.30	0.34
tools	0.30	0.19
annual	0.30	0.17
brick	0.30	0.15
days	0.31	0.35
plans	0.31	0.20
typical	0.31	0.66
force	0.31	0.41
strongly	0.31	0.24
engineer	0.31	0.09
day	0.31	0.23
cash	0.31	0.19
cheerfully	0.31	0.63
represented	0.31	0.12
meetings	0.31	0.11
austria	0.31	0.22
volumes	0.31	0.38
proposal	0.31	0.15
bush	0.31	0.36
advertising	0.31	0.20
dinner	0.31	0.24
beyond	0.31	0.14
scheme	0.31	0.26
short	0.31	0.24
drank	0.31	0.32
solomon	0.31	0.39
cards	0.31	0.69
degrees	0.31	0.18
exact	0.31	0.28
offered	0.31	0.21
foreign	0.31	0.13
adopted	0.31	0.16
record	0.31	0.20
towns	0.32	0.14
provides	0.32	0.23
exciting	0.32	2.43
nimble	0.32	0.38
varying	0.32	0.35
bill	0.32	0.14
means	0.32	0.28
conservative	0.32	0.14
border	0.32	0.15
allied	0.32	0.14
western	0.32	0.10
cook	0.32	0.30
sheets	0.32	0.28
recognized	0.32	1.07
schools	0.32	0.19
surface	0.32	0.22
act	0.32	0.17
peculiar	0.32	1.15
margaret	0.32	0.90
tunnel	0.32	0.43
americans	0.32	0.33
oil	0.32	0.20
tons	0.32	0.18
match	0.32	0.20
function	0.32	0.19
fancy	0.32	0.67
employees	0.32	0.15
industries	0.32	0.18
fingers	0.32	0.28
agency	0.32	0.26
earlier	0.32	0.24
stockholders	0.32	0.18
ton	0.32	0.18
rested	0.32	0.39
worth	0.33	0.24
contracts	0.33	0.17
aspect	0.33	0.52
already	0.33	0.80
regular	0.33	0.17
pupils	0.33	0.29
grove	0.33	0.31
employer	0.33	0.14
banking	0.33	0.21
representing	0.33	0.11
grade	0.33	0.12
tin	0.33	0.29
preferred	0.33	0.20
elizabeth	0.33	0.95
lack	0.33	0.29
analysis	0.33	0.20
reduction	0.33	0.22
lies	0.33	0.29
wage	0.33	0.17
processes	0.33	0.24
children	0.33	0.98
funds	0.33	0.21
lined	0.33	0.21
study	0.33	0.14
dividend	0.33	0.19
enterprise	0.33	0.23
response	0.33	0.17
collar	0.33	0.30
furthermore	0.33	0.31
transport	0.33	0.15
organizations	0.33	0.15
cent	0.33	0.21
afterward	0.34	0.86
plate	0.34	0.19
obligation	0.34	0.26
producing	0.34	0.14
above	0.34	0.11
parts	0.34	0.13
prohibition	0.34	0.20
assume	0.34	0.37
national	0.34	0.11
share	0.34	0.21
poet	0.34	0.19
aged	0.34	0.98
eating	0.34	0.39
lines	0.34	0.14
glasses	0.34	0.37
hands	0.34	0.38
mercy	0.34	1.42
measured	0.34	0.29
institute	0.34	0.12
parade	0.34	0.21
materials	0.34	0.26
roger	0.34	0.40
judgment	0.34	0.47
performed	0.34	0.27
review	0.34	0.33
second	0.34	0.11
cigarette	0.34	0.32
education	0.34	0.26
born	0.34	0.98
rates	0.34	0.20
shoes	0.34	0.40
particular	0.35	0.24
afford	0.35	0.36
coffee	0.35	0.38
skirt	0.35	0.30
volume	0.35	0.36
peggy	0.35	0.63
apartment	0.35	0.14
member	0.35	0.10
lit	0.35	0.29
built	0.35	0.07
knew	0.35	1.69
position	0.35	0.20
belgium	0.35	0.19
sale	0.35	0.25
hung	0.35	0.39
high	0.35	0.11
softly	0.35	0.25
trousers	0.35	0.40
psychology	0.35	0.22
farm	0.35	0.18
leather	0.35	0.37
outstanding	0.35	0.22
concrete	0.35	0.20
keen	0.35	0.43
languages	0.35	0.53
communication	0.35	0.16
lips	0.35	0.27
stock	0.35	0.21
middle	0.35	0.07
factory	0.35	0.21
corporations	0.35	0.20
sales	0.35	0.25
earnings	0.35	0.19
kisses	0.36	0.74
negotiations	0.36	0.17
legislation	0.36	0.18
construction	0.36	0.16
territory	0.36	0.19
rate	0.36	0.19
corporation	0.36	0.17
learned	0.36	1.04
dividends	0.36	0.22
players	0.36	0.21
generation	0.36	0.74
shares	0.36	0.21
poland	0.36	0.24
japan	0.36	0.17
finger	0.36	0.30
duties	0.36	0.21
working	0.36	0.61
those	0.36	0.38
obligations	0.36	0.19
results	0.36	0.24
sister	0.36	1.11
germany	0.36	0.16
railroads	0.36	0.15
total	0.36	0.22
percentage	0.36	0.26
electric	0.36	0.20
lower	0.36	0.12
association	0.36	0.12
emperor	0.36	0.57
tion	0.36	0.20
cup	0.36	0.33
cold	0.36	1.12
domestic	0.36	0.22
purchase	0.36	0.23
quantities	0.36	0.19
functions	0.36	0.23
wanted	0.36	1.57
decline	0.36	0.66
evening	0.36	0.22
net	0.36	0.23
districts	0.37	0.15
residence	0.37	0.14
angeles	0.37	0.18
statute	0.37	0.25
facts	0.37	0.26
wages	0.37	0.22
public	0.37	0.17
numbers	0.37	0.23
offers	0.37	0.20
defined	0.37	0.31
limited	0.37	0.20
phase	0.37	0.29
interior	0.37	0.14
passed	0.37	0.61
professional	0.37	0.16
fire	0.37	0.33
clothes	0.37	0.49
health	0.37	0.53
customers	0.37	0.19
producers	0.37	0.22
forehead	0.37	0.34
american	0.37	0.13
managers	0.37	0.15
loan	0.37	0.23
environment	0.37	0.48
visit	0.37	0.48
occupied	0.37	0.25
permission	0.37	0.32
few	0.37	0.28
geneva	0.37	0.16
philosophy	0.37	0.25
changes	0.37	0.49
mining	0.38	0.12
characters	0.38	0.46
cutting	0.38	0.34
co	0.38	0.19
proof	0.38	0.27
operators	0.38	0.12
workmen	0.38	0.17
reflection	0.38	0.21
lighted	0.38	0.29
worked	0.38	0.77
collected	0.38	0.25
invariably	0.38	0.31
method	0.38	0.26
indicate	0.38	0.37
steadily	0.38	0.37
overhead	0.38	0.37
cotton	0.38	0.27
holland	0.38	0.21
remained	0.38	0.35
steel	0.38	0.18
darkness	0.38	0.33
hundreds	0.38	0.11
applied	0.38	0.12
protected	0.38	0.56
consent	0.38	0.23
proportion	0.38	0.25
corp	0.38	0.20
allies	0.38	0.17
secure	0.38	0.40
attitude	0.38	0.25
beatrice	0.38	0.68
banks	0.38	0.21
classes	0.38	0.12
increases	0.38	0.33
wooden	0.38	0.21
increase	0.38	0.31
branches	0.38	0.41
assembled	0.38	0.27
sold	0.38	0.24
plates	0.38	0.25
distribution	0.38	0.29
regions	0.38	0.26
needed	0.38	0.45
reference	0.39	0.31
scientific	0.39	0.22
breathed	0.39	0.58
attend	0.39	0.15
promise	0.39	0.73
bond	0.39	0.23
pile	0.39	0.22
production	0.39	0.24
establish	0.39	0.47
drawing	0.39	0.11
procession	0.39	0.18
everyone	0.39	0.53
doll	0.39	0.48
eggs	0.39	0.43
cake	0.39	0.38
mechanical	0.39	0.21
result	0.39	0.38
theory	0.39	0.26
amendment	0.39	0.16
consumption	0.39	0.22
royal	0.39	0.43
transportation	0.39	0.20
covers	0.39	0.19
walls	0.39	0.20
contract	0.39	0.17
pan	0.39	0.39
manufacture	0.39	0.20
library	0.39	0.14
product	0.39	0.28
millions	0.39	0.14
disposition	0.39	0.22
italy	0.39	0.24
demand	0.39	0.21
size	0.39	0.28
pound	0.39	0.26
winter	0.39	1.08
rapid	0.39	0.30
conference	0.39	0.15
surplus	0.39	0.24
interpretation	0.39	0.22
remark	0.39	0.81
appeal	0.39	0.37
double	0.40	0.21
operating	0.40	0.20
chemical	0.40	0.20
fourth	0.40	0.08
mentioned	0.40	0.88
farms	0.40	0.22
marks	0.40	0.16
tie	0.40	0.26
promises	0.40	0.24
los	0.40	0.17
continuous	0.40	0.26
industrial	0.40	0.17
measure	0.40	0.21
yield	0.40	0.22
ireland	0.40	0.25
instead	0.40	0.34
mere	0.40	0.36
skin	0.40	0.23
dim	0.40	0.39
waving	0.40	0.51
insist	0.40	0.38
buildings	0.40	0.10
place	0.40	0.79
miracle	0.40	0.73
region	0.40	0.26
owner	0.40	0.23
price	0.40	0.21
sunday	0.40	0.18
code	0.40	0.73
united	0.40	0.19
selection	0.40	0.16
amounts	0.40	0.20
original	0.40	0.18
concerns	0.40	0.22
level	0.41	0.11
countries	0.41	0.18
equipped	0.41	0.15
reparations	0.41	0.18
gain	0.41	0.37
palace	0.41	0.31
rules	0.41	0.64
values	0.41	0.32
thereby	0.41	0.25
quantity	0.41	0.28
number	0.41	0.16
learning	0.41	0.44
authority	0.41	0.25
several	0.41	0.25
ever	0.41	1.54
widely	0.41	0.34
provisions	0.41	0.21
trust	0.41	0.25
period	0.41	0.11
smoke	0.41	0.40
bushes	0.41	0.40
stories	0.41	0.72
probable	0.41	0.57
value	0.41	0.28
routine	0.41	0.34
products	0.41	0.22
eighteenth	0.41	0.10
grip	0.41	0.45
opera	0.41	0.36
market	0.41	0.30
purpose	0.41	0.29
loans	0.41	0.20
higher	0.41	0.17
surrounded	0.41	0.20
tariff	0.42	0.17
convinced	0.42	0.63
owners	0.42	0.11
mental	0.42	0.36
secret	0.42	0.42
directions	0.42	0.29
income	0.42	0.26
trade	0.42	0.22
rubber	0.42	0.23
emphasis	0.42	0.40
technical	0.42	0.18
requires	0.42	0.20
shown	0.42	0.51
coal	0.42	0.11
huge	0.42	0.50
composed	0.42	0.19
plan	0.42	0.21
england	0.42	0.16
ownership	0.42	0.19
plant	0.42	0.28
france	0.42	0.19
britain	0.42	0.20
diamond	0.42	0.23
investment	0.42	0.26
intention	0.42	0.35
associates	0.43	0.40
village	0.43	0.34
represents	0.43	0.25
companies	0.43	0.19
wool	0.43	0.26
small	0.43	0.27
output	0.43	0.22
compromise	0.43	0.19
homes	0.43	0.14
flesh	0.43	0.46
single	0.43	0.15
temple	0.43	0.64
von	0.43	0.44
levels	0.43	0.23
artists	0.43	0.20
limit	0.43	0.28
securities	0.43	0.21
property	0.43	0.21
own	0.43	0.27
stockings	0.43	0.42
sex	0.43	0.56
heartily	0.43	0.48
acquaintance	0.43	0.56
shed	0.43	0.19
modern	0.43	0.22
prices	0.43	0.23
fat	0.43	0.45
governments	0.43	0.17
forests	0.43	0.50
powder	0.44	0.32
clouds	0.44	0.47
increased	0.44	0.49
additional	0.44	0.24
mary	0.44	1.01
shadows	0.44	0.40
law	0.44	0.29
thick	0.44	0.38
during	0.44	0.27
sufficient	0.44	0.46
visible	0.44	0.30
century	0.44	0.16
wears	0.44	0.42
mind	0.44	0.42
setting	0.44	0.14
reached	0.44	0.43
detail	0.44	0.49
sensitive	0.44	0.54
justice	0.44	0.69
lighting	0.44	0.29
constitution	0.44	0.29
sections	0.44	0.19
commerce	0.44	0.14
bonds	0.44	0.21
lamp	0.45	0.29
electricity	0.45	0.19
arts	0.45	0.14
series	0.45	0.39
behavior	0.45	0.22
sisters	0.45	0.91
significance	0.45	0.39
square	0.45	0.22
selling	0.45	0.28
corn	0.45	0.33
breast	0.45	0.42
custom	0.45	0.49
supposed	0.45	0.79
exchange	0.45	0.21
stuff	0.45	1.80
books	0.45	0.34
join	0.45	0.37
abroad	0.45	0.10
immediate	0.45	0.39
areas	0.45	0.29
game	0.45	0.45
smooth	0.45	0.15
manufacturer	0.45	0.16
export	0.45	0.21
greek	0.45	0.34
talked	0.46	1.57
wearing	0.46	0.43
brush	0.46	0.33
diplomatic	0.46	0.19
acceptance	0.46	0.18
instruments	0.46	0.20
private	0.46	0.18
surrounding	0.46	0.33
corresponding	0.46	0.24
blanket	0.46	0.46
visiting	0.46	0.53
procedure	0.46	0.30
masters	0.46	0.25
list	0.46	0.20
both	0.46	0.39
factories	0.46	0.18
manufacturing	0.46	0.22
trading	0.46	0.25
closer	0.46	0.37
told	0.46	1.60
average	0.46	0.21
justified	0.46	0.35
playing	0.46	0.30
final	0.46	0.46
succeed	0.46	0.29
stove	0.46	0.34
objects	0.46	0.29
extraordinary	0.46	1.19
scattered	0.46	0.71
enforcement	0.46	0.26
superior	0.46	0.42
reform	0.46	0.39
duty	0.46	0.18
fields	0.46	0.38
proposition	0.47	0.58
wear	0.47	0.43
wore	0.47	0.43
associations	0.47	0.49
area	0.47	0.21
excess	0.47	0.26
pupil	0.47	0.22
dark	0.47	0.38
service	0.47	0.12
flashed	0.47	0.35
occasion	0.47	0.20
dawn	0.47	0.26
works	0.47	0.21
heart	0.47	1.56
never	0.47	1.53
existing	0.47	0.21
comparatively	0.47	0.35
flour	0.47	0.37
principles	0.47	0.28
farmers	0.48	0.19
marie	0.48	0.85
appreciate	0.48	0.42
cleared	0.48	0.49
preparing	0.48	0.35
bread	0.48	0.48
included	0.48	0.19
notes	0.48	0.22
raw	0.48	0.25
profits	0.48	0.28
villages	0.48	0.19
individual	0.48	0.16
crown	0.48	0.59
protect	0.48	0.48
portion	0.48	0.16
brother	0.48	0.97
curtains	0.48	0.27
laws	0.48	0.30
shake	0.48	0.35
lacking	0.48	0.40
oak	0.48	0.40
butter	0.48	0.45
acres	0.48	0.30
whose	0.49	0.83
phenomena	0.49	0.29
operate	0.49	0.14
seen	0.49	1.61
america	0.49	0.17
independent	0.49	0.20
maximum	0.49	0.33
mills	0.49	0.21
organized	0.49	0.15
crop	0.49	0.33
instances	0.49	0.35
eileen	0.49	0.44
type	0.49	0.22
eyes	0.49	0.34
cheeks	0.49	0.23
height	0.49	0.22
most	0.49	0.35
resources	0.49	0.33
complicated	0.49	0.62
sue	0.49	0.48
institutions	0.50	0.26
suit	0.50	0.35
clothing	0.50	0.25
solution	0.50	0.40
fun	0.50	0.77
foundation	0.50	0.17
artistic	0.50	0.50
bless	0.50	1.82
properties	0.50	0.25
model	0.50	0.19
distinguished	0.50	0.50
markets	0.50	0.24
characteristics	0.50	0.38
season	0.50	0.84
seed	0.50	0.56
adventures	0.50	0.91
unit	0.50	0.28
scale	0.50	0.19
formed	0.50	0.18
developing	0.50	0.19
hand	0.50	0.54
provision	0.50	0.23
methods	0.51	0.38
copper	0.51	0.25
source	0.51	0.40
origin	0.51	0.25
increasing	0.51	0.43
customs	0.51	0.71
owned	0.51	0.15
wheat	0.51	0.32
pot	0.51	0.40
tables	0.51	0.30
greeted	0.51	0.41
chances	0.51	0.70
heights	0.51	0.18
principle	0.51	0.29
careful	0.51	0.24
illustration	0.51	0.27
process	0.51	0.23
relief	0.51	0.48
popular	0.52	0.42
employed	0.52	0.37
free	0.52	0.19
bunny	0.52	0.49
early	0.52	0.21
office	0.52	0.53
brothers	0.52	0.92
technique	0.52	0.25
educational	0.52	0.24
blood	0.52	0.46
disarmament	0.52	0.19
attended	0.52	0.16
constructive	0.52	0.22
relation	0.52	0.30
continental	0.52	0.18
population	0.52	0.23
dress	0.52	0.43
meaning	0.52	0.21
rooms	0.52	0.25
separated	0.52	0.26
stable	0.52	0.35
since	0.52	0.87
score	0.52	0.21
information	0.52	0.31
prize	0.52	0.39
lightly	0.52	0.48
satisfaction	0.52	0.65
gods	0.53	1.03
versailles	0.53	0.19
manner	0.53	0.37
peoples	0.53	0.25
every	0.53	0.14
sugar	0.53	0.37
critical	0.53	0.28
exist	0.53	0.41
arranged	0.53	0.15
capacity	0.53	0.28
social	0.53	0.26
certain	0.53	0.43
assistance	0.53	0.14
jolly	0.53	0.58
guests	0.53	0.25
heavens	0.53	0.86
structure	0.53	0.24
followers	0.53	0.40
fathers	0.53	0.71
kingdom	0.53	0.64
states	0.53	0.19
performance	0.54	0.16
group	0.54	0.36
soil	0.54	0.66
clearly	0.54	0.40
lowest	0.54	0.19
political	0.54	0.28
couch	0.54	0.50
blankets	0.54	0.48
agricultural	0.54	0.29
produced	0.54	0.30
equal	0.54	0.40
entitled	0.54	0.61
guest	0.54	0.58
actual	0.54	0.38
arms	0.54	0.54
supply	0.54	0.23
among	0.54	0.36
includes	0.54	0.14
son	0.54	0.98
centuries	0.54	0.19
forming	0.54	0.21
claimed	0.54	0.31
daughter	0.54	1.09
kind	0.54	1.56
another	0.54	0.38
banker	0.55	0.25
equipment	0.55	0.24
treaty	0.55	0.20
cross	0.55	0.32
motion	0.55	0.35
minimum	0.55	0.26
believed	0.55	1.52
element	0.55	0.34
containing	0.55	0.20
obtained	0.55	0.21
league	0.55	0.19
horizon	0.55	0.29
rest	0.55	0.36
observers	0.55	0.31
greater	0.55	0.48
brains	0.55	0.31
choice	0.55	0.37
stocks	0.55	0.32
potatoes	0.55	0.50
silk	0.56	0.43
literally	0.56	0.26
kings	0.56	0.62
metropolitan	0.56	0.28
etc	0.56	0.26
agreement	0.56	0.19
memory	0.56	0.63
acid	0.56	0.37
treaties	0.56	0.20
change	0.56	0.40
sheer	0.56	0.64
considerable	0.56	0.50
management	0.56	0.25
maintenance	0.56	0.30
operations	0.56	0.21
forms	0.56	0.33
advanced	0.56	0.35
sons	0.56	0.93
handling	0.56	0.37
assured	0.56	0.69
features	0.57	0.30
comparison	0.57	0.83
terms	0.57	0.22
played	0.57	0.33
buying	0.57	0.32
manners	0.57	2.04
elephant	0.57	0.48
founded	0.57	0.14
society	0.57	0.15
screen	0.57	0.38
providing	0.57	0.20
operation	0.58	0.22
usual	0.58	0.53
spent	0.58	0.58
approval	0.58	0.61
thee	0.58	1.11
history	0.58	0.21
subject	0.58	0.57
task	0.58	0.47
mirror	0.58	0.34
lively	0.58	0.73
reception	0.58	0.24
pale	0.58	0.41
ultimate	0.58	0.39
european	0.58	0.15
heat	0.58	0.59
ages	0.58	0.25
part	0.58	0.21
princess	0.59	0.77
europe	0.59	0.17
colonies	0.59	0.24
art	0.59	0.23
gallery	0.59	0.24
dusk	0.59	0.36
costume	0.59	0.27
definite	0.59	0.43
fish	0.59	0.59
portrait	0.59	0.19
daddy	0.59	0.48
extensive	0.59	0.27
powers	0.59	0.25
prayer	0.59	1.48
civilized	0.60	0.33
chorus	0.60	0.50
form	0.60	0.30
citizens	0.60	0.36
succeeded	0.60	0.41
provide	0.60	0.41
daniel	0.60	0.49
pleasure	0.60	0.64
commercial	0.60	0.26
furnish	0.61	0.40
growth	0.61	0.44
tiny	0.61	0.31
supplies	0.61	0.22
cutty	0.61	1.25
marble	0.61	0.22
extra	0.61	0.45
machinery	0.61	0.41
brown	0.61	0.44
illustrated	0.61	0.48
rug	0.61	0.21
romance	0.62	0.61
pressed	0.62	0.54
personality	0.62	0.37
throughout	0.62	0.11
standards	0.62	0.30
design	0.62	0.25
credit	0.62	0.25
composition	0.62	0.26
material	0.62	0.28
faded	0.62	0.41
systems	0.62	0.21
completed	0.62	0.47
jobs	0.62	0.49
complex	0.62	0.42
whom	0.62	1.40
bishop	0.62	0.80
household	0.62	0.40
support	0.62	0.31
business	0.63	0.36
expensive	0.63	0.86
leadership	0.63	0.24
personal	0.63	0.36
formation	0.63	0.37
irish	0.63	0.38
addition	0.63	0.42
solid	0.63	0.64
industry	0.63	0.23
capital	0.63	0.30
patience	0.63	0.72
units	0.63	0.45
piano	0.63	0.33
require	0.63	0.42
established	0.63	0.35
beneath	0.63	0.37
memorial	0.63	0.23
status	0.63	0.26
novel	0.63	1.13
desired	0.63	0.49
large	0.64	0.44
picture	0.64	0.46
broad	0.64	0.34
energy	0.64	0.48
economic	0.64	0.26
exception	0.64	0.44
mist	0.64	0.48
regarding	0.65	0.33
possible	0.65	0.45
power	0.65	0.26
efficiency	0.65	0.26
shared	0.65	0.56
vast	0.65	0.53
changing	0.65	0.35
lawyer	0.65	0.36
anthony	0.65	0.47
dancing	0.65	0.63
legal	0.65	0.22
earth	0.66	0.43
blessed	0.66	1.91
memories	0.66	1.54
infinite	0.66	0.68
worker	0.66	0.50
organic	0.66	0.36
orchestra	0.66	0.36
amusing	0.66	2.22
invitation	0.66	0.39
unto	0.66	1.45
dance	0.66	0.37
rows	0.66	0.35
recent	0.66	1.06
thou	0.66	0.83
consciousness	0.67	0.40
vigorous	0.67	0.61
establishment	0.67	0.22
supplied	0.67	0.40
saint	0.67	1.23
brook	0.67	0.54
kept	0.67	0.47
wives	0.68	0.82
constitutional	0.68	0.32
gown	0.68	0.37
combination	0.68	0.43
marked	0.68	0.51
activity	0.68	0.44
wonder	0.68	1.18
thy	0.68	1.19
meat	0.68	0.59
hearts	0.68	1.52
knowledge	0.68	0.27
available	0.68	0.42
nations	0.68	0.27
talent	0.68	0.49
engaged	0.69	0.60
glad	0.69	1.15
cheek	0.69	0.47
aid	0.69	0.33
standard	0.69	0.17
potent	0.69	0.81
grain	0.69	0.39
constitute	0.69	0.36
father	0.69	1.31
rugs	0.69	0.25
painting	0.69	0.25
combined	0.69	0.44
development	0.69	0.41
background	0.69	0.32
bid	0.69	0.65
skill	0.69	0.39
music	0.69	0.37
work	0.69	0.55
toy	0.70	0.52
principal	0.70	0.49
known	0.70	1.53
circle	0.70	0.30
extension	0.70	0.44
fuel	0.70	0.42
experience	0.70	0.38
best	0.70	1.92
presents	0.70	0.43
priest	0.70	1.14
exists	0.70	0.27
fuller	0.70	0.30
sense	0.71	0.58
guarantee	0.71	0.24
apparent	0.71	0.48
dressed	0.71	0.56
assumed	0.71	0.52
fires	0.71	0.53
artificial	0.71	0.58
advance	0.71	0.46
instrument	0.71	0.31
itself	0.71	0.44
tremendous	0.71	1.00
firm	0.71	0.40
nitrogen	0.71	0.39
intellectual	0.72	0.34
doctrine	0.72	0.42
fought	0.72	1.28
object	0.72	0.32
circles	0.72	0.32
ends	0.72	0.33
demands	0.72	0.52
spirits	0.72	0.46
mine	0.72	0.55
ability	0.72	0.33
stake	0.72	0.37
feature	0.73	0.93
profit	0.73	0.62
attracted	0.73	0.52
mood	0.73	0.58
furniture	0.73	0.31
age	0.74	0.62
competent	0.74	0.51
provided	0.74	0.42
black	0.74	0.47
successfully	0.74	0.38
cooking	0.75	0.48
joined	0.75	0.49
rule	0.75	0.46
lights	0.75	0.38
welcome	0.75	0.58
fairly	0.75	0.46
funeral	0.75	0.35
possess	0.75	0.38
practical	0.75	0.37
display	0.76	0.29
substance	0.76	0.41
developed	0.76	0.36
hair	0.76	0.40
mission	0.76	0.63
touch	0.76	0.67
largest	0.76	0.40
maintain	0.76	0.64
natural	0.77	0.35
truly	0.77	0.34
paint	0.77	0.34
opportunity	0.77	0.35
farewell	0.77	0.55
climate	0.77	0.95
career	0.77	0.45
pool	0.77	0.56
sensible	0.77	0.51
water	0.78	0.60
preparation	0.78	0.40
daughters	0.78	0.91
requirements	0.78	0.42
basis	0.78	0.34
ancient	0.78	0.65
roman	0.78	0.83
appearance	0.78	0.58
belonged	0.78	1.44
engagement	0.78	0.84
future	0.78	0.34
countenance	0.78	0.43
margin	0.78	0.48
slender	0.79	0.68
include	0.79	0.37
world	0.79	0.35
film	0.79	0.42
autumn	0.79	1.12
evolution	0.79	0.34
breed	0.79	0.50
space	0.80	0.42
adds	0.80	0.40
rights	0.80	0.32
moral	0.80	0.45
chair	0.80	0.50
reflected	0.80	0.37
palm	0.80	0.29
generations	0.80	0.56
sole	0.80	0.39
civilization	0.80	0.29
lives	0.80	0.48
logical	0.80	0.29
met	0.80	1.53
cream	0.80	0.48
married	0.80	0.93
dried	0.80	0.64
immense	0.80	0.69
artist	0.80	0.27
recognition	0.81	0.35
birthday	0.81	0.44
traditions	0.81	0.39
bacon	0.81	0.65
proper	0.81	0.55
varied	0.81	0.71
international	0.81	0.32
cheer	0.82	0.61
character	0.82	0.41
dry	0.82	0.96
legitimate	0.82	0.41
inspired	0.82	0.96
wife	0.82	1.25
used	0.82	0.32
breath	0.82	0.38
existence	0.82	0.23
sky	0.82	0.41
fitted	0.82	0.42
god	0.82	1.90
occasional	0.82	0.54
lucky	0.82	1.90
living	0.83	0.32
hope	0.83	0.36
belief	0.83	0.57
subtle	0.83	0.64
devoted	0.83	0.61
intelligence	0.84	0.36
arrangements	0.84	0.47
courage	0.84	0.65
system	0.84	0.41
summer	0.84	1.10
era	0.84	0.23
moderate	0.84	0.51
pictures	0.84	0.50
ray	0.84	0.42
planning	0.84	0.31
red	0.84	0.49
sympathy	0.84	0.95
velvet	0.85	0.47
land	0.85	0.49
partner	0.85	0.34
utmost	0.85	0.73
religious	0.85	0.78
behalf	0.85	0.56
historic	0.85	0.49
accomplished	0.86	0.36
vacation	0.86	0.45
shape	0.86	0.55
lands	0.86	0.51
colour	0.86	0.42
degree	0.86	0.71
salt	0.87	0.66
jesus	0.87	1.37
precious	0.87	0.66
accord	0.87	0.46
contact	0.87	0.37
organ	0.87	0.35
expansion	0.87	0.44
family	0.87	0.90
grass	0.87	0.67
bible	0.87	1.20
erect	0.87	0.55
derived	0.87	0.44
shrewd	0.87	0.59
formal	0.88	0.39
light	0.88	0.42
lived	0.88	1.40
oriental	0.88	0.54
twilight	0.88	0.60
landscape	0.88	0.40
bowl	0.88	0.43
tradition	0.88	0.42
purchased	0.88	0.40
hers	0.88	0.55
sing	0.88	0.49
human	0.88	0.39
gold	0.89	0.38
thanks	0.89	1.19
welfare	0.89	0.38
exhibition	0.89	0.60
positive	0.89	0.34
trees	0.89	0.65
religion	0.89	0.84
churches	0.89	0.85
atmosphere	0.89	0.69
qualities	0.89	0.52
cathedral	0.89	0.81
consists	0.90	0.37
progress	0.90	0.41
glowing	0.90	0.46
gratitude	0.90	0.91
christ	0.90	1.34
birth	0.90	0.72
favor	0.90	0.48
profession	0.90	0.35
bath	0.90	0.78
white	0.91	0.51
santa	0.91	0.51
ordinary	0.91	0.45
likewise	0.91	0.30
parents	0.91	0.90
essentially	0.92	0.44
style	0.92	0.75
entire	0.92	0.27
services	0.92	0.31
great	0.92	0.83
favored	0.92	0.47
scenes	0.92	1.72
mines	0.92	0.41
significant	0.92	1.18
church	0.92	0.99
vital	0.92	0.64
silver	0.92	0.65
whole	0.92	0.28
holy	0.93	1.35
biggest	0.93	0.40
alliance	0.93	0.50
basic	0.93	0.46
facilities	0.93	0.39
smart	0.93	1.31
suitable	0.93	0.45
catholic	0.93	0.87
community	0.94	0.27
hats	0.94	0.59
sovereign	0.94	0.53
restored	0.94	0.78
sang	0.94	0.67
respects	0.95	0.33
seat	0.95	0.58
host	0.95	0.33
farmer	0.95	0.47
mighty	0.95	1.59
fundamental	0.96	0.61
settlement	0.96	0.56
heaven	0.96	1.80
safe	0.96	0.78
offering	0.96	0.47
effective	0.96	0.57
numerous	0.96	0.68
friends	0.97	0.73
proved	0.97	0.40
cottage	0.98	0.52
steady	0.98	0.69
treasure	0.98	0.52
substitute	0.98	0.45
capable	0.99	0.55
publicity	0.99	0.51
lover	0.99	1.22
proud	0.99	0.96
families	0.99	0.59
rank	0.99	0.38
genuine	0.99	0.70
greatest	0.99	0.68
distinct	1.00	0.69
pattern	1.00	0.43
protection	1.00	0.42
nation	1.01	0.38
quality	1.01	0.61
permanent	1.01	0.42
plain	1.01	0.48
humanity	1.02	0.81
maintained	1.02	0.52
employment	1.02	0.45
handsome	1.03	0.68
characteristic	1.03	0.97
balance	1.03	0.57
blue	1.03	0.51
genius	1.03	0.57
elaborate	1.03	0.52
golden	1.03	0.72
creative	1.03	0.40
beds	1.03	0.65
touched	1.04	0.32
holiday	1.04	0.47
possession	1.04	0.35
songs	1.04	0.52
marry	1.05	1.56
strength	1.05	0.42
fair	1.05	1.81
contrast	1.05	0.51
honor	1.05	0.53
dream	1.06	0.41
inspiration	1.07	0.50
imagination	1.07	0.51
gained	1.07	0.43
wealthy	1.08	0.62
sacrifice	1.08	1.56
moonlight	1.08	0.57
sunset	1.08	0.53
extended	1.08	0.55
relationship	1.09	0.42
secured	1.09	0.37
contain	1.09	0.40
displayed	1.09	0.41
chairs	1.09	0.62
sincere	1.10	0.55
intelligent	1.10	0.53
divorce	1.11	0.66
glow	1.11	0.49
historical	1.11	0.71
respect	1.11	0.82
kissed	1.11	1.18
austin	1.11	1.29
citizen	1.12	0.48
job	1.12	1.63
famous	1.12	0.27
seats	1.12	0.66
apple	1.13	0.66
exercise	1.13	0.41
normal	1.13	0.43
preserved	1.13	0.57
impressive	1.13	0.95
purple	1.13	0.51
hot	1.13	0.91
conception	1.14	0.46
estate	1.14	0.47
goal	1.14	0.43
rhythm	1.14	0.42
appreciation	1.15	0.60
faithful	1.15	0.94
mankind	1.16	0.62
plants	1.16	0.70
settled	1.16	0.71
clean	1.17	0.78
warmth	1.17	0.66
shade	1.17	0.60
striking	1.18	1.28
important	1.18	0.78
relations	1.18	0.42
examples	1.18	0.52
prominent	1.18	0.38
reasonable	1.18	0.69
yellow	1.19	0.63
decent	1.20	1.37
sacred	1.20	0.63
happily	1.20	1.35
intimate	1.20	0.48
confidence	1.20	0.75
tune	1.20	0.52
breeze	1.21	0.81
wise	1.21	1.29
universe	1.21	0.76
sovereignty	1.21	0.68
fine	1.21	1.39
advantage	1.21	0.64
vision	1.22	0.39
security	1.22	0.45
possessed	1.22	0.40
wisdom	1.22	0.47
busy	1.22	1.38
adequate	1.22	0.42
appropriate	1.22	0.73
truth	1.23	0.46
tribute	1.23	0.53
shelter	1.24	0.47
reputation	1.24	0.47
youth	1.25	0.91
fruit	1.25	0.77
husband	1.26	1.31
universal	1.26	0.69
kiss	1.26	1.51
scarlet	1.26	0.59
furnished	1.26	0.44
sympathetic	1.27	0.51
color	1.27	0.51
ideals	1.27	0.73
danced	1.27	0.66
granted	1.28	0.57
country	1.28	0.50
everywhere	1.28	0.44
democracy	1.28	0.63
quarters	1.28	0.42
worthy	1.28	0.28
privilege	1.29	0.55
mutual	1.29	0.60
moon	1.29	0.51
reward	1.29	0.60
comfort	1.30	0.49
independence	1.30	0.69
calm	1.30	0.67
divine	1.30	1.60
museum	1.30	0.67
loyal	1.31	0.38
sunshine	1.31	0.86
smell	1.31	0.75
leaves	1.31	0.82
apt	1.32	1.38
praise	1.32	1.47
highest	1.32	0.50
virtue	1.32	0.52
beloved	1.32	1.01
star	1.32	0.38
greeting	1.32	0.69
song	1.33	0.55
assurance	1.33	0.44
tenderness	1.33	1.21
strong	1.33	1.27
painted	1.33	0.55
contains	1.34	0.61
nice	1.35	1.04
acquired	1.35	0.54
garden	1.35	0.85
affection	1.36	1.27
soul	1.36	1.26
peace	1.36	0.45
wedding	1.36	0.43
christian	1.36	0.89
faith	1.37	0.90
liberty	1.37	0.38
understanding	1.37	0.48
distinction	1.38	0.52
singing	1.38	0.51
slim	1.38	1.36
outlook	1.38	0.59
cooperation	1.39	0.52
stars	1.39	0.51
sun	1.39	0.53
always	1.40	1.10
colors	1.40	0.56
ceremony	1.41	0.38
worship	1.41	1.59
shone	1.42	0.57
satisfied	1.42	1.28
fame	1.42	0.45
improved	1.43	1.47
vivid	1.43	0.66
chance	1.43	1.48
active	1.43	0.61
neat	1.43	0.73
tales	1.43	1.39
becky	1.43	1.42
devotion	1.43	1.33
gifts	1.45	0.46
humor	1.46	1.30
collection	1.47	0.59
arrangement	1.47	0.58
spiritual	1.48	0.55
achieved	1.48	0.49
gift	1.48	0.35
green	1.48	0.77
notable	1.49	0.90
modest	1.51	0.64
opportunities	1.52	0.62
perfectly	1.52	1.17
prospect	1.52	1.20
feminine	1.53	0.54
achievement	1.53	0.58
gentle	1.53	0.59
kindly	1.53	0.63
air	1.53	0.78
charm	1.53	0.60
success	1.53	0.45
nature	1.54	0.46
mild	1.55	1.35
advantages	1.55	0.67
leisure	1.56	0.65
efficient	1.56	0.45
creation	1.56	0.50
sunlight	1.56	0.58
honest	1.57	1.05
self	1.58	1.02
kindness	1.59	1.10
substantial	1.60	1.46
bright	1.60	0.61
useful	1.60	0.95
reality	1.61	0.49
spring	1.61	0.94
pink	1.61	0.73
loyalty	1.61	1.16
freedom	1.62	0.54
eternal	1.62	0.84
childhood	1.63	0.98
spirit	1.65	1.16
simplicity	1.66	0.58
ample	1.67	1.41
real	1.67	1.31
soft	1.67	0.58
improvement	1.68	1.39
sweeping	1.68	1.49
prosperity	1.70	0.50
friendship	1.71	1.05
clever	1.71	0.94
orange	1.72	0.76
loving	1.73	1.04
glory	1.74	1.15
sunny	1.74	1.38
polite	1.77	1.08
wealth	1.77	0.76
unity	1.77	0.79
gardens	1.79	0.67
brilliant	1.79	0.68
content	1.84	1.33
favorable	1.85	1.22
noble	1.86	0.62
generous	1.87	0.87
remarkable	1.89	1.41
confident	1.90	1.04
gorgeous	1.91	0.53
magnificent	1.92	0.56
bride	1.94	0.92
christmas	1.95	1.20
marriage	1.95	1.04
warm	1.96	1.38
attained	1.96	0.48
retained	1.98	1.25
profitable	1.98	0.82
quiet	2.01	1.28
simple	2.01	1.18
desirable	2.02	1.31
glorious	2.02	0.92
finest	2.02	0.90
preserve	2.03	1.21
casual	2.04	1.41
life	2.08	1.01
friendly	2.09	1.03
true	2.10	0.93
unique	2.11	1.34
absolute	2.13	1.21
ease	2.13	1.02
cool	2.13	1.31
tender	2.14	0.88
dignity	2.14	1.00
image	2.14	1.02
fortune	2.15	1.42
complete	2.15	1.23
fresh	2.17	1.26
merry	2.17	1.32
clear	2.20	1.02
interesting	2.21	1.61
healthy	2.22	0.94
rare	2.24	0.97
peaceful	2.25	1.41
satisfactory	2.25	0.95
successful	2.28	0.97
shining	2.30	1.14
wonderful	2.31	0.69
benefit	2.32	1.39
valuable	2.33	0.95
happiness	2.33	0.90
enjoyed	2.35	1.25
charming	2.36	0.92
essential	2.37	1.00
gay	2.44	1.02
splendid	2.45	0.82
cheerful	2.46	1.22
roses	2.47	1.08
pure	2.48	0.83
rich	2.50	1.04
flowers	2.55	0.97
harmony	2.57	0.91
beautiful	2.57	0.47
comfortable	2.57	1.18
enjoy	2.59	1.19
flower	2.59	0.99
exquisite	2.60	0.85
prosperous	2.62	1.18
ideal	2.66	0.95
attractive	2.80	0.99
delicate	2.81	0.93
beauty	2.85	0.77
perfection	2.88	0.81
sweet	3.00	0.75
