ugly	-4.00	0.92
tragic	-3.94	1.18
stupid	-3.79	0.88
blind	-3.78	0.66
miserable	-3.78	1.06
accident	-3.72	1.46
beast	-3.70	1.43
cruel	-3.60	0.81
terrible	-3.51	1.32
lonely	-3.43	1.22
worst	-3.42	1.54
fate	-3.36	1.29
ill	-3.31	1.27
inevitable	-3.29	1.29
consequences	-3.27	1.37
fatal	-3.25	1.30
helpless	-3.23	0.78
fought	-3.21	1.79
devil	-3.12	1.51
poverty	-3.11	1.14
ignorant	-3.10	0.67
hungry	-3.08	1.06
violence	-3.05	1.50
grim	-3.03	1.32
badly	-3.00	1.41
disaster	-3.00	0.70
restless	-2.98	1.48
alien	-2.97	1.37
dreadful	-2.95	1.46
bitter	-2.94	1.10
yankees	-2.89	2.03
appropriate	-2.85	1.95
recall	-2.85	1.84
hopeless	-2.84	0.39
enemies	-2.83	1.42
error	-2.80	1.60
propaganda	-2.76	1.84
exhausted	-2.75	1.29
death	-2.74	0.43
hunger	-2.74	1.35
feared	-2.73	1.51
bitterly	-2.72	1.85
weak	-2.71	1.09
desperately	-2.71	1.72
menace	-2.70	1.60
confused	-2.69	1.65
waste	-2.68	1.75
ruined	-2.66	1.23
ignorance	-2.64	1.28
sick	-2.60	1.37
margot	-2.59	1.86
bloody	-2.55	0.53
tired	-2.54	1.27
damned	-2.52	1.61
illness	-2.52	0.32
victims	-2.50	0.50
creatures	-2.50	1.18
absurd	-2.49	1.57
considering	-2.49	2.00
disease	-2.44	0.44
farmer	-2.44	1.73
bewildered	-2.42	1.73
suspected	-2.41	1.96
savage	-2.40	0.76
desperate	-2.40	0.65
kill	-2.39	1.56
hired	-2.38	1.55
horror	-2.37	1.55
competition	-2.36	2.40
damn	-2.36	1.79
instances	-2.35	1.94
peasant	-2.31	1.74
regardless	-2.30	2.00
incident	-2.29	1.64
plot	-2.28	1.98
suffering	-2.27	0.37
injured	-2.27	0.42
poison	-2.25	0.47
dumb	-2.25	0.87
weary	-2.24	0.99
crying	-2.24	1.53
drunk	-2.23	1.81
utterly	-2.23	0.39
destruction	-2.22	0.46
awful	-2.22	1.83
doubtful	-2.22	1.50
tragedy	-2.21	0.77
reminded	-2.21	2.13
justified	-2.19	1.96
universal	-2.19	2.17
useless	-2.18	0.26
dead	-2.17	1.42
fury	-2.17	1.69
dangerous	-2.14	1.51
disturbed	-2.12	1.92
suffered	-2.12	0.39
shock	-2.11	0.54
barter	-2.11	2.22
sin	-2.11	1.69
tendency	-2.11	2.29
worse	-2.09	1.53
mad	-2.09	0.87
suicide	-2.08	0.28
hatred	-2.07	1.84
victim	-2.07	0.58
foolish	-2.07	0.40
fierce	-2.03	1.58
dying	-2.03	1.55
gertrude	-2.02	2.03
aspect	-2.01	2.14
violent	-2.00	0.91
depression	-2.00	0.51
rage	-1.99	1.77
struggle	-1.97	0.50
vridar	-1.97	0.86
remembering	-1.97	1.68
born	-1.96	1.80
child	-1.96	1.85
enemy	-1.96	0.53
dog	-1.95	0.52
suspicion	-1.95	2.02
fever	-1.95	0.39
fool	-1.95	1.66
misery	-1.94	0.70
fantastic	-1.93	1.95
suffer	-1.93	0.53
cure	-1.92	0.31
sad	-1.92	1.59
dirty	-1.92	0.68
beings	-1.92	2.03
fear	-1.92	1.76
beaten	-1.91	0.39
cat	-1.90	0.44
defeat	-1.88	0.54
agony	-1.87	0.88
severe	-1.86	0.41
damage	-1.86	0.48
vain	-1.86	0.50
peculiar	-1.84	1.88
patients	-1.83	0.57
panic	-1.83	1.00
kenneth	-1.82	2.17
weather	-1.82	2.17
mother	-1.82	1.85
hospital	-1.81	0.67
despair	-1.81	0.95
sleepy	-1.81	0.79
queer	-1.78	1.43
swear	-1.78	2.00
gods	-1.78	1.85
escaped	-1.78	0.53
terror	-1.77	0.99
die	-1.77	0.64
indian	-1.77	0.58
wars	-1.76	0.56
lincoln	-1.76	0.67
anger	-1.76	1.92
killed	-1.76	0.40
hard	-1.75	2.00
idle	-1.75	0.31
thereafter	-1.75	0.58
danger	-1.75	0.44
unfortunately	-1.74	0.50
serious	-1.74	0.54
wounded	-1.74	0.54
curious	-1.73	1.74
dogs	-1.73	0.47
natural	-1.72	2.21
frightened	-1.72	0.96
murder	-1.71	0.41
germans	-1.71	0.62
favorable	-1.71	1.88
boy	-1.70	1.73
smell	-1.69	1.97
doctors	-1.68	0.73
leonie	-1.67	2.22
paula	-1.67	2.21
murdered	-1.66	0.47
lion	-1.65	0.43
painful	-1.64	1.88
frothingham	-1.64	2.22
desert	-1.63	0.60
animal	-1.63	0.53
causes	-1.63	0.35
bull	-1.63	0.49
health	-1.62	0.63
unusual	-1.62	1.85
furious	-1.61	1.03
effects	-1.61	0.56
threatened	-1.61	0.46
collapse	-1.60	0.35
nigger	-1.60	0.66
murderer	-1.60	0.46
sudden	-1.60	1.02
complained	-1.59	2.10
strange	-1.59	2.17
mankind	-1.57	2.40
pain	-1.57	0.96
events	-1.57	0.78
attacked	-1.56	0.68
occurred	-1.56	0.89
attacks	-1.55	0.68
faced	-1.55	0.64
babies	-1.55	1.11
unnecessary	-1.55	0.39
storm	-1.54	0.82
striking	-1.54	1.91
uncertain	-1.54	0.74
battle	-1.54	0.63
significant	-1.53	1.95
trembling	-1.53	0.86
nervous	-1.52	0.56
automobile	-1.51	0.83
feeding	-1.51	0.85
slave	-1.51	0.44
animals	-1.51	0.57
troubled	-1.50	1.01
drought	-1.50	0.50
unexpected	-1.50	1.06
physician	-1.50	0.52
died	-1.50	1.09
sensation	-1.50	1.70
driven	-1.49	0.56
deliberately	-1.49	0.56
confusion	-1.49	0.65
brick	-1.48	0.65
wyngate	-1.48	2.17
lael	-1.48	2.17
nazi	-1.47	0.86
roared	-1.47	1.09
frame	-1.47	0.64
shame	-1.47	1.14
punishment	-1.47	0.59
drama	-1.46	0.77
nurse	-1.45	0.94
fighting	-1.45	0.61
brand	-1.45	0.42
eldridge	-1.44	2.15
patient	-1.44	0.61
historical	-1.44	0.88
rival	-1.44	0.55
struggling	-1.44	0.56
hugo	-1.43	2.17
bother	-1.43	2.18
birds	-1.43	0.47
killing	-1.43	0.44
ending	-1.43	0.80
strain	-1.42	0.40
surprising	-1.41	1.83
dull	-1.41	0.68
crime	-1.41	0.74
anxiety	-1.41	1.10
condition	-1.41	0.31
threat	-1.40	0.53
buildings	-1.40	0.64
natives	-1.40	0.39
whom	-1.40	1.91
aroused	-1.40	1.36
consequence	-1.39	0.59
wildly	-1.38	0.47
peasants	-1.37	0.72
screamed	-1.37	0.84
worried	-1.36	0.91
torn	-1.36	0.61
jew	-1.34	0.81
tail	-1.34	0.51
unemployment	-1.34	0.47
caused	-1.34	0.57
fellow	-1.34	1.38
harsh	-1.33	0.52
infant	-1.33	1.20
screaming	-1.32	0.64
disappointment	-1.32	1.01
burned	-1.31	0.59
joan	-1.31	1.04
upset	-1.31	0.77
fears	-1.30	0.74
distress	-1.30	0.64
captured	-1.30	0.48
cared	-1.30	2.04
grandmother	-1.29	1.21
arrested	-1.29	0.47
loss	-1.29	0.34
nerves	-1.29	0.74
sheep	-1.29	0.58
trick	-1.28	0.57
remote	-1.28	0.77
lately	-1.28	1.95
crisis	-1.27	0.36
strikes	-1.27	0.81
sam	-1.27	0.99
treatment	-1.27	0.46
souls	-1.27	1.45
feed	-1.26	0.70
indians	-1.26	0.31
hudson	-1.24	1.45
fled	-1.23	0.53
resentment	-1.23	1.52
seriously	-1.22	0.59
empty	-1.22	0.59
ridiculous	-1.22	0.92
weakness	-1.22	0.48
cattle	-1.21	0.73
excited	-1.21	0.98
suspended	-1.21	0.59
fight	-1.20	0.52
alarm	-1.20	0.90
dennis	-1.20	1.16
failure	-1.20	0.60
attack	-1.19	0.49
overcome	-1.19	0.58
bullet	-1.19	0.44
angry	-1.19	0.83
cause	-1.19	0.45
wang	-1.18	0.50
motive	-1.18	0.69
johnny	-1.18	0.91
inevitably	-1.18	0.59
sore	-1.18	0.56
crash	-1.18	0.49
insurance	-1.17	0.86
ward	-1.17	0.44
vague	-1.16	0.74
terrific	-1.16	0.70
jews	-1.15	0.74
doctor	-1.15	0.61
destroyed	-1.14	0.34
slaves	-1.14	0.48
boris	-1.14	1.34
communist	-1.14	0.70
midst	-1.14	0.65
lest	-1.14	0.79
smart	-1.14	1.66
birth	-1.13	1.14
occasions	-1.13	0.84
gurlie	-1.13	0.85
inflation	-1.12	0.31
hunt	-1.12	0.64
cow	-1.12	0.47
ruin	-1.11	0.44
native	-1.11	0.72
accused	-1.11	0.55
medical	-1.11	0.42
fed	-1.11	0.77
elder	-1.11	1.20
son	-1.11	1.43
jane	-1.10	0.83
contest	-1.10	0.48
brother	-1.10	1.42
risk	-1.10	0.55
nazis	-1.09	0.85
scenes	-1.09	0.71
race	-1.08	0.83
situation	-1.08	0.55
rice	-1.08	1.43
temper	-1.08	0.82
tiger	-1.08	0.36
humble	-1.08	1.47
mistake	-1.07	0.67
parents	-1.06	1.41
bart	-1.06	1.10
flies	-1.05	0.37
charity	-1.05	0.45
revolutionary	-1.05	0.65
distant	-1.05	0.53
grief	-1.05	1.26
polish	-1.05	0.52
broken	-1.04	0.50
rescue	-1.04	0.19
primitive	-1.04	0.55
children	-1.04	1.32
ed	-1.03	0.51
mothers	-1.03	1.09
cases	-1.03	0.50
probable	-1.02	0.75
typical	-1.02	0.69
farmers	-1.02	0.84
inhabitants	-1.01	0.61
emma	-1.01	0.67
scared	-1.01	0.67
positive	-1.00	1.01
resources	-1.00	0.87
sisters	-1.00	1.39
woman	-0.99	1.66
farm	-0.99	0.84
leg	-0.99	0.45
leo	-0.99	1.23
liquor	-0.99	1.04
silly	-0.99	0.85
hostile	-0.99	0.60
jewish	-0.99	0.47
contempt	-0.99	1.25
annie	-0.99	0.88
negro	-0.98	1.06
mental	-0.98	0.27
wright	-0.98	0.45
wound	-0.97	0.44
problem	-0.97	0.57
baby	-0.97	1.46
hitler	-0.97	0.93
exposed	-0.97	0.37
fascist	-0.97	0.82
fired	-0.97	0.40
fascism	-0.97	0.66
drift	-0.96	0.87
violently	-0.96	0.45
beer	-0.96	1.11
wheat	-0.96	0.78
committed	-0.96	0.51
commerce	-0.95	0.97
approaching	-0.95	0.64
nearer	-0.95	0.49
americans	-0.95	0.50
movements	-0.94	0.48
essentially	-0.94	0.48
wave	-0.94	0.97
ignored	-0.94	0.51
gesture	-0.94	0.64
difficulties	-0.94	0.48
cage	-0.94	0.18
interstate	-0.94	1.00
bored	-0.94	0.75
furthermore	-0.94	0.40
frontier	-0.93	0.52
agriculture	-0.93	0.71
margaret	-0.93	0.86
profession	-0.93	0.92
tough	-0.93	2.12
flush	-0.93	0.83
characteristic	-0.92	0.98
albert	-0.92	0.54
agents	-0.92	0.39
bodies	-0.92	0.70
mob	-0.92	0.38
jail	-0.92	0.27
regime	-0.92	0.52
medicine	-0.92	0.37
recorded	-0.91	0.78
intense	-0.91	1.40
glasses	-0.91	1.06
decisions	-0.91	0.55
sons	-0.91	1.32
strike	-0.91	0.70
won	-0.91	0.55
drinking	-0.91	1.07
father	-0.90	1.37
acts	-0.90	0.56
widow	-0.90	1.27
ned	-0.90	0.47
taste	-0.90	1.98
drinks	-0.90	1.12
gracie	-0.90	0.44
bottle	-0.89	1.07
losses	-0.89	0.28
placing	-0.89	0.79
frozen	-0.89	0.80
occasion	-0.89	0.85
developments	-0.89	0.55
recalled	-0.89	0.90
industry	-0.89	0.82
dave	-0.88	0.45
war	-0.88	0.30
warned	-0.88	0.84
asleep	-0.88	1.03
drank	-0.88	1.08
danny	-0.88	0.64
unconscious	-0.88	0.64
masses	-0.88	0.53
wallace	-0.88	0.71
brothers	-0.87	1.28
scream	-0.87	0.41
weapons	-0.87	0.52
glass	-0.87	1.05
markets	-0.87	0.84
named	-0.87	1.04
aspects	-0.87	0.70
hide	-0.86	0.90
scarlett	-0.86	0.66
sec	-0.86	0.80
dr	-0.86	1.26
memories	-0.86	0.75
civil	-0.86	0.65
bottles	-0.86	0.99
mere	-0.86	0.52
horace	-0.86	0.51
foreigners	-0.86	0.42
neighbor	-0.86	1.17
naked	-0.86	0.85
widespread	-0.85	0.45
mule	-0.85	0.45
annoyed	-0.85	1.04
bentley	-0.85	0.74
grandfather	-0.85	1.37
ralph	-0.84	0.90
funny	-0.84	1.68
sorts	-0.84	1.11
arrest	-0.84	0.21
husband	-0.84	1.41
communists	-0.84	0.38
concerning	-0.84	0.95
aged	-0.84	1.34
uncle	-0.84	1.04
ho	-0.83	0.52
regarding	-0.83	0.95
jack	-0.83	0.60
grain	-0.83	0.74
warning	-0.83	0.40
selection	-0.83	0.77
excitement	-0.83	1.11
wine	-0.83	1.10
wives	-0.82	0.94
sarah	-0.82	0.97
sullivan	-0.82	0.28
individuals	-0.81	0.89
scott	-0.81	0.79
hell	-0.81	1.09
spending	-0.81	0.74
transportation	-0.80	0.95
generations	-0.80	0.86
chances	-0.80	0.46
amazement	-0.80	0.61
wife	-0.80	1.46
studs	-0.79	0.70
delay	-0.79	0.60
charlie	-0.79	0.50
prison	-0.79	0.21
sue	-0.79	0.47
age	-0.79	1.30
rumors	-0.79	0.54
shouting	-0.78	0.43
daughter	-0.78	1.45
charge	-0.78	0.25
sex	-0.78	0.51
ferguson	-0.78	1.10
trap	-0.78	0.47
utilities	-0.78	0.94
incredible	-0.78	1.14
sister	-0.78	1.45
marie	-0.77	1.07
care	-0.77	0.87
angrily	-0.77	0.57
embarrassed	-0.77	1.17
dutch	-0.77	0.61
emotion	-0.77	1.50
aunt	-0.77	1.10
crops	-0.77	0.79
press	-0.77	0.75
struck	-0.77	0.60
yelled	-0.76	0.72
story	-0.76	0.94
tobacco	-0.76	0.72
whisky	-0.76	1.28
negroes	-0.76	0.29
minor	-0.76	0.99
puzzled	-0.76	1.09
arab	-0.76	0.29
resulting	-0.76	0.42
reaction	-0.76	0.30
reich	-0.76	0.85
charged	-0.76	0.30
burst	-0.75	0.69
alcohol	-0.75	0.65
shocked	-0.75	0.78
manager	-0.75	0.69
generation	-0.75	0.92
marcia	-0.75	0.63
jackson	-0.75	0.47
guilty	-0.75	0.53
assigned	-0.75	0.49
hester	-0.75	0.62
urge	-0.75	0.55
politicians	-0.75	0.46
eating	-0.75	0.66
loudly	-0.75	0.44
lad	-0.75	1.19
liked	-0.74	1.98
celia	-0.74	0.64
family	-0.74	1.25
george	-0.74	0.62
staff	-0.74	0.58
concerns	-0.74	0.66
cotton	-0.74	0.78
daughters	-0.74	1.30
edna	-0.73	0.62
stomach	-0.73	0.59
missing	-0.73	0.29
discussing	-0.73	0.93
crop	-0.73	0.78
profound	-0.73	0.77
alan	-0.73	0.55
policemen	-0.73	0.17
teacher	-0.73	0.68
spanish	-0.73	0.43
vaguely	-0.73	0.76
complaint	-0.73	0.60
lawyers	-0.73	0.50
speculation	-0.73	0.51
sheriff	-0.72	0.67
yankee	-0.72	0.60
maggie	-0.72	0.99
jerry	-0.72	0.62
cicily	-0.72	0.62
regulation	-0.72	0.91
re	-0.72	0.54
troubles	-0.72	0.29
faint	-0.72	1.00
bob	-0.72	0.49
games	-0.72	0.64
servant	-0.71	1.05
blown	-0.71	0.53
apparent	-0.71	0.55
regret	-0.71	1.10
escape	-0.71	0.50
deserted	-0.71	0.70
emotions	-0.71	1.04
tom	-0.71	0.65
exists	-0.71	0.80
younger	-0.70	1.26
madrid	-0.70	0.23
tear	-0.70	0.83
saving	-0.70	0.75
races	-0.70	0.21
revolution	-0.70	0.35
charges	-0.70	0.29
affect	-0.70	0.56
corn	-0.70	0.72
servants	-0.70	0.64
northwest	-0.70	0.87
mama	-0.70	0.90
curiously	-0.70	0.81
broadcasting	-0.70	0.72
agent	-0.69	0.54
problems	-0.69	0.53
movement	-0.69	0.61
mildred	-0.69	0.76
described	-0.69	0.69
dreams	-0.69	0.66
famed	-0.69	0.59
childhood	-0.69	0.59
whiskey	-0.69	1.26
declaring	-0.69	0.58
drink	-0.69	1.07
dramatic	-0.69	1.10
cry	-0.68	0.63
suddenly	-0.68	0.48
soldier	-0.68	0.54
bar	-0.68	0.93
group	-0.68	0.61
cries	-0.68	0.35
horses	-0.68	0.31
soviet	-0.68	0.41
formal	-0.68	0.84
protest	-0.68	0.56
felt	-0.68	1.00
artificial	-0.68	0.48
environment	-0.68	0.36
ate	-0.67	0.64
persons	-0.67	0.58
criminal	-0.67	0.25
difficulty	-0.67	0.55
farming	-0.67	0.87
experiences	-0.67	0.94
prisoners	-0.67	0.14
proportions	-0.67	0.49
older	-0.67	1.12
wings	-0.67	0.49
cousin	-0.67	1.25
german	-0.66	0.58
producer	-0.66	0.51
mules	-0.66	0.31
hunting	-0.66	0.29
victor	-0.66	0.56
marriage	-0.66	1.20
consequently	-0.66	0.67
depends	-0.66	0.63
avoided	-0.66	0.73
herself	-0.66	1.15
competitive	-0.66	0.73
against	-0.65	0.53
marks	-0.65	0.54
nolan	-0.65	0.92
familiar	-0.65	2.39
release	-0.64	0.45
shoot	-0.64	0.62
eat	-0.64	0.65
conditions	-0.64	0.72
neighbors	-0.64	0.84
barbara	-0.64	0.38
identified	-0.64	0.58
billy	-0.64	0.42
buried	-0.64	0.75
peoples	-0.64	0.27
laura	-0.64	1.04
defeated	-0.63	0.14
eddie	-0.63	1.07
funeral	-0.63	0.67
blow	-0.63	0.32
guy	-0.63	0.93
policeman	-0.63	0.18
lady	-0.63	1.06
cora	-0.63	0.71
slightest	-0.63	0.87
phase	-0.63	0.57
baseball	-0.63	0.63
mare	-0.63	0.31
jenny	-0.63	0.99
trade	-0.63	0.87
event	-0.63	0.67
relatives	-0.63	1.03
joke	-0.63	0.73
soldiers	-0.63	0.22
reporters	-0.63	0.43
seized	-0.63	0.77
conflict	-0.62	0.62
file	-0.62	0.63
affair	-0.62	0.79
circumstances	-0.62	0.54
jealous	-0.62	2.19
ellen	-0.62	0.51
prisoner	-0.61	0.57
bride	-0.61	1.20
hurt	-0.61	0.62
armies	-0.61	0.20
myron	-0.61	0.66
kit	-0.61	0.46
trial	-0.61	0.22
onetime	-0.61	0.67
ashamed	-0.61	0.91
gang	-0.61	0.75
swept	-0.61	0.45
earnest	-0.60	0.38
abandoned	-0.60	0.24
expedition	-0.60	0.10
civilization	-0.60	0.71
ages	-0.60	0.66
oldest	-0.60	0.94
herr	-0.60	1.39
false	-0.60	0.66
slept	-0.60	0.89
horse	-0.60	0.25
favored	-0.60	0.41
revision	-0.60	0.75
hay	-0.59	0.53
recent	-0.59	1.04
involving	-0.59	0.74
increasingly	-0.59	0.39
rates	-0.59	0.83
socialist	-0.59	0.43
possibility	-0.59	0.47
chinese	-0.59	0.20
depths	-0.59	0.42
barrel	-0.59	0.18
boys	-0.59	0.81
crude	-0.59	0.60
pack	-0.58	0.19
joseph	-0.58	0.68
john	-0.58	0.74
russian	-0.58	0.62
married	-0.58	1.35
dorothy	-0.58	0.84
feature	-0.58	0.91
breaks	-0.58	0.48
william	-0.58	0.65
maid	-0.58	1.22
private	-0.58	0.83
jimmy	-0.58	0.38
alexander	-0.58	0.64
trend	-0.58	0.69
mary	-0.58	1.08
mysterious	-0.57	0.85
blows	-0.57	0.54
controversy	-0.57	0.50
crack	-0.57	0.51
spot	-0.57	0.53
anna	-0.57	0.90
carriers	-0.57	0.86
cooking	-0.57	0.79
repeat	-0.57	0.63
edward	-0.57	0.71
joe	-0.57	0.49
phoebe	-0.57	1.46
hamilton	-0.57	0.29
doc	-0.57	0.59
village	-0.57	0.65
marvin	-0.57	0.49
troops	-0.56	0.18
sentence	-0.56	0.37
affected	-0.56	0.49
society	-0.56	0.71
crept	-0.56	0.54
quit	-0.56	0.94
lead	-0.56	0.59
remarkable	-0.56	2.10
carl	-0.56	0.41
beating	-0.56	0.50
outstanding	-0.55	1.12
fathers	-0.55	0.97
argued	-0.55	0.67
smoke	-0.55	0.86
partner	-0.55	0.58
avoid	-0.55	0.33
dependent	-0.55	0.51
laboratory	-0.55	0.23
critical	-0.55	0.43
sounds	-0.55	0.74
calmly	-0.55	0.52
alleged	-0.55	0.27
unknown	-0.55	0.55
owing	-0.55	0.69
hint	-0.55	0.51
unemployed	-0.55	0.36
tale	-0.54	1.11
resulted	-0.54	0.58
burn	-0.54	0.48
broadcast	-0.54	0.68
progressive	-0.54	0.67
poured	-0.54	0.82
asserted	-0.54	0.86
stir	-0.54	0.93
grew	-0.54	0.45
laugh	-0.54	0.48
brigham	-0.54	0.59
physical	-0.54	0.32
alec	-0.54	0.61
farms	-0.54	0.92
henry	-0.54	0.73
startled	-0.54	0.88
remark	-0.54	0.95
communism	-0.53	0.82
mixed	-0.53	0.59
girls	-0.53	1.01
japanese	-0.53	0.20
roger	-0.53	0.50
molly	-0.53	0.43
due	-0.53	0.36
guns	-0.53	0.18
citizens	-0.53	0.55
questioned	-0.53	0.76
matey	-0.52	0.84
women	-0.52	0.94
frank	-0.52	0.50
ethel	-0.52	0.99
canvas	-0.52	0.42
disappointed	-0.52	1.05
intention	-0.52	0.51
armed	-0.52	0.15
mate	-0.52	0.54
de	-0.52	0.58
nick	-0.52	0.67
tension	-0.51	0.40
rush	-0.51	0.55
police	-0.51	0.12
publicity	-0.51	0.55
professor	-0.51	0.33
thomas	-0.51	0.55
harvey	-0.50	0.48
burning	-0.50	0.79
hammer	-0.50	0.64
formerly	-0.50	0.62
planes	-0.50	0.23
welfare	-0.50	0.32
porter	-0.50	0.55
employer	-0.50	0.51
snapped	-0.50	0.78
reed	-0.50	0.40
parker	-0.50	0.41
pole	-0.50	0.59
consumer	-0.50	0.56
david	-0.50	0.59
radio	-0.50	0.64
strangely	-0.49	0.93
jody	-0.49	0.39
cleared	-0.49	0.45
dictator	-0.49	0.46
frequent	-0.49	0.53
italians	-0.49	0.27
drifted	-0.49	0.74
class	-0.49	0.45
nervously	-0.49	0.39
signs	-0.49	0.35
al	-0.49	0.47
nancy	-0.49	0.60
obvious	-0.49	0.77
jr	-0.49	0.57
relief	-0.48	0.18
stolen	-0.48	0.57
army	-0.48	0.19
destroy	-0.48	0.47
hugh	-0.48	0.30
germany	-0.48	0.46
old	-0.48	1.70
journey	-0.48	0.27
land	-0.48	0.95
citizen	-0.48	0.63
crazy	-0.48	1.07
nicholas	-0.48	0.51
teachers	-0.48	0.44
robert	-0.48	0.60
practices	-0.48	0.64
shouted	-0.48	0.82
realization	-0.48	0.58
detective	-0.48	0.20
stirred	-0.48	0.56
guard	-0.47	0.16
producers	-0.47	0.28
hemingway	-0.47	0.38
elizabeth	-0.47	0.94
cuts	-0.47	0.28
prevented	-0.47	0.55
kid	-0.47	0.96
alice	-0.47	0.36
polly	-0.47	0.36
veterans	-0.47	0.26
released	-0.47	0.18
kids	-0.47	0.72
result	-0.47	0.74
pursuit	-0.46	0.26
flame	-0.46	0.60
employed	-0.46	0.51
civilized	-0.46	0.73
wedding	-0.46	0.92
case	-0.46	0.22
mention	-0.46	0.64
barn	-0.46	0.32
common	-0.46	0.74
grin	-0.46	0.50
junior	-0.46	0.50
mentioned	-0.46	0.70
prevent	-0.46	0.29
saved	-0.45	0.27
acres	-0.45	0.65
cup	-0.45	0.67
industries	-0.45	0.35
tea	-0.45	0.81
necessarily	-0.45	0.52
palestine	-0.45	0.32
license	-0.44	0.22
fleet	-0.44	0.20
shout	-0.44	0.35
mess	-0.44	1.99
johnnie	-0.44	0.43
dick	-0.44	0.35
matt	-0.44	0.44
sweeping	-0.44	0.39
thousands	-0.44	0.32
francis	-0.44	0.50
alike	-0.44	0.59
fred	-0.44	0.42
pete	-0.44	0.58
factories	-0.44	0.26
arise	-0.44	0.34
benvenuto	-0.44	0.52
karel	-0.44	0.39
diet	-0.43	0.34
jones	-0.43	0.55
protested	-0.43	0.96
lawyer	-0.43	0.42
bird	-0.43	0.38
explain	-0.43	0.62
whip	-0.43	0.26
doubtless	-0.43	0.63
educated	-0.43	0.69
examination	-0.43	0.54
labor	-0.43	0.32
whereas	-0.43	0.84
wing	-0.43	0.18
millions	-0.43	0.26
resignation	-0.43	0.51
factors	-0.43	0.32
rotten	-0.42	1.96
rid	-0.42	0.71
anne	-0.42	0.47
munn	-0.42	0.37
gravely	-0.42	0.43
assistant	-0.42	0.38
tommy	-0.42	0.65
lose	-0.42	0.43
favorite	-0.42	0.54
helen	-0.42	0.86
culture	-0.42	0.61
presumably	-0.42	0.52
male	-0.42	0.88
astonished	-0.42	1.02
director	-0.42	0.40
oliver	-0.42	0.28
douglas	-0.42	0.42
split	-0.42	0.13
changing	-0.42	0.52
jury	-0.42	0.20
james	-0.42	0.57
baltimore	-0.42	0.20
team	-0.42	0.21
walter	-0.41	0.42
students	-0.41	0.32
moscow	-0.41	0.38
italian	-0.41	0.28
testified	-0.41	0.26
rough	-0.41	0.83
burden	-0.41	0.54
whose	-0.41	0.45
certain	-0.41	0.75
sixteen	-0.41	0.62
deputy	-0.41	0.21
aviation	-0.41	0.24
richard	-0.41	0.62
lost	-0.41	0.52
poland	-0.41	0.38
johnson	-0.41	0.27
manufacturers	-0.41	0.31
papa	-0.41	0.70
flying	-0.40	0.23
swale	-0.40	0.34
emergency	-0.40	0.21
tense	-0.40	0.61
agricultural	-0.40	0.43
inspector	-0.40	0.16
rushed	-0.40	0.43
restrictions	-0.40	0.25
among	-0.40	0.71
master	-0.40	0.48
adding	-0.40	0.50
hopkins	-0.40	0.25
hack	-0.40	0.39
college	-0.40	0.30
challenge	-0.40	0.65
harriet	-0.40	0.55
evidently	-0.40	0.49
radical	-0.39	0.31
vice	-0.39	0.45
hence	-0.39	0.41
export	-0.39	0.34
grimly	-0.39	0.63
names	-0.39	0.58
defense	-0.39	0.17
railroads	-0.39	0.48
seventeen	-0.39	0.58
daniel	-0.39	0.41
loud	-0.39	0.27
olympic	-0.39	0.23
halt	-0.39	0.35
former	-0.39	0.42
claimed	-0.39	0.74
slight	-0.39	0.44
judges	-0.39	0.15
spain	-0.39	0.28
fort	-0.39	0.16
taylor	-0.38	0.32
clara	-0.38	0.70
general	-0.38	0.28
recovered	-0.38	0.53
officer	-0.38	0.19
princess	-0.38	0.95
craft	-0.38	0.17
coffee	-0.38	0.70
dan	-0.38	0.43
surplus	-0.38	0.36
commanded	-0.38	0.36
songs	-0.38	0.84
season	-0.38	0.89
alabama	-0.38	0.27
fast	-0.38	0.59
chairman	-0.38	0.39
results	-0.38	0.53
sharp	-0.38	0.49
lewis	-0.38	0.29
districts	-0.38	0.23
bert	-0.38	0.71
morgan	-0.38	0.38
tongue	-0.38	0.61
public	-0.38	0.25
factor	-0.38	0.40
rifle	-0.38	0.16
behavior	-0.37	0.28
ancient	-0.37	0.48
industrial	-0.37	0.33
directions	-0.37	0.29
courts	-0.37	0.18
discovery	-0.37	0.65
temple	-0.37	0.52
university	-0.37	0.25
shells	-0.37	0.11
justice	-0.37	0.17
guards	-0.37	0.12
herbert	-0.37	0.44
superintendent	-0.37	0.21
colonel	-0.37	0.24
faces	-0.37	0.50
harvard	-0.37	0.22
content	-0.37	0.49
acting	-0.37	0.25
lay	-0.37	0.76
treat	-0.37	0.36
criticism	-0.36	0.78
berlin	-0.36	0.60
unions	-0.36	0.29
development	-0.36	0.66
lives	-0.36	0.67
school	-0.36	0.33
products	-0.36	0.38
wilson	-0.36	0.29
departure	-0.36	0.15
iii	-0.36	0.59
kicked	-0.36	0.26
powder	-0.36	0.60
brad	-0.36	0.37
mexican	-0.36	0.23
those	-0.36	0.62
quarrel	-0.36	0.27
ben	-0.36	0.43
domestic	-0.36	0.35
nerve	-0.36	0.22
vincent	-0.36	0.35
community	-0.36	0.39
owners	-0.36	0.34
frederick	-0.36	0.56
forces	-0.35	0.22
literally	-0.35	0.39
examples	-0.35	0.58
centuries	-0.35	0.38
chancellor	-0.35	0.63
carpenter	-0.35	0.42
africa	-0.35	0.17
chain	-0.35	0.59
party	-0.35	0.22
towns	-0.35	0.35
morris	-0.35	0.37
stronger	-0.35	0.66
surprise	-0.35	0.75
areas	-0.35	0.41
military	-0.35	0.19
schools	-0.35	0.31
purely	-0.35	0.50
partly	-0.35	0.38
yale	-0.35	0.20
winds	-0.34	1.08
dealing	-0.34	0.60
classes	-0.34	0.38
creature	-0.34	1.51
decline	-0.34	0.24
stuff	-0.34	2.10
leaped	-0.34	0.34
appeals	-0.34	0.34
film	-0.34	0.22
queen	-0.34	0.76
blocks	-0.34	0.32
faculty	-0.34	0.21
m	-0.34	0.28
eventually	-0.34	0.53
associates	-0.34	0.32
mines	-0.34	0.26
places	-0.34	0.71
parties	-0.34	0.22
alfred	-0.34	0.50
membership	-0.33	0.23
cinema	-0.33	0.22
aware	-0.33	0.73
champion	-0.33	0.21
resistance	-0.33	0.62
chief	-0.33	0.20
portrait	-0.33	0.46
pile	-0.33	0.60
changes	-0.33	0.25
allies	-0.33	0.29
camp	-0.33	0.61
austria	-0.33	0.57
cuba	-0.33	0.17
engineers	-0.33	0.21
psychological	-0.33	0.35
demonstration	-0.33	0.55
gas	-0.33	0.35
consumers	-0.33	0.28
surrender	-0.33	0.21
lawrence	-0.33	0.35
commodity	-0.33	0.31
coach	-0.33	0.19
sergeant	-0.33	0.19
conclusion	-0.33	0.64
fellows	-0.33	1.02
counsel	-0.33	0.15
square	-0.33	0.32
ford	-0.33	0.25
primary	-0.33	0.25
division	-0.33	0.17
columbia	-0.33	0.18
revival	-0.33	0.31
accompanied	-0.33	0.52
economic	-0.33	0.33
match	-0.33	0.27
kelly	-0.32	0.22
sleeping	-0.32	1.11
preacher	-0.32	1.00
responsible	-0.32	0.30
proceedings	-0.32	0.30
officers	-0.32	0.13
employes	-0.32	0.27
tears	-0.32	0.97
housing	-0.32	0.21
internal	-0.32	0.19
employees	-0.32	0.27
peter	-0.32	0.46
lieutenant	-0.32	0.18
cities	-0.32	0.34
human	-0.32	1.05
mystery	-0.32	0.77
emphasized	-0.32	0.68
pat	-0.32	0.46
court	-0.32	0.19
robinson	-0.32	0.25
milk	-0.32	0.58
element	-0.32	0.57
flew	-0.32	0.21
period	-0.32	0.21
brain	-0.31	0.57
tim	-0.31	0.44
racing	-0.31	0.17
education	-0.31	0.25
sank	-0.31	0.50
communities	-0.31	0.37
traffic	-0.31	0.38
anxious	-0.31	0.74
rapid	-0.31	0.29
ranch	-0.31	0.72
sylvia	-0.31	0.35
resumed	-0.31	0.47
imports	-0.31	0.30
waiter	-0.31	0.58
emphasis	-0.31	0.62
catch	-0.31	0.60
ones	-0.31	0.68
eagerly	-0.31	0.46
boom	-0.31	0.41
kings	-0.31	0.32
border	-0.31	0.18
commissioner	-0.31	0.16
retail	-0.30	0.26
engineer	-0.30	0.30
nra	-0.30	0.24
extreme	-0.30	0.81
bruce	-0.30	0.61
matthew	-0.30	0.41
workers	-0.30	0.26
issues	-0.30	0.35
counties	-0.30	0.26
fog	-0.30	0.92
canadian	-0.30	0.22
corps	-0.30	0.18
santa	-0.30	0.19
characters	-0.30	0.41
leader	-0.30	0.22
lou	-0.30	0.50
organization	-0.30	0.28
retired	-0.30	0.55
factory	-0.30	0.24
female	-0.30	0.77
blowing	-0.30	1.24
throw	-0.30	0.68
wild	-0.30	0.89
witnesses	-0.30	0.15
many	-0.30	0.64
sight	-0.30	0.62
impressed	-0.30	0.86
employers	-0.30	0.29
union	-0.30	0.27
motionless	-0.30	0.54
territory	-0.30	0.28
lindbergh	-0.29	0.15
afterwards	-0.29	0.84
louise	-0.29	1.02
origin	-0.29	0.19
clark	-0.29	0.28
russia	-0.29	0.36
stare	-0.29	0.49
china	-0.29	0.17
witness	-0.29	0.14
worker	-0.29	0.56
student	-0.29	0.27
fallen	-0.29	0.59
periods	-0.29	0.24
area	-0.29	0.37
forgot	-0.29	1.33
mounted	-0.29	0.16
nat	-0.29	0.33
islands	-0.29	0.20
exports	-0.29	0.30
produce	-0.29	0.52
shaw	-0.28	0.22
mills	-0.28	0.28
airplane	-0.28	0.14
domini	-0.28	0.39
dealers	-0.28	0.21
research	-0.28	0.18
alvin	-0.28	0.44
reporter	-0.28	0.27
smirt	-0.28	0.47
french	-0.28	0.27
mexico	-0.28	0.12
administrator	-0.28	0.17
secret	-0.28	0.66
wpa	-0.28	0.20
commission	-0.28	0.32
rural	-0.28	0.38
shots	-0.28	0.31
homes	-0.28	0.50
track	-0.28	0.17
invisible	-0.28	0.38
continent	-0.28	0.20
special	-0.28	0.85
howard	-0.28	0.47
winning	-0.28	0.19
automobiles	-0.28	0.14
habit	-0.28	0.47
anderson	-0.28	0.33
missed	-0.28	0.69
magistrate	-0.28	0.16
folk	-0.27	0.67
headed	-0.27	0.34
colony	-0.27	0.17
necessity	-0.27	0.30
groups	-0.27	0.23
dirt	-0.27	0.42
secretary	-0.27	0.28
murray	-0.27	0.25
minority	-0.27	0.18
seas	-0.27	0.47
friend	-0.27	1.00
murdock	-0.27	0.31
mill	-0.27	0.29
dewey	-0.27	0.12
attorney	-0.27	0.13
spirits	-0.27	0.56
outcome	-0.27	0.74
suggest	-0.27	0.60
actions	-0.27	0.32
colleges	-0.27	0.27
command	-0.27	0.13
sprang	-0.27	0.40
commodities	-0.27	0.32
cook	-0.27	0.51
social	-0.27	0.69
lying	-0.26	0.72
courses	-0.26	0.28
hundreds	-0.26	0.21
temperature	-0.26	0.58
motor	-0.26	0.16
search	-0.26	0.26
bannister	-0.26	0.39
opposition	-0.26	0.26
atmosphere	-0.26	0.74
merchants	-0.26	0.24
member	-0.26	0.25
leaders	-0.26	0.23
chapter	-0.26	0.27
shows	-0.26	0.60
deliver	-0.26	0.21
grinning	-0.26	0.35
dealt	-0.26	0.26
phyllis	-0.26	0.73
victory	-0.26	0.32
liberal	-0.26	0.24
possession	-0.26	0.48
rand	-0.26	1.42
region	-0.26	0.34
block	-0.26	0.25
emotional	-0.26	0.42
pipes	-0.26	0.25
hit	-0.26	0.46
asia	-0.25	0.18
abruptly	-0.25	0.34
guys	-0.25	0.98
gun	-0.25	0.17
monopoly	-0.25	0.82
economics	-0.25	0.21
employment	-0.25	0.22
advertising	-0.25	0.20
manufacture	-0.25	0.30
fund	-0.25	0.27
tunnel	-0.25	0.22
bay	-0.25	0.22
served	-0.25	0.47
present	-0.25	0.24
mitchell	-0.25	0.34
reserves	-0.25	0.26
cars	-0.25	0.16
fundamental	-0.25	0.68
production	-0.25	0.27
history	-0.25	0.37
judge	-0.25	0.11
building	-0.25	0.35
expense	-0.25	0.26
utility	-0.25	0.37
commander	-0.25	0.15
campaign	-0.25	0.20
zone	-0.25	0.12
ma	-0.24	0.74
election	-0.24	0.14
cigarettes	-0.24	0.89
softly	-0.24	0.51
correct	-0.24	0.99
aloud	-0.24	0.69
serving	-0.24	0.32
michigan	-0.24	0.13
virginia	-0.24	0.18
effect	-0.24	0.32
visitor	-0.24	0.51
processes	-0.24	0.28
motors	-0.24	0.24
marine	-0.24	0.15
contrast	-0.24	0.82
bold	-0.24	0.75
iowa	-0.24	0.14
importance	-0.24	0.71
shaking	-0.24	0.74
pilot	-0.24	0.12
scientific	-0.24	0.20
borden	-0.24	0.32
romantic	-0.24	0.84
regard	-0.24	0.65
shipping	-0.24	0.27
action	-0.24	0.24
bit	-0.24	0.48
buck	-0.24	0.51
subsequent	-0.24	0.44
saint	-0.24	1.22
contributed	-0.24	0.20
wagon	-0.23	0.17
population	-0.23	0.32
spite	-0.23	0.32
department	-0.23	0.17
bus	-0.23	0.14
democrat	-0.23	0.10
illinois	-0.23	0.14
presidential	-0.23	0.17
habits	-0.23	0.56
late	-0.23	0.50
kick	-0.23	0.41
companies	-0.23	0.34
pretty	-0.23	1.74
mistress	-0.23	1.07
sally	-0.23	0.59
federation	-0.23	0.23
superior	-0.23	0.52
georgia	-0.23	0.13
observe	-0.23	0.83
marion	-0.23	1.32
tammany	-0.23	0.10
laughter	-0.23	0.28
ruled	-0.23	0.16
pop	-0.23	0.65
colorado	-0.23	0.13
relieved	-0.23	0.96
win	-0.23	0.23
news	-0.23	0.26
appeal	-0.23	0.73
massachusetts	-0.23	0.13
p	-0.23	0.25
difference	-0.23	0.61
california	-0.23	0.12
pennsylvania	-0.23	0.13
canada	-0.22	0.23
deny	-0.22	0.61
connecticut	-0.22	0.14
missouri	-0.22	0.13
unique	-0.22	1.27
texas	-0.22	0.13
referred	-0.22	0.41
clock	-0.22	0.25
indiana	-0.22	0.13
response	-0.22	0.43
politics	-0.22	0.24
allen	-0.22	0.48
appointment	-0.22	0.12
angeles	-0.22	0.10
flames	-0.22	0.33
imposed	-0.22	0.36
girl	-0.22	1.83
carolina	-0.22	0.13
roads	-0.22	0.26
ireland	-0.22	0.37
ohio	-0.22	0.13
racket	-0.22	0.82
holes	-0.22	0.67
lumber	-0.22	0.34
florida	-0.22	0.13
screen	-0.22	0.21
kentucky	-0.22	0.13
pistol	-0.22	0.21
peggy	-0.22	0.36
writers	-0.22	0.18
kansas	-0.22	0.13
driver	-0.22	0.11
bones	-0.22	0.47
regions	-0.22	0.34
freight	-0.22	0.28
ports	-0.21	0.22
american	-0.21	0.21
sentiment	-0.21	1.05
belgium	-0.21	0.38
executives	-0.21	0.14
prohibition	-0.21	0.23
describe	-0.21	0.68
district	-0.21	0.12
india	-0.21	0.19
stone	-0.21	0.35
european	-0.21	0.21
solemn	-0.21	0.78
representative	-0.21	0.13
frankly	-0.21	0.52
countries	-0.21	0.24
davis	-0.21	0.32
king	-0.21	0.58
mood	-0.21	0.60
europe	-0.21	0.20
francisco	-0.21	0.11
mediterranean	-0.21	0.14
jersey	-0.21	0.11
organized	-0.21	0.25
whistle	-0.21	0.26
fare	-0.21	0.24
compensation	-0.21	0.22
officials	-0.21	0.11
national	-0.21	0.27
experiments	-0.21	0.18
stones	-0.21	0.32
williams	-0.21	0.31
person	-0.21	0.86
ice	-0.21	0.53
possibilities	-0.21	0.58
teaching	-0.20	0.25
tray	-0.20	0.65
prize	-0.20	0.22
plane	-0.20	0.21
significance	-0.20	0.73
despite	-0.20	0.32
gasoline	-0.20	0.22
concentrated	-0.20	0.19
century	-0.20	0.30
san	-0.20	0.16
conservative	-0.20	0.23
piece	-0.20	0.60
railroad	-0.20	0.23
himself	-0.20	0.64
service	-0.20	0.13
candidates	-0.20	0.11
southern	-0.20	0.14
engines	-0.20	0.17
organizations	-0.20	0.22
mussolini	-0.20	0.48
ii	-0.20	0.48
los	-0.20	0.11
ranks	-0.20	0.13
trading	-0.20	0.32
headquarters	-0.20	0.08
laughing	-0.20	0.62
carriage	-0.20	0.18
ing	-0.20	0.50
napoleon	-0.20	0.41
pope	-0.20	0.43
fault	-0.20	0.66
members	-0.20	0.15
hollywood	-0.20	0.18
president	-0.20	0.20
subjects	-0.20	0.26
priest	-0.20	1.01
country	-0.20	0.28
families	-0.20	0.80
flight	-0.20	0.21
authorities	-0.20	0.13
philip	-0.20	0.44
submit	-0.20	0.67
species	-0.20	0.24
jumped	-0.20	0.35
benefit	-0.19	0.48
thoughts	-0.19	0.58
institute	-0.19	0.17
japan	-0.19	0.23
tariff	-0.19	0.25
harder	-0.19	0.79
republicans	-0.19	0.12
experts	-0.19	0.16
steel	-0.19	0.26
individual	-0.19	0.32
northern	-0.19	0.16
foreign	-0.19	0.26
d	-0.19	0.26
scotland	-0.19	0.39
driving	-0.19	0.18
transport	-0.19	0.22
prairie	-0.19	0.79
fortnight	-0.19	0.13
bridges	-0.19	0.21
easter	-0.19	0.32
centers	-0.19	0.22
voters	-0.19	0.09
hull	-0.19	0.12
united	-0.19	0.23
senators	-0.19	0.12
psychology	-0.19	0.20
f	-0.19	0.27
corporate	-0.19	0.39
official	-0.19	0.22
kurt	-0.19	1.30
drive	-0.19	0.15
fox	-0.18	0.12
states	-0.18	0.18
particular	-0.18	0.70
detroit	-0.18	0.13
australia	-0.18	0.21
abroad	-0.18	0.22
kent	-0.18	0.18
western	-0.18	0.14
county	-0.18	0.10
prices	-0.18	0.28
concluded	-0.18	0.58
eastern	-0.18	0.14
losing	-0.18	0.20
voting	-0.18	0.15
marked	-0.18	0.98
saddle	-0.18	0.26
republican	-0.18	0.12
taxi	-0.18	0.11
h	-0.18	0.24
fire	-0.18	0.44
financial	-0.18	0.30
station	-0.18	0.12
engine	-0.18	0.17
streets	-0.18	0.23
pacific	-0.18	0.15
italy	-0.18	0.30
e	-0.17	0.27
major	-0.17	0.44
both	-0.17	0.65
captain	-0.17	0.20
washington	-0.17	0.13
blew	-0.17	0.69
weapon	-0.17	0.15
bureau	-0.17	0.14
south	-0.17	0.12
corporations	-0.17	0.43
municipal	-0.17	0.23
america	-0.17	0.17
wiped	-0.17	0.36
teeth	-0.17	0.48
rail	-0.17	0.30
muscles	-0.17	0.48
chemical	-0.17	0.20
c	-0.17	0.21
protect	-0.17	0.50
spare	-0.17	0.63
taught	-0.17	0.27
divorce	-0.17	0.67
whole	-0.17	0.49
save	-0.17	0.28
england	-0.17	0.32
examined	-0.17	0.17
passion	-0.17	2.29
odd	-0.17	2.11
supported	-0.17	0.20
floating	-0.17	0.34
fish	-0.17	0.33
passenger	-0.17	0.21
trained	-0.17	0.22
admiral	-0.17	0.20
sound	-0.16	0.26
formation	-0.16	0.21
government	-0.16	0.20
market	-0.16	0.24
including	-0.16	0.37
solve	-0.16	0.28
v	-0.16	0.23
reform	-0.16	0.32
lit	-0.16	0.39
fires	-0.16	0.39
democrats	-0.16	0.11
recovery	-0.16	0.27
act	-0.16	0.33
jim	-0.16	0.43
literature	-0.16	0.33
commonly	-0.16	0.64
charley	-0.16	0.41
obviously	-0.16	0.40
earlier	-0.16	0.30
ambassador	-0.16	0.29
association	-0.16	0.21
breaking	-0.16	0.15
fly	-0.16	0.13
walker	-0.16	0.14
thirteen	-0.16	0.27
rocky	-0.16	0.19
seven	-0.16	0.27
filed	-0.16	0.19
mississippi	-0.16	0.14
cab	-0.16	0.11
riding	-0.16	0.18
grounds	-0.16	0.13
buying	-0.16	0.28
roar	-0.16	0.42
eighteen	-0.16	0.28
publisher	-0.16	0.14
y	-0.15	0.24
brooklyn	-0.15	0.12
movie	-0.15	0.18
appointed	-0.15	0.21
r	-0.15	0.25
exchange	-0.15	0.28
fourteen	-0.15	0.27
kingdom	-0.15	0.44
twelve	-0.15	0.27
broke	-0.15	0.34
theirs	-0.15	0.51
eight	-0.15	0.27
testimony	-0.15	0.20
x	-0.15	0.16
empire	-0.15	0.29
senator	-0.15	0.11
th	-0.15	0.32
truck	-0.15	0.12
buffalo	-0.15	0.16
democratic	-0.15	0.12
such	-0.15	0.76
chet	-0.15	0.49
candidate	-0.15	0.09
cracked	-0.15	0.22
determine	-0.15	0.64
fifteen	-0.15	0.27
car	-0.15	0.12
north	-0.15	0.16
nomination	-0.15	0.10
opposed	-0.15	0.37
concrete	-0.15	0.25
goods	-0.15	0.27
oil	-0.15	0.28
tore	-0.15	0.25
nine	-0.15	0.27
eleven	-0.15	0.27
interests	-0.15	0.27
tin	-0.15	0.43
cleveland	-0.14	0.11
experienced	-0.14	0.39
correspondents	-0.14	0.19
claude	-0.14	0.21
juan	-0.14	0.23
yuh	-0.14	0.72
football	-0.14	0.23
home	-0.14	0.74
ethiopia	-0.14	0.26
antonio	-0.14	0.30
speaker	-0.14	0.10
impulse	-0.14	1.04
considerable	-0.14	0.70
joint	-0.14	0.29
sweat	-0.14	0.64
ocean	-0.14	0.27
state	-0.14	0.15
twenty	-0.14	0.26
spade	-0.14	0.26
matters	-0.14	0.31
iv	-0.14	0.16
forty	-0.14	0.26
broadway	-0.14	0.12
speeches	-0.14	0.24
denied	-0.14	0.45
governor	-0.14	0.09
violation	-0.14	0.25
without	-0.14	0.32
jaw	-0.14	0.46
ships	-0.14	0.21
game	-0.14	0.27
circulation	-0.14	0.20
consumption	-0.14	0.23
reports	-0.14	0.27
pupils	-0.14	0.52
exit	-0.14	0.80
civic	-0.14	0.23
gulf	-0.14	0.16
representing	-0.14	0.17
expansion	-0.14	0.27
suitable	-0.14	0.77
landing	-0.14	0.16
grip	-0.14	0.36
nuts	-0.14	0.86
rolls	-0.14	0.19
manufacturing	-0.14	0.26
occurs	-0.14	0.24
coast	-0.14	0.15
nails	-0.13	0.58
n	-0.13	0.21
boss	-0.13	0.62
vessel	-0.13	0.20
ride	-0.13	0.24
expressed	-0.13	0.68
ruling	-0.13	0.18
four	-0.13	0.24
mayor	-0.13	0.09
dad	-0.13	0.72
five	-0.13	0.25
wash	-0.13	0.44
jefferson	-0.13	0.16
body	-0.13	0.64
tune	-0.13	0.75
charles	-0.13	0.62
harbor	-0.13	0.16
chicago	-0.13	0.11
corp	-0.13	0.23
operators	-0.13	0.18
agnes	-0.13	0.75
nation	-0.13	0.29
bars	-0.13	0.23
virtually	-0.13	0.66
counted	-0.13	0.17
ownership	-0.13	0.37
atlantic	-0.13	0.18
thirty	-0.13	0.25
transit	-0.13	0.18
t	-0.13	0.25
absence	-0.13	0.62
breakfast	-0.13	0.42
price	-0.13	0.27
continuous	-0.13	0.32
changed	-0.13	0.67
shops	-0.13	0.22
actors	-0.13	0.17
railway	-0.13	0.16
conduct	-0.13	0.28
dat	-0.13	0.59
sixty	-0.13	0.25
questioning	-0.13	0.31
record	-0.13	0.29
instantly	-0.13	0.29
six	-0.13	0.24
ten	-0.12	0.25
lies	-0.12	0.59
route	-0.12	0.14
louis	-0.12	0.23
existence	-0.12	0.53
plate	-0.12	0.44
associated	-0.12	0.27
depend	-0.12	0.68
yield	-0.12	0.21
noise	-0.12	0.21
ile	-0.12	0.68
s	-0.12	0.29
summoned	-0.12	0.36
unlike	-0.12	0.85
sailing	-0.12	0.18
bankers	-0.12	0.17
property	-0.12	0.28
terribly	-0.12	0.66
science	-0.12	0.19
listed	-0.12	0.28
diplomatic	-0.12	0.21
lighted	-0.12	0.38
million	-0.12	0.23
landed	-0.12	0.10
tennessee	-0.12	0.16
bridge	-0.12	0.21
stores	-0.12	0.23
france	-0.12	0.30
institutions	-0.12	0.32
presence	-0.12	0.38
trains	-0.12	0.13
heavily	-0.12	0.52
food	-0.12	0.29
objects	-0.12	0.44
log	-0.12	0.68
bronx	-0.12	0.11
sections	-0.12	0.19
chauffeur	-0.12	0.17
associations	-0.12	0.29
cigarette	-0.12	0.31
famous	-0.12	0.47
assumed	-0.12	0.47
young	-0.12	0.95
transfer	-0.12	0.12
investigation	-0.12	0.15
wholesale	-0.12	0.25
orleans	-0.11	0.12
grasp	-0.11	0.43
canal	-0.11	0.14
supreme	-0.11	0.19
characteristics	-0.11	0.37
swell	-0.11	1.25
island	-0.11	0.16
replaced	-0.11	0.19
similar	-0.11	0.82
separated	-0.11	0.40
enforcement	-0.11	0.23
lee	-0.11	0.33
chase	-0.11	0.62
republic	-0.11	0.30
central	-0.11	0.12
coal	-0.11	0.26
local	-0.11	0.20
tent	-0.11	0.28
own	-0.11	0.39
repeal	-0.11	0.18
bell	-0.11	0.23
representatives	-0.11	0.14
hey	-0.11	0.69
votes	-0.11	0.10
stove	-0.11	0.47
directors	-0.11	0.17
lakes	-0.11	0.25
parts	-0.11	0.13
shares	-0.11	0.31
franklin	-0.11	0.15
customs	-0.10	0.46
theatre	-0.10	0.20
tide	-0.10	0.22
contributions	-0.10	0.21
grateful	-0.10	2.09
west	-0.10	0.12
grade	-0.10	0.22
governmental	-0.10	0.26
gambling	-0.10	0.69
followers	-0.10	0.70
hundred	-0.10	0.23
fifty	-0.10	0.23
improvement	-0.10	0.76
handled	-0.10	0.52
pearl	-0.10	0.37
premier	-0.10	0.37
material	-0.10	0.65
construction	-0.10	0.22
soil	-0.10	0.53
boats	-0.10	0.19
raw	-0.10	0.33
shed	-0.10	0.21
decision	-0.10	0.24
elections	-0.10	0.11
elements	-0.10	0.29
crew	-0.10	0.23
samuel	-0.10	0.46
port	-0.10	0.21
manhattan	-0.10	0.20
automatic	-0.09	0.12
candle	-0.09	0.32
loaded	-0.09	0.15
irish	-0.09	0.33
founded	-0.09	0.33
constant	-0.09	0.26
several	-0.09	0.36
admit	-0.09	0.56
pittsburgh	-0.09	0.11
conscious	-0.09	0.45
meal	-0.09	0.45
miller	-0.09	0.29
london	-0.09	0.23
commercial	-0.09	0.30
wheels	-0.09	0.09
era	-0.09	0.44
vessels	-0.09	0.21
swift	-0.09	0.23
federal	-0.09	0.20
supporting	-0.09	0.14
plains	-0.09	0.36
bunch	-0.09	1.12
agency	-0.09	0.14
players	-0.09	0.24
dozen	-0.09	0.31
rome	-0.09	0.34
o	-0.09	0.38
feeling	-0.09	0.77
undoubtedly	-0.09	0.55
sinking	-0.09	0.12
york	-0.09	0.07
academy	-0.09	0.16
grown	-0.09	0.64
desires	-0.09	0.48
signal	-0.09	0.18
owner	-0.09	0.67
represented	-0.09	0.20
meetings	-0.08	0.19
negative	-0.08	0.29
city	-0.08	0.11
purchasing	-0.08	0.22
located	-0.08	0.19
adams	-0.08	0.29
score	-0.08	0.25
middle	-0.08	0.23
tracks	-0.08	0.12
sea	-0.08	0.30
royal	-0.08	0.62
arose	-0.08	0.39
consider	-0.08	0.62
en	-0.08	0.21
board	-0.08	0.15
passage	-0.08	0.14
personally	-0.08	0.59
sugar	-0.08	0.44
gee	-0.08	0.86
hills	-0.08	0.32
vote	-0.08	0.10
filled	-0.08	0.76
restaurant	-0.08	0.22
voyage	-0.08	0.36
climate	-0.08	1.27
offices	-0.08	0.22
index	-0.08	0.21
counter	-0.08	0.30
artists	-0.08	0.41
inquiry	-0.08	0.14
hoover	-0.08	0.11
picture	-0.08	0.25
estimated	-0.08	0.28
waving	-0.08	0.31
latest	-0.08	0.38
lehman	-0.08	0.08
remarks	-0.08	1.13
arts	-0.08	0.16
supper	-0.08	0.40
giant	-0.08	0.57
teach	-0.08	0.22
wage	-0.08	0.24
clubs	-0.08	0.20
preparing	-0.08	0.60
wagner	-0.08	0.11
sleep	-0.07	0.89
arthur	-0.07	0.36
management	-0.07	0.24
meals	-0.07	0.43
behalf	-0.07	0.16
implied	-0.07	0.27
jest	-0.07	0.54
company	-0.07	0.22
sailed	-0.07	0.18
dragged	-0.07	0.25
political	-0.07	0.30
snow	-0.07	1.06
stocks	-0.07	0.26
gentleman	-0.07	0.94
boston	-0.07	0.11
existing	-0.07	0.26
preferred	-0.07	0.30
critics	-0.07	0.14
indicate	-0.07	0.34
ball	-0.07	0.21
britain	-0.07	0.29
demand	-0.07	0.23
wind	-0.07	1.06
liquid	-0.07	0.42
council	-0.07	0.16
sadly	-0.07	0.58
sounded	-0.07	0.29
programs	-0.07	0.17
stockholders	-0.07	0.27
three	-0.07	0.32
similarly	-0.07	0.17
training	-0.07	0.17
co	-0.07	0.18
legion	-0.07	0.16
thousand	-0.07	0.22
benefits	-0.07	0.25
works	-0.07	0.16
plant	-0.07	0.39
suspect	-0.07	0.83
git	-0.07	0.64
clerk	-0.07	0.19
dividend	-0.07	0.32
pipe	-0.07	0.30
committees	-0.07	0.14
relative	-0.07	0.78
train	-0.07	0.09
tons	-0.07	0.13
mount	-0.07	0.20
roughly	-0.06	0.11
occasional	-0.06	0.30
seed	-0.06	0.57
lasted	-0.06	0.22
aboard	-0.06	0.15
output	-0.06	0.24
voices	-0.06	0.26
newspaper	-0.06	0.19
fell	-0.06	0.24
springs	-0.06	0.61
crowds	-0.06	0.25
smaller	-0.06	0.71
previous	-0.06	0.45
structure	-0.06	0.31
theater	-0.06	0.22
rolling	-0.06	0.31
b	-0.06	0.17
executive	-0.06	0.13
years	-0.06	0.22
casually	-0.06	0.20
albany	-0.06	0.05
stop	-0.06	0.88
huh	-0.06	0.95
chicken	-0.06	0.46
egg	-0.06	0.39
drove	-0.06	0.21
lap	-0.06	0.43
regulations	-0.06	0.29
properties	-0.06	0.24
motion	-0.06	0.11
differences	-0.06	0.33
pending	-0.06	0.27
current	-0.06	0.28
finance	-0.06	0.21
issue	-0.06	0.27
afterward	-0.06	0.68
pot	-0.06	0.50
clever	-0.06	0.75
week	-0.05	0.17
waters	-0.05	0.23
bible	-0.05	0.99
delegation	-0.05	0.13
roosevelt	-0.05	0.07
emperor	-0.05	0.53
marched	-0.05	0.14
series	-0.05	0.35
mason	-0.05	0.17
flash	-0.05	0.38
mountains	-0.05	0.27
timber	-0.05	0.76
points	-0.05	0.18
avenue	-0.05	0.14
trip	-0.05	0.16
blame	-0.05	0.59
customer	-0.05	0.37
shift	-0.05	0.19
dean	-0.05	0.94
assembly	-0.05	0.11
ship	-0.05	0.16
lunch	-0.05	0.37
passengers	-0.05	0.13
garage	-0.05	0.16
committee	-0.05	0.12
stations	-0.05	0.12
ticket	-0.05	0.09
navy	-0.05	0.20
dried	-0.05	0.74
administration	-0.05	0.14
hearings	-0.05	0.16
elected	-0.05	0.09
capital	-0.05	0.31
cigar	-0.05	0.28
tennis	-0.05	0.26
nowhere	-0.05	0.63
congressional	-0.05	0.13
advances	-0.05	0.23
estimate	-0.05	0.23
based	-0.05	0.43
controlled	-0.05	0.18
cut	-0.04	0.16
yeah	-0.04	0.95
occur	-0.04	0.40
connection	-0.04	0.37
luck	-0.04	2.05
crole	-0.04	0.18
invariably	-0.04	0.48
grave	-0.04	0.70
paris	-0.04	0.32
personnel	-0.04	0.15
wells	-0.04	0.16
journal	-0.04	0.20
various	-0.04	0.46
plates	-0.04	0.43
household	-0.04	0.40
aid	-0.04	0.23
hurriedly	-0.04	0.17
hot	-0.04	1.29
hastily	-0.04	0.25
systems	-0.04	0.17
taxation	-0.04	0.37
statute	-0.04	0.24
rubber	-0.04	0.31
apt	-0.04	0.57
rode	-0.04	0.22
provisions	-0.04	0.27
highway	-0.04	0.10
principal	-0.04	0.47
reorganization	-0.04	0.20
hole	-0.03	0.14
editor	-0.03	0.19
followed	-0.03	0.39
divisions	-0.03	0.29
searching	-0.03	0.54
technical	-0.03	0.26
recently	-0.03	0.63
operated	-0.03	0.17
learning	-0.03	0.19
backed	-0.03	0.22
baron	-0.03	0.51
nothin	-0.03	0.62
sale	-0.03	0.21
circles	-0.03	0.19
value	-0.03	0.32
personality	-0.03	0.66
units	-0.03	0.21
few	-0.03	0.32
savings	-0.03	0.31
knocked	-0.03	0.19
represent	-0.03	0.26
throughout	-0.03	0.13
trail	-0.03	0.18
greatly	-0.03	0.64
brains	-0.03	0.47
lines	-0.03	0.30
billion	-0.03	0.15
questions	-0.03	0.27
title	-0.03	0.15
source	-0.03	0.27
boards	-0.03	0.20
minutes	-0.03	0.20
seemed	-0.03	0.63
orders	-0.03	0.12
telegraph	-0.03	0.17
bed	-0.02	0.69
nearly	-0.02	0.21
valley	-0.02	0.26
crowd	-0.02	0.24
projects	-0.02	0.15
purchases	-0.02	0.21
mountain	-0.02	0.20
pressing	-0.02	0.14
involved	-0.02	0.39
plants	-0.02	0.39
institution	-0.02	0.23
announcement	-0.02	0.17
financing	-0.02	0.23
don	-0.02	0.50
fade	-0.02	0.16
examine	-0.02	0.22
nations	-0.02	0.28
build	-0.02	0.18
funds	-0.02	0.23
map	-0.02	0.18
legislative	-0.02	0.16
originally	-0.02	0.23
independent	-0.02	0.16
operating	-0.02	0.29
thunder	-0.02	0.45
channel	-0.02	0.23
rivers	-0.02	0.27
constructed	-0.02	0.20
applause	-0.02	0.28
sort	-0.02	0.68
penny	-0.02	0.78
enterprise	-0.02	0.86
wheel	-0.02	0.11
banking	-0.02	0.25
mission	-0.02	0.43
sports	-0.02	0.24
actor	-0.02	0.21
streams	-0.02	0.29
muttered	-0.02	0.73
risen	-0.02	0.54
cabinet	-0.02	0.27
corporation	-0.01	0.26
closely	-0.01	0.24
operator	-0.01	0.14
change	-0.01	0.23
l	-0.01	0.24
adoption	-0.01	0.19
main	-0.01	0.31
mass	-0.01	0.19
andy	-0.01	0.44
macdonald	-0.01	0.21
laying	-0.01	0.12
rang	-0.01	0.21
included	-0.01	0.23
tion	-0.01	0.48
steam	-0.01	0.60
boat	-0.01	0.20
ye	-0.01	0.49
nearest	-0.01	0.30
eager	-0.01	0.74
machine	-0.01	0.15
lucky	-0.01	2.03
dishes	-0.01	0.45
footnote	-0.01	0.48
people	-0.01	0.49
cane	-0.01	0.33
study	-0.01	0.13
fishing	-0.01	0.22
senate	-0.01	0.11
street	-0.01	0.13
influence	-0.01	0.27
lamp	-0.01	0.36
affairs	-0.01	0.24
catholic	-0.01	0.70
store	-0.01	0.17
newspapers	-0.01	0.23
growing	-0.01	0.22
studied	-0.01	0.30
boxes	-0.01	0.28
remove	-0.01	0.21
spreading	-0.01	0.53
instant	-0.01	0.55
owned	-0.01	0.49
sign	-0.01	0.18
rain	-0.01	1.11
alert	-0.00	0.55
months	-0.00	0.21
banks	-0.00	0.28
dinner	-0.00	0.35
annually	-0.00	0.15
custom	-0.00	0.22
convention	-0.00	0.11
later	-0.00	0.21
deeper	-0.00	0.49
code	-0.00	0.30
mister	-0.00	0.76
rare	-0.00	1.09
wire	-0.00	0.11
slow	-0.00	0.13
tony	-0.00	0.47
costs	-0.00	0.29
concentration	-0.00	0.18
parliament	-0.00	0.33
growth	-0.00	0.19
harry	0.00	0.41
editorial	0.00	0.20
currency	0.00	0.23
expenditure	0.00	0.34
prospective	0.00	0.27
column	0.00	0.18
houses	0.00	0.39
publication	0.00	0.21
stayed	0.00	0.78
sheets	0.00	0.34
shop	0.00	0.19
someone	0.00	0.74
vance	0.00	0.28
electrical	0.00	0.18
ceased	0.00	0.19
producing	0.00	0.17
quantities	0.01	0.31
club	0.01	0.22
quoted	0.01	0.33
capitol	0.01	0.11
sidewalk	0.01	0.31
companion	0.01	0.81
debts	0.01	0.25
shore	0.01	0.24
net	0.01	0.27
sold	0.01	0.17
paul	0.01	0.32
distribution	0.01	0.32
cold	0.01	1.38
falling	0.01	0.33
visiting	0.01	0.34
delegates	0.01	0.12
adventure	0.01	1.14
voted	0.01	0.13
administrative	0.01	0.19
tend	0.01	0.54
potential	0.01	0.74
deposits	0.01	0.27
admitted	0.01	1.03
indicating	0.01	0.23
legislature	0.01	0.13
lands	0.01	0.68
gross	0.01	0.25
logical	0.01	0.72
packed	0.01	0.17
approximately	0.01	0.16
project	0.01	0.16
evident	0.01	0.24
selling	0.02	0.19
chamber	0.02	0.13
repeated	0.02	0.68
print	0.02	0.22
ministers	0.02	0.33
spiritual	0.02	0.62
divided	0.02	0.16
sixth	0.02	0.14
estimates	0.02	0.31
eighteenth	0.02	0.14
ago	0.02	0.19
cable	0.02	0.17
duty	0.02	0.11
na	0.02	0.70
loans	0.02	0.24
turkey	0.02	0.26
outlook	0.02	0.51
treated	0.02	0.62
showed	0.02	0.28
holiday	0.02	0.24
represents	0.02	0.32
fist	0.02	0.26
related	0.02	0.88
literary	0.02	0.33
rock	0.02	0.30
ai	0.02	0.67
law	0.02	0.26
kin	0.02	0.58
extensive	0.02	0.29
philosophy	0.02	0.27
numbers	0.02	0.20
arguments	0.02	0.19
roman	0.02	0.52
pounds	0.02	0.15
fashion	0.02	0.33
constitute	0.02	0.15
handling	0.02	0.31
copper	0.02	0.24
sales	0.02	0.23
mrs	0.02	1.04
lighting	0.02	0.38
customers	0.02	0.19
revealed	0.02	0.30
reflected	0.02	0.16
ringing	0.02	0.18
values	0.02	0.32
electric	0.02	0.24
interest	0.02	0.51
clay	0.02	0.30
sweep	0.02	0.22
bacon	0.02	0.42
dilly	0.02	0.51
composed	0.02	0.18
mail	0.02	0.10
weekly	0.03	0.18
beat	0.03	0.41
levels	0.03	0.22
jobs	0.03	0.18
times	0.03	0.10
pool	0.03	0.22
biggest	0.03	1.02
character	0.03	0.42
strip	0.03	0.29
measures	0.03	0.23
pointing	0.03	0.28
fifth	0.03	0.13
congress	0.03	0.15
correspondent	0.03	0.18
rogers	0.03	0.29
advance	0.03	0.20
page	0.03	0.15
account	0.03	0.32
rules	0.03	0.25
observed	0.03	0.86
regarded	0.03	0.55
park	0.03	0.11
combination	0.03	0.50
services	0.03	0.20
purchased	0.03	0.20
dollars	0.03	0.18
blank	0.03	0.69
bonus	0.03	0.17
rate	0.03	0.24
declared	0.03	0.51
neighborhood	0.03	0.52
intellectual	0.03	0.37
stated	0.03	0.53
perry	0.03	0.20
hitherto	0.03	0.65
arnold	0.03	0.21
surprised	0.03	1.08
hear	0.03	0.24
tour	0.03	0.18
policies	0.04	0.23
pieces	0.04	0.28
review	0.04	0.18
tower	0.04	0.26
english	0.04	0.20
hearing	0.04	0.23
cathedral	0.04	0.53
appropriation	0.04	0.23
platform	0.04	0.07
sterling	0.04	0.23
agencies	0.04	0.21
report	0.04	0.15
bond	0.04	0.30
curb	0.04	0.12
majority	0.04	0.15
design	0.04	0.72
peak	0.04	0.21
apart	0.04	0.09
salaries	0.04	0.24
weeks	0.04	0.24
golf	0.04	0.23
solution	0.04	0.14
freely	0.04	0.36
magazines	0.04	0.31
met	0.04	0.98
stock	0.04	0.32
item	0.04	0.30
adrian	0.04	0.61
nash	0.04	0.53
sources	0.04	0.14
naval	0.04	0.20
modern	0.04	0.23
reveal	0.04	0.22
snap	0.05	0.50
beach	0.05	0.34
backward	0.05	0.17
legislation	0.05	0.19
pond	0.05	0.21
feelings	0.05	0.70
castle	0.05	0.34
blanket	0.05	0.42
revenues	0.05	0.37
borrowed	0.05	0.17
horn	0.05	0.21
elsewhere	0.05	0.25
magazine	0.05	0.25
parade	0.05	0.32
colleagues	0.05	0.25
minnie	0.05	0.46
materials	0.05	0.25
professional	0.05	0.54
ceremony	0.05	0.38
goin	0.05	0.65
book	0.05	0.46
dies	0.05	0.56
poem	0.05	0.57
organ	0.05	0.83
folks	0.05	1.01
fourth	0.05	0.15
according	0.05	0.34
ours	0.05	0.52
procession	0.05	0.22
travel	0.05	0.13
attitude	0.05	0.45
dust	0.05	0.61
experiment	0.05	0.21
british	0.05	0.39
faster	0.05	0.29
dividends	0.05	0.27
amendment	0.05	0.18
majesty	0.06	0.59
attached	0.06	0.15
produced	0.06	0.17
wall	0.06	0.29
departments	0.06	0.18
statistics	0.06	0.26
off	0.06	0.17
today	0.06	0.17
et	0.06	0.27
clouds	0.06	0.60
section	0.06	0.10
instructions	0.06	0.18
vegetables	0.06	0.50
fall	0.06	0.38
throne	0.06	0.56
connected	0.06	0.35
indicates	0.06	0.25
gaze	0.06	0.39
machinery	0.06	0.20
swiftly	0.06	0.15
closeup	0.06	0.14
adam	0.06	0.39
laws	0.06	0.26
salt	0.06	0.41
cake	0.06	0.51
papers	0.06	0.23
article	0.06	0.21
notes	0.06	0.26
acid	0.06	0.11
application	0.06	0.21
eggs	0.06	0.51
equipped	0.06	0.12
cutting	0.06	0.18
von	0.06	0.75
prior	0.06	0.40
declaration	0.06	0.19
preceding	0.06	0.22
delivery	0.06	0.09
slip	0.06	0.13
traveling	0.06	0.09
tools	0.07	0.15
stretched	0.07	0.36
wages	0.07	0.25
resolution	0.07	0.13
plainly	0.07	0.51
practice	0.07	0.20
visit	0.07	0.29
earnings	0.07	0.29
annual	0.07	0.23
program	0.07	0.18
draft	0.07	0.17
amendments	0.07	0.17
bill	0.07	0.15
largely	0.07	0.28
bank	0.07	0.23
operations	0.07	0.20
portion	0.07	0.20
extra	0.07	0.22
yesterday	0.07	0.10
jed	0.07	0.32
per	0.07	0.16
selected	0.07	0.17
flow	0.07	0.27
disclosed	0.07	0.42
session	0.07	0.09
visible	0.07	0.19
cost	0.07	0.28
profits	0.07	0.31
instinct	0.07	0.91
distributed	0.07	0.15
concern	0.07	0.66
reserve	0.07	0.23
waves	0.07	0.40
crowded	0.07	0.24
shoe	0.07	0.19
strangers	0.07	0.72
fireplace	0.07	0.33
data	0.07	0.28
approve	0.07	0.28
machines	0.07	0.18
rope	0.07	0.24
wrote	0.07	0.36
formed	0.07	0.13
revenue	0.07	0.30
dilliard	0.08	0.21
normally	0.08	0.18
philadelphia	0.08	0.16
bread	0.08	0.50
showing	0.08	0.24
published	0.08	0.27
amid	0.08	0.30
issued	0.08	0.17
cover	0.08	0.13
iron	0.08	0.22
pound	0.08	0.29
quick	0.08	0.29
rocks	0.08	0.25
hid	0.08	0.19
writing	0.08	0.49
poetry	0.08	0.43
directly	0.08	0.23
extremely	0.08	0.35
leading	0.08	0.16
system	0.08	0.24
east	0.08	0.10
term	0.08	0.13
minister	0.08	0.45
author	0.08	0.51
impression	0.08	0.56
roll	0.08	0.12
hollow	0.08	0.24
lesson	0.08	0.14
opinion	0.08	0.31
sooner	0.08	0.71
banker	0.08	0.73
statements	0.08	0.29
delivered	0.08	0.16
governments	0.08	0.20
debate	0.08	0.17
each	0.08	0.25
speech	0.08	0.27
roof	0.08	0.28
daily	0.08	0.19
number	0.08	0.29
responsibility	0.08	0.26
bonds	0.08	0.31
operation	0.08	0.23
chamberlain	0.08	0.45
studies	0.08	0.17
minds	0.09	0.41
wet	0.09	0.85
regional	0.09	0.21
role	0.09	0.32
circle	0.09	0.17
september	0.09	0.23
meat	0.09	0.51
greek	0.09	0.22
falls	0.09	0.13
vast	0.09	0.53
contracts	0.09	0.21
contained	0.09	0.21
league	0.09	0.23
dismissed	0.09	0.36
drastic	0.09	0.27
rigid	0.09	0.43
curly	0.09	0.54
planning	0.09	0.16
volume	0.09	0.20
winter	0.09	1.36
break	0.09	0.27
again	0.09	0.31
pace	0.09	0.12
needs	0.09	0.21
pan	0.09	0.19
amounts	0.09	0.25
treasury	0.09	0.22
pages	0.09	0.34
encouraged	0.09	0.54
during	0.09	0.33
duties	0.10	0.14
curiosity	0.10	1.28
discussed	0.10	0.36
seconds	0.10	0.19
process	0.10	0.23
predicted	0.10	0.53
moments	0.10	0.50
include	0.10	0.33
assure	0.10	0.89
meanwhile	0.10	0.21
julia	0.10	0.22
conviction	0.10	0.68
expenditures	0.10	0.36
reduction	0.10	0.26
same	0.10	0.65
sticks	0.10	0.37
following	0.10	0.29
reported	0.10	0.37
fancy	0.10	0.87
unit	0.10	0.22
pit	0.10	0.18
copies	0.10	0.33
climb	0.10	0.09
cent	0.10	0.18
measure	0.10	0.18
direction	0.10	0.11
stanley	0.10	0.27
presently	0.10	0.20
printed	0.10	0.24
consists	0.10	0.20
range	0.10	0.17
device	0.10	0.25
arch	0.10	0.73
away	0.10	0.18
reference	0.10	0.35
insist	0.10	0.37
half	0.10	0.18
transferred	0.10	0.33
stream	0.10	0.27
defined	0.10	0.23
river	0.10	0.18
fix	0.10	0.55
opinions	0.11	0.44
payments	0.11	0.23
evelyn	0.11	0.64
bulk	0.11	0.23
etc	0.11	0.43
powers	0.11	0.27
month	0.11	0.22
comment	0.11	0.34
glimpse	0.11	0.48
depreciation	0.11	0.30
percentage	0.11	0.20
piled	0.11	0.25
baldwin	0.11	0.42
standard	0.11	0.22
bills	0.11	0.14
meeting	0.11	0.15
pa	0.11	0.72
ridge	0.11	0.16
acquired	0.11	0.62
pointed	0.11	0.34
miles	0.11	0.14
religious	0.11	0.47
reading	0.11	0.32
reckon	0.11	0.82
downstairs	0.11	0.31
fit	0.11	0.61
merchant	0.11	0.81
climbing	0.11	0.11
august	0.11	0.24
temporary	0.11	0.18
investments	0.11	0.27
question	0.11	0.26
noted	0.11	0.44
cents	0.11	0.12
cardinal	0.12	0.39
details	0.12	0.19
creek	0.12	0.18
intervals	0.12	0.31
assembled	0.12	0.20
night	0.12	0.35
pillow	0.12	0.59
hour	0.12	0.23
schedule	0.12	0.20
past	0.12	0.15
resigned	0.12	0.21
heard	0.12	0.35
days	0.12	0.37
since	0.12	0.25
impressive	0.12	1.29
hill	0.12	0.17
emerged	0.12	0.23
madison	0.12	0.29
attend	0.12	0.19
kitchen	0.12	0.43
worth	0.12	0.11
post	0.12	0.10
sum	0.12	0.27
quantity	0.12	0.25
introduced	0.12	0.18
assume	0.12	0.26
read	0.12	0.27
christina	0.12	0.70
flung	0.12	0.26
answers	0.12	0.40
july	0.12	0.26
removed	0.12	0.26
cards	0.12	0.16
comparison	0.12	0.30
purchase	0.13	0.22
facing	0.13	0.22
neat	0.13	0.89
demands	0.13	0.20
bits	0.13	0.33
air	0.13	1.14
securities	0.13	0.28
elevator	0.13	0.15
road	0.13	0.14
too	0.13	0.65
hurried	0.13	0.31
mortgage	0.13	0.26
announced	0.13	0.45
monthly	0.13	0.15
view	0.13	0.17
hours	0.13	0.25
november	0.13	0.23
specific	0.13	0.66
year	0.13	0.23
adopted	0.13	0.19
mostly	0.13	0.46
flood	0.13	0.37
types	0.13	0.29
compared	0.13	0.19
wade	0.13	0.42
dollar	0.13	0.17
ended	0.13	0.21
surrounded	0.13	0.56
continuing	0.13	0.15
books	0.13	0.33
simon	0.13	0.35
deck	0.13	0.18
dim	0.13	0.42
figures	0.13	0.19
policy	0.13	0.19
model	0.13	0.17
slope	0.13	0.16
loose	0.13	0.27
sacred	0.13	0.85
ahead	0.13	0.16
meet	0.13	0.28
favor	0.13	0.17
statement	0.13	0.24
healthy	0.14	0.61
insisted	0.14	1.12
fill	0.14	0.19
stephen	0.14	0.41
created	0.14	0.24
bennett	0.14	0.44
urged	0.14	0.49
worked	0.14	0.66
descended	0.14	0.16
october	0.14	0.24
lake	0.14	0.21
cash	0.14	0.23
recommended	0.14	0.25
objection	0.14	0.23
sheet	0.14	0.15
spots	0.14	0.29
copy	0.14	0.24
flushed	0.14	0.54
chosen	0.14	0.27
discipline	0.14	0.32
reads	0.14	0.19
language	0.14	0.24
duke	0.14	0.42
march	0.14	0.24
conferences	0.14	0.16
methods	0.14	0.23
trucks	0.14	0.21
aside	0.14	0.19
views	0.14	0.29
walls	0.14	0.40
readers	0.14	0.45
authority	0.14	0.22
bags	0.15	0.25
february	0.15	0.26
april	0.15	0.26
part	0.15	0.16
trust	0.15	0.26
upstairs	0.15	0.48
mainly	0.15	0.16
hook	0.15	0.17
officially	0.15	0.28
fat	0.15	0.81
reconstruction	0.15	0.21
mile	0.15	0.14
express	0.15	0.54
sharply	0.15	0.27
moral	0.15	0.42
nights	0.15	0.58
studying	0.15	0.19
studio	0.15	0.17
mud	0.15	0.44
force	0.15	0.43
wooden	0.15	0.34
declare	0.15	0.31
belle	0.15	0.56
steep	0.15	0.13
addition	0.15	0.29
next	0.15	0.28
improve	0.15	0.55
stage	0.15	0.31
operate	0.15	0.14
december	0.15	0.25
cloud	0.15	0.59
awake	0.15	0.49
lifting	0.15	0.20
halted	0.15	0.28
writer	0.15	0.27
steadily	0.15	0.16
indication	0.15	0.27
swung	0.15	0.20
written	0.15	0.29
discuss	0.15	0.27
commons	0.15	0.42
ultimate	0.15	0.64
legs	0.15	0.38
parlor	0.15	0.49
sell	0.15	0.12
further	0.15	0.41
paper	0.16	0.15
direct	0.16	0.27
bet	0.16	1.06
list	0.16	0.31
saturday	0.16	0.28
krull	0.16	0.57
tax	0.16	0.27
sand	0.16	0.36
twice	0.16	0.50
apply	0.16	0.27
survey	0.16	0.21
monday	0.16	0.23
eden	0.16	0.42
january	0.16	0.25
cliff	0.16	0.15
noon	0.16	0.26
sunday	0.16	0.36
breathed	0.16	0.46
proposed	0.16	0.20
eve	0.16	0.22
stories	0.16	0.97
drops	0.16	0.23
driftwood	0.16	0.32
product	0.16	0.24
le	0.16	0.27
subject	0.16	0.29
elaborate	0.16	0.87
arc	0.16	0.43
exception	0.16	0.29
geneva	0.16	0.25
equipment	0.17	0.18
observers	0.17	0.17
recognize	0.17	0.43
investment	0.17	0.27
reflection	0.17	0.25
third	0.17	0.18
corresponding	0.17	0.26
trace	0.17	0.58
rule	0.17	0.22
applied	0.17	0.20
fields	0.17	0.65
wood	0.17	0.39
lived	0.17	1.55
appearance	0.17	0.60
spent	0.17	0.29
gates	0.17	0.13
blackie	0.17	0.31
trunk	0.17	0.35
approach	0.17	0.13
mechanical	0.17	0.36
christ	0.17	1.32
performed	0.17	0.22
stable	0.17	0.12
glance	0.17	0.32
threw	0.17	0.25
suggestion	0.17	0.36
quarter	0.17	0.20
solid	0.17	0.28
chiefly	0.17	0.23
christian	0.17	0.65
forest	0.17	0.51
payment	0.17	0.21
sail	0.17	0.32
attended	0.17	0.19
dissolve	0.17	0.15
indicated	0.17	0.43
prime	0.17	0.37
neutral	0.17	0.25
lie	0.18	0.42
monetary	0.18	0.22
end	0.18	0.15
cabin	0.18	0.25
plus	0.18	0.13
occasionally	0.18	0.33
bigger	0.18	0.80
immediate	0.18	0.55
built	0.18	0.77
tremendous	0.18	0.87
supply	0.18	0.28
informed	0.18	0.63
generally	0.18	0.62
satisfy	0.18	0.76
office	0.18	0.16
gon	0.18	0.69
fuel	0.18	0.71
life	0.18	0.54
passing	0.18	0.20
wednesday	0.18	0.22
farther	0.18	0.21
overhead	0.18	0.45
arrived	0.18	0.30
additional	0.18	0.29
shortly	0.18	0.26
lobby	0.18	0.16
contribution	0.18	0.29
latin	0.18	0.22
functions	0.18	0.19
gains	0.18	0.27
performance	0.18	0.25
vienna	0.18	0.71
thursday	0.18	0.23
income	0.18	0.29
proposals	0.19	0.20
disposed	0.19	0.38
spit	0.19	0.73
medium	0.19	0.15
remains	0.19	0.45
communication	0.19	0.20
concerned	0.19	0.33
date	0.19	0.22
ad	0.19	0.21
ears	0.19	0.20
friends	0.19	0.76
knock	0.19	0.31
grow	0.19	0.46
bargaining	0.19	0.30
evening	0.19	0.37
harold	0.19	0.74
led	0.19	0.23
message	0.19	0.16
vanished	0.19	0.41
dancing	0.19	0.36
level	0.19	0.21
cease	0.19	0.65
field	0.19	0.38
enterprises	0.19	0.62
lamps	0.19	0.39
slid	0.19	0.24
upward	0.19	0.14
scheduled	0.19	0.18
tuesday	0.19	0.26
phrase	0.19	0.27
friday	0.19	0.26
jeff	0.19	0.26
prominent	0.19	0.65
loan	0.19	0.25
ideas	0.19	0.25
legal	0.19	0.43
gradually	0.19	0.20
scattered	0.19	0.20
perform	0.19	0.11
add	0.19	0.18
extent	0.19	0.31
pictures	0.19	0.32
anthony	0.19	0.33
speed	0.19	0.12
arrival	0.19	0.19
june	0.19	0.38
towards	0.20	0.15
conference	0.20	0.16
vacation	0.20	0.45
hotels	0.20	0.29
total	0.20	0.23
med	0.20	0.16
salary	0.20	0.21
shell	0.20	0.17
flag	0.20	0.17
rapidly	0.20	0.19
credit	0.20	0.22
amount	0.20	0.27
letters	0.20	0.20
climbed	0.20	0.15
floor	0.20	0.26
midnight	0.20	0.27
murphy	0.20	0.57
angel	0.20	0.73
toward	0.20	0.15
foot	0.20	0.20
note	0.20	0.22
alley	0.20	0.17
lucy	0.20	0.59
returning	0.20	0.28
equivalent	0.20	0.19
briefly	0.20	0.35
excess	0.20	0.26
la	0.20	0.28
text	0.20	0.21
restored	0.20	0.53
morning	0.20	0.27
receiving	0.20	0.15
explaining	0.20	0.36
taxes	0.20	0.28
shake	0.20	0.35
eleanor	0.20	0.32
margin	0.20	0.18
metropolitan	0.20	0.16
carol	0.20	0.31
activities	0.20	0.20
du	0.20	0.26
ray	0.20	0.31
heels	0.20	0.22
box	0.20	0.23
bone	0.21	0.29
knife	0.21	0.27
conductor	0.21	0.29
parallel	0.21	0.22
conducted	0.21	0.19
possess	0.21	0.64
positions	0.21	0.23
day	0.21	0.39
ambition	0.21	0.67
butter	0.21	0.47
atoms	0.21	0.29
hanging	0.21	0.17
scene	0.21	0.22
attention	0.21	0.20
words	0.21	0.33
believed	0.21	0.96
brave	0.21	0.38
smoking	0.21	0.26
increases	0.21	0.31
bought	0.21	0.16
practical	0.21	0.52
center	0.21	0.16
wondering	0.21	0.77
choice	0.21	0.20
mirror	0.21	0.21
average	0.21	0.20
churches	0.22	0.72
address	0.22	0.19
danced	0.22	0.50
slipped	0.22	0.25
palace	0.22	0.36
procedure	0.22	0.24
rod	0.22	0.48
birthday	0.22	0.30
provision	0.22	0.27
namely	0.22	0.30
mcs	0.22	0.32
obligations	0.22	0.25
activity	0.22	0.20
cast	0.22	0.16
wrapped	0.22	0.24
martin	0.22	0.65
windows	0.22	0.28
cs	0.22	0.31
shooting	0.22	0.20
early	0.22	0.47
noticed	0.22	1.15
surrounding	0.22	0.41
jerked	0.22	0.30
every	0.22	0.19
darkness	0.22	0.48
information	0.22	0.26
within	0.22	0.15
spoken	0.22	0.96
load	0.22	0.32
throwing	0.22	0.25
dry	0.22	1.17
lowest	0.22	0.15
analysis	0.22	0.29
petrov	0.22	0.29
immense	0.22	0.73
doris	0.23	0.87
borne	0.23	0.56
protected	0.23	0.37
test	0.23	0.23
passed	0.23	0.20
upon	0.23	0.27
articles	0.23	0.30
fence	0.23	0.40
running	0.23	0.24
mist	0.23	0.65
eaten	0.23	0.53
house	0.23	0.26
ordinary	0.23	0.41
feathers	0.23	0.48
pull	0.23	0.30
tickets	0.23	0.12
means	0.23	0.30
pans	0.23	0.31
second	0.23	0.21
respects	0.23	0.64
accomplished	0.23	0.57
bridget	0.23	0.47
apartment	0.23	0.25
brass	0.23	0.32
entering	0.24	0.20
lower	0.24	0.16
metal	0.24	0.38
mine	0.24	0.60
basic	0.24	0.43
tradition	0.24	0.30
extension	0.24	0.24
interrupted	0.24	0.72
image	0.24	0.33
gestures	0.24	0.26
scale	0.24	0.40
rise	0.24	0.11
disarmament	0.24	0.28
difficult	0.24	0.78
world	0.24	0.24
agreements	0.24	0.22
envelope	0.24	0.13
swimming	0.24	0.18
butler	0.24	0.43
pen	0.24	0.13
international	0.24	0.29
reduce	0.24	0.28
talks	0.24	0.38
stretch	0.24	0.17
languages	0.24	0.18
ms	0.24	0.25
check	0.24	0.16
thread	0.25	0.30
bells	0.25	0.34
walt	0.25	0.61
yards	0.25	0.21
edges	0.25	0.31
confined	0.25	0.20
visited	0.25	0.64
flat	0.25	0.37
succeed	0.25	0.25
immediately	0.25	0.35
water	0.25	0.76
ordered	0.25	0.38
folded	0.25	0.27
requirements	0.25	0.25
nt	0.25	0.70
feet	0.25	0.23
abby	0.25	0.86
beginning	0.25	0.12
audience	0.25	0.20
capacity	0.25	0.29
centre	0.25	0.20
jump	0.25	0.24
rose	0.25	0.26
faintly	0.25	0.93
figure	0.25	1.04
near	0.25	0.19
containing	0.25	0.17
detail	0.25	0.77
card	0.26	0.15
return	0.26	0.15
reasons	0.26	0.25
bottom	0.26	0.20
sample	0.26	0.15
known	0.26	1.03
likewise	0.26	0.72
hang	0.26	0.25
important	0.26	1.04
inches	0.26	0.17
photographs	0.26	0.27
checks	0.26	0.19
roderick	0.26	0.88
educational	0.26	0.38
sword	0.26	0.24
hotel	0.26	0.19
cell	0.26	0.35
thrown	0.26	0.25
altogether	0.26	0.40
vital	0.26	0.76
composition	0.26	0.18
directed	0.26	0.25
christmas	0.26	0.25
foods	0.26	0.47
earned	0.26	0.20
facts	0.26	0.46
higher	0.26	0.27
ran	0.26	0.28
thereby	0.26	0.23
contract	0.26	0.18
dropped	0.26	0.20
backs	0.26	0.23
florence	0.26	0.36
wherever	0.26	0.59
example	0.26	0.19
rather	0.26	0.50
speaks	0.26	0.32
ext	0.26	0.15
telegram	0.26	0.17
increase	0.26	0.28
afternoon	0.26	0.45
others	0.26	0.42
stairs	0.27	0.18
wondered	0.27	1.25
intensity	0.27	0.32
name	0.27	0.85
amused	0.27	0.88
letter	0.27	0.22
voice	0.27	0.44
high	0.27	0.11
pierre	0.27	0.31
corners	0.27	0.22
regular	0.27	0.25
signed	0.27	0.19
substitute	0.27	0.17
swinging	0.27	0.14
defend	0.27	0.26
outline	0.27	0.19
personal	0.27	0.48
nature	0.27	0.90
sport	0.27	0.51
cultural	0.27	0.42
constitutional	0.27	0.31
sigh	0.27	0.33
blood	0.27	0.44
submitted	0.27	0.24
slowly	0.27	0.18
below	0.27	0.11
bare	0.27	0.39
picking	0.27	0.16
sheer	0.27	0.65
entrance	0.27	0.14
maintenance	0.28	0.23
covers	0.28	0.32
evidence	0.28	0.41
found	0.28	0.84
includes	0.28	0.15
double	0.28	0.23
endless	0.28	1.05
supplies	0.28	0.26
whisper	0.28	0.20
diamond	0.28	0.24
seldom	0.28	0.76
neutrality	0.28	0.23
crown	0.28	0.71
int	0.28	0.15
rings	0.28	0.42
lowered	0.28	0.11
scheme	0.28	0.21
principles	0.28	0.37
until	0.28	0.21
relation	0.28	0.51
paid	0.28	0.15
larger	0.28	0.36
fane	0.28	0.86
method	0.28	0.24
tied	0.29	0.21
decrease	0.29	0.25
church	0.29	0.89
discover	0.29	0.32
sets	0.29	0.19
numerous	0.29	0.59
lock	0.29	0.12
addressed	0.29	0.39
angle	0.29	0.13
contains	0.29	0.20
closet	0.29	0.21
shown	0.29	0.44
stepped	0.29	0.33
extraordinary	0.29	1.12
strictly	0.29	0.34
bound	0.29	0.20
pressure	0.29	0.31
brush	0.29	0.38
carefully	0.29	0.17
gallery	0.29	0.16
spread	0.29	0.24
telephone	0.29	0.24
capable	0.29	0.51
approached	0.29	0.46
bathroom	0.29	0.37
interior	0.29	0.37
distinct	0.29	0.41
quarters	0.29	0.33
accustomed	0.29	0.81
pushing	0.29	0.23
drawing	0.29	0.15
prince	0.29	0.59
ideals	0.29	0.68
rich	0.29	1.58
camera	0.29	0.25
adjustment	0.29	0.32
gathering	0.29	0.13
acceptance	0.29	0.26
through	0.30	0.26
pay	0.30	0.17
hall	0.30	0.21
approved	0.30	0.24
hallway	0.30	0.23
arrangements	0.30	0.27
moving	0.30	0.18
mr	0.30	0.38
cu	0.30	0.23
raise	0.30	0.14
prophet	0.30	1.14
thrust	0.30	0.23
religion	0.30	0.62
handed	0.30	0.17
mike	0.30	0.21
grinned	0.30	0.47
determined	0.30	0.39
authorized	0.30	0.19
line	0.30	0.16
artist	0.30	0.32
object	0.30	0.31
covering	0.30	0.16
notion	0.30	0.25
shifted	0.30	0.54
supervision	0.30	0.23
crossed	0.30	0.12
rolled	0.30	0.20
absorbed	0.30	0.37
dropping	0.30	0.14
betty	0.30	0.35
rays	0.31	0.42
key	0.31	0.14
town	0.31	0.43
power	0.31	0.30
newly	0.31	0.46
quickly	0.31	0.23
inner	0.31	0.14
plenty	0.31	2.06
precisely	0.31	0.54
conception	0.31	0.71
distinguished	0.31	0.48
discovered	0.31	0.76
vigorous	0.31	0.43
pencil	0.31	0.16
star	0.31	0.20
uniform	0.31	0.41
share	0.31	0.39
sending	0.31	0.28
kinds	0.31	0.72
measured	0.31	0.28
surface	0.31	0.36
damp	0.31	1.12
forth	0.31	0.17
dining	0.31	0.28
rear	0.31	0.14
manners	0.31	1.91
breath	0.31	0.50
stick	0.31	0.28
together	0.31	0.49
pockets	0.31	0.25
mcu	0.32	0.24
principle	0.32	0.27
upper	0.32	0.16
lane	0.32	0.21
dressing	0.32	0.37
gazed	0.32	0.37
foundation	0.32	0.20
dawn	0.32	0.40
especially	0.32	0.38
corridor	0.32	0.19
experience	0.32	0.37
hiding	0.32	0.28
position	0.32	0.22
fortune	0.32	0.50
silently	0.32	0.24
ground	0.32	0.38
substance	0.32	0.40
original	0.32	0.26
different	0.32	0.58
sometimes	0.32	0.74
having	0.32	0.75
utter	0.32	1.82
plan	0.32	0.17
constitution	0.33	0.25
shrugged	0.33	0.44
essential	0.33	0.76
started	0.33	0.32
talked	0.33	1.01
establishment	0.33	0.23
argument	0.33	0.36
sherwood	0.33	0.47
request	0.33	0.23
gathered	0.33	0.17
returned	0.33	0.46
contain	0.33	0.18
jimmie	0.33	0.91
staring	0.33	0.28
coolidge	0.33	0.37
crystal	0.33	0.35
using	0.33	0.20
frequently	0.33	0.42
instead	0.33	0.26
appreciate	0.33	0.39
size	0.33	0.25
hung	0.33	0.18
sides	0.33	0.25
fixed	0.33	0.17
everyone	0.33	0.68
separate	0.33	0.46
buy	0.33	0.11
leads	0.33	0.15
proposal	0.33	0.19
distance	0.33	0.10
side	0.33	0.18
form	0.33	0.16
heat	0.33	0.87
plays	0.34	0.56
chest	0.34	0.44
open	0.34	0.14
entered	0.34	0.21
arrive	0.34	0.21
firmly	0.34	0.22
draw	0.34	0.25
oscar	0.34	0.75
explained	0.34	0.71
collected	0.34	0.17
grey	0.34	0.48
became	0.34	0.33
developing	0.34	0.19
urging	0.34	0.27
barely	0.34	0.48
limited	0.34	0.33
function	0.34	0.19
along	0.34	0.16
introduction	0.34	0.29
caught	0.34	0.76
flowing	0.34	0.30
top	0.34	0.18
effective	0.34	0.77
competent	0.34	0.41
becoming	0.35	0.31
acted	0.35	0.87
writes	0.35	0.24
extend	0.35	0.18
rarely	0.35	0.64
throat	0.35	0.47
inquired	0.35	0.67
sole	0.35	0.31
proportion	0.35	0.29
realize	0.35	0.43
hidden	0.35	0.35
single	0.35	0.23
called	0.35	0.71
yard	0.35	0.33
control	0.35	0.59
borrow	0.35	0.15
room	0.35	0.26
lift	0.35	0.21
standards	0.35	0.47
rent	0.35	0.20
instance	0.35	0.26
pulled	0.35	0.22
fastened	0.35	0.24
tube	0.35	0.42
wake	0.35	0.36
edge	0.35	0.21
task	0.35	0.33
recognized	0.35	0.83
hesitated	0.35	0.69
front	0.35	0.16
pick	0.35	0.22
consciousness	0.36	0.49
rejected	0.36	0.28
suggestions	0.36	0.23
entire	0.36	0.51
consideration	0.36	0.27
raised	0.36	0.16
moment	0.36	0.30
hoping	0.36	0.64
filling	0.36	0.36
bring	0.36	0.28
formula	0.36	0.20
widely	0.36	0.46
spend	0.36	0.18
expression	0.36	0.52
went	0.36	0.37
doorway	0.36	0.17
temporarily	0.36	0.39
tells	0.36	0.38
sent	0.36	0.32
tossed	0.36	0.21
increasing	0.36	0.34
wholly	0.36	0.43
write	0.36	0.25
string	0.36	0.18
corner	0.36	0.19
window	0.36	0.20
basis	0.36	0.31
business	0.36	0.64
lip	0.36	0.25
strongly	0.36	0.27
advice	0.36	0.11
plans	0.36	0.17
checked	0.37	0.25
demanded	0.37	0.64
staying	0.37	0.70
waved	0.37	0.32
weight	0.37	0.24
bench	0.37	0.18
stared	0.37	0.45
horizon	0.37	0.33
tables	0.37	0.40
collective	0.37	0.31
reply	0.37	0.33
powerful	0.37	0.65
records	0.37	0.54
attempts	0.37	0.40
traveled	0.37	0.45
carter	0.37	0.55
daylight	0.37	0.38
considerably	0.37	0.27
laid	0.37	0.18
traditional	0.37	0.44
substantial	0.37	0.31
bag	0.37	0.30
joined	0.37	0.54
agree	0.37	0.37
told	0.37	1.10
pass	0.37	0.23
cape	0.37	0.37
reader	0.38	0.34
pocket	0.38	0.17
bedroom	0.38	0.27
moved	0.38	0.27
drew	0.38	0.27
opening	0.38	0.12
socialism	0.38	0.59
mac	0.38	0.46
forms	0.38	0.18
contrary	0.38	0.44
background	0.38	0.60
glances	0.38	0.38
becomes	0.38	0.22
beyond	0.38	0.15
ceiling	0.38	0.37
visitors	0.38	0.25
table	0.38	0.30
walked	0.38	0.32
reducing	0.38	0.42
finally	0.38	0.37
shadow	0.38	0.44
lend	0.38	0.14
sink	0.38	0.28
steps	0.38	0.13
inch	0.38	0.18
suggested	0.38	0.58
low	0.38	0.13
woods	0.38	0.53
latter	0.39	0.34
across	0.39	0.21
shot	0.39	0.14
disappeared	0.39	0.52
pushed	0.39	0.29
appeared	0.39	0.65
library	0.39	0.20
outer	0.39	0.14
cross	0.39	0.32
dance	0.39	0.60
opposite	0.39	0.15
picked	0.39	0.18
whether	0.39	0.53
rested	0.39	0.27
tip	0.39	0.23
apparently	0.39	0.47
reached	0.39	0.20
become	0.39	0.35
develop	0.40	0.33
energy	0.40	0.35
technique	0.40	0.36
maintained	0.40	0.19
particularly	0.40	0.39
forward	0.40	0.21
provides	0.40	0.22
couch	0.40	0.32
behind	0.40	0.18
paying	0.40	0.20
primarily	0.40	0.37
inside	0.40	0.15
seeing	0.40	1.03
purposes	0.40	0.41
pattern	0.40	0.37
put	0.40	0.23
added	0.40	0.39
mercy	0.40	1.17
bishop	0.40	0.53
played	0.40	0.62
close	0.40	0.14
doors	0.40	0.16
granted	0.40	0.23
came	0.40	0.42
face	0.40	0.26
intent	0.40	0.56
playing	0.40	0.62
root	0.41	0.22
leaving	0.41	0.28
play	0.41	0.58
carried	0.41	0.19
grant	0.41	0.15
above	0.41	0.14
somewhat	0.41	0.29
replied	0.41	0.61
youth	0.41	0.65
lights	0.41	0.51
onto	0.41	0.15
gazing	0.41	0.27
graham	0.41	0.69
polished	0.41	0.70
memory	0.41	1.07
drawn	0.42	0.17
around	0.42	0.26
learned	0.42	0.71
thus	0.42	0.24
theory	0.42	0.27
opened	0.42	0.16
determination	0.42	0.42
efforts	0.42	0.36
length	0.42	0.16
remembered	0.42	1.67
purpose	0.42	0.36
safely	0.42	0.78
notice	0.42	0.80
push	0.42	0.28
narrow	0.42	0.21
real	0.42	0.44
themselves	0.42	0.39
laughed	0.42	0.74
stopped	0.42	0.33
obligation	0.42	0.25
point	0.42	0.13
gave	0.42	0.32
leave	0.42	0.34
heavy	0.42	0.88
starting	0.42	0.32
slightly	0.42	0.21
interpretation	0.42	0.40
developed	0.42	0.38
door	0.42	0.16
use	0.42	0.24
row	0.42	0.29
tomorrow	0.42	0.18
retreat	0.42	0.33
desk	0.42	0.14
step	0.42	0.19
linen	0.42	0.58
stiff	0.43	0.47
show	0.43	0.24
constantly	0.43	0.36
very	0.43	0.59
wide	0.43	0.15
quietly	0.43	0.22
afraid	0.43	0.69
beside	0.43	0.30
singing	0.43	0.65
follow	0.43	0.28
begun	0.43	0.27
calling	0.43	0.68
paint	0.43	0.36
covered	0.43	0.45
francs	0.43	0.39
holy	0.43	1.14
arms	0.43	0.77
somebody	0.43	0.74
live	0.43	0.52
gate	0.43	0.23
treaty	0.43	0.29
alternative	0.43	0.41
reputation	0.43	0.47
mouth	0.43	0.24
money	0.43	0.67
remarked	0.44	0.64
surely	0.44	0.49
figured	0.44	0.64
pine	0.44	0.51
receiver	0.44	0.26
anyway	0.44	0.91
worthy	0.44	0.38
jesus	0.44	1.24
placed	0.44	0.14
neck	0.44	0.34
belt	0.44	0.34
moreover	0.44	0.29
set	0.44	0.17
outside	0.44	0.14
lifted	0.44	0.26
knowledge	0.44	0.33
shared	0.44	1.57
gain	0.44	0.28
runs	0.44	0.23
creative	0.45	0.45
another	0.45	0.86
planted	0.45	0.66
also	0.45	0.55
supplied	0.45	0.60
discussion	0.45	0.47
appear	0.45	0.30
terms	0.45	0.23
assets	0.45	0.70
spell	0.45	0.34
holding	0.45	0.22
received	0.45	0.23
accept	0.45	0.31
derived	0.45	0.18
expert	0.45	0.33
crossing	0.45	0.41
closer	0.45	0.33
where	0.45	0.48
admiration	0.45	0.89
enter	0.45	0.26
neatly	0.45	0.38
took	0.45	0.27
devoted	0.45	0.39
claim	0.45	0.21
telling	0.45	0.96
pact	0.45	0.30
paused	0.45	0.57
support	0.46	0.21
right	0.46	0.35
prayer	0.46	1.24
bowl	0.46	0.76
proceeded	0.46	0.28
imperial	0.46	0.58
shape	0.46	0.29
shook	0.46	0.50
meantime	0.46	0.63
opera	0.46	0.46
speak	0.46	0.30
curtain	0.46	0.22
engaged	0.46	0.56
base	0.46	0.41
considered	0.46	0.38
eyes	0.46	0.25
drop	0.46	0.13
closed	0.46	0.14
walk	0.46	0.22
work	0.46	0.29
spoke	0.46	0.53
left	0.46	0.46
columns	0.47	0.64
turned	0.47	0.47
seat	0.47	0.23
contact	0.47	0.63
couple	0.47	1.18
feels	0.47	0.62
duchess	0.47	0.62
reach	0.47	0.15
advanced	0.47	0.37
pulling	0.47	0.24
presented	0.47	0.47
used	0.47	0.49
bear	0.47	1.57
band	0.47	0.63
mark	0.47	0.51
judgment	0.47	0.46
glanced	0.47	0.56
concert	0.47	0.55
gained	0.48	0.51
establish	0.48	0.21
poet	0.48	0.37
turn	0.48	0.28
look	0.48	0.53
shut	0.48	0.43
definitely	0.48	0.40
clearly	0.48	0.45
stopping	0.48	0.37
promises	0.48	0.19
actual	0.48	0.55
interfere	0.48	0.23
under	0.48	0.26
increased	0.48	0.44
drake	0.48	0.37
exits	0.48	0.28
providing	0.48	0.24
path	0.48	0.25
relatively	0.48	0.35
returns	0.48	0.16
skin	0.48	0.31
nevertheless	0.48	0.35
convinced	0.48	0.74
reception	0.49	0.22
debt	0.49	0.61
lean	0.49	0.69
sitting	0.49	0.31
thumb	0.49	0.27
walking	0.49	0.25
items	0.49	0.61
decide	0.49	0.28
ends	0.49	0.13
beg	0.49	1.15
carrying	0.49	0.18
finding	0.49	0.29
hopes	0.49	0.41
ring	0.49	0.32
held	0.49	0.23
attractive	0.49	1.84
cloth	0.49	0.46
continued	0.49	0.31
got	0.49	0.91
magic	0.49	0.70
brought	0.49	0.33
previously	0.49	0.65
dusk	0.49	0.63
future	0.50	0.44
knees	0.50	0.39
start	0.50	0.34
seats	0.50	0.20
grows	0.50	0.45
learn	0.50	0.37
begin	0.50	0.21
brings	0.50	0.22
answer	0.50	0.39
aim	0.50	0.38
pity	0.50	1.50
belonged	0.50	1.64
seated	0.50	0.21
roots	0.50	0.52
stranger	0.50	0.46
porch	0.50	0.29
move	0.50	0.33
carry	0.50	0.40
rudolf	0.50	0.80
skill	0.50	0.67
clothing	0.51	0.28
lord	0.51	1.21
status	0.51	0.31
highest	0.51	0.66
intelligence	0.51	0.59
living	0.51	0.44
estate	0.51	0.42
began	0.51	0.30
prove	0.51	0.31
make	0.51	0.28
join	0.51	0.36
permanent	0.51	0.31
discussions	0.51	0.50
belief	0.51	0.38
career	0.51	0.86
agreed	0.51	0.61
photograph	0.51	0.39
established	0.51	0.22
uses	0.51	0.31
guessed	0.52	1.13
throws	0.52	0.26
maximum	0.52	0.29
create	0.52	0.43
painting	0.52	0.31
nose	0.52	0.26
glow	0.52	0.54
luncheon	0.52	0.47
count	0.52	0.77
easy	0.52	0.58
exact	0.52	0.55
till	0.52	0.25
already	0.52	0.91
existed	0.52	0.82
argue	0.52	0.37
definite	0.52	0.74
efficiency	0.52	0.32
compromise	0.53	0.20
economy	0.53	0.66
realized	0.53	1.12
sighed	0.53	0.56
consent	0.53	0.16
quality	0.53	0.44
collect	0.53	0.17
phone	0.53	0.30
branches	0.53	0.52
negotiations	0.53	0.25
deal	0.53	0.52
feel	0.53	0.60
accomplish	0.53	0.18
keeps	0.53	0.62
stood	0.53	0.30
awfully	0.53	0.76
music	0.53	0.57
explanation	0.53	0.24
tall	0.53	1.06
lips	0.53	0.25
er	0.53	0.53
straw	0.53	0.55
accepted	0.54	0.55
summer	0.54	1.28
standing	0.54	0.22
least	0.54	0.37
talent	0.54	0.89
eye	0.54	0.20
remember	0.54	0.68
appears	0.54	0.24
conscience	0.54	0.82
shadows	0.54	0.58
looked	0.54	0.60
romance	0.54	1.18
normal	0.54	0.65
amusing	0.54	2.02
raising	0.54	0.19
marble	0.54	0.62
follows	0.54	0.26
instrument	0.54	0.37
wrist	0.55	0.33
gold	0.55	0.40
reaching	0.55	0.18
sat	0.55	0.26
small	0.55	0.56
answered	0.55	0.71
equal	0.55	0.37
comparatively	0.55	0.37
gather	0.55	0.50
stops	0.55	0.31
initiative	0.55	0.33
objective	0.55	0.43
sings	0.55	0.51
greatest	0.55	0.69
leaned	0.55	0.31
find	0.55	0.37
therefore	0.55	0.33
invited	0.55	0.39
listened	0.55	0.42
listening	0.56	0.23
advised	0.56	0.58
tatiana	0.56	0.62
em	0.56	0.76
fiscal	0.56	0.72
rubbed	0.56	0.33
asking	0.56	0.44
novel	0.56	1.14
ladies	0.56	0.64
shoulders	0.56	0.37
smiled	0.56	0.51
saw	0.56	1.05
asked	0.56	0.75
hold	0.56	0.26
final	0.56	0.61
detailed	0.56	0.60
serve	0.56	0.69
happening	0.57	0.69
ordinarily	0.57	0.39
continues	0.57	0.20
expenses	0.57	0.70
spring	0.57	1.23
calculated	0.57	0.37
expensive	0.57	0.57
great	0.57	0.57
whatever	0.57	0.57
accounts	0.57	0.62
chair	0.57	0.26
broad	0.57	0.30
short	0.57	0.43
clearing	0.57	0.39
tightly	0.57	0.28
forehead	0.57	0.32
sees	0.57	0.29
word	0.58	0.44
gentlemen	0.58	0.28
somewhere	0.58	0.43
proof	0.58	0.43
closes	0.58	0.27
madame	0.58	0.65
reduced	0.58	0.45
ways	0.58	0.52
carries	0.58	0.16
run	0.58	0.35
features	0.58	0.63
most	0.58	0.30
watched	0.58	0.39
monsieur	0.58	0.69
orchestra	0.58	0.60
tonight	0.59	0.29
send	0.59	0.28
chin	0.59	0.30
makes	0.59	0.71
waited	0.59	0.36
prestige	0.59	0.41
less	0.59	0.34
earth	0.59	0.37
piano	0.59	0.54
continue	0.59	0.29
wider	0.59	0.32
anyhow	0.59	0.86
sacrifice	0.59	0.68
needed	0.59	0.30
speaking	0.59	0.39
washed	0.59	0.66
putting	0.59	0.29
opens	0.59	0.26
wonder	0.60	0.54
planned	0.60	0.52
tight	0.60	0.25
believes	0.60	0.62
alone	0.60	0.46
grand	0.60	0.38
twisted	0.60	0.54
depth	0.60	0.24
art	0.60	0.41
pulls	0.60	0.25
cream	0.60	0.71
usually	0.60	0.45
completely	0.60	0.53
wool	0.60	0.49
light	0.60	0.55
silver	0.60	0.46
preparation	0.60	0.50
ear	0.61	0.28
exclaimed	0.61	0.62
enters	0.61	0.29
susan	0.61	0.25
taken	0.61	0.49
palm	0.61	0.35
itself	0.61	0.30
whenever	0.61	0.67
indeed	0.61	0.41
fact	0.61	0.41
bee	0.61	0.64
desirable	0.61	1.06
looking	0.61	0.25
large	0.61	0.58
easterbrook	0.61	0.88
desire	0.61	0.83
restore	0.61	0.41
cried	0.61	0.64
head	0.61	0.31
branch	0.61	0.38
presents	0.61	0.44
call	0.61	0.39
readily	0.61	0.40
declined	0.62	0.35
terrace	0.62	0.25
understood	0.62	1.02
everywhere	0.62	0.62
stand	0.62	0.26
faded	0.62	0.79
huge	0.62	0.56
instruments	0.62	0.39
choose	0.62	0.58
valuable	0.62	1.87
sky	0.62	0.64
preliminary	0.62	0.58
tiny	0.62	0.45
painted	0.62	0.58
seems	0.62	0.40
seeking	0.62	0.33
giving	0.62	0.33
complicated	0.63	0.97
leaning	0.63	0.19
forget	0.63	0.61
enormous	0.63	0.59
trouble	0.63	0.75
walks	0.63	0.31
watch	0.63	0.26
closing	0.63	0.25
accurate	0.63	0.45
sympathy	0.63	1.04
says	0.63	0.53
breathing	0.63	0.42
beard	0.63	0.44
effort	0.63	0.40
god	0.63	1.79
matter	0.63	0.37
mikail	0.63	0.68
genius	0.63	0.43
harm	0.63	0.65
sufficiently	0.63	0.35
lack	0.63	0.60
popular	0.63	0.69
scope	0.64	0.48
possible	0.64	0.58
keep	0.64	0.29
fingers	0.64	0.34
facilities	0.64	0.61
entirely	0.64	0.54
belong	0.64	0.42
museum	0.64	0.50
budget	0.64	0.77
observation	0.64	0.58
neither	0.64	0.89
bath	0.64	0.88
starts	0.64	0.31
downward	0.65	0.40
crosses	0.65	0.38
profit	0.65	0.61
guest	0.65	0.39
getting	0.65	0.89
worry	0.65	0.68
meaning	0.65	0.37
watching	0.65	0.26
sense	0.65	0.56
approval	0.65	0.46
bore	0.65	0.35
rank	0.65	0.39
imagination	0.66	0.58
deep	0.66	0.45
alexandrovitch	0.66	0.71
democracy	0.66	0.57
prefer	0.66	0.33
however	0.66	0.49
greeted	0.66	0.41
setting	0.66	0.65
lined	0.66	0.43
ability	0.66	0.36
nonsense	0.66	0.94
chorus	0.66	0.48
merely	0.66	0.37
successfully	0.66	0.39
calls	0.66	0.38
moves	0.66	0.28
almost	0.66	0.49
receive	0.66	0.19
guests	0.66	0.39
dupont	0.67	0.70
long	0.67	0.21
completed	0.67	0.48
failed	0.67	0.41
proceed	0.67	0.32
passes	0.67	0.27
stern	0.67	0.60
ourselves	0.67	0.41
progress	0.67	0.46
imagined	0.67	1.63
rudolph	0.67	0.74
shoulder	0.67	0.46
interested	0.67	0.75
settle	0.67	0.44
bringing	0.67	0.26
breast	0.67	0.46
miss	0.68	0.62
dispute	0.68	0.51
gone	0.68	0.88
pays	0.68	0.36
nodded	0.68	0.48
talking	0.68	0.38
musical	0.68	0.38
looks	0.68	0.29
ouratieff	0.68	0.68
designed	0.68	0.38
refusal	0.68	0.38
promptly	0.68	0.38
fail	0.68	0.56
picks	0.68	0.28
stands	0.69	0.23
inclined	0.69	0.32
knew	0.69	1.64
hero	0.69	0.61
heads	0.69	0.28
fair	0.69	0.66
seem	0.69	0.49
divine	0.69	1.13
arranged	0.70	0.16
guess	0.70	0.99
meant	0.70	0.93
naturally	0.70	0.41
puts	0.70	0.27
knee	0.70	0.34
somehow	0.70	0.70
reaches	0.70	0.24
finish	0.70	0.21
working	0.70	0.42
requires	0.71	0.26
description	0.71	0.67
accordingly	0.71	0.43
pride	0.71	1.58
preserve	0.71	0.29
taking	0.71	0.31
stars	0.71	0.38
doctrine	0.71	0.52
entitled	0.71	0.19
greater	0.71	0.49
take	0.71	0.32
fully	0.71	0.52
self	0.71	0.53
prepare	0.71	0.41
flesh	0.71	0.52
brushed	0.71	0.29
bushes	0.72	0.60
enthusiasm	0.72	1.04
flashed	0.72	0.41
best	0.72	1.98
safety	0.72	0.56
equally	0.72	0.30
honestly	0.72	0.54
rights	0.72	0.33
offering	0.72	0.48
require	0.73	0.28
succeeded	0.73	0.46
breeze	0.73	1.14
minimum	0.73	0.51
palms	0.73	0.36
clean	0.73	0.79
sun	0.73	0.79
assistance	0.73	0.22
lot	0.73	1.67
stuck	0.73	0.43
cheap	0.73	0.39
oak	0.73	0.51
murmured	0.73	0.76
give	0.73	0.24
deeply	0.74	1.17
ah	0.74	0.56
though	0.74	0.85
limits	0.74	0.48
pronounced	0.74	1.46
finished	0.74	0.40
space	0.74	0.38
height	0.74	0.45
everybody	0.74	0.67
expecting	0.74	0.43
turning	0.74	0.44
silence	0.74	0.48
sure	0.74	0.81
arrangement	0.74	0.38
takes	0.74	0.28
maintain	0.75	0.38
alliance	0.75	0.52
attempting	0.75	0.41
beneath	0.75	0.44
seek	0.75	0.36
being	0.75	0.62
exist	0.75	0.38
trying	0.75	0.41
am	0.75	0.62
fur	0.75	0.63
leadership	0.75	0.50
often	0.75	0.70
lora	0.75	0.79
suits	0.76	0.51
van	0.76	0.42
smiles	0.76	0.29
although	0.76	0.75
active	0.76	0.47
remain	0.76	0.50
wanted	0.76	0.81
hair	0.76	0.38
collection	0.76	0.50
agreement	0.76	0.28
sang	0.76	0.60
whispered	0.76	0.62
modest	0.76	0.85
hats	0.76	0.55
belongs	0.76	0.50
leather	0.77	0.52
begins	0.77	0.43
gets	0.77	0.46
precious	0.77	0.78
prosperity	0.77	0.57
bent	0.77	0.36
potatoes	0.77	0.55
arm	0.77	0.44
handkerchief	0.77	0.36
handle	0.77	0.29
exhibition	0.78	0.44
largest	0.78	0.72
attempted	0.78	0.44
attempt	0.78	0.40
fairly	0.78	0.55
besides	0.78	0.70
comes	0.78	0.32
once	0.78	0.91
either	0.78	0.48
moon	0.78	0.55
order	0.79	0.41
assumption	0.79	0.38
recognition	0.79	0.63
lawn	0.79	0.51
jean	0.79	0.31
cheeks	0.79	0.43
heart	0.79	1.49
michael	0.79	0.32
tie	0.79	0.54
allow	0.79	0.39
lacking	0.79	0.51
convenient	0.79	0.97
thick	0.79	0.61
likely	0.79	0.44
exciting	0.79	1.86
available	0.79	0.46
understand	0.80	0.49
straight	0.80	0.62
claims	0.80	0.56
forgotten	0.80	1.48
come	0.80	0.42
intelligent	0.80	0.49
pray	0.80	1.77
thought	0.80	1.51
gifts	0.81	0.51
curtains	0.81	0.50
warmth	0.81	0.73
otherwise	0.81	0.35
remaining	0.81	0.40
boots	0.81	0.55
round	0.81	0.43
reason	0.81	0.44
much	0.81	0.87
earn	0.81	0.44
type	0.81	0.30
distinction	0.82	0.42
listen	0.82	0.55
amazing	0.82	1.38
between	0.82	0.52
lots	0.82	1.75
martha	0.82	0.46
beds	0.82	0.71
dreamed	0.83	1.47
finger	0.83	0.43
pants	0.83	0.51
limit	0.83	0.54
complex	0.83	0.78
cap	0.83	0.59
place	0.83	0.38
locked	0.83	0.41
soon	0.83	0.42
myself	0.83	0.48
stay	0.83	0.38
sits	0.83	0.24
imagine	0.84	0.63
dare	0.84	0.58
impossible	0.84	0.41
grass	0.84	0.76
obtain	0.84	0.23
tone	0.84	0.53
provide	0.84	0.43
swing	0.84	0.32
managed	0.84	0.48
scarcely	0.85	0.77
loyal	0.85	0.39
actually	0.85	0.69
refuse	0.85	0.45
worn	0.85	0.66
provided	0.85	0.44
routine	0.85	0.48
idea	0.85	0.46
keen	0.85	0.60
unable	0.85	0.42
tries	0.85	0.43
universe	0.85	0.81
possessed	0.86	0.45
absolutely	0.86	0.46
helping	0.86	0.45
simply	0.86	0.43
sought	0.86	0.40
dark	0.86	0.61
turns	0.86	0.38
occupied	0.86	0.50
hat	0.87	0.57
help	0.87	0.45
clothes	0.87	0.56
offer	0.87	0.46
willing	0.87	0.48
none	0.87	0.57
prepared	0.87	0.45
gloves	0.87	0.56
extended	0.87	0.40
shone	0.87	0.58
degrees	0.87	0.56
sleeve	0.87	0.36
sir	0.88	0.62
refused	0.88	0.46
achievement	0.88	0.53
letting	0.88	0.59
able	0.88	0.44
coat	0.88	0.58
thinking	0.88	0.66
saying	0.88	0.67
minute	0.88	0.43
tried	0.88	0.54
enable	0.89	0.43
decided	0.89	0.49
honey	0.89	0.38
wanting	0.89	0.55
humanity	0.89	0.87
laughs	0.89	0.44
enough	0.89	0.46
making	0.89	0.51
desired	0.89	0.36
always	0.89	1.35
invitation	0.90	0.33
proved	0.90	0.31
settlement	0.90	0.60
scarlet	0.90	0.74
obtained	0.90	0.36
because	0.90	0.70
longer	0.90	0.47
touching	0.90	0.38
forced	0.90	0.47
maybe	0.90	0.85
perhaps	0.91	0.60
cherry	0.91	0.48
rising	0.91	0.44
innocent	0.91	1.23
knowing	0.91	0.75
happens	0.91	0.52
resting	0.91	0.43
quite	0.91	0.38
jacket	0.91	0.59
helped	0.91	0.56
usual	0.91	0.97
tell	0.91	0.48
style	0.91	0.60
pair	0.91	0.61
may	0.92	0.45
hoped	0.92	0.56
expected	0.92	0.48
shoes	0.92	0.59
colors	0.92	0.96
lightly	0.92	0.44
silent	0.92	0.45
stockings	0.92	0.61
properly	0.92	0.38
permission	0.92	0.34
wealth	0.93	0.67
hands	0.93	0.48
fruits	0.93	0.84
unless	0.93	0.54
permit	0.93	0.37
nobody	0.93	0.65
talk	0.93	0.27
praise	0.94	0.97
independence	0.94	0.52
anyone	0.94	0.76
offered	0.94	0.48
obliged	0.94	0.53
required	0.94	0.43
persuaded	0.94	0.57
rows	0.94	0.59
coming	0.94	0.38
easily	0.94	0.40
combined	0.94	0.49
brief	0.94	0.64
wishes	0.95	0.67
dressed	0.95	0.77
things	0.95	0.66
easier	0.95	0.52
necessary	0.95	0.39
minch	0.95	0.55
efficient	0.95	0.42
autumn	0.95	1.09
shirt	0.95	0.60
rest	0.95	0.31
protection	0.95	0.31
intended	0.95	0.56
yourself	0.95	0.52
trousers	0.95	0.63
bending	0.96	0.52
permitted	0.96	0.56
far	0.96	0.52
while	0.96	0.45
respect	0.96	0.55
fresh	0.96	0.93
marry	0.96	1.54
bowed	0.96	0.22
faithful	0.96	0.38
skirt	0.96	0.57
ask	0.96	0.48
keeping	0.97	0.47
say	0.97	0.51
yet	0.97	0.75
chose	0.97	0.61
finds	0.97	0.25
excuse	0.97	0.62
gray	0.97	0.61
wished	0.98	1.50
thin	0.98	0.63
elbow	0.98	0.45
spirit	0.98	0.66
shining	0.98	0.65
gently	0.98	0.49
asks	0.98	0.57
hurry	0.99	0.61
given	0.99	0.44
sit	0.99	0.37
collar	0.99	0.64
think	0.99	0.55
satisfactory	0.99	0.79
thinks	0.99	0.66
need	0.99	0.51
smiling	0.99	0.49
mind	0.99	0.44
prospect	0.99	0.54
moonlight	0.99	0.55
smooth	0.99	0.70
interesting	0.99	1.82
try	1.00	0.47
happened	1.00	0.70
compelled	1.00	0.58
gives	1.00	0.52
allowed	1.00	0.59
except	1.00	0.55
hardly	1.00	0.79
nice	1.00	1.48
seen	1.00	1.45
suit	1.00	0.67
nina	1.01	0.48
possibly	1.01	0.53
wait	1.01	0.44
honor	1.01	0.40
trees	1.01	0.77
strength	1.01	0.43
how	1.02	0.61
exactly	1.02	0.60
holds	1.02	0.40
courage	1.02	0.53
smile	1.02	0.53
wants	1.03	0.61
manage	1.03	0.47
nor	1.03	0.69
supposed	1.03	0.55
clung	1.03	0.41
color	1.03	0.68
patience	1.03	0.46
intend	1.04	0.55
vision	1.04	0.47
goes	1.04	0.43
sake	1.04	1.61
bearing	1.04	0.36
assured	1.04	0.48
shall	1.04	0.47
cottage	1.04	0.56
wearing	1.04	0.67
strong	1.04	1.25
fitted	1.04	0.49
should	1.04	0.54
wear	1.04	0.67
believe	1.05	0.53
fine	1.05	1.35
dared	1.05	0.69
sunlight	1.05	0.76
wore	1.05	0.68
let	1.05	0.47
probably	1.05	0.61
shade	1.05	0.63
thoroughly	1.06	0.33
qualities	1.06	0.51
genuine	1.06	0.74
remained	1.06	0.50
pardon	1.06	0.74
happen	1.06	0.57
black	1.06	0.70
faith	1.06	0.85
adequate	1.06	0.51
touched	1.06	0.48
must	1.06	0.55
tones	1.07	0.72
hand	1.07	0.51
something	1.07	0.63
reward	1.07	0.48
dress	1.07	0.69
thing	1.07	0.52
brilliant	1.07	1.09
waiting	1.08	0.41
triumph	1.08	0.66
waist	1.08	0.68
doubt	1.08	0.51
degree	1.08	0.57
chance	1.09	0.42
tree	1.09	0.81
going	1.09	0.61
smith	1.09	0.56
fun	1.09	1.30
even	1.10	0.77
still	1.10	0.50
done	1.10	0.76
furnish	1.11	0.68
truly	1.11	0.52
doing	1.11	0.66
really	1.11	0.53
landscape	1.11	0.47
anywhere	1.12	0.67
ready	1.12	0.41
knows	1.12	0.67
sufficient	1.12	0.45
clear	1.12	0.69
expect	1.12	0.48
gown	1.13	0.71
appreciation	1.13	0.63
pure	1.13	0.37
steady	1.13	0.74
ought	1.14	0.68
does	1.14	0.53
plain	1.14	0.37
bow	1.14	0.70
relations	1.14	0.58
wrong	1.14	0.56
ever	1.14	0.81
kept	1.15	0.52
job	1.15	0.62
unity	1.15	0.57
accord	1.15	0.46
rises	1.15	0.50
heaven	1.15	1.62
success	1.15	0.57
certainly	1.15	0.47
us	1.16	0.55
suppose	1.16	0.52
sunshine	1.16	0.83
goal	1.16	0.39
promised	1.16	0.41
confidence	1.17	0.67
highly	1.17	0.62
else	1.17	0.66
everything	1.17	0.53
exercise	1.17	0.55
way	1.18	0.64
silk	1.18	0.83
full	1.18	0.46
yellow	1.18	0.84
trexel	1.19	0.37
never	1.19	1.34
anybody	1.19	0.61
nothing	1.19	0.68
likes	1.19	0.98
orange	1.19	0.86
might	1.19	0.64
ca	1.20	0.50
song	1.20	0.54
brown	1.20	0.75
variety	1.20	0.73
soul	1.20	1.46
secured	1.21	0.49
big	1.21	1.51
want	1.21	0.54
careful	1.22	0.53
respectable	1.22	0.62
chairs	1.22	0.60
alive	1.22	1.45
wo	1.22	0.53
anything	1.23	0.60
reality	1.23	0.53
linda	1.23	0.50
gift	1.23	0.50
yours	1.23	1.18
pale	1.24	0.72
rooms	1.24	0.59
firm	1.24	0.66
mean	1.24	0.53
thanks	1.24	0.69
security	1.25	0.47
pressed	1.25	0.47
sing	1.25	1.63
liberty	1.26	0.52
leaves	1.26	0.87
forgive	1.26	1.54
basket	1.26	0.90
interview	1.26	0.87
creation	1.26	0.53
forever	1.26	1.40
free	1.27	0.32
cooperation	1.27	0.49
assurance	1.27	0.38
sober	1.28	0.61
achieved	1.28	0.41
achieve	1.28	0.40
display	1.28	0.52
devotion	1.28	1.65
wish	1.28	0.45
pleased	1.29	1.46
delight	1.29	1.09
promise	1.29	0.36
equality	1.29	0.67
peace	1.29	0.55
cheek	1.29	0.48
joy	1.30	1.14
relationship	1.30	0.50
balanced	1.30	0.72
red	1.31	0.82
hello	1.31	0.58
why	1.31	0.54
mighty	1.31	1.44
handsome	1.32	1.03
course	1.32	0.50
hope	1.33	0.35
blonde	1.34	1.22
touch	1.34	0.50
irene	1.34	0.41
sympathetic	1.34	0.44
white	1.34	0.85
varied	1.34	1.51
dresses	1.35	0.66
wealthy	1.35	1.42
blue	1.35	0.87
kindly	1.35	0.60
mimi	1.35	1.22
shelter	1.35	0.46
charlotte	1.35	0.33
velvet	1.36	0.88
prosperous	1.36	1.50
useful	1.37	1.13
please	1.39	0.68
busy	1.40	1.34
sofa	1.40	0.47
advantage	1.40	0.61
thank	1.40	0.63
settled	1.41	0.68
elena	1.43	1.31
manner	1.43	0.67
welcome	1.44	0.85
lively	1.44	1.41
charm	1.44	1.21
arrange	1.44	0.46
honest	1.45	1.16
virtue	1.45	0.44
yes	1.46	0.62
decent	1.46	1.28
pause	1.46	0.67
lace	1.47	0.91
green	1.47	0.90
warm	1.47	1.85
improved	1.47	1.43
guide	1.48	1.19
beppo	1.48	1.29
kissed	1.50	1.08
advantages	1.50	0.62
loyalty	1.50	1.33
afford	1.50	0.37
dream	1.51	0.38
secure	1.52	0.53
generous	1.52	0.45
privilege	1.53	0.61
mild	1.53	1.54
fruit	1.54	0.82
mutual	1.54	0.60
sorry	1.54	0.49
proper	1.55	1.49
slim	1.55	1.17
happily	1.55	1.38
eh	1.55	1.25
lucile	1.56	0.44
kind	1.56	0.90
better	1.56	1.47
lover	1.57	1.14
vivid	1.57	1.34
pleasure	1.59	0.64
reasonable	1.59	0.60
satisfaction	1.60	1.12
apple	1.60	0.80
affection	1.61	1.12
cool	1.62	1.75
furniture	1.63	0.49
golden	1.64	0.73
opportunity	1.65	0.45
understanding	1.66	0.54
gardens	1.67	0.72
intimate	1.67	1.22
bright	1.68	0.82
purple	1.68	1.00
magnificent	1.68	1.04
proud	1.69	0.84
profitable	1.70	1.56
satisfied	1.70	1.30
humor	1.70	1.15
hearts	1.70	1.26
colored	1.71	0.89
ample	1.71	1.27
wisdom	1.72	0.53
true	1.72	1.19
conversation	1.73	1.60
kisses	1.74	0.62
calm	1.74	0.85
soft	1.74	0.74
offers	1.74	1.29
orderly	1.74	1.47
loves	1.75	1.22
amusement	1.75	1.24
effectively	1.76	1.75
garden	1.78	0.81
dear	1.82	0.94
host	1.84	1.43
complete	1.84	1.47
ease	1.85	1.06
glory	1.85	1.00
slender	1.85	1.16
fond	1.86	0.78
infinite	1.89	1.18
perfectly	1.91	1.09
sensitive	1.92	1.21
wise	1.92	1.28
confident	1.95	1.28
darling	1.95	0.95
practically	1.96	1.27
delighted	1.96	1.02
friendship	1.97	0.89
freedom	1.97	0.56
oh	1.99	0.81
marvelous	1.99	0.87
goodness	1.99	0.93
truth	1.99	1.00
simple	1.99	1.12
glad	2.01	0.92
balance	2.02	1.44
quiet	2.03	1.48
finest	2.04	1.17
furnished	2.04	1.09
roses	2.05	1.30
comfort	2.06	0.61
cheerful	2.06	1.35
opportunities	2.09	0.98
grace	2.09	0.85
safe	2.09	1.11
polite	2.12	1.28
noble	2.14	0.75
successful	2.15	1.39
peaceful	2.17	1.42
kiss	2.17	0.94
enjoyed	2.17	1.20
gentle	2.20	1.17
absolute	2.22	1.18
ideal	2.25	1.07
pink	2.32	1.27
enjoy	2.34	1.26
casual	2.34	1.37
charming	2.34	1.00
splendid	2.34	0.73
dignity	2.36	0.85
flowers	2.41	1.04
happiness	2.42	0.98
friendly	2.42	1.20
comfortable	2.42	1.18
hers	2.43	1.03
flower	2.46	1.04
harmony	2.49	0.96
wonderful	2.53	0.53
tender	2.55	0.76
beautiful	2.57	0.50
gay	2.63	1.14
delicate	2.67	0.72
sweet	2.80	0.69
beauty	2.81	0.68
