ugly	-4.44	1.07
fatal	-4.19	1.33
dangerous	-4.12	1.24
damned	-4.06	0.80
stupid	-3.99	0.93
consequences	-3.91	1.42
hatred	-3.86	1.01
bitterly	-3.84	0.86
terrible	-3.80	1.38
dreadful	-3.68	1.27
tragic	-3.65	1.45
blame	-3.50	1.41
blind	-3.49	0.86
regularly	-3.45	1.94
worse	-3.42	1.69
accident	-3.41	1.34
miserable	-3.40	1.07
ill	-3.38	1.52
poison	-3.35	1.32
fool	-3.34	0.85
mess	-3.34	1.99
inevitable	-3.31	1.51
silly	-3.30	1.41
queer	-3.28	1.41
ghost	-3.24	1.76
feared	-3.24	1.23
horror	-3.23	1.25
painful	-3.21	1.46
cruel	-3.15	0.91
bloody	-3.12	0.57
enemies	-3.11	1.38
bitter	-3.09	0.58
worst	-3.08	1.31
destruction	-3.08	1.54
sin	-3.07	1.20
mr	-3.05	2.04
devil	-3.02	1.46
inevitably	-2.98	1.57
killing	-2.91	1.36
awful	-2.91	1.65
waste	-2.86	0.58
violence	-2.85	1.53
admit	-2.84	1.72
greeks	-2.83	1.71
poverty	-2.78	1.00
damn	-2.77	1.12
uncertain	-2.77	1.69
dirty	-2.77	0.62
upset	-2.76	1.55
desperately	-2.76	1.79
helpless	-2.74	1.05
badly	-2.74	1.50
hungry	-2.74	1.32
savage	-2.73	0.51
victim	-2.73	0.60
rage	-2.72	1.49
deadly	-2.71	0.71
suffered	-2.70	0.57
external	-2.67	1.85
italians	-2.67	1.97
uneasy	-2.66	1.69
useless	-2.66	0.66
muttered	-2.64	1.33
fear	-2.59	1.53
death	-2.59	0.49
sick	-2.58	1.16
frightened	-2.53	1.83
fury	-2.52	1.64
ruin	-2.50	0.44
finds	-2.49	2.05
weak	-2.49	1.11
kill	-2.49	1.64
restless	-2.49	1.85
suffer	-2.48	0.43
re	-2.48	2.34
terror	-2.48	1.00
vague	-2.48	1.69
violent	-2.46	0.71
vaguely	-2.44	1.51
repeat	-2.44	1.72
gods	-2.44	1.93
misery	-2.44	0.89
anger	-2.43	1.61
mistake	-2.43	1.56
necessarily	-2.41	1.86
confused	-2.40	1.94
disaster	-2.39	0.54
ridiculous	-2.36	1.62
suspicion	-2.34	1.75
arc	-2.33	2.30
furious	-2.33	0.65
precious	-2.30	2.16
angrily	-2.30	0.67
committed	-2.29	0.51
punishment	-2.29	0.44
mankind	-2.26	2.19
shaken	-2.26	1.95
worried	-2.25	1.94
dull	-2.25	0.84
jordan	-2.24	2.07
mysterious	-2.23	1.83
nonsense	-2.22	0.58
knowing	-2.22	1.82
grim	-2.21	0.82
beings	-2.19	2.06
habit	-2.18	2.19
despair	-2.16	1.12
exhausted	-2.15	0.88
ashamed	-2.14	1.85
ruined	-2.13	1.62
hunger	-2.13	0.54
shame	-2.13	1.01
heaven	-2.11	1.87
panic	-2.10	0.93
magic	-2.10	2.05
terrific	-2.10	0.98
angry	-2.10	1.02
contempt	-2.09	1.83
snapped	-2.08	0.64
memory	-2.07	2.16
fate	-2.05	0.70
desperate	-2.05	0.48
innocent	-2.05	0.41
illness	-2.04	0.44
normally	-2.04	2.34
nervous	-2.03	0.96
tragedy	-2.03	0.64
damage	-2.02	0.46
endless	-2.02	0.51
pretend	-2.02	1.73
forgot	-2.02	1.51
murder	-2.02	0.69
forever	-2.01	1.81
hopeless	-2.01	0.53
confusion	-2.01	0.69
israel	-2.00	2.07
reality	-2.00	2.02
violently	-1.99	0.60
troubled	-1.99	2.10
injured	-1.98	0.53
crime	-1.97	0.58
terribly	-1.96	1.83
suffering	-1.95	0.63
scream	-1.94	0.64
inadequate	-1.93	1.63
victims	-1.93	0.43
caused	-1.92	0.58
nigger	-1.91	0.54
loss	-1.90	0.48
recall	-1.85	2.19
fever	-1.85	0.46
blessed	-1.85	1.79
joke	-1.85	1.47
plain	-1.85	2.09
probable	-1.84	2.16
vain	-1.83	0.54
monsieur	-1.83	1.84
crazy	-1.82	1.37
shock	-1.80	0.61
pain	-1.80	1.15
stuff	-1.80	1.61
sad	-1.79	1.56
fought	-1.78	0.59
harsh	-1.77	0.53
emotions	-1.76	1.91
unemployment	-1.76	0.42
aloud	-1.75	0.44
weary	-1.74	0.86
thou	-1.74	2.07
forget	-1.73	1.77
disease	-1.73	0.29
foolish	-1.72	1.51
thy	-1.71	2.04
seriously	-1.70	1.00
atomic	-1.69	0.60
hell	-1.68	0.64
c	-1.67	0.61
cure	-1.66	0.41
absurd	-1.66	0.82
critics	-1.65	0.44
desired	-1.65	2.12
stuart	-1.64	0.68
scared	-1.64	0.70
diseases	-1.63	0.26
risk	-1.63	0.48
threatened	-1.63	0.43
cave	-1.63	0.63
odd	-1.62	1.69
menace	-1.62	0.55
guilt	-1.60	0.58
troubles	-1.60	0.52
causes	-1.60	0.44
anxious	-1.60	1.45
wounded	-1.59	0.51
protest	-1.59	0.89
sudden	-1.59	1.11
unnecessary	-1.59	0.56
error	-1.59	0.81
mob	-1.59	0.83
severe	-1.59	0.71
anxiety	-1.58	0.92
hospital	-1.57	0.48
trouble	-1.56	1.81
tired	-1.56	0.92
aroused	-1.56	1.39
puzzled	-1.56	1.30
lot	-1.55	1.86
weakness	-1.55	0.45
twisted	-1.54	0.66
losses	-1.54	0.48
hurt	-1.54	0.99
god	-1.54	1.32
fierce	-1.53	0.50
ancient	-1.53	0.90
nazis	-1.52	1.07
explosion	-1.52	0.53
animals	-1.52	0.64
danger	-1.52	0.59
delay	-1.52	0.55
surprising	-1.51	1.88
denny	-1.51	0.36
propaganda	-1.50	0.70
directed	-1.50	0.61
rats	-1.50	0.61
incredible	-1.47	2.05
unexpected	-1.47	2.03
occurred	-1.46	0.68
tense	-1.46	1.05
holy	-1.46	1.39
avoided	-1.46	0.51
saving	-1.46	0.66
feels	-1.46	1.96
screamed	-1.45	0.70
egypt	-1.45	0.86
embarrassed	-1.45	1.54
harm	-1.45	0.71
consequence	-1.44	0.69
flies	-1.44	0.68
complained	-1.44	0.50
moses	-1.43	1.46
drake	-1.43	0.36
trap	-1.42	0.58
against	-1.42	0.82
sheer	-1.42	0.55
germans	-1.41	1.09
ah	-1.40	1.81
cared	-1.39	1.81
criminal	-1.39	0.71
greek	-1.38	0.89
suddenly	-1.38	0.59
trick	-1.37	0.69
feeding	-1.36	0.44
temple	-1.35	1.20
damaged	-1.34	0.53
conviction	-1.34	0.88
bored	-1.33	1.30
stranger	-1.33	1.89
primitive	-1.32	1.16
mere	-1.32	0.48
trembling	-1.31	0.95
strain	-1.31	0.39
rush	-1.31	0.99
rid	-1.31	0.58
pig	-1.30	0.45
roared	-1.30	0.53
defeat	-1.30	0.50
rushed	-1.30	0.75
fears	-1.29	0.91
seized	-1.29	0.99
midst	-1.29	0.60
destroyed	-1.29	0.42
shouted	-1.28	0.59
footnote	-1.28	0.52
sutton	-1.28	0.51
startled	-1.27	1.21
makes	-1.27	2.00
result	-1.27	0.55
excited	-1.27	1.48
fight	-1.27	0.55
dying	-1.26	0.70
flood	-1.25	0.54
prisoner	-1.25	0.41
battle	-1.25	0.33
killed	-1.25	0.72
christ	-1.25	1.21
image	-1.25	0.71
fault	-1.23	0.57
beaten	-1.23	0.47
peoples	-1.23	0.82
guilty	-1.23	0.42
lonely	-1.22	1.97
ignored	-1.22	0.43
physician	-1.22	0.42
bernard	-1.21	0.63
naked	-1.21	0.63
capture	-1.21	0.49
minds	-1.21	0.53
resulted	-1.21	0.51
unknown	-1.21	0.67
spirit	-1.20	2.22
ordinary	-1.19	0.61
mystery	-1.19	0.52
mad	-1.19	0.54
glory	-1.18	2.06
struggling	-1.18	0.54
bombs	-1.18	0.48
arabs	-1.18	0.80
eat	-1.18	0.51
loudly	-1.18	0.43
cause	-1.18	0.56
effects	-1.17	0.54
overcome	-1.17	0.51
acts	-1.17	0.67
conquered	-1.16	0.81
w	-1.16	0.79
possibilities	-1.15	0.71
maria	-1.15	1.10
patient	-1.15	0.33
regret	-1.15	1.15
resulting	-1.15	0.37
self	-1.15	0.86
escaped	-1.15	0.29
continuous	-1.15	0.71
patients	-1.14	0.24
wound	-1.14	0.45
snake	-1.14	0.50
symptoms	-1.13	0.31
strikes	-1.13	0.64
intense	-1.13	0.94
rome	-1.13	0.74
s	-1.12	0.80
e	-1.12	0.78
die	-1.11	0.60
prison	-1.11	0.36
plainly	-1.11	0.62
p	-1.11	0.75
regarded	-1.10	0.54
l	-1.10	0.77
leads	-1.10	0.62
acute	-1.10	0.52
save	-1.09	0.33
bear	-1.09	0.44
roman	-1.09	0.81
explain	-1.09	0.72
temper	-1.09	0.81
moldau	-1.08	0.52
shoot	-1.08	0.57
religion	-1.08	1.06
alley	-1.07	0.52
aggression	-1.06	0.73
angel	-1.06	1.08
natives	-1.06	0.66
arrested	-1.06	0.42
suspicious	-1.06	1.11
unlike	-1.06	0.40
hearts	-1.05	0.80
constance	-1.05	0.64
bombing	-1.05	0.60
objects	-1.05	1.02
v	-1.04	0.76
jesus	-1.04	1.24
spirits	-1.04	2.05
idle	-1.04	0.56
trace	-1.04	0.99
ours	-1.03	0.60
defeated	-1.03	0.66
escape	-1.03	0.28
happening	-1.03	0.75
yelled	-1.02	0.51
occur	-1.02	0.44
impatiently	-1.02	0.42
seeing	-1.02	0.54
nor	-1.02	0.59
feelings	-1.02	0.94
smashed	-1.02	0.55
prisoners	-1.02	0.54
driven	-1.02	0.47
suspect	-1.02	0.84
knew	-1.02	1.96
communism	-1.01	0.59
el	-1.01	0.44
reverse	-1.01	0.58
steadily	-1.01	0.68
sprang	-1.01	0.57
ward	-1.01	0.52
crash	-1.01	0.52
emotion	-1.01	1.47
ye	-1.01	0.99
depression	-1.00	0.32
intention	-1.00	0.45
arrest	-1.00	0.39
hiding	-1.00	0.46
nervously	-1.00	0.51
charges	-1.00	0.43
accused	-0.99	0.45
stanley	-0.99	0.47
revolution	-0.99	0.71
russians	-0.99	0.88
insist	-0.99	0.49
fed	-0.99	0.45
curious	-0.99	0.96
catch	-0.98	0.76
camp	-0.98	0.54
gates	-0.98	1.28
continental	-0.97	0.50
serious	-0.97	0.70
greece	-0.96	0.80
miracle	-0.96	0.75
shift	-0.96	0.54
allies	-0.96	0.86
juan	-0.96	0.46
jail	-0.96	0.35
mussolini	-0.95	0.80
sergeant	-0.95	0.41
christianity	-0.95	0.98
prayer	-0.95	1.32
feed	-0.95	0.50
sentence	-0.94	0.69
automobile	-0.94	0.72
porter	-0.94	0.43
african	-0.94	0.67
grimly	-0.94	0.55
wild	-0.94	0.47
peter	-0.94	0.42
jews	-0.94	0.63
weigand	-0.94	0.67
tent	-0.94	0.56
thereafter	-0.94	0.81
thoughts	-0.93	0.87
rich	-0.93	1.82
unconscious	-0.93	0.41
eagerly	-0.93	0.57
nowhere	-0.93	0.35
manners	-0.92	2.09
treatment	-0.92	0.18
boy	-0.92	1.98
pray	-0.92	1.31
disturbed	-0.91	1.48
inner	-0.91	0.64
arab	-0.91	0.91
false	-0.90	0.48
weekly	-0.89	0.82
agree	-0.89	0.72
continent	-0.89	0.86
torn	-0.89	0.50
h	-0.89	0.74
doctors	-0.89	0.25
expense	-0.89	0.28
effective	-0.88	0.74
excitement	-0.88	1.13
spell	-0.88	0.53
internal	-0.88	0.50
dogs	-0.88	0.47
consciousness	-0.87	0.84
lord	-0.87	1.29
buck	-0.87	0.67
accompanied	-0.87	0.56
avoid	-0.87	0.29
valuable	-0.86	1.04
italian	-0.86	0.72
brings	-0.86	0.44
cook	-0.86	0.75
object	-0.86	0.47
thee	-0.86	1.37
murdered	-0.86	0.51
o	-0.86	0.42
expressed	-0.86	0.95
f	-0.86	0.52
indian	-0.85	0.45
collapse	-0.85	0.37
mental	-0.85	0.24
doubtful	-0.85	0.81
secret	-0.85	0.52
origin	-0.85	0.61
hide	-0.85	0.52
r	-0.84	0.52
lately	-0.84	0.44
partly	-0.84	0.44
remaining	-0.84	0.99
experiences	-0.84	1.05
charged	-0.84	0.40
shocked	-0.84	1.56
sacred	-0.84	0.86
without	-0.84	0.56
drug	-0.84	0.17
m	-0.84	0.46
duck	-0.83	0.37
n	-0.83	0.40
captured	-0.83	0.32
sight	-0.83	0.46
stirred	-0.83	0.63
frankly	-0.83	0.76
remark	-0.83	0.60
d	-0.83	0.49
count	-0.83	0.46
meals	-0.83	0.79
feeling	-0.83	0.57
rival	-0.82	0.53
trial	-0.82	0.40
chambers	-0.82	0.54
y	-0.82	0.46
cry	-0.82	0.71
greatly	-0.82	0.55
powerful	-0.81	0.74
bomb	-0.81	0.23
crying	-0.81	0.76
ben	-0.81	0.65
civilization	-0.81	0.91
argue	-0.81	0.59
bite	-0.81	0.66
sacrifice	-0.81	0.89
fled	-0.80	0.39
jack	-0.80	0.56
dead	-0.80	0.82
kingdom	-0.80	0.83
criticism	-0.80	0.41
t	-0.80	0.41
reed	-0.80	0.65
discovery	-0.80	0.80
slightest	-0.80	0.48
hoover	-0.79	0.66
widespread	-0.79	0.36
doctor	-0.79	0.58
placing	-0.79	0.67
destroy	-0.79	0.78
b	-0.78	0.49
ruled	-0.78	0.68
repair	-0.78	0.53
screaming	-0.78	0.39
speaker	-0.78	0.63
curiosity	-0.78	1.28
attacks	-0.77	0.30
de	-0.77	0.63
drunk	-0.77	0.60
difficulties	-0.77	0.46
crisis	-0.76	0.31
sorts	-0.76	0.97
follow	-0.76	0.48
church	-0.76	1.03
charge	-0.76	0.32
dependent	-0.76	0.66
nerves	-0.76	0.53
dwight	-0.75	0.45
spreading	-0.75	0.43
masters	-0.75	0.38
hey	-0.75	0.54
negroes	-0.75	0.56
emotional	-0.75	0.49
x	-0.74	0.49
cases	-0.74	0.15
mercy	-0.74	1.21
bayard	-0.74	0.42
reaction	-0.74	0.35
rough	-0.74	0.96
germany	-0.74	0.56
fellow	-0.74	1.58
remote	-0.74	1.05
smaller	-0.74	0.79
lead	-0.74	0.44
sammy	-0.74	0.47
le	-0.74	0.88
indians	-0.73	0.32
git	-0.73	0.53
monthly	-0.73	0.80
instances	-0.73	0.41
simultaneously	-0.73	0.36
besides	-0.73	0.80
austria	-0.72	0.55
burst	-0.72	0.40
old	-0.72	1.81
pam	-0.72	0.81
german	-0.72	0.40
alleged	-0.72	0.35
shout	-0.71	0.33
weapon	-0.71	0.30
encountered	-0.71	0.41
survive	-0.71	0.20
paris	-0.71	0.57
dreams	-0.71	0.84
derived	-0.71	0.48
responsible	-0.71	0.41
dog	-0.71	0.52
grief	-0.71	2.07
bible	-0.70	0.62
luck	-0.70	1.77
invisible	-0.70	0.47
surprised	-0.70	1.44
recalled	-0.70	0.73
porgie	-0.70	0.52
interrupted	-0.69	0.80
medicine	-0.69	0.18
swear	-0.69	0.50
memories	-0.69	2.48
pierre	-0.69	0.91
ideas	-0.69	0.54
assault	-0.69	0.33
guys	-0.69	0.96
likewise	-0.69	0.34
replaced	-0.69	0.50
nazi	-0.68	0.47
clearing	-0.68	0.61
events	-0.68	0.88
waving	-0.68	0.31
en	-0.68	0.42
oh	-0.68	1.79
worry	-0.68	0.51
christian	-0.68	1.12
stronger	-0.68	0.78
masses	-0.67	0.36
custom	-0.67	0.54
saint	-0.67	1.02
dropping	-0.67	0.55
stop	-0.67	0.64
boone	-0.67	0.41
care	-0.67	0.58
polish	-0.66	0.48
opinions	-0.66	0.68
conscience	-0.66	0.90
susan	-0.66	0.61
grew	-0.66	0.63
billings	-0.66	0.70
broken	-0.66	0.52
threat	-0.66	0.33
abandoned	-0.66	0.33
setting	-0.66	0.36
ruth	-0.66	1.08
keeps	-0.66	0.61
italy	-0.66	0.51
okay	-0.66	0.66
prevent	-0.65	0.31
empire	-0.65	0.53
doubt	-0.65	0.73
stomach	-0.65	0.50
allied	-0.65	0.46
watches	-0.65	0.75
jerry	-0.64	0.39
guessed	-0.64	1.00
billie	-0.64	0.72
flushed	-0.64	0.50
delayed	-0.64	0.34
goin	-0.64	0.39
georgie	-0.64	0.61
utterly	-0.64	0.60
customs	-0.64	0.66
much	-0.63	0.81
estimate	-0.63	0.90
fox	-0.63	0.38
dishes	-0.63	0.82
missing	-0.63	0.40
johnny	-0.63	0.55
concentrated	-0.63	0.31
peasants	-0.63	0.50
briefly	-0.62	0.62
belong	-0.62	0.51
lightning	-0.62	0.67
crow	-0.62	0.69
undoubtedly	-0.62	0.35
bodies	-0.62	0.48
saved	-0.62	0.51
reactions	-0.62	0.55
universe	-0.62	1.06
regular	-0.62	0.60
ya	-0.62	0.40
joe	-0.62	0.84
zepha	-0.62	0.70
rushing	-0.62	0.43
shouting	-0.62	0.34
shy	-0.62	1.96
cries	-0.61	0.53
mister	-0.61	0.41
felt	-0.61	0.73
experienced	-0.61	0.32
feel	-0.61	0.64
leaped	-0.61	0.43
eager	-0.61	0.47
churches	-0.61	0.79
remember	-0.61	0.61
em	-0.61	0.38
japs	-0.61	0.23
hank	-0.61	0.36
santa	-0.61	0.82
raids	-0.61	0.28
rankin	-0.61	0.57
blast	-0.61	0.36
blown	-0.60	0.59
making	-0.60	0.81
denied	-0.60	0.54
reveal	-0.60	0.53
ha	-0.60	0.59
poland	-0.60	0.43
ai	-0.60	0.42
too	-0.60	0.64
brock	-0.60	0.70
due	-0.60	0.28
estimates	-0.60	0.87
saddle	-0.60	0.61
eddie	-0.60	0.75
al	-0.59	0.19
alarm	-0.59	0.53
reform	-0.59	0.63
irish	-0.59	0.54
eh	-0.59	0.54
mention	-0.59	0.56
cried	-0.59	0.97
attack	-0.59	0.29
creature	-0.59	1.55
nothin	-0.59	0.41
usual	-0.59	0.72
protected	-0.59	0.48
desert	-0.59	0.66
submit	-0.58	0.65
russian	-0.58	0.39
background	-0.58	0.48
jim	-0.58	0.56
hitler	-0.58	0.48
horace	-0.58	0.50
mediterranean	-0.58	0.39
formation	-0.58	0.55
norway	-0.58	0.46
iii	-0.57	0.50
consider	-0.57	0.58
cat	-0.57	0.70
enemy	-0.57	0.34
herd	-0.57	0.24
surely	-0.57	0.71
involves	-0.57	0.46
buried	-0.57	0.43
important	-0.57	1.00
france	-0.57	0.46
herbert	-0.57	0.69
tony	-0.57	0.73
bigger	-0.57	0.89
wars	-0.57	0.30
appeals	-0.57	0.64
physical	-0.56	0.48
remembering	-0.56	0.50
imagined	-0.56	1.16
treated	-0.56	0.58
axis	-0.56	0.47
briggs	-0.56	0.49
affect	-0.56	0.48
rescue	-0.56	0.18
habits	-0.56	0.65
priest	-0.56	0.95
disappointed	-0.56	2.30
blow	-0.56	0.31
harder	-0.56	0.77
concentration	-0.55	0.22
tom	-0.55	0.43
break	-0.55	0.50
french	-0.55	0.31
ourselves	-0.55	0.40
georgina	-0.55	0.45
burden	-0.55	0.23
deeply	-0.55	1.33
ed	-0.55	0.71
strange	-0.55	1.09
spain	-0.55	0.45
wilson	-0.55	0.53
kid	-0.55	0.94
difficulty	-0.55	0.50
mrs	-0.55	0.75
weapons	-0.55	0.30
accept	-0.55	0.63
corporal	-0.55	0.30
difference	-0.55	0.43
allerton	-0.54	0.47
berlin	-0.54	0.31
shall	-0.54	0.70
mass	-0.54	0.61
considerably	-0.54	0.79
laskell	-0.54	0.53
grinning	-0.54	0.85
cattle	-0.54	0.24
pearl	-0.54	0.14
folks	-0.54	0.40
catholic	-0.54	0.97
identified	-0.54	0.51
exclaimed	-0.54	0.93
afraid	-0.54	0.79
assume	-0.53	0.53
searching	-0.53	0.52
doubtless	-0.53	0.64
cuts	-0.53	0.66
mack	-0.53	0.62
possession	-0.53	0.55
gus	-0.53	0.61
warfare	-0.53	0.27
passion	-0.53	2.29
soul	-0.52	2.15
truth	-0.52	0.64
cows	-0.52	0.24
cow	-0.52	0.26
rural	-0.52	0.47
cousin	-0.52	2.07
belgium	-0.52	0.43
western	-0.52	0.34
reckon	-0.52	0.44
initial	-0.52	0.89
sore	-0.52	0.88
notion	-0.51	0.45
netherlands	-0.51	0.40
profound	-0.51	0.59
sources	-0.51	0.67
victoria	-0.51	0.39
jewish	-0.51	0.82
africa	-0.51	0.37
explaining	-0.51	0.61
th	-0.51	0.46
huh	-0.51	0.89
soviet	-0.51	0.41
fill	-0.51	0.50
jumped	-0.51	0.40
ravic	-0.51	0.30
gon	-0.51	0.37
anyway	-0.51	0.61
flames	-0.51	0.70
concept	-0.50	0.55
holland	-0.50	0.41
forgotten	-0.50	0.99
chinese	-0.50	0.34
storm	-0.50	0.71
sam	-0.50	0.47
released	-0.50	0.24
russia	-0.50	0.46
pop	-0.50	0.93
losing	-0.50	0.26
owen	-0.50	0.77
amy	-0.50	0.74
ellery	-0.50	0.48
shared	-0.50	0.92
aware	-0.50	0.84
reasons	-0.50	0.48
recognize	-0.49	0.57
jury	-0.49	0.28
miller	-0.49	0.47
distant	-0.49	0.57
stern	-0.49	0.31
believes	-0.49	0.70
occupation	-0.49	0.42
wave	-0.49	0.94
nat	-0.49	0.37
signs	-0.49	0.52
rion	-0.49	0.53
richmond	-0.49	0.60
laying	-0.49	0.50
hit	-0.49	0.34
europe	-0.49	0.39
birds	-0.48	0.53
invasion	-0.48	0.37
pa	-0.48	0.75
faith	-0.48	1.07
noise	-0.48	0.29
scattered	-0.48	0.35
native	-0.48	0.34
valley	-0.48	0.58
shaking	-0.48	0.53
armies	-0.48	0.37
religious	-0.48	0.63
incident	-0.48	0.41
instead	-0.48	0.39
energy	-0.48	0.55
animal	-0.48	0.50
occupied	-0.48	0.44
spread	-0.48	0.40
complaint	-0.48	0.32
formerly	-0.47	0.54
emperor	-0.47	0.61
simon	-0.47	0.40
relief	-0.47	0.37
make	-0.47	0.43
mexico	-0.47	0.26
attacked	-0.47	0.17
responsibility	-0.47	0.23
brain	-0.47	0.63
danny	-0.47	0.30
ii	-0.47	0.51
art	-0.47	0.64
justice	-0.47	0.28
sparrow	-0.47	0.43
strip	-0.47	0.25
carl	-0.47	0.45
sheep	-0.47	0.27
packed	-0.46	0.68
ireland	-0.46	0.43
finding	-0.46	0.60
repeated	-0.46	0.70
asia	-0.46	0.34
liked	-0.46	1.78
collection	-0.46	0.60
gideon	-0.46	0.70
bull	-0.46	0.22
shrugged	-0.45	0.82
japanese	-0.45	0.28
jake	-0.45	0.37
outer	-0.45	0.59
money	-0.45	0.76
struggle	-0.45	0.35
robert	-0.45	0.73
changed	-0.45	0.91
jap	-0.45	0.18
deserted	-0.45	0.23
brazil	-0.45	0.38
substance	-0.45	0.45
deny	-0.45	0.48
pass	-0.45	0.57
spanish	-0.45	0.33
becomes	-0.44	0.62
pete	-0.44	0.40
using	-0.44	0.45
charlie	-0.44	0.38
increasingly	-0.44	0.82
utility	-0.44	0.58
julian	-0.44	0.49
jacobowsky	-0.44	0.78
offensive	-0.44	0.27
vichy	-0.44	0.26
medical	-0.44	0.20
roar	-0.43	0.28
mildred	-0.43	0.44
slaves	-0.43	0.39
australia	-0.43	0.33
pity	-0.43	2.08
japan	-0.43	0.30
leave	-0.43	0.55
species	-0.43	0.56
regard	-0.43	0.47
horses	-0.43	0.20
ralph	-0.43	0.43
raid	-0.43	0.21
restored	-0.43	0.51
doctrine	-0.43	0.36
leg	-0.43	0.51
whereas	-0.43	0.37
humanity	-0.43	1.11
tell	-0.43	0.57
britain	-0.43	0.37
halt	-0.43	0.11
vigo	-0.43	0.49
heap	-0.42	0.31
stiff	-0.42	0.42
seamus	-0.42	0.48
horizon	-0.42	0.77
harry	-0.42	0.51
craig	-0.42	0.38
inquired	-0.42	0.70
mike	-0.42	0.41
warning	-0.42	0.28
gaulle	-0.42	0.27
mcleod	-0.42	0.49
territory	-0.42	0.30
lance	-0.41	0.53
buffalo	-0.41	0.16
san	-0.41	0.31
bend	-0.41	0.48
bother	-0.41	0.55
jimmy	-0.41	0.49
summers	-0.41	0.25
lou	-0.41	0.46
allow	-0.41	0.55
poles	-0.41	0.61
start	-0.41	0.54
upon	-0.41	0.09
emergency	-0.41	0.28
sharply	-0.41	0.32
andy	-0.41	0.65
european	-0.40	0.35
roberts	-0.40	0.33
deliver	-0.40	0.54
tears	-0.40	0.94
countries	-0.40	0.33
na	-0.40	0.40
commissioner	-0.40	0.34
tommy	-0.40	0.26
neither	-0.40	0.51
yugoslavia	-0.40	0.43
bunch	-0.40	0.92
busy	-0.40	0.41
hemisphere	-0.40	0.30
anthony	-0.40	0.52
product	-0.39	0.73
cracked	-0.39	0.25
canada	-0.39	0.35
stalin	-0.39	0.33
communists	-0.39	0.40
jump	-0.39	0.27
dutch	-0.39	0.30
refuse	-0.39	0.59
surprise	-0.39	0.78
alike	-0.39	0.51
jess	-0.39	0.98
depend	-0.39	0.21
shook	-0.39	0.87
submarine	-0.38	0.17
vanished	-0.38	0.47
protested	-0.38	0.76
personally	-0.38	0.55
swallowed	-0.38	0.49
lands	-0.38	0.57
thing	-0.38	0.72
regime	-0.38	0.33
movement	-0.38	0.55
controversy	-0.38	0.24
culture	-0.38	0.55
strangely	-0.38	0.76
exist	-0.38	0.36
colonies	-0.38	0.33
eliza	-0.37	0.99
communist	-0.37	0.35
contain	-0.37	0.54
dim	-0.37	1.06
fighting	-0.37	0.34
vision	-0.37	0.81
afterward	-0.37	0.51
homer	-0.37	0.79
frontier	-0.37	0.30
truly	-0.37	0.95
kick	-0.37	0.30
jefferson	-0.37	0.59
kelly	-0.37	0.37
moments	-0.37	0.73
abe	-0.37	0.41
case	-0.37	0.22
ferguson	-0.36	0.23
islands	-0.36	0.23
fish	-0.36	0.28
deeper	-0.36	0.31
bombers	-0.36	0.28
sunk	-0.36	0.15
idea	-0.36	0.67
nurses	-0.36	0.33
loud	-0.36	0.25
lieutenant	-0.36	0.31
abel	-0.35	0.28
china	-0.35	0.26
struck	-0.35	0.36
possibly	-0.35	0.85
succeeded	-0.35	0.44
dick	-0.35	0.41
nurse	-0.35	0.96
england	-0.35	0.37
satisfy	-0.35	0.54
grinned	-0.35	0.85
argued	-0.35	0.42
feller	-0.35	0.40
border	-0.35	0.24
happen	-0.35	0.69
controlled	-0.35	0.31
jungle	-0.34	0.62
davy	-0.34	0.26
jacques	-0.34	0.57
human	-0.34	0.91
northern	-0.34	0.28
actions	-0.34	0.40
funny	-0.34	1.82
belief	-0.34	0.53
considering	-0.34	0.43
mind	-0.34	0.49
witnesses	-0.34	0.21
faced	-0.34	0.21
racial	-0.34	0.27
race	-0.34	0.31
useful	-0.34	0.97
philippines	-0.34	0.21
chiefly	-0.33	0.46
shell	-0.33	0.18
underground	-0.33	0.19
policeman	-0.33	0.39
hospitals	-0.33	0.17
jeremy	-0.33	0.41
stolen	-0.33	0.14
crowd	-0.33	0.34
murmured	-0.33	0.92
notice	-0.33	0.52
treat	-0.33	0.34
judge	-0.33	0.26
emily	-0.33	1.01
war	-0.33	0.26
conflict	-0.32	0.26
police	-0.32	0.21
tokyo	-0.32	0.19
spiritual	-0.32	0.58
ma	-0.32	0.60
eastern	-0.32	0.26
pope	-0.32	0.60
job	-0.32	0.87
concern	-0.32	0.97
edith	-0.32	0.93
testified	-0.32	0.34
elwood	-0.32	0.66
captain	-0.32	0.23
imagine	-0.32	0.62
fix	-0.32	0.29
sheriff	-0.32	0.30
helen	-0.31	0.45
maxim	-0.31	0.41
dalton	-0.31	0.24
occasionally	-0.31	0.47
carolina	-0.31	0.17
zone	-0.31	0.26
curiously	-0.31	0.39
characters	-0.31	0.84
kit	-0.31	0.39
slave	-0.31	0.46
pressing	-0.31	0.67
flew	-0.31	0.21
bishop	-0.31	1.01
properties	-0.31	0.38
swept	-0.31	0.29
imposed	-0.31	0.23
taught	-0.31	0.63
facts	-0.31	0.39
ranch	-0.31	0.26
races	-0.31	0.32
done	-0.31	0.77
daniel	-0.31	0.72
tradition	-0.31	0.52
thunder	-0.31	0.28
prime	-0.31	0.42
prevented	-0.31	0.33
australian	-0.31	0.26
dunne	-0.30	0.49
sara	-0.30	0.44
witness	-0.30	0.21
mexican	-0.30	0.19
resistance	-0.30	0.34
ever	-0.30	0.90
tension	-0.30	0.54
proposition	-0.30	0.27
shifted	-0.30	0.25
talk	-0.30	0.65
south	-0.30	0.20
suspected	-0.30	1.08
georgia	-0.30	0.18
province	-0.30	0.31
turkey	-0.30	0.37
intent	-0.30	0.16
demanded	-0.30	0.81
michael	-0.30	0.70
warren	-0.30	0.37
shells	-0.30	0.21
proof	-0.29	0.44
target	-0.29	0.22
anyone	-0.29	0.73
hurry	-0.29	0.56
marshal	-0.29	0.25
jabez	-0.29	0.48
matthew	-0.29	0.33
admitted	-0.29	0.92
lesson	-0.29	0.24
southwest	-0.29	0.15
americans	-0.29	0.70
desires	-0.29	0.75
stan	-0.29	0.30
significance	-0.29	0.44
shortage	-0.29	0.28
bore	-0.29	0.16
thrown	-0.29	0.25
tennessee	-0.28	0.13
arose	-0.28	0.41
america	-0.28	0.32
grabbed	-0.28	0.34
routine	-0.28	0.40
employer	-0.28	0.52
fellows	-0.28	0.90
eric	-0.28	0.29
happened	-0.28	0.81
texas	-0.28	0.16
minister	-0.28	0.40
say	-0.28	0.53
states	-0.28	0.28
wu	-0.28	0.76
chicken	-0.28	0.29
california	-0.28	0.20
morgan	-0.28	0.68
mississippi	-0.28	0.14
webster	-0.28	0.49
calls	-0.28	0.50
florida	-0.28	0.15
saying	-0.28	0.86
understand	-0.28	0.60
getting	-0.28	0.86
somebody	-0.28	0.51
gives	-0.27	0.54
tadeusz	-0.27	0.82
thinking	-0.27	0.95
despite	-0.27	0.31
outfit	-0.27	0.65
sort	-0.27	0.98
fr	-0.27	0.47
evans	-0.27	0.28
pays	-0.27	0.63
imperial	-0.27	0.38
deliberately	-0.27	0.26
sighed	-0.27	0.88
counsel	-0.27	0.23
dared	-0.27	0.71
troops	-0.27	0.26
jerked	-0.27	0.42
laughs	-0.27	0.75
involved	-0.27	0.32
insisted	-0.27	0.91
alive	-0.27	0.67
source	-0.27	0.33
hostile	-0.27	0.92
kentucky	-0.27	0.15
molly	-0.27	0.73
ish	-0.27	0.32
court	-0.26	0.31
convoy	-0.26	0.14
firing	-0.26	0.22
lie	-0.26	0.47
murphy	-0.26	0.28
acted	-0.26	0.97
largely	-0.26	0.43
think	-0.26	0.58
mainly	-0.26	0.48
gets	-0.26	0.68
improve	-0.26	1.99
hammer	-0.26	0.45
critical	-0.26	0.35
finest	-0.26	1.90
rabbit	-0.26	0.26
pacific	-0.26	0.19
luis	-0.26	0.38
justus	-0.26	0.51
spite	-0.25	0.40
childhood	-0.25	0.91
flung	-0.25	0.34
protect	-0.25	0.49
stones	-0.25	0.68
revolutionary	-0.25	0.33
kinds	-0.25	0.65
grin	-0.25	0.37
opposition	-0.25	0.36
ranks	-0.25	0.52
scarcely	-0.25	0.64
tear	-0.25	0.21
virginia	-0.25	0.17
surrender	-0.25	0.24
testimony	-0.25	0.18
divided	-0.25	0.37
fighters	-0.25	0.25
sister	-0.24	2.04
erb	-0.24	0.42
instant	-0.24	0.32
individuals	-0.24	0.46
judges	-0.24	0.25
listen	-0.24	0.49
conscious	-0.24	0.45
southern	-0.24	0.22
egg	-0.24	0.32
mother	-0.24	2.04
burn	-0.24	0.57
revealed	-0.24	0.43
caught	-0.24	0.34
account	-0.24	0.25
mixture	-0.24	0.71
drive	-0.24	0.17
join	-0.24	0.28
evidently	-0.24	0.69
believe	-0.24	0.63
hole	-0.24	0.17
involving	-0.24	0.28
deal	-0.24	0.63
marcellus	-0.24	0.58
british	-0.24	0.25
assumed	-0.24	0.21
indicate	-0.24	0.53
realization	-0.23	0.56
lost	-0.23	0.22
un	-0.23	0.25
camps	-0.23	0.20
constitute	-0.23	0.48
push	-0.23	0.29
premier	-0.23	0.29
frankie	-0.23	0.55
nobody	-0.23	0.69
wondering	-0.23	0.68
exact	-0.23	0.56
accounts	-0.23	0.23
practices	-0.23	0.32
dream	-0.23	0.64
harbor	-0.23	0.14
colonel	-0.23	0.80
joan	-0.23	0.60
lemuel	-0.23	0.79
missouri	-0.23	0.13
county	-0.23	0.15
impressed	-0.23	1.32
remain	-0.23	0.48
questioned	-0.23	0.62
documents	-0.23	0.24
attorney	-0.22	0.25
land	-0.22	0.59
crossing	-0.22	0.45
driving	-0.22	0.15
practice	-0.22	0.21
course	-0.22	0.67
east	-0.22	0.19
temporarily	-0.22	0.37
maine	-0.22	0.15
beef	-0.22	0.28
theory	-0.22	0.24
ile	-0.22	0.48
familiar	-0.22	2.34
eating	-0.22	0.29
jackson	-0.22	0.30
moscow	-0.22	0.26
keep	-0.22	0.34
connecticut	-0.22	0.14
telling	-0.22	0.95
concerned	-0.22	0.62
thompson	-0.22	0.42
craft	-0.22	0.16
suppose	-0.22	0.57
lucky	-0.22	1.50
martha	-0.21	0.50
kicked	-0.21	0.21
landing	-0.21	0.16
ran	-0.21	0.37
primarily	-0.21	0.23
london	-0.21	0.18
lunch	-0.21	0.25
led	-0.21	0.22
doing	-0.21	0.75
because	-0.21	0.63
nelson	-0.21	0.28
lose	-0.21	0.45
difficult	-0.21	0.92
branch	-0.21	0.25
running	-0.21	0.32
bet	-0.21	0.87
roy	-0.21	0.49
brick	-0.21	0.62
tactics	-0.21	0.23
waved	-0.21	0.39
remembered	-0.21	1.15
shelby	-0.21	0.29
cells	-0.21	0.52
missed	-0.21	0.94
brittles	-0.21	0.16
faces	-0.21	0.35
dictatorship	-0.21	0.33
ships	-0.21	0.15
figured	-0.20	0.79
jean	-0.20	0.62
collins	-0.20	0.32
gone	-0.20	0.89
murray	-0.20	0.15
detective	-0.20	0.37
phrase	-0.20	0.19
marie	-0.20	0.47
civilized	-0.20	0.80
instantly	-0.20	0.27
agents	-0.20	0.24
eventually	-0.20	0.34
gravely	-0.20	0.60
illinois	-0.20	0.14
horse	-0.20	0.16
indiana	-0.20	0.14
closely	-0.20	0.44
fascist	-0.20	0.68
throw	-0.20	0.26
exists	-0.20	0.44
planes	-0.20	0.28
resigned	-0.20	0.14
latin	-0.20	0.33
abruptly	-0.19	0.38
stoker	-0.19	0.36
democrat	-0.19	0.16
iowa	-0.19	0.14
possibility	-0.19	0.36
excuse	-0.19	0.92
creation	-0.19	0.49
founded	-0.19	0.68
mason	-0.19	0.46
chemical	-0.19	0.17
base	-0.19	0.14
enterprise	-0.19	0.61
discuss	-0.19	0.33
alex	-0.19	0.43
dawn	-0.19	0.45
economics	-0.19	0.21
ages	-0.19	0.55
assumption	-0.19	0.27
madame	-0.19	0.92
mixed	-0.19	0.67
ohio	-0.19	0.14
ernest	-0.19	0.39
evidence	-0.18	0.20
find	-0.18	0.43
herr	-0.18	0.39
directly	-0.18	0.27
alternative	-0.18	0.66
centuries	-0.18	0.50
experience	-0.18	0.89
nothing	-0.18	0.71
teach	-0.18	0.25
marks	-0.18	0.12
provides	-0.18	0.60
noticed	-0.18	1.18
bring	-0.18	0.25
ship	-0.18	0.12
rumors	-0.18	0.40
fundamental	-0.18	0.23
pride	-0.18	1.25
michigan	-0.18	0.14
chester	-0.18	0.44
taking	-0.18	0.36
wait	-0.18	0.56
hunting	-0.18	0.18
ho	-0.18	0.21
according	-0.18	0.24
manage	-0.18	0.51
gradually	-0.18	0.24
scientists	-0.18	0.13
bells	-0.18	0.23
coast	-0.18	0.16
atoms	-0.18	0.26
paul	-0.18	0.64
fleet	-0.18	0.15
minor	-0.18	0.48
condition	-0.18	0.27
effectively	-0.18	0.51
grand	-0.18	0.23
ray	-0.18	0.32
why	-0.18	0.58
turn	-0.18	0.33
louder	-0.18	0.16
jersey	-0.17	0.13
philosophy	-0.17	0.23
factor	-0.17	0.28
authorities	-0.17	0.16
necessity	-0.17	0.24
never	-0.17	1.00
bases	-0.17	0.22
observers	-0.17	0.19
factors	-0.17	0.22
attitudes	-0.17	0.38
north	-0.17	0.17
pennsylvania	-0.17	0.13
massachusetts	-0.17	0.14
psychological	-0.17	0.25
whispered	-0.17	1.01
wagons	-0.17	0.12
got	-0.17	0.66
problems	-0.17	0.24
problem	-0.17	0.29
fired	-0.17	0.22
seen	-0.17	1.16
deputy	-0.17	0.34
except	-0.17	0.73
science	-0.17	0.31
mill	-0.17	0.13
regarding	-0.17	0.28
absolute	-0.17	0.48
told	-0.17	1.18
come	-0.17	0.43
bob	-0.17	0.39
threw	-0.16	0.30
bullet	-0.16	0.24
switch	-0.16	0.13
matter	-0.16	0.44
spare	-0.16	0.45
claimed	-0.16	0.50
thereby	-0.16	0.22
description	-0.16	0.40
code	-0.16	0.27
eisenhower	-0.16	0.13
continue	-0.16	0.27
francisco	-0.16	0.18
roll	-0.16	0.18
principles	-0.16	0.31
du	-0.16	0.24
solved	-0.16	0.36
nearer	-0.16	0.20
jessie	-0.16	0.51
urge	-0.16	0.36
invented	-0.16	0.49
throughout	-0.16	0.20
decisions	-0.16	0.23
harold	-0.16	0.46
investigation	-0.16	0.18
elements	-0.16	0.18
la	-0.16	0.35
supreme	-0.16	0.23
earth	-0.16	0.88
languages	-0.16	0.37
retired	-0.16	0.49
prepare	-0.16	0.17
publicity	-0.16	0.09
watch	-0.16	0.27
central	-0.15	0.16
boom	-0.15	0.23
absorbed	-0.15	0.29
driver	-0.15	0.12
cannon	-0.15	0.23
exactly	-0.15	0.66
rule	-0.15	0.21
periods	-0.15	0.18
adams	-0.15	0.42
broke	-0.15	0.31
davis	-0.15	0.41
jeff	-0.15	0.84
minnesota	-0.15	0.13
created	-0.15	0.17
barely	-0.15	0.47
wagon	-0.15	0.11
sought	-0.15	0.47
swift	-0.15	0.41
admiral	-0.15	0.17
haven	-0.15	0.44
ashore	-0.15	0.19
look	-0.15	0.40
vessel	-0.15	0.12
francis	-0.15	0.65
combined	-0.15	0.61
how	-0.15	0.54
american	-0.15	0.21
fort	-0.15	0.17
putting	-0.15	0.34
counted	-0.15	0.18
lift	-0.14	0.24
carrier	-0.14	0.22
engine	-0.14	0.18
albert	-0.14	0.54
howard	-0.14	0.46
hastily	-0.14	0.21
meal	-0.14	0.32
else	-0.14	0.75
trail	-0.14	0.16
none	-0.14	0.71
ride	-0.14	0.14
win	-0.14	0.25
century	-0.14	0.36
dunnigan	-0.14	0.57
kurt	-0.14	0.42
supper	-0.14	0.32
draw	-0.14	0.23
typical	-0.14	0.71
run	-0.14	0.34
socialist	-0.14	0.32
island	-0.14	0.13
tanks	-0.14	0.18
convinced	-0.14	0.77
meaning	-0.14	0.63
knock	-0.14	0.19
keeping	-0.14	0.38
arguments	-0.14	0.24
send	-0.14	0.32
channel	-0.14	0.17
reserves	-0.13	0.22
marched	-0.13	0.23
filed	-0.13	0.24
steve	-0.13	0.56
relation	-0.13	0.81
von	-0.13	0.37
billy	-0.13	0.30
taylor	-0.13	0.36
counting	-0.13	0.22
dies	-0.13	0.34
aged	-0.13	1.11
pushing	-0.13	0.22
hang	-0.13	0.29
hamilton	-0.13	0.88
crowds	-0.13	0.22
conflicts	-0.13	0.28
kansas	-0.13	0.13
courts	-0.13	0.27
mean	-0.13	0.58
views	-0.13	0.31
winston	-0.13	0.18
call	-0.13	0.55
franklin	-0.13	0.32
bevin	-0.13	0.21
representative	-0.13	0.24
major	-0.13	0.18
hay	-0.13	0.32
holes	-0.13	0.25
general	-0.13	0.24
churchill	-0.13	0.19
heard	-0.13	0.23
related	-0.13	0.69
rolling	-0.13	0.16
forms	-0.13	0.31
once	-0.13	0.84
pick	-0.13	0.25
based	-0.13	0.21
forces	-0.13	0.29
mount	-0.13	0.08
saw	-0.13	1.08
conception	-0.12	0.29
wanted	-0.12	0.90
fighter	-0.12	0.29
administrator	-0.12	0.17
united	-0.12	0.25
asserted	-0.12	0.42
breakfast	-0.12	0.31
car	-0.12	0.14
take	-0.12	0.35
senator	-0.12	0.18
conquest	-0.12	0.69
organic	-0.12	0.22
eaten	-0.12	0.29
guard	-0.12	0.14
swing	-0.12	0.15
ports	-0.12	0.15
aboard	-0.12	0.12
governments	-0.12	0.29
arthur	-0.12	0.51
literature	-0.12	0.26
bell	-0.12	0.29
anybody	-0.12	0.60
happens	-0.12	0.57
drinks	-0.12	0.49
country	-0.12	0.22
ministry	-0.12	0.13
transferred	-0.12	0.15
gulf	-0.12	0.14
change	-0.12	0.18
ike	-0.12	0.18
refugees	-0.12	0.32
statements	-0.12	0.21
sank	-0.12	0.10
intensity	-0.12	0.36
quoted	-0.11	0.30
english	-0.11	0.37
johnson	-0.11	0.38
realized	-0.11	1.19
picking	-0.11	0.17
henri	-0.11	0.45
maybe	-0.11	0.52
appointment	-0.11	0.15
served	-0.11	0.25
constant	-0.11	0.25
sleep	-0.11	0.29
wendell	-0.11	0.15
health	-0.11	0.54
port	-0.11	0.13
marshall	-0.11	0.16
principle	-0.11	0.22
west	-0.11	0.15
fund	-0.11	0.17
guess	-0.11	0.65
behavior	-0.11	0.50
areas	-0.11	0.20
positions	-0.11	0.21
experiments	-0.11	0.23
cultural	-0.11	0.35
payments	-0.11	0.20
examine	-0.11	0.26
borrowed	-0.11	0.19
anyhow	-0.11	0.79
canadian	-0.11	0.18
chad	-0.11	0.40
complex	-0.11	0.36
swung	-0.11	0.35
cited	-0.11	0.26
truck	-0.11	0.10
dig	-0.11	0.10
wallace	-0.11	0.22
rode	-0.10	0.22
successfully	-0.10	0.33
developments	-0.10	0.30
commander	-0.10	0.16
thinks	-0.10	0.59
motor	-0.10	0.15
apply	-0.10	0.24
strike	-0.10	0.17
speak	-0.10	0.47
pull	-0.10	0.20
information	-0.10	0.27
help	-0.10	0.40
strategic	-0.10	0.25
woke	-0.10	0.54
lamb	-0.10	0.25
minute	-0.10	0.41
barbara	-0.10	1.09
move	-0.10	0.29
acquired	-0.10	0.51
passing	-0.10	0.18
equivalent	-0.10	0.25
campaign	-0.10	0.20
vessels	-0.10	0.13
contest	-0.10	0.19
soup	-0.10	0.30
tore	-0.10	0.16
officer	-0.10	0.16
sylvia	-0.10	0.37
laboratory	-0.10	0.22
arts	-0.10	0.18
chiefs	-0.10	0.10
spot	-0.10	0.57
sail	-0.09	0.12
faintly	-0.09	0.66
diet	-0.09	0.20
stewart	-0.09	0.42
limited	-0.09	0.50
sadly	-0.09	0.63
confined	-0.09	0.45
university	-0.09	0.15
behalf	-0.09	0.23
circles	-0.09	0.18
concerning	-0.09	0.26
whenever	-0.09	0.62
divisions	-0.09	0.12
grandpa	-0.09	1.04
gilbert	-0.09	0.53
daily	-0.09	0.17
stopping	-0.09	0.41
dragged	-0.09	0.28
commanding	-0.09	0.16
cavalry	-0.09	0.11
orleans	-0.09	0.14
learning	-0.09	0.19
mayor	-0.09	0.13
taken	-0.09	0.53
personality	-0.09	0.28
paying	-0.09	0.28
justified	-0.09	0.54
wrong	-0.09	0.53
inclined	-0.09	0.28
replied	-0.09	0.74
bringing	-0.09	0.37
regardless	-0.09	0.28
nature	-0.08	0.48
easier	-0.08	0.73
kennedy	-0.08	0.27
dropped	-0.08	0.19
douglas	-0.08	0.26
bay	-0.08	0.14
boats	-0.08	0.13
becoming	-0.08	0.55
conclusions	-0.08	0.20
generals	-0.08	0.10
spoken	-0.08	0.97
language	-0.08	0.37
rear	-0.08	0.18
slid	-0.08	0.35
india	-0.08	0.43
backward	-0.08	0.17
politicians	-0.08	0.14
molotov	-0.08	0.28
hunt	-0.08	0.33
means	-0.08	0.28
affair	-0.08	0.66
slight	-0.08	0.42
prospects	-0.08	0.42
schools	-0.08	0.17
either	-0.08	0.45
observe	-0.08	0.23
scott	-0.08	0.46
alfred	-0.08	0.34
pack	-0.08	0.13
opinion	-0.08	0.30
further	-0.08	0.37
tires	-0.08	0.14
lewis	-0.08	0.25
ringing	-0.08	0.19
annual	-0.08	0.28
gang	-0.08	0.67
realize	-0.08	0.60
response	-0.08	0.49
walter	-0.07	0.48
expert	-0.07	0.15
throwing	-0.07	0.16
advanced	-0.07	0.19
associated	-0.07	0.19
fly	-0.07	0.28
contains	-0.07	0.20
fewer	-0.07	0.44
psychology	-0.07	0.14
lieut	-0.07	0.38
grant	-0.07	0.31
consequently	-0.07	0.08
effect	-0.07	0.28
bomber	-0.07	0.26
chapter	-0.07	0.17
louise	-0.07	1.05
disclosed	-0.07	0.35
patrol	-0.07	0.10
discipline	-0.07	0.62
grain	-0.07	0.28
isolated	-0.07	0.13
growing	-0.07	0.30
quit	-0.07	0.64
teaching	-0.07	0.15
crept	-0.07	0.23
roosevelt	-0.07	0.17
bert	-0.07	0.23
boss	-0.07	0.68
way	-0.07	0.90
arnold	-0.07	0.27
wanting	-0.07	0.42
continuing	-0.07	0.17
laugh	-0.07	0.69
defend	-0.07	0.29
won	-0.07	0.21
liquor	-0.07	0.82
boat	-0.07	0.14
rivers	-0.07	0.19
secretary	-0.07	0.25
drastic	-0.07	0.27
knocked	-0.07	0.26
sea	-0.07	0.17
moral	-0.07	0.47
ways	-0.06	0.31
officials	-0.06	0.10
palestine	-0.06	0.76
brains	-0.06	0.82
washington	-0.06	0.24
mostly	-0.06	0.84
experts	-0.06	0.07
signal	-0.06	0.11
tells	-0.06	0.79
preparing	-0.06	0.33
presently	-0.06	0.38
larry	-0.06	0.42
stephen	-0.06	0.61
pushed	-0.06	0.40
crowded	-0.06	0.19
connection	-0.06	0.22
aspect	-0.06	0.42
falls	-0.06	0.13
fathers	-0.06	1.04
read	-0.06	0.15
breaking	-0.06	0.22
northwest	-0.06	0.13
reaching	-0.06	0.17
wells	-0.06	0.11
world	-0.06	0.70
cabinet	-0.06	0.16
suggest	-0.06	0.31
taxi	-0.06	0.12
minority	-0.06	0.21
including	-0.06	0.34
miners	-0.06	0.12
vast	-0.06	0.34
institutions	-0.05	0.25
field	-0.05	0.15
existed	-0.05	0.47
state	-0.05	0.12
older	-0.05	0.82
cell	-0.05	0.12
perkins	-0.05	0.33
hudson	-0.05	0.13
burned	-0.05	0.34
drivers	-0.05	0.08
leader	-0.05	0.20
civilians	-0.05	0.37
remains	-0.05	0.25
law	-0.05	0.18
hoping	-0.05	0.42
president	-0.05	0.18
want	-0.05	0.49
expecting	-0.05	0.63
spokesman	-0.05	0.14
teacher	-0.05	0.20
ham	-0.05	0.27
wheels	-0.05	0.12
question	-0.05	0.22
enter	-0.05	0.23
carry	-0.05	0.18
argentina	-0.05	0.29
slipped	-0.05	0.34
horn	-0.05	0.17
bureau	-0.05	0.11
mission	-0.05	0.21
somewhere	-0.05	0.36
disappeared	-0.05	0.40
reason	-0.05	0.62
detroit	-0.05	0.12
staff	-0.05	0.14
plane	-0.05	0.21
calling	-0.05	0.60
launched	-0.05	0.23
sword	-0.05	0.16
ocean	-0.05	0.19
natural	-0.05	0.29
grave	-0.05	0.87
government	-0.05	0.16
tossed	-0.05	0.25
temporary	-0.04	0.33
guardia	-0.04	0.09
george	-0.04	0.50
cargo	-0.04	0.11
whether	-0.04	0.47
lawyer	-0.04	0.47
chairman	-0.04	0.39
drove	-0.04	0.28
units	-0.04	0.11
direct	-0.04	0.36
thoughtfully	-0.04	0.41
differences	-0.04	0.21
taft	-0.04	0.19
education	-0.04	0.16
hardly	-0.04	0.60
series	-0.04	0.29
atlantic	-0.04	0.20
decide	-0.04	0.26
harris	-0.04	0.38
requires	-0.04	0.56
observed	-0.04	0.75
hint	-0.04	0.56
senators	-0.04	0.14
express	-0.04	0.16
anything	-0.04	0.59
powers	-0.04	0.20
inquiry	-0.04	0.15
revenue	-0.04	0.27
arise	-0.04	0.18
comment	-0.04	0.25
route	-0.04	0.09
carriage	-0.04	0.16
desire	-0.04	0.80
martin	-0.04	0.51
regions	-0.04	0.25
interests	-0.04	0.30
jobs	-0.04	0.13
bullets	-0.04	0.25
jones	-0.04	0.33
examined	-0.04	0.22
resist	-0.04	0.38
williams	-0.04	0.39
includes	-0.04	0.18
riding	-0.04	0.13
replace	-0.03	0.15
bridges	-0.03	0.14
discovered	-0.03	0.59
processes	-0.03	0.23
sending	-0.03	0.25
says	-0.03	0.54
continued	-0.03	0.34
follows	-0.03	0.23
deck	-0.03	0.15
solve	-0.03	0.37
naval	-0.03	0.18
censorship	-0.03	0.15
counter	-0.03	0.40
method	-0.03	0.28
crew	-0.03	0.13
pen	-0.03	0.11
cowperwood	-0.03	0.43
developing	-0.03	0.23
artillery	-0.03	0.19
amused	-0.03	1.05
social	-0.03	0.29
came	-0.03	0.45
headquarters	-0.03	0.11
private	-0.03	0.12
sound	-0.03	0.25
harvard	-0.03	0.13
originally	-0.03	0.21
curb	-0.03	0.13
instruments	-0.03	0.31
speed	-0.03	0.64
motors	-0.03	0.15
develop	-0.03	0.19
hear	-0.03	0.24
does	-0.03	0.48
nicholas	-0.03	0.44
coming	-0.03	0.34
serving	-0.03	0.25
parliament	-0.03	0.23
approach	-0.03	0.28
runs	-0.03	0.26
answer	-0.03	0.41
conduct	-0.03	0.25
instrument	-0.03	0.24
remarked	-0.03	0.85
inhabitants	-0.03	0.28
appears	-0.03	0.28
agent	-0.03	0.16
district	-0.03	0.14
mounted	-0.03	0.08
soil	-0.02	0.54
truman	-0.02	0.16
matters	-0.02	0.15
consists	-0.02	0.24
existence	-0.02	0.49
journal	-0.02	0.13
ambassador	-0.02	0.23
mentioned	-0.02	0.51
reported	-0.02	0.25
cars	-0.02	0.13
represented	-0.02	0.26
chief	-0.02	0.31
colleges	-0.02	0.14
grows	-0.02	0.29
furthermore	-0.02	0.16
don	-0.02	0.30
agricultural	-0.02	0.20
sofa	-0.02	0.35
reaches	-0.02	0.23
pause	-0.02	0.62
operations	-0.02	0.17
ore	-0.02	0.24
share	-0.02	0.19
acting	-0.02	0.32
returning	-0.02	0.16
player	-0.02	0.60
marcus	-0.02	0.52
frank	-0.02	0.49
joseph	-0.02	0.49
hook	-0.02	0.14
professor	-0.02	0.19
turned	-0.02	0.70
gasoline	-0.02	0.18
roughly	-0.02	0.24
current	-0.02	0.28
seconds	-0.02	0.25
canal	-0.02	0.10
decade	-0.02	0.19
hearing	-0.02	0.17
stay	-0.02	0.43
clerk	-0.02	0.18
individual	-0.02	0.19
definition	-0.02	0.22
knows	-0.02	0.73
stepped	-0.01	0.47
tonight	-0.01	0.36
foreign	-0.01	0.16
loose	-0.01	0.17
circle	-0.01	0.55
pointing	-0.01	0.67
infantry	-0.01	0.14
colonial	-0.01	0.25
army	-0.01	0.12
frederick	-0.01	0.51
seas	-0.01	0.25
angeles	-0.01	0.16
till	-0.01	0.33
situation	-0.01	0.28
agency	-0.01	0.14
immediately	-0.01	0.31
fell	-0.01	0.23
middle	-0.01	0.16
experiment	-0.01	0.30
class	-0.01	0.14
military	-0.01	0.18
commerce	-0.01	0.08
asked	-0.01	0.96
farmers	-0.01	0.30
merchant	-0.01	0.13
queen	-0.01	0.73
conclusion	-0.01	0.31
juice	-0.01	0.31
elsewhere	-0.01	0.16
laughter	-0.01	0.62
learned	-0.01	0.88
rolled	-0.01	0.22
dealing	-0.01	0.18
rules	-0.01	0.18
word	-0.01	0.58
questions	-0.01	0.19
hanging	-0.01	0.17
glasses	-0.01	0.41
warned	-0.01	0.54
honey	-0.01	0.59
influence	-0.01	0.23
tunnel	-0.01	0.16
headed	-0.01	0.36
reports	-0.01	0.19
leaving	-0.01	0.35
whisky	-0.01	0.77
shakes	-0.01	0.35
collect	-0.01	0.17
sum	-0.01	0.20
purely	-0.01	0.29
department	-0.01	0.09
duties	-0.01	0.11
chicago	-0.01	0.13
pulled	-0.00	0.27
shipping	-0.00	0.13
issue	-0.00	0.20
sweeping	-0.00	0.19
talking	-0.00	0.63
van	-0.00	0.55
henderson	-0.00	0.11
describe	-0.00	0.34
division	-0.00	0.08
passes	-0.00	0.24
glanced	-0.00	0.89
control	-0.00	0.14
courses	-0.00	0.15
mama	-0.00	1.19
circumstances	-0.00	0.47
showed	-0.00	0.26
changes	-0.00	0.23
emphasized	-0.00	0.38
argument	-0.00	0.25
lincoln	-0.00	0.62
aside	-0.00	0.17
centers	-0.00	0.11
mora	-0.00	0.55
nodded	-0.00	0.87
student	-0.00	0.16
report	-0.00	0.17
college	0.00	0.15
flesh	0.00	0.43
leaders	0.00	0.16
yeah	0.00	0.75
mary	0.00	1.13
cleared	0.00	0.29
armored	0.00	0.13
importance	0.00	0.24
guns	0.00	0.25
right	0.00	0.33
range	0.00	0.18
constantly	0.00	0.32
walk	0.00	0.28
miss	0.00	1.15
ford	0.00	0.12
altogether	0.00	0.60
richard	0.00	0.51
hesitated	0.00	0.90
creek	0.00	0.15
landed	0.00	0.11
official	0.00	0.14
inflation	0.00	0.53
interpretation	0.00	0.19
sections	0.01	0.09
slope	0.01	0.15
research	0.01	0.13
prove	0.01	0.31
classes	0.01	0.14
straightened	0.01	0.46
live	0.01	0.62
papa	0.01	1.20
willie	0.01	0.87
rocks	0.01	0.33
hurried	0.01	0.42
confirmed	0.01	0.32
press	0.01	0.11
assigned	0.01	0.12
wo	0.01	0.58
place	0.01	0.67
los	0.01	0.17
judgment	0.01	0.45
different	0.01	0.39
circulation	0.01	0.16
tank	0.01	0.12
certainly	0.01	0.57
flat	0.01	0.56
agencies	0.01	0.13
vital	0.01	0.30
aspects	0.01	0.24
known	0.01	1.02
stopped	0.01	0.49
director	0.01	0.33
dare	0.01	0.49
waves	0.01	0.29
political	0.01	0.25
isabel	0.01	1.04
manpower	0.01	0.15
ministers	0.01	0.23
mills	0.01	0.11
selection	0.02	0.74
ordinarily	0.02	0.53
shows	0.02	0.21
billion	0.02	0.26
drink	0.02	0.40
glances	0.02	0.30
halted	0.02	0.33
gun	0.02	0.22
ca	0.02	0.47
handle	0.02	0.41
administration	0.02	0.13
drinking	0.02	0.37
drop	0.02	0.12
movements	0.02	0.22
lee	0.02	0.55
impulse	0.02	0.66
whip	0.02	0.30
work	0.02	0.40
oliver	0.02	0.46
return	0.02	0.23
history	0.02	0.24
stops	0.02	0.30
nations	0.02	0.31
purpose	0.02	0.33
advance	0.02	0.17
corps	0.02	0.08
parts	0.02	0.13
checks	0.02	0.16
civil	0.02	0.26
found	0.02	0.67
expenditures	0.02	0.22
institute	0.02	0.11
climbed	0.02	0.23
cab	0.02	0.13
payment	0.02	0.18
commanded	0.02	0.13
byrnes	0.02	0.22
barn	0.02	0.28
sees	0.02	0.31
farm	0.02	0.22
train	0.02	0.07
veterans	0.02	0.09
airplanes	0.02	0.22
meantime	0.02	0.17
local	0.02	0.10
labor	0.02	0.15
build	0.02	0.22
bennett	0.02	0.21
students	0.02	0.15
viii	0.02	0.75
etc	0.02	0.14
sir	0.02	0.80
map	0.02	0.14
lakes	0.02	0.16
domestic	0.03	0.16
ceased	0.03	0.15
took	0.03	0.31
flash	0.03	0.38
departments	0.03	0.09
ammunition	0.03	0.21
mamma	0.03	1.26
dewey	0.03	0.21
subject	0.03	0.21
slip	0.03	0.12
pace	0.03	0.28
tremendous	0.03	0.73
put	0.03	0.24
bottles	0.03	0.40
shore	0.03	0.16
extend	0.03	0.20
bar	0.03	0.32
kind	0.03	1.88
continues	0.03	0.23
action	0.03	0.19
proceed	0.03	0.20
correspondent	0.03	0.09
gentleman	0.03	0.41
household	0.03	0.54
neatly	0.03	0.52
decision	0.03	0.19
angle	0.03	0.22
universal	0.03	0.33
yesterday	0.03	0.14
dear	0.03	2.02
worker	0.03	0.09
roads	0.03	0.22
crews	0.03	0.15
bottle	0.03	0.41
lawrence	0.03	0.51
administrative	0.03	0.14
connected	0.03	0.24
picks	0.03	0.25
picked	0.03	0.25
chamber	0.03	0.12
allen	0.03	0.78
let	0.03	0.42
defense	0.03	0.14
types	0.03	0.23
agriculture	0.03	0.20
bits	0.03	0.24
estimated	0.03	0.26
era	0.03	0.27
procedure	0.03	0.25
pouring	0.03	0.37
democracy	0.03	0.45
comparison	0.03	0.37
willkie	0.03	0.21
electrical	0.04	0.21
fiscal	0.04	0.25
dad	0.04	0.69
brought	0.04	0.27
sense	0.04	0.65
extent	0.04	0.21
river	0.04	0.16
device	0.04	0.32
passage	0.04	0.17
nods	0.04	0.35
glass	0.04	0.41
review	0.04	0.17
flour	0.04	0.23
booth	0.04	0.24
barnes	0.04	0.25
beer	0.04	0.41
task	0.04	0.27
rice	0.04	0.31
ones	0.04	0.50
distance	0.04	0.19
kate	0.04	0.60
points	0.04	0.13
ing	0.04	0.33
guide	0.04	0.13
automatically	0.04	0.20
removed	0.04	0.15
reporter	0.04	0.12
command	0.04	0.12
skull	0.04	0.26
holds	0.04	0.22
pistol	0.04	0.17
vice	0.04	0.44
proportion	0.04	0.30
give	0.04	0.25
airport	0.04	0.10
phil	0.04	0.35
comes	0.04	0.29
area	0.04	0.13
debt	0.04	0.21
print	0.04	0.11
naturally	0.04	0.60
ration	0.04	0.16
bus	0.04	0.06
thus	0.04	0.36
cash	0.04	0.22
employes	0.04	0.10
york	0.04	0.09
wine	0.04	0.39
highway	0.04	0.09
called	0.04	0.78
peasant	0.04	0.59
shortly	0.04	0.25
shake	0.04	0.36
closes	0.04	0.24
personnel	0.04	0.07
governor	0.04	0.18
dean	0.04	0.40
ultimate	0.04	0.72
leading	0.04	0.11
whiskey	0.04	0.79
orders	0.04	0.13
reduce	0.04	0.46
municipal	0.04	0.12
benefit	0.04	0.16
delegation	0.04	0.17
services	0.04	0.15
wheel	0.04	0.10
dug	0.04	0.23
placed	0.04	0.16
automobiles	0.04	0.18
dollars	0.05	0.26
anywhere	0.05	0.71
sidney	0.05	0.65
composed	0.05	0.19
instance	0.05	0.48
bread	0.05	0.27
educational	0.05	0.17
training	0.05	0.12
airplane	0.05	0.22
referred	0.05	0.40
noted	0.05	0.44
city	0.05	0.11
nora	0.05	0.54
crosses	0.05	0.28
charles	0.05	0.60
louis	0.05	0.43
banks	0.05	0.16
event	0.05	0.66
teachers	0.05	0.28
funds	0.05	0.19
boston	0.05	0.13
moving	0.05	0.19
compared	0.05	0.22
bank	0.05	0.18
finally	0.05	0.31
stated	0.05	0.66
engineering	0.05	0.14
marine	0.05	0.09
application	0.05	0.19
raise	0.05	0.53
executive	0.05	0.12
gear	0.05	0.21
check	0.05	0.10
ridge	0.05	0.15
percentage	0.05	0.22
federal	0.05	0.13
financial	0.05	0.28
pilot	0.05	0.19
moreover	0.05	0.20
guy	0.05	1.14
muscles	0.05	0.42
waters	0.05	0.20
performed	0.05	0.12
voices	0.05	0.24
republican	0.05	0.20
bars	0.05	0.18
cio	0.05	0.10
doc	0.06	0.94
today	0.06	0.17
crown	0.06	0.45
traveling	0.06	0.15
shooting	0.06	0.14
turns	0.06	0.32
since	0.06	0.31
starts	0.06	0.28
former	0.06	0.50
miles	0.06	0.11
maintained	0.06	0.37
directors	0.06	0.11
appointed	0.06	0.20
post	0.06	0.06
columns	0.06	0.09
cards	0.06	0.26
answered	0.06	0.64
mechanical	0.06	0.31
tim	0.06	0.53
edward	0.06	0.60
cabin	0.06	0.20
release	0.06	0.39
scope	0.06	0.22
savings	0.06	0.20
commission	0.06	0.11
credit	0.06	0.18
ate	0.06	0.42
casually	0.06	0.44
things	0.06	0.72
went	0.06	0.47
negro	0.06	0.81
takes	0.06	0.25
philadelphia	0.06	0.19
groups	0.06	0.20
intend	0.06	0.44
sounds	0.06	0.55
assistant	0.06	0.44
mountains	0.06	0.20
directions	0.06	0.17
raising	0.06	0.17
party	0.06	0.27
minutes	0.06	0.20
reserve	0.06	0.10
suggestion	0.06	0.24
considerable	0.06	0.43
load	0.06	0.18
trucks	0.06	0.15
baby	0.06	1.34
restrictions	0.06	0.20
handled	0.06	0.45
act	0.06	0.20
carries	0.06	0.14
trains	0.06	0.08
dusty	0.06	0.51
districts	0.06	0.21
net	0.06	0.27
food	0.06	0.20
traffic	0.06	0.08
royal	0.06	0.60
true	0.06	0.68
lawyers	0.06	0.24
mines	0.06	0.14
pulls	0.06	0.22
jr	0.06	0.53
results	0.07	0.28
should	0.07	0.39
places	0.07	0.20
period	0.07	0.22
wherever	0.07	0.33
development	0.07	0.21
subjects	0.07	0.09
emphasis	0.07	0.16
freely	0.07	0.22
function	0.07	0.12
institution	0.07	0.27
main	0.07	0.22
yet	0.07	0.84
cities	0.07	0.14
copies	0.07	0.13
med	0.07	0.20
capital	0.07	0.25
point	0.07	0.24
numerous	0.07	0.34
aircraft	0.07	0.25
gifts	0.07	0.64
politics	0.07	0.17
ask	0.07	0.61
daylight	0.07	0.23
hearings	0.07	0.15
appeal	0.07	0.34
william	0.07	0.62
discussing	0.07	0.36
unit	0.07	0.10
extremely	0.07	0.78
pilots	0.07	0.25
total	0.07	0.26
lobby	0.07	0.24
gather	0.07	0.14
title	0.07	0.31
board	0.07	0.09
smith	0.07	0.55
rises	0.07	0.30
economy	0.07	0.22
ticket	0.07	0.20
presidential	0.07	0.21
goes	0.07	0.41
extra	0.07	0.22
wake	0.07	0.24
declared	0.08	0.65
reconstruction	0.08	0.21
shots	0.08	0.26
amanda	0.08	0.26
telegraph	0.08	0.08
opens	0.08	0.26
twice	0.08	0.50
produced	0.08	0.23
actually	0.08	0.58
walked	0.08	0.45
adam	0.08	0.27
finance	0.08	0.13
boards	0.08	0.09
grow	0.08	0.32
devices	0.08	0.24
myself	0.08	0.51
again	0.08	0.26
fat	0.08	0.79
navy	0.08	0.14
publisher	0.08	0.13
child	0.08	2.03
term	0.08	0.23
backed	0.08	0.14
tribune	0.08	0.14
newspapers	0.08	0.15
ended	0.08	0.17
towns	0.08	0.17
uncle	0.08	1.32
moves	0.08	0.27
risen	0.08	0.13
publication	0.08	0.15
unions	0.08	0.14
followed	0.08	0.37
wire	0.08	0.19
nation	0.08	0.22
statistics	0.08	0.22
issues	0.08	0.21
complicated	0.08	0.98
ought	0.08	0.49
attention	0.08	0.25
climb	0.08	0.10
talks	0.08	0.23
clay	0.08	0.25
use	0.08	0.20
column	0.08	0.07
equipment	0.08	0.20
home	0.08	0.78
lake	0.08	0.18
basic	0.08	0.28
coach	0.08	0.12
another	0.08	0.23
salary	0.08	0.20
obliged	0.08	0.40
anderson	0.08	0.21
us	0.08	0.41
phone	0.08	0.32
tough	0.08	1.87
expression	0.08	0.35
failure	0.08	0.28
operator	0.08	0.21
owner	0.08	0.34
moved	0.08	0.47
material	0.08	0.32
located	0.08	0.08
issued	0.09	0.13
tons	0.09	0.14
authority	0.09	0.16
figures	0.09	0.26
selective	0.09	0.17
reads	0.09	0.11
officers	0.09	0.16
debate	0.09	0.17
producing	0.09	0.21
samuel	0.09	0.62
merely	0.09	0.37
onetime	0.09	0.50
regulation	0.09	0.17
union	0.09	0.13
exits	0.09	0.24
please	0.09	0.90
budget	0.09	0.22
rationing	0.09	0.17
appropriate	0.09	0.59
stick	0.09	0.27
iron	0.09	0.37
sweep	0.09	0.24
certain	0.09	0.41
passed	0.09	0.28
industrial	0.09	0.13
examples	0.09	0.52
soldier	0.09	0.31
force	0.09	0.21
giving	0.09	0.32
baltimore	0.09	0.12
regulations	0.09	0.13
nomination	0.09	0.21
josh	0.09	0.46
peered	0.09	0.59
miranda	0.09	0.62
strongly	0.09	0.58
loaded	0.09	0.15
frequently	0.09	0.21
federation	0.09	0.12
willing	0.09	0.38
write	0.09	0.22
heavier	0.09	0.60
insurance	0.09	0.19
books	0.09	0.15
hour	0.09	0.18
rapidly	0.09	0.26
primary	0.09	0.22
industry	0.09	0.15
king	0.09	0.78
track	0.09	0.11
david	0.09	0.71
wings	0.09	0.28
couple	0.09	1.10
james	0.09	0.62
enormous	0.09	0.70
farther	0.09	0.14
passenger	0.09	0.08
tip	0.09	0.18
fade	0.09	0.18
message	0.09	0.14
shot	0.10	0.19
presumably	0.10	0.13
aviation	0.10	0.14
stand	0.10	0.36
puts	0.10	0.22
concluded	0.10	0.33
machine	0.10	0.25
progressive	0.10	0.30
carried	0.10	0.18
looks	0.10	0.33
interview	0.10	0.21
trend	0.10	0.19
cut	0.10	0.23
spend	0.10	0.19
technique	0.10	0.33
flight	0.10	0.22
imports	0.10	0.14
eye	0.10	0.18
explained	0.10	0.92
started	0.10	0.32
values	0.10	0.31
fortnight	0.10	0.19
bulk	0.10	0.30
copy	0.10	0.14
competition	0.10	0.16
treasury	0.10	0.18
approached	0.10	0.52
railroads	0.10	0.09
combat	0.10	0.15
bills	0.10	0.13
flying	0.10	0.25
crops	0.10	0.33
enters	0.10	0.34
commercial	0.10	0.15
afterwards	0.10	0.52
checked	0.10	0.25
knowledge	0.10	0.32
drew	0.10	0.34
farms	0.10	0.31
fifteen	0.10	0.22
increasing	0.10	0.34
railroad	0.10	0.09
potatoes	0.10	0.29
scene	0.10	0.18
might	0.10	0.46
reference	0.10	0.18
handed	0.10	0.34
left	0.10	0.29
reporters	0.10	0.28
mountain	0.10	0.16
workers	0.10	0.10
sixteen	0.10	0.22
quarter	0.10	0.16
spending	0.11	0.18
region	0.11	0.20
twelve	0.11	0.22
nine	0.11	0.22
following	0.11	0.15
closing	0.11	0.19
wit	0.11	0.50
praise	0.11	0.88
artificial	0.11	0.53
legislative	0.11	0.14
discussed	0.11	0.40
street	0.11	0.12
civilian	0.11	0.09
pointed	0.11	0.53
sixty	0.11	0.22
school	0.11	0.31
ten	0.11	0.23
thirty	0.11	0.23
fourteen	0.11	0.23
eighteen	0.11	0.23
thirteen	0.11	0.23
portion	0.11	0.15
waiter	0.11	0.32
everything	0.11	0.66
correspondents	0.11	0.11
sunday	0.11	0.28
twenty	0.11	0.23
technical	0.11	0.32
forty	0.11	0.22
various	0.11	0.35
conference	0.11	0.15
seventeen	0.11	0.22
economic	0.11	0.24
halfway	0.11	0.24
representing	0.11	0.12
peacetime	0.11	0.09
hundred	0.11	0.22
eleven	0.11	0.22
thousand	0.11	0.22
ordered	0.11	0.26
laws	0.11	0.17
votes	0.11	0.24
times	0.11	0.13
representatives	0.11	0.11
speaks	0.11	0.23
republicans	0.11	0.22
space	0.11	0.29
coal	0.11	0.12
terms	0.11	0.21
quickly	0.11	0.24
formed	0.11	0.15
john	0.11	0.74
survey	0.11	0.19
blank	0.11	0.15
legislature	0.11	0.13
eight	0.11	0.24
expect	0.11	0.48
hangs	0.11	0.31
railway	0.11	0.08
elected	0.11	0.22
discussions	0.11	0.17
laid	0.11	0.21
invention	0.11	0.29
rose	0.11	0.17
ahead	0.11	0.19
delivered	0.11	0.14
hull	0.12	0.16
prince	0.12	0.96
seven	0.12	0.23
plate	0.12	0.26
reduction	0.12	0.21
stir	0.12	0.51
taxes	0.12	0.22
fifty	0.12	0.22
voting	0.12	0.21
communications	0.12	0.12
neighbor	0.12	0.97
whatever	0.12	0.50
petroleum	0.12	0.16
text	0.12	0.10
speaking	0.12	0.65
freight	0.12	0.08
janie	0.12	0.57
itself	0.12	0.24
convention	0.12	0.18
process	0.12	0.20
thrust	0.12	0.24
fail	0.12	0.42
ann	0.12	0.59
camera	0.12	0.21
limit	0.12	0.28
bones	0.12	0.42
path	0.12	0.15
sell	0.12	0.17
operators	0.12	0.14
bone	0.12	0.44
news	0.12	0.15
grown	0.12	0.61
discover	0.12	0.46
lock	0.12	0.16
learn	0.12	0.39
five	0.12	0.24
merchants	0.12	0.10
numbers	0.12	0.14
seventh	0.12	0.10
road	0.12	0.13
independent	0.12	0.13
stands	0.12	0.30
walks	0.12	0.27
barrels	0.12	0.20
expedition	0.12	0.12
indicating	0.12	0.30
nearly	0.12	0.22
beginning	0.12	0.15
perhaps	0.12	0.66
loans	0.12	0.22
half	0.12	0.21
democrats	0.12	0.22
pay	0.12	0.22
tools	0.12	0.20
trust	0.12	0.76
close	0.12	0.22
bird	0.12	0.33
stared	0.12	0.70
instructions	0.12	0.16
supporting	0.12	0.22
three	0.12	0.32
six	0.12	0.23
wheat	0.12	0.30
therefore	0.12	0.27
steep	0.12	0.16
dan	0.12	0.98
seldom	0.12	0.38
telegram	0.12	0.13
occasional	0.12	0.41
pulling	0.12	0.16
taste	0.12	1.94
mail	0.13	0.10
officially	0.13	0.23
lay	0.13	0.30
pounding	0.13	0.34
industries	0.13	0.11
pittsburgh	0.13	0.14
try	0.13	0.39
metropolitan	0.13	0.16
garage	0.13	0.13
faster	0.13	0.49
manufacturing	0.13	0.12
reading	0.13	0.13
letters	0.13	0.09
writers	0.13	0.13
engineer	0.13	0.11
exports	0.13	0.13
particular	0.13	0.28
sits	0.13	0.25
transfer	0.13	0.17
magazine	0.13	0.15
alongside	0.13	0.11
though	0.13	0.80
modern	0.13	0.59
service	0.13	0.08
pounds	0.13	0.18
less	0.13	0.42
double	0.13	0.22
editorial	0.13	0.12
four	0.13	0.24
document	0.13	0.18
moment	0.13	0.35
consumers	0.13	0.16
election	0.13	0.21
flow	0.13	0.18
represents	0.13	0.31
approximately	0.13	0.19
larger	0.13	0.57
transit	0.13	0.09
center	0.13	0.09
loan	0.13	0.16
frederic	0.13	0.50
turning	0.13	0.71
shipments	0.13	0.12
palace	0.13	0.51
grace	0.13	0.94
hence	0.13	0.25
dissolve	0.13	0.16
lifted	0.13	0.37
introduced	0.13	0.44
urged	0.13	0.43
spoke	0.13	0.76
remove	0.13	0.25
affairs	0.13	0.14
vote	0.13	0.22
newspaper	0.13	0.16
rock	0.13	0.31
nancy	0.14	0.87
acres	0.14	0.32
shipped	0.14	0.11
authorized	0.14	0.20
beach	0.14	0.15
noon	0.14	0.17
leadership	0.14	0.29
glance	0.14	0.20
colleagues	0.14	0.44
committee	0.14	0.10
pound	0.14	0.17
stayed	0.14	1.01
note	0.14	0.20
particularly	0.14	0.41
armed	0.14	0.13
expansion	0.14	0.18
distributed	0.14	0.22
magazines	0.14	0.15
russell	0.14	0.54
cost	0.14	0.23
delegates	0.14	0.18
whisper	0.14	0.40
future	0.14	0.34
engineers	0.14	0.10
later	0.14	0.16
opa	0.14	0.08
died	0.14	1.23
pans	0.14	0.22
attitude	0.14	0.31
laughing	0.14	0.53
letting	0.14	0.38
decided	0.14	0.42
fork	0.14	0.16
same	0.14	0.59
democratic	0.14	0.23
straw	0.14	0.42
fires	0.14	0.37
tomorrow	0.14	0.21
yards	0.14	0.15
professional	0.14	0.07
pole	0.14	0.13
subway	0.14	0.07
products	0.14	0.19
starting	0.14	0.20
voters	0.14	0.19
lumber	0.14	0.14
league	0.14	0.23
block	0.14	0.15
phase	0.14	0.18
session	0.14	0.10
returns	0.14	0.26
cont	0.14	0.57
grey	0.14	0.35
manager	0.14	0.35
leaned	0.14	0.67
going	0.14	0.49
poured	0.14	0.40
markets	0.14	0.13
neutral	0.14	0.33
farmer	0.14	0.36
printed	0.14	0.11
scrap	0.14	0.20
earlier	0.14	0.15
obvious	0.14	0.79
must	0.14	0.38
purchasing	0.14	0.14
wished	0.14	0.88
editors	0.15	0.13
winning	0.15	0.39
key	0.15	0.10
refused	0.15	0.41
flag	0.15	0.16
export	0.15	0.16
tariff	0.15	0.17
statement	0.15	0.17
himself	0.15	0.80
factory	0.15	0.11
functions	0.15	0.14
far	0.15	0.59
allowed	0.15	0.40
eighth	0.15	0.13
detail	0.15	0.10
persons	0.15	0.53
congressional	0.15	0.12
brooklyn	0.15	0.12
duty	0.15	0.12
int	0.15	0.18
copper	0.15	0.33
office	0.15	0.18
years	0.15	0.20
ago	0.15	0.20
eugene	0.15	0.37
business	0.15	0.32
exception	0.15	0.45
laughed	0.15	0.94
dock	0.15	0.23
robbie	0.15	0.86
blows	0.15	0.55
membership	0.15	0.11
companies	0.15	0.12
lying	0.15	0.33
foods	0.15	0.24
welfare	0.15	0.17
mile	0.15	0.14
tray	0.15	0.28
jacob	0.15	1.15
fields	0.15	0.70
midnight	0.15	0.18
sidewalk	0.15	0.16
agreed	0.15	0.73
meat	0.15	0.29
profession	0.15	0.14
permitted	0.15	0.38
operate	0.15	0.18
impressive	0.15	2.47
owned	0.15	0.14
plus	0.15	0.24
cable	0.15	0.09
applied	0.15	0.20
senate	0.15	0.13
permit	0.16	0.26
machinery	0.16	0.17
trained	0.16	0.07
papers	0.16	0.09
controls	0.16	0.16
radical	0.16	0.55
janet	0.16	0.65
helping	0.16	0.28
example	0.16	0.13
volume	0.16	0.19
ownership	0.16	0.21
steel	0.16	0.17
columbia	0.16	0.10
investment	0.16	0.21
announced	0.16	0.33
prepared	0.16	0.29
added	0.16	0.73
chose	0.16	0.42
sign	0.16	0.13
trade	0.16	0.15
tendency	0.16	0.22
policies	0.16	0.21
amount	0.16	0.20
third	0.16	0.12
cooking	0.16	0.38
factories	0.16	0.08
established	0.16	0.18
transportation	0.16	0.14
measures	0.16	0.20
veteran	0.16	0.58
corn	0.16	0.30
operated	0.16	0.14
fuel	0.16	0.23
value	0.16	0.28
returned	0.16	0.53
members	0.16	0.13
cover	0.16	0.64
set	0.16	0.20
each	0.16	0.19
looked	0.16	0.89
indicated	0.16	0.46
hills	0.16	0.29
million	0.16	0.18
mining	0.16	0.16
commodities	0.16	0.15
address	0.16	0.11
presented	0.16	0.34
bit	0.16	0.54
museum	0.16	0.20
dozen	0.16	0.30
avenue	0.16	0.11
kids	0.16	0.79
least	0.16	0.42
fare	0.16	0.10
pages	0.16	0.13
electric	0.17	0.29
fallen	0.17	0.18
tracks	0.17	0.16
lines	0.17	0.11
fancy	0.17	0.67
parade	0.17	0.19
station	0.17	0.06
answers	0.17	0.52
associates	0.17	0.39
seems	0.17	0.62
begin	0.17	0.22
congress	0.17	0.13
stages	0.17	0.20
suggested	0.17	0.52
latter	0.17	0.17
filling	0.17	0.36
parties	0.17	0.22
clock	0.17	0.50
yield	0.17	0.22
friend	0.17	1.35
morning	0.17	0.17
per	0.17	0.20
corporation	0.17	0.14
rang	0.17	0.18
superior	0.17	0.63
published	0.17	0.13
income	0.17	0.20
months	0.17	0.14
articles	0.17	0.12
currency	0.17	0.26
senior	0.17	0.37
determine	0.17	0.39
goods	0.17	0.19
overseas	0.17	0.11
sometime	0.17	0.21
where	0.17	0.23
original	0.17	0.18
entrance	0.17	0.15
date	0.17	0.17
serve	0.17	0.56
paused	0.17	0.86
indication	0.17	0.27
handling	0.17	0.27
announcement	0.17	0.14
employment	0.17	0.17
cents	0.17	0.18
corporations	0.17	0.19
communities	0.17	0.27
power	0.17	0.24
forced	0.17	0.41
materials	0.17	0.18
library	0.17	0.09
seemed	0.18	0.50
regional	0.18	0.11
listed	0.18	0.21
shut	0.18	0.18
activities	0.18	0.15
wishes	0.18	0.49
wednesday	0.18	0.14
raw	0.18	0.19
dinah	0.18	0.21
sooner	0.18	0.43
seed	0.18	0.29
may	0.18	0.23
plant	0.18	0.13
need	0.18	0.38
restaurant	0.18	0.18
editor	0.18	0.11
proved	0.18	0.32
night	0.18	0.17
hallway	0.18	0.19
association	0.18	0.09
desirable	0.18	0.85
dispute	0.18	0.20
interior	0.18	0.28
sex	0.18	0.72
lots	0.18	0.96
sixth	0.18	0.14
advertising	0.18	0.18
hold	0.18	0.41
scarce	0.18	0.20
wish	0.18	0.64
indeed	0.18	0.55
oil	0.18	0.18
locked	0.18	0.21
sent	0.18	0.22
became	0.18	0.57
entered	0.18	0.24
bridge	0.18	0.13
tuesday	0.18	0.13
filled	0.18	0.45
really	0.18	0.60
forests	0.18	0.31
stocks	0.18	0.17
committees	0.18	0.11
scheduled	0.18	0.17
veto	0.18	0.16
nick	0.18	0.48
lies	0.18	0.41
meet	0.18	0.51
customers	0.18	0.13
drank	0.18	0.43
council	0.18	0.14
rising	0.18	0.23
elizabeth	0.18	1.16
growth	0.18	0.09
friday	0.19	0.13
pan	0.19	0.23
empty	0.19	0.30
helped	0.19	0.36
amounts	0.19	0.20
plan	0.19	0.18
fishing	0.19	0.22
decline	0.19	0.14
able	0.19	0.32
frequent	0.19	0.41
seated	0.19	0.27
skilled	0.19	0.13
project	0.19	0.15
definitely	0.19	0.57
depth	0.19	0.22
hilary	0.19	0.43
hopes	0.19	0.79
stories	0.19	0.20
form	0.19	0.34
largest	0.19	0.63
second	0.19	0.12
manufacturers	0.19	0.13
march	0.19	0.12
demand	0.19	0.17
exchange	0.19	0.19
manufacture	0.19	0.16
someone	0.19	0.60
include	0.19	0.24
postwar	0.19	0.22
monday	0.19	0.13
public	0.19	0.20
role	0.19	0.48
something	0.19	0.67
plants	0.19	0.14
population	0.19	0.26
dollar	0.19	0.24
asking	0.19	0.47
shop	0.19	0.08
speech	0.19	0.17
dealers	0.19	0.14
herself	0.19	1.17
majority	0.19	0.23
seem	0.19	0.56
thursday	0.19	0.13
system	0.19	0.20
item	0.19	0.15
buy	0.19	0.20
began	0.19	0.27
afford	0.19	0.57
year	0.20	0.15
week	0.20	0.13
organized	0.20	0.11
items	0.20	0.15
create	0.20	0.43
sit	0.20	0.31
working	0.20	0.52
republic	0.20	0.25
month	0.20	0.13
several	0.20	0.29
next	0.20	0.13
having	0.20	0.59
challenge	0.20	0.32
many	0.20	0.29
recreation	0.20	0.16
rail	0.20	0.11
ext	0.20	0.14
fact	0.20	0.48
sheet	0.20	0.08
meetings	0.20	0.10
milk	0.20	0.29
consumer	0.20	0.16
delivery	0.20	0.18
age	0.20	1.24
element	0.20	0.29
nt	0.20	0.34
beyond	0.20	0.17
search	0.20	0.17
immense	0.20	0.59
attempted	0.20	0.30
elections	0.20	0.18
section	0.20	0.08
ending	0.20	0.12
passengers	0.20	0.12
barrel	0.20	0.26
assembly	0.20	0.15
stations	0.20	0.10
details	0.20	0.11
consumption	0.20	0.17
near	0.20	0.11
unable	0.20	0.29
inspired	0.20	0.60
hill	0.20	0.15
accomplished	0.20	0.59
sharp	0.20	0.49
january	0.20	0.13
percent	0.20	0.20
sorry	0.20	0.82
request	0.20	0.21
cross	0.20	0.33
traveled	0.20	0.51
owners	0.20	0.12
youth	0.21	0.67
transport	0.21	0.19
whistle	0.21	0.39
handful	0.21	0.36
lane	0.21	0.20
tax	0.21	0.19
page	0.21	0.12
saturday	0.21	0.14
discussion	0.21	0.22
junior	0.21	0.40
crossed	0.21	0.22
unless	0.21	0.35
tried	0.21	0.39
supply	0.21	0.21
every	0.21	0.30
single	0.21	0.14
streets	0.21	0.14
plot	0.21	0.34
lanny	0.21	0.58
supplies	0.21	0.20
strategy	0.21	0.46
henry	0.21	0.85
platform	0.21	0.14
worthy	0.21	0.48
felix	0.21	0.70
madison	0.21	0.55
attempts	0.21	0.28
sleeping	0.21	0.50
distinction	0.21	0.25
printing	0.21	0.17
synthetic	0.21	0.26
forest	0.21	0.33
entering	0.21	0.20
gallery	0.21	0.15
sold	0.21	0.17
few	0.21	0.29
cent	0.21	0.21
enable	0.21	0.31
surplus	0.21	0.20
elevator	0.21	0.28
within	0.21	0.19
output	0.21	0.16
market	0.21	0.17
bed	0.21	0.48
fifth	0.22	0.13
until	0.22	0.17
expenses	0.22	0.23
tour	0.22	0.09
hours	0.22	0.18
analysis	0.22	0.34
wholly	0.22	0.45
osborne	0.22	0.49
holding	0.22	0.26
castle	0.22	0.46
readers	0.22	0.16
characteristics	0.22	0.34
mine	0.22	1.02
specifically	0.22	0.17
historic	0.22	0.45
december	0.22	0.12
essentially	0.22	0.43
aluminum	0.22	0.22
advised	0.22	0.41
february	0.22	0.13
employed	0.22	0.13
letter	0.22	0.11
manhattan	0.22	0.17
line	0.22	0.16
october	0.22	0.13
writing	0.22	0.15
selling	0.22	0.25
gate	0.22	0.29
past	0.22	0.15
organizations	0.22	0.13
finish	0.22	0.49
become	0.22	0.50
establish	0.22	0.47
pants	0.22	0.41
stock	0.22	0.20
worked	0.22	0.76
birth	0.22	1.07
grade	0.22	0.21
corridor	0.22	0.17
april	0.23	0.13
resources	0.23	0.24
drawing	0.23	0.11
others	0.23	0.32
bill	0.23	0.14
rope	0.23	0.21
grip	0.23	0.26
longer	0.23	0.49
pot	0.23	0.31
rejected	0.23	0.28
june	0.23	0.13
cleveland	0.23	0.17
widely	0.23	0.20
draft	0.23	0.14
records	0.23	0.28
writes	0.23	0.21
national	0.23	0.17
gesture	0.23	0.33
file	0.23	0.13
managed	0.23	0.39
community	0.23	0.37
shown	0.23	0.28
store	0.23	0.15
thanks	0.23	0.65
doors	0.23	0.23
needs	0.23	0.23
accustomed	0.23	0.75
visited	0.23	0.59
instinct	0.23	0.69
july	0.23	0.12
bonds	0.23	0.26
steps	0.23	0.15
opened	0.23	0.18
succeed	0.23	0.16
extension	0.23	0.13
pending	0.23	0.26
operating	0.23	0.15
formula	0.23	0.20
buying	0.23	0.17
curtain	0.23	0.24
leslie	0.23	0.67
production	0.23	0.16
requirements	0.23	0.22
last	0.23	0.13
precisely	0.23	0.47
posts	0.23	0.14
sure	0.23	0.65
scenes	0.23	0.20
resumed	0.24	0.18
blood	0.24	0.53
holmes	0.24	0.42
quantities	0.24	0.19
sugar	0.24	0.26
gazed	0.24	0.58
declined	0.24	0.32
additional	0.24	0.29
cup	0.24	0.36
telephone	0.24	0.22
concerns	0.24	0.31
stretched	0.24	0.16
lifting	0.24	0.17
show	0.24	0.51
supposed	0.24	0.54
exposed	0.24	0.33
voted	0.24	0.23
door	0.24	0.16
lowered	0.24	0.27
potential	0.24	0.37
begun	0.24	0.25
approaching	0.24	0.39
tea	0.24	0.32
springs	0.24	0.21
open	0.24	0.22
prominent	0.24	0.16
engaged	0.24	0.27
awake	0.24	0.43
eggs	0.24	0.29
profits	0.24	0.26
legal	0.24	0.27
arrive	0.24	0.14
finished	0.24	0.29
affected	0.24	0.65
article	0.24	0.14
carrying	0.24	0.16
inch	0.24	0.18
fist	0.24	0.23
governmental	0.24	0.23
step	0.24	0.12
housing	0.24	0.14
plates	0.24	0.28
sometimes	0.24	0.50
folk	0.24	0.76
watched	0.24	0.77
under	0.24	0.14
adopted	0.24	0.21
retail	0.25	0.15
impression	0.25	0.27
sink	0.25	0.30
hidden	0.25	0.29
andrew	0.25	0.52
pool	0.25	0.37
clothes	0.25	0.43
fargo	0.25	0.13
absence	0.25	0.40
producers	0.25	0.12
staying	0.25	0.31
gave	0.25	0.22
fire	0.25	0.38
fourth	0.25	0.15
grounds	0.25	0.53
studying	0.25	0.54
days	0.25	0.16
tongue	0.25	0.25
meeting	0.25	0.24
provisions	0.25	0.17
legislation	0.25	0.17
separate	0.25	0.18
stuck	0.25	0.16
kumalo	0.25	0.71
morale	0.25	0.53
scientific	0.25	0.37
ladder	0.25	0.14
drawer	0.25	0.12
envelope	0.25	0.07
worth	0.25	0.25
defined	0.25	0.34
view	0.25	0.35
price	0.25	0.15
sounded	0.25	0.24
previously	0.25	0.43
covering	0.25	0.21
studio	0.25	0.14
reduced	0.25	0.23
supplied	0.25	0.21
book	0.25	0.16
tries	0.25	0.32
sandy	0.25	0.33
keys	0.25	0.21
approved	0.25	0.20
cutting	0.25	0.23
trip	0.25	0.14
direction	0.25	0.16
positive	0.25	0.50
wholesale	0.26	0.15
opening	0.26	0.13
site	0.26	0.12
coffee	0.26	0.35
recommendations	0.26	0.18
beating	0.26	0.30
own	0.26	0.32
reached	0.26	0.14
bow	0.26	0.16
policy	0.26	0.20
contracts	0.26	0.18
extended	0.26	0.15
increase	0.26	0.24
those	0.26	0.39
encouraged	0.26	0.28
thomas	0.26	0.72
fred	0.26	0.57
somewhat	0.26	0.40
square	0.26	0.13
expected	0.26	0.35
face	0.26	0.24
outside	0.26	0.17
easter	0.26	0.34
raised	0.26	0.28
sales	0.26	0.22
sake	0.26	1.74
stream	0.26	0.22
symbol	0.26	0.49
collected	0.26	0.16
submitted	0.26	0.21
balance	0.26	0.63
asleep	0.26	0.50
met	0.26	0.97
buildings	0.26	0.15
list	0.26	0.22
attempting	0.26	0.28
retain	0.26	0.50
corner	0.26	0.17
specific	0.26	0.39
inches	0.26	0.17
shirt	0.26	0.41
studied	0.26	0.60
improvement	0.26	0.62
cateau	0.26	0.53
stairs	0.26	0.17
weight	0.26	0.22
recently	0.26	0.40
distribution	0.27	0.74
walking	0.27	0.21
efforts	0.27	0.27
attended	0.27	0.20
table	0.27	0.22
box	0.27	0.11
gordon	0.27	0.56
demands	0.27	0.16
november	0.27	0.14
vargas	0.27	0.44
heavily	0.27	0.17
son	0.27	1.55
aim	0.27	0.69
emerged	0.27	0.22
dining	0.27	0.20
person	0.27	0.59
rise	0.27	0.18
september	0.27	0.14
probably	0.27	0.62
painting	0.27	0.56
marching	0.27	0.25
bowl	0.27	0.30
paper	0.27	0.10
depends	0.27	0.39
staring	0.27	0.43
notes	0.27	0.11
opportunities	0.27	0.30
program	0.27	0.17
employers	0.27	0.13
exercise	0.27	0.25
noah	0.27	0.45
kitchen	0.27	0.27
contrary	0.27	0.35
words	0.27	0.52
peak	0.27	0.16
nearest	0.27	0.48
themselves	0.27	0.42
basis	0.27	0.61
declaration	0.27	0.19
sarah	0.27	1.33
trunk	0.27	0.17
intellectual	0.27	0.49
rather	0.27	0.81
nevertheless	0.27	0.49
existing	0.27	0.22
name	0.27	1.02
park	0.27	0.14
along	0.27	0.14
inspection	0.28	0.16
such	0.28	0.53
sentiment	0.28	1.04
ruling	0.28	0.36
restore	0.28	0.49
doorway	0.28	0.20
motion	0.28	0.30
powder	0.28	0.27
cane	0.28	0.26
ball	0.28	0.22
order	0.28	0.23
determination	0.28	0.30
employees	0.28	0.13
lower	0.28	0.24
failed	0.28	0.32
anna	0.28	1.23
allan	0.28	0.84
toward	0.28	0.14
customer	0.28	0.16
offices	0.28	0.10
august	0.28	0.14
contained	0.28	0.17
closet	0.28	0.17
citizens	0.28	0.19
promised	0.28	0.55
generation	0.28	0.96
yes	0.28	0.91
facilities	0.28	0.18
funeral	0.28	0.74
rubber	0.28	0.24
travel	0.28	0.11
evident	0.29	0.36
increases	0.29	0.24
beside	0.29	0.31
pencil	0.29	0.07
claims	0.29	0.32
end	0.29	0.11
projects	0.29	0.17
towards	0.29	0.13
significant	0.29	1.00
designed	0.29	0.30
downstairs	0.29	0.27
determined	0.29	0.28
rarely	0.29	0.44
swiftly	0.29	0.19
blankets	0.29	0.21
prices	0.29	0.17
position	0.29	0.23
log	0.29	0.22
historical	0.29	0.82
developed	0.29	0.33
chance	0.29	0.60
calmly	0.29	0.29
inn	0.29	0.24
written	0.29	0.16
clubs	0.29	0.12
day	0.29	0.16
acid	0.29	0.37
hall	0.29	0.18
blocks	0.29	0.15
described	0.29	0.45
shops	0.29	0.13
gas	0.29	0.32
wage	0.29	0.14
constitutional	0.29	0.23
explanation	0.29	0.59
blanket	0.29	0.16
motionless	0.30	0.33
away	0.30	0.16
afternoon	0.30	0.15
reminded	0.30	0.82
people	0.30	0.40
foundation	0.30	0.14
cigar	0.30	0.19
accepted	0.30	0.69
pat	0.30	0.33
hired	0.30	0.21
attempt	0.30	0.29
generations	0.30	1.08
member	0.30	0.27
essential	0.30	0.36
recognized	0.30	0.68
pile	0.30	0.29
degrees	0.30	0.25
garment	0.30	0.69
kept	0.30	0.52
evening	0.30	0.18
card	0.30	0.12
forth	0.30	0.23
wiped	0.30	0.38
intended	0.30	0.52
desk	0.30	0.17
number	0.30	0.19
opposite	0.30	0.16
quantity	0.30	0.21
frozen	0.31	0.22
building	0.31	0.14
drawn	0.31	0.11
tide	0.31	0.45
amendment	0.31	0.19
picture	0.31	0.17
proceeded	0.31	0.32
especially	0.31	0.33
sale	0.31	0.26
side	0.31	0.14
ears	0.31	0.21
bedroom	0.31	0.20
clark	0.31	0.46
already	0.31	0.64
included	0.31	0.23
broad	0.31	0.65
upper	0.31	0.18
preparation	0.31	0.19
received	0.31	0.19
organization	0.31	0.17
upstairs	0.31	0.32
advice	0.31	0.23
slept	0.31	0.50
jane	0.31	0.87
bottom	0.31	0.24
communication	0.31	0.11
butter	0.31	0.27
recent	0.31	0.52
shares	0.32	0.18
purchase	0.32	0.22
usually	0.32	0.26
degree	0.32	0.26
names	0.32	0.46
enlisted	0.32	0.17
relatives	0.32	0.99
broadcast	0.32	0.12
tin	0.32	0.33
held	0.32	0.24
rank	0.32	0.18
package	0.32	0.14
sitting	0.32	0.31
brief	0.32	0.18
common	0.32	0.33
late	0.32	0.16
stone	0.32	0.22
practical	0.32	0.86
mirror	0.32	0.24
dramatic	0.32	1.20
stores	0.32	0.15
proposed	0.32	0.19
virtue	0.32	0.75
guards	0.32	0.30
measure	0.32	0.19
paid	0.32	0.24
pair	0.32	0.46
presence	0.32	0.42
adding	0.32	0.54
retreat	0.32	0.34
high	0.33	0.17
construction	0.33	0.19
fortune	0.33	0.40
waited	0.33	0.67
standing	0.33	0.32
relative	0.33	0.20
waiting	0.33	0.39
virtually	0.33	0.31
used	0.33	0.27
front	0.33	0.16
vegetables	0.33	0.30
split	0.33	0.45
everybody	0.33	0.66
sheets	0.33	0.23
cigarette	0.33	0.23
house	0.33	0.15
brothers	0.33	1.41
reader	0.33	0.16
apparent	0.33	0.44
soldiers	0.33	0.39
mark	0.33	0.57
facing	0.33	0.20
during	0.33	0.15
pipe	0.33	0.25
artists	0.33	0.56
capacity	0.33	0.22
license	0.33	0.11
striking	0.33	1.26
metal	0.33	0.34
onto	0.33	0.16
knife	0.33	0.16
team	0.34	0.21
margaret	0.34	1.21
folded	0.34	0.11
blew	0.34	0.37
edge	0.34	0.15
actors	0.34	0.18
woods	0.34	0.32
seat	0.34	0.22
engines	0.34	0.49
cigarettes	0.34	0.27
soon	0.34	0.41
given	0.34	0.26
joint	0.34	0.16
hotel	0.34	0.15
bench	0.34	0.18
stood	0.34	0.48
couch	0.34	0.23
merchandise	0.34	0.22
tied	0.34	0.19
parents	0.34	1.28
visit	0.34	0.23
earnings	0.34	0.26
constitution	0.34	0.20
somehow	0.34	0.66
addition	0.34	0.23
servant	0.34	0.91
dressing	0.34	0.21
wisdom	0.34	0.72
provision	0.34	0.20
group	0.34	0.48
hotels	0.34	0.15
measured	0.34	0.37
marked	0.34	0.44
literary	0.34	0.50
changing	0.34	0.34
wartime	0.35	0.18
flashed	0.35	0.49
overhead	0.35	0.37
prefer	0.35	0.47
rifles	0.35	0.49
however	0.35	0.43
gathering	0.35	0.31
cotton	0.35	0.35
crack	0.35	0.74
stare	0.35	0.28
leaning	0.35	0.32
drama	0.35	0.43
informed	0.35	0.46
aunt	0.35	1.39
sack	0.35	0.22
data	0.35	0.34
considered	0.35	0.48
across	0.35	0.23
encourage	0.35	0.18
sally	0.35	1.07
smiled	0.35	0.82
permission	0.36	0.26
pillow	0.36	0.37
wants	0.36	0.59
programs	0.36	0.14
foot	0.36	0.17
uses	0.36	0.39
establishment	0.36	0.21
roof	0.36	0.21
proudly	0.36	0.58
weeks	0.36	0.17
tobacco	0.36	0.71
machines	0.36	0.27
acceptance	0.36	0.30
resolution	0.36	0.19
ear	0.36	0.18
speeches	0.36	0.17
veda	0.36	0.39
maintenance	0.36	0.23
dealer	0.36	0.52
prior	0.36	0.22
progress	0.36	0.27
above	0.36	0.20
wages	0.36	0.16
rate	0.36	0.14
bought	0.36	0.24
activity	0.36	0.19
wrote	0.36	0.15
chances	0.37	0.86
slowly	0.37	0.20
match	0.37	0.29
traditional	0.37	0.30
rates	0.37	0.21
gathered	0.37	0.16
unfortunately	0.37	0.40
joy	0.37	1.83
higher	0.37	0.27
forward	0.37	0.19
room	0.37	0.19
represent	0.37	0.44
pressure	0.37	0.45
receiving	0.37	0.17
conferences	0.37	0.16
town	0.37	0.48
pieces	0.37	0.47
upward	0.37	0.18
being	0.37	0.56
widow	0.37	1.46
yourself	0.37	0.45
novels	0.37	0.45
bags	0.37	0.22
photograph	0.37	0.18
containing	0.38	0.24
systems	0.38	0.24
candidate	0.38	0.55
guest	0.38	0.74
noble	0.38	0.33
costs	0.38	0.27
closed	0.38	0.14
negotiations	0.38	0.21
assistance	0.38	0.19
cheap	0.38	0.65
pocket	0.38	0.11
needed	0.38	0.25
suspended	0.38	0.38
average	0.38	0.24
porch	0.38	0.23
elaborate	0.38	0.70
top	0.38	0.18
film	0.38	0.17
stretch	0.38	0.32
both	0.38	0.38
similar	0.38	0.43
size	0.38	0.28
variety	0.38	0.81
rigid	0.39	0.36
excess	0.39	0.22
property	0.39	0.41
lap	0.39	0.20
fur	0.39	0.30
sole	0.39	0.38
effort	0.39	0.24
peggy	0.39	0.77
most	0.39	0.55
pictures	0.39	0.17
safely	0.39	0.67
showing	0.39	0.34
exclusive	0.39	0.23
plans	0.39	0.27
contribution	0.39	0.27
productive	0.39	0.23
smoking	0.39	0.19
grandfather	0.39	1.74
broadcasting	0.39	0.16
bare	0.40	0.29
candidates	0.40	0.56
arrived	0.40	0.50
society	0.40	0.37
version	0.40	0.23
behind	0.40	0.17
below	0.40	0.21
bag	0.40	0.20
boxes	0.40	0.26
tower	0.40	0.70
environment	0.40	0.52
off	0.40	0.17
sat	0.40	0.42
steam	0.40	0.37
lit	0.40	0.41
urgent	0.40	0.37
hollow	0.40	0.37
colored	0.40	0.63
fully	0.40	0.44
methods	0.40	0.36
belonged	0.40	1.64
answering	0.40	0.29
parlor	0.40	0.19
alexander	0.40	0.85
brother	0.40	1.69
concrete	0.40	0.28
medium	0.41	0.25
previous	0.41	0.29
wall	0.41	0.17
charter	0.41	0.23
company	0.41	0.15
rubbed	0.41	0.20
ross	0.41	0.33
crop	0.41	0.39
famed	0.41	0.41
large	0.41	0.39
hollywood	0.41	0.21
linen	0.41	0.75
ends	0.41	0.41
network	0.41	0.15
beds	0.41	0.85
babies	0.41	1.14
duke	0.41	1.03
rings	0.41	0.30
covers	0.41	0.18
serafin	0.41	0.55
strictly	0.41	0.27
international	0.41	0.22
lack	0.41	0.38
appear	0.41	0.36
stove	0.42	0.39
frame	0.42	0.54
reach	0.42	0.44
furniture	0.42	0.29
fall	0.42	0.29
distinct	0.42	0.70
cottage	0.42	0.22
structure	0.42	0.22
hoped	0.42	0.72
clothing	0.42	0.28
teeth	0.42	0.17
rifle	0.42	0.50
floor	0.42	0.17
type	0.43	0.58
body	0.43	0.42
operation	0.43	0.40
often	0.43	0.51
fireplace	0.43	0.20
prestige	0.43	0.31
root	0.43	0.29
swinging	0.43	0.46
swimming	0.43	0.32
radio	0.43	0.14
wondered	0.43	1.60
deep	0.43	0.46
lady	0.43	1.13
lad	0.43	0.67
rapid	0.43	0.31
window	0.43	0.18
tables	0.44	0.28
sons	0.44	1.35
shoe	0.44	0.17
breaks	0.44	0.39
television	0.44	0.17
husband	0.44	1.43
football	0.44	0.26
seek	0.44	0.27
scale	0.44	0.80
reply	0.44	0.39
piled	0.44	0.33
resting	0.44	0.24
visible	0.44	0.41
jaw	0.44	0.20
broadway	0.45	0.19
abigail	0.45	0.33
management	0.45	0.20
helps	0.45	0.40
honor	0.45	0.63
among	0.45	0.39
support	0.45	0.28
lace	0.45	0.38
conservative	0.45	0.50
necessary	0.45	0.32
examination	0.45	0.43
belly	0.45	0.46
benefits	0.45	0.25
ad	0.45	0.43
produce	0.45	0.38
sexual	0.45	0.65
intelligence	0.45	0.50
appeared	0.45	0.49
greater	0.45	0.58
vacation	0.45	0.18
although	0.45	0.66
liberal	0.46	0.25
gentlemen	0.46	0.74
sisters	0.46	1.31
tail	0.46	0.26
wooden	0.46	0.23
piece	0.46	0.59
firms	0.46	0.23
faded	0.46	0.56
lip	0.46	0.18
bargaining	0.46	0.22
madeline	0.46	0.83
approval	0.46	0.28
father	0.46	1.71
pedro	0.46	0.44
choose	0.47	0.36
uniform	0.47	0.35
baseball	0.47	0.24
winds	0.47	0.56
millions	0.47	0.45
beat	0.47	0.33
movies	0.47	0.21
cloth	0.47	0.68
display	0.47	0.65
maid	0.47	0.95
whose	0.47	0.58
boys	0.47	0.69
meanwhile	0.47	0.34
signed	0.47	0.18
poem	0.47	0.19
lighting	0.47	0.35
paintings	0.47	0.26
narrow	0.47	0.35
players	0.47	0.24
apparently	0.48	0.54
neighborhood	0.48	0.67
proposal	0.48	0.22
fabric	0.48	0.33
victory	0.48	0.42
works	0.48	0.37
objectives	0.48	0.50
chair	0.48	0.19
drops	0.48	0.22
looking	0.48	0.52
wealthy	0.48	0.88
game	0.48	0.27
daughter	0.48	1.42
slightly	0.48	0.26
properly	0.48	0.47
feet	0.48	0.21
characteristic	0.48	0.61
feature	0.48	0.31
equal	0.48	0.36
lined	0.48	0.32
participation	0.49	0.20
winter	0.49	1.03
dreamed	0.49	1.62
theatre	0.49	0.29
solemn	0.49	0.37
theater	0.49	0.26
nights	0.50	0.25
strangers	0.50	0.56
wife	0.50	1.37
lamp	0.50	0.42
throat	0.50	0.39
proposals	0.50	0.22
female	0.50	0.72
everyone	0.50	0.60
games	0.50	0.27
watching	0.50	0.53
length	0.50	0.28
dinner	0.50	0.42
children	0.50	1.22
thought	0.50	1.53
absolutely	0.50	0.57
ability	0.50	0.33
tend	0.50	0.29
mood	0.50	0.69
giant	0.50	0.45
meant	0.50	1.60
character	0.50	0.56
very	0.50	0.58
generally	0.51	0.29
early	0.51	0.25
hung	0.51	0.25
audience	0.51	0.25
breath	0.51	0.25
enough	0.51	0.47
lighted	0.51	0.44
also	0.51	0.49
planning	0.51	0.19
families	0.51	0.87
ceiling	0.51	0.24
thumb	0.51	0.21
thousands	0.51	0.39
frances	0.52	0.59
recorded	0.52	0.73
seeking	0.52	0.35
cream	0.52	0.34
supported	0.52	0.43
master	0.52	0.56
faint	0.52	0.49
attend	0.52	0.15
rent	0.52	0.14
daughters	0.52	1.28
marble	0.52	0.18
basket	0.52	0.26
whole	0.52	0.32
required	0.52	0.30
special	0.52	0.43
final	0.52	0.49
producer	0.52	0.22
cape	0.53	0.29
grove	0.53	0.25
equally	0.53	0.52
concessions	0.53	0.27
through	0.53	0.26
screen	0.53	0.24
cloud	0.53	0.37
principal	0.53	0.44
logical	0.53	0.70
sensitive	0.53	0.83
wrapped	0.53	0.52
score	0.53	0.15
prize	0.53	0.35
named	0.53	1.07
mothers	0.54	1.01
receive	0.54	0.22
rights	0.54	0.25
offers	0.54	0.39
automatic	0.54	0.52
uniforms	0.54	0.35
introduction	0.54	0.35
closer	0.54	0.35
breathing	0.54	0.39
diplomatic	0.54	0.76
ground	0.54	0.38
satisfaction	0.54	0.89
flame	0.54	0.50
studies	0.54	0.35
distinguished	0.55	0.13
bathroom	0.55	0.30
study	0.55	0.38
novel	0.55	0.41
corners	0.55	0.21
carefully	0.55	0.33
test	0.55	0.38
girl	0.55	1.59
conducted	0.55	0.37
thoroughly	0.55	0.77
visiting	0.55	0.46
scheme	0.55	0.45
provide	0.55	0.28
washing	0.55	0.40
poetry	0.55	0.37
granted	0.55	0.23
height	0.55	0.28
cleaning	0.55	0.30
wrist	0.56	0.19
fixed	0.56	0.28
gaze	0.56	0.25
dr	0.56	0.52
lover	0.56	1.67
provided	0.56	0.68
increased	0.56	0.44
alert	0.56	0.59
presents	0.56	0.29
family	0.56	1.16
readily	0.56	0.44
talked	0.56	1.66
sand	0.56	0.47
eyes	0.56	0.21
simply	0.56	0.48
aid	0.57	0.29
musical	0.57	0.38
victor	0.57	0.44
water	0.57	0.38
part	0.57	0.28
biggest	0.57	0.82
chosen	0.57	0.41
falling	0.57	0.46
interest	0.57	0.94
blowing	0.57	0.48
highest	0.57	0.66
level	0.57	0.25
sailors	0.57	0.50
profit	0.58	0.89
reflected	0.58	0.55
highly	0.58	0.67
curtains	0.58	0.39
born	0.58	1.60
likely	0.58	0.43
male	0.58	0.76
wonder	0.58	0.36
enthusiasm	0.58	0.82
content	0.58	0.26
cake	0.58	0.50
equipped	0.59	0.45
estate	0.59	0.44
finger	0.59	0.23
sailor	0.59	0.72
dressed	0.59	0.70
planned	0.59	0.47
levels	0.59	0.31
limits	0.59	0.47
understood	0.59	1.61
rested	0.59	0.42
wood	0.59	0.31
bound	0.59	0.27
wide	0.59	0.36
pretty	0.59	1.53
grandmother	0.59	1.61
opposed	0.59	0.47
younger	0.59	1.17
pressed	0.59	0.46
sports	0.59	0.27
fabrics	0.59	0.67
believed	0.60	1.60
alice	0.60	1.18
sides	0.60	0.19
standards	0.60	0.43
offered	0.60	0.44
heels	0.60	0.24
imagination	0.60	0.81
hundreds	0.60	0.43
ready	0.60	0.46
apartment	0.61	0.34
trips	0.61	0.20
immediate	0.61	0.78
tests	0.61	0.42
fair	0.61	1.81
maintain	0.61	0.47
ice	0.61	0.43
begins	0.61	0.27
friends	0.61	0.90
fowler	0.61	0.66
easily	0.62	0.49
eyebrows	0.62	0.26
latest	0.62	0.53
present	0.62	0.46
lived	0.62	1.57
require	0.62	0.43
skill	0.62	0.61
nose	0.62	0.21
bent	0.62	0.47
agreements	0.62	0.28
walls	0.62	0.25
around	0.62	0.19
huge	0.62	0.42
handkerchief	0.63	0.22
personal	0.63	0.30
dried	0.63	0.41
patent	0.63	0.16
indicates	0.63	0.60
objective	0.63	0.53
smoke	0.63	0.44
joined	0.63	0.44
suggestions	0.63	0.46
alone	0.63	0.43
wives	0.63	1.05
pockets	0.64	0.28
head	0.64	0.29
salt	0.64	0.42
between	0.64	0.41
opportunity	0.64	0.36
fantastic	0.64	1.51
chest	0.64	0.44
movie	0.64	0.29
wealth	0.65	0.67
spent	0.65	0.55
schedule	0.65	0.49
spots	0.65	0.27
roots	0.65	0.36
practically	0.65	0.44
recovery	0.65	0.46
servants	0.65	0.54
silver	0.65	1.04
lips	0.65	0.22
trying	0.65	0.47
men	0.65	0.61
lives	0.65	0.49
stage	0.66	0.29
anne	0.66	1.02
rooms	0.66	0.27
promptly	0.66	0.39
dusk	0.66	0.35
predicted	0.66	0.43
providing	0.66	0.43
partner	0.66	0.95
temperature	0.66	0.81
windows	0.66	0.30
abroad	0.66	0.77
claim	0.66	0.32
branches	0.66	0.38
boots	0.66	0.33
maximum	0.66	0.51
politely	0.66	0.44
tightly	0.66	0.17
aims	0.66	0.58
big	0.67	0.86
record	0.67	0.30
brush	0.67	0.39
mouth	0.67	0.19
fruits	0.67	0.35
holiday	0.67	0.48
departure	0.67	0.25
heavy	0.67	0.70
gently	0.67	0.49
covered	0.67	0.50
belt	0.67	0.25
preliminary	0.67	0.47
occasions	0.67	0.39
conditions	0.67	0.64
extensive	0.67	0.49
ellen	0.67	1.03
addressed	0.68	0.44
author	0.68	0.36
cast	0.68	0.46
efficiency	0.68	0.38
promises	0.68	0.49
peculiar	0.68	1.58
nadine	0.68	0.37
contract	0.68	0.45
rows	0.68	0.34
entitled	0.68	0.35
neighbors	0.69	0.71
knee	0.69	0.27
clouds	0.69	0.56
recommended	0.69	0.45
almost	0.69	0.49
full	0.69	0.44
fence	0.69	0.52
silently	0.69	0.32
houses	0.69	0.37
separated	0.69	0.50
conversation	0.70	0.39
knees	0.70	0.25
backs	0.70	0.30
chain	0.70	0.47
obtain	0.70	0.41
admiration	0.70	1.72
performance	0.70	0.21
talley	0.70	0.48
singer	0.70	0.62
christmas	0.70	0.58
low	0.70	0.38
bond	0.70	0.51
perform	0.70	0.31
village	0.70	0.36
wind	0.70	0.61
shoes	0.70	0.36
prospect	0.70	0.64
hard	0.71	0.61
quick	0.71	0.43
courage	0.71	0.71
silence	0.71	0.45
extraordinary	0.71	0.85
outstanding	0.71	0.59
painted	0.71	0.26
devoted	0.71	0.37
wash	0.71	0.46
still	0.71	0.43
interested	0.71	0.99
softly	0.71	0.55
plenty	0.71	1.87
arm	0.71	0.25
trousers	0.72	0.38
hands	0.72	0.26
voice	0.72	0.41
consideration	0.72	0.46
whom	0.72	1.34
manufacturer	0.72	0.36
silent	0.72	0.47
shadow	0.72	0.49
washed	0.72	0.45
mud	0.72	0.49
gift	0.72	0.38
axton	0.72	0.48
substantial	0.72	0.57
elbow	0.72	0.24
built	0.72	0.35
tight	0.72	0.23
chin	0.73	0.25
breast	0.73	0.49
entirely	0.73	0.50
cap	0.73	0.36
wool	0.73	0.68
attached	0.73	0.40
coat	0.73	0.36
round	0.73	0.30
appreciate	0.73	0.47
remarks	0.73	0.50
rachel	0.73	1.17
jacket	0.73	0.35
genius	0.73	0.64
darkness	0.73	0.49
pattern	0.73	0.37
listened	0.74	0.58
purposes	0.74	0.45
ceremony	0.74	0.59
dress	0.74	0.40
dabney	0.74	0.95
wearing	0.74	0.43
writer	0.74	0.36
completely	0.74	0.52
security	0.75	0.30
independence	0.75	0.32
popular	0.75	0.48
oldest	0.75	1.60
manuela	0.75	0.46
gloves	0.75	0.37
story	0.75	0.44
clearly	0.75	0.40
agreement	0.75	0.30
lion	0.75	0.36
suit	0.75	0.43
row	0.75	0.31
newly	0.75	0.28
available	0.75	0.43
clever	0.76	1.08
amazing	0.76	0.91
marriage	0.76	1.10
shed	0.76	0.42
artist	0.76	0.41
settle	0.76	0.45
patterns	0.77	0.36
dirt	0.77	0.46
actual	0.77	0.60
arranged	0.77	0.31
fine	0.77	1.60
painter	0.77	0.39
listening	0.77	0.42
fog	0.77	0.60
shoulder	0.77	0.23
unusual	0.77	1.31
portrait	0.78	0.49
rest	0.78	0.41
pleased	0.78	1.64
hope	0.78	0.54
hat	0.78	0.38
palm	0.78	0.24
sufficiently	0.78	0.45
thank	0.78	0.88
quarrel	0.78	0.38
gain	0.78	0.46
birthday	0.78	0.56
smiles	0.79	0.56
jo	0.79	0.37
otherwise	0.79	0.55
qualities	0.79	0.58
applause	0.79	0.48
sufficient	0.79	0.45
wears	0.79	0.43
wider	0.79	0.89
simple	0.79	0.69
fingers	0.80	0.26
hello	0.80	0.68
relationships	0.80	0.46
pine	0.80	0.40
avis	0.80	0.43
string	0.80	0.41
demonstrated	0.80	0.41
obviously	0.80	0.41
firmly	0.81	0.28
neck	0.81	0.25
ring	0.81	0.37
soap	0.82	0.43
inside	0.82	0.51
woman	0.82	0.94
grass	0.82	0.48
silk	0.82	0.57
plays	0.82	0.42
wore	0.82	0.46
fruit	0.82	0.40
worn	0.82	0.40
patience	0.83	0.63
loyalty	0.83	0.74
hand	0.83	0.40
sigh	0.83	0.37
dust	0.83	0.56
yard	0.83	0.55
glow	0.83	0.59
actor	0.83	0.33
club	0.83	0.42
best	0.84	1.86
comparatively	0.84	0.45
advantage	0.84	0.58
suits	0.84	0.32
liberty	0.84	0.66
clean	0.84	0.67
heart	0.84	1.75
poet	0.85	0.38
everywhere	0.85	0.39
season	0.85	0.53
smart	0.85	1.33
mighty	0.85	1.29
features	0.85	0.42
impossible	0.85	0.46
divorce	0.85	0.91
skirt	0.86	0.36
paint	0.86	0.32
wing	0.86	0.43
definite	0.86	0.82
free	0.86	0.39
relaxed	0.86	0.64
beard	0.86	0.37
interesting	0.86	2.24
velvet	0.86	0.48
married	0.86	1.44
fast	0.87	0.49
ambition	0.87	1.75
shape	0.87	0.36
beneath	0.87	0.56
wear	0.87	0.37
preserve	0.87	0.45
brushed	0.87	0.39
sensible	0.87	0.81
coats	0.88	0.35
together	0.88	0.29
solution	0.88	0.45
bearing	0.88	0.30
tree	0.88	0.44
guests	0.88	0.40
forgive	0.88	1.60
pact	0.89	0.62
assure	0.89	0.43
figure	0.89	0.69
touched	0.89	0.54
heads	0.89	0.39
literally	0.89	1.50
better	0.89	1.72
observation	0.90	0.78
organ	0.90	0.51
favor	0.90	0.72
mist	0.90	0.60
dresses	0.90	0.33
contrast	0.90	0.41
lean	0.90	0.76
status	0.91	0.35
eve	0.91	0.60
minimum	0.91	0.50
surface	0.91	0.59
laura	0.91	0.72
enid	0.92	0.52
successful	0.92	0.45
yours	0.92	0.57
scores	0.92	0.37
entire	0.92	0.34
skin	0.92	0.48
reputation	0.93	0.46
brass	0.93	0.62
while	0.93	0.44
lawn	0.93	0.58
design	0.93	0.46
small	0.93	0.45
greatest	0.93	0.74
talent	0.94	0.58
possessed	0.94	0.71
lights	0.94	0.59
clung	0.94	0.32
shadows	0.94	0.58
play	0.94	0.45
forehead	0.94	0.29
snow	0.95	0.67
sweat	0.95	0.39
correct	0.95	2.05
confidence	0.96	0.80
song	0.96	0.77
capable	0.96	0.38
relieved	0.96	1.59
legs	0.97	0.55
completed	0.97	0.52
gown	0.97	0.51
genuine	0.97	0.70
quality	0.98	0.51
surrounded	0.98	0.56
dark	0.98	0.55
quarters	0.98	0.50
arrival	0.98	0.58
quietly	0.99	0.46
bowed	0.99	0.32
reward	0.99	0.39
weather	0.99	1.03
treaty	0.99	0.55
respect	0.99	0.83
planted	0.99	0.55
chorus	0.99	0.55
cheeks	0.99	0.37
relatively	0.99	0.49
achievement	0.99	0.50
occasion	1.00	0.69
gold	1.00	0.98
citizen	1.00	0.35
active	1.00	0.39
burning	1.01	0.60
sport	1.01	0.48
fuller	1.02	0.48
tie	1.02	0.43
remained	1.02	0.47
career	1.03	0.35
charm	1.03	0.68
rain	1.03	0.72
permanent	1.03	0.73
brown	1.03	0.58
climate	1.04	0.95
kissed	1.04	1.39
prosperity	1.04	0.44
contributed	1.04	0.66
normal	1.05	0.35
white	1.05	0.54
tall	1.05	0.88
possible	1.05	0.61
black	1.06	0.54
played	1.06	0.58
gray	1.06	0.53
touching	1.06	0.78
arms	1.06	0.44
add	1.07	0.32
romantic	1.07	1.29
fashion	1.07	0.35
hats	1.07	0.46
philip	1.07	0.36
fit	1.07	0.45
protection	1.07	0.39
offer	1.08	0.41
oak	1.08	0.45
homes	1.08	0.42
sleeve	1.08	0.37
recognition	1.08	0.66
selected	1.08	0.50
music	1.09	0.57
sympathy	1.09	1.81
preferred	1.09	0.49
leaves	1.09	0.48
opera	1.10	0.46
guarantee	1.10	0.36
living	1.11	0.35
sky	1.11	0.64
adequate	1.11	0.49
extreme	1.11	1.55
great	1.11	0.49
songs	1.12	0.80
relationship	1.12	0.54
collar	1.12	0.42
stars	1.12	0.80
appearance	1.12	0.39
bushes	1.12	0.64
blue	1.13	0.56
band	1.14	0.60
tone	1.14	0.52
arrangements	1.14	0.46
designs	1.15	0.44
piano	1.15	0.59
success	1.15	0.52
orchestra	1.15	0.59
choice	1.16	1.48
hair	1.16	0.54
improved	1.16	1.43
honest	1.16	0.45
invited	1.16	0.44
young	1.16	0.73
pale	1.17	0.62
straight	1.17	0.68
tiny	1.17	0.70
advantages	1.17	0.58
am	1.17	1.34
trees	1.17	0.63
greeted	1.17	0.54
orderly	1.17	0.58
garden	1.18	0.60
solid	1.18	0.52
visitors	1.18	0.41
manner	1.18	0.55
obtained	1.18	0.46
long	1.19	0.60
invitation	1.19	0.39
assurance	1.20	0.56
freedom	1.20	0.60
light	1.20	0.72
proper	1.21	0.79
adjustment	1.21	0.40
substitute	1.21	0.49
likes	1.21	0.85
strength	1.21	0.50
women	1.21	0.59
privilege	1.21	0.62
hero	1.21	0.67
shone	1.21	0.69
playing	1.21	0.50
seats	1.21	0.56
heat	1.22	0.77
unity	1.22	0.56
red	1.22	0.53
understanding	1.22	0.71
host	1.22	0.51
purple	1.22	0.53
satisfied	1.23	0.96
thick	1.23	0.65
swell	1.23	1.32
voluntary	1.23	0.54
alliance	1.23	0.57
shoulders	1.24	0.54
delight	1.24	1.36
short	1.25	0.71
chairs	1.25	0.58
dignity	1.26	0.47
orange	1.26	0.51
journey	1.26	0.54
star	1.26	0.73
contact	1.26	0.45
settlement	1.27	0.49
vigorous	1.27	0.47
settled	1.28	0.64
brave	1.29	0.52
cheek	1.29	0.57
green	1.30	0.55
marry	1.30	1.60
penny	1.30	0.61
detailed	1.30	0.57
style	1.31	0.59
smile	1.31	0.43
goal	1.31	0.62
lightly	1.32	0.65
apple	1.32	0.48
gained	1.32	0.46
compromise	1.32	0.52
wet	1.32	0.83
bold	1.32	0.47
magnificent	1.33	0.52
patch	1.33	0.69
fitted	1.33	0.40
achieved	1.34	0.74
moonlight	1.34	0.74
triumph	1.34	1.14
collective	1.35	0.48
scarlet	1.35	0.77
steady	1.35	0.70
furnished	1.35	0.47
darling	1.36	1.31
cooperation	1.36	0.70
leather	1.36	0.54
bath	1.37	0.69
accurate	1.37	0.87
tune	1.37	0.60
moon	1.37	0.83
dancing	1.38	0.56
air	1.40	0.81
smooth	1.41	0.66
expensive	1.42	0.65
pink	1.42	0.63
relations	1.42	0.52
summer	1.42	0.82
bid	1.43	0.43
grateful	1.44	1.28
damp	1.45	0.84
atmosphere	1.46	1.52
safety	1.46	0.47
shade	1.46	0.64
waist	1.46	0.53
thin	1.46	0.75
loyal	1.48	0.42
assured	1.49	0.55
standard	1.49	0.57
loves	1.49	1.46
yellow	1.49	0.75
smell	1.50	0.67
reception	1.51	0.59
sets	1.51	0.50
formal	1.51	0.71
slow	1.52	0.67
real	1.53	1.55
boleyn	1.53	1.54
earnest	1.54	0.76
humor	1.54	1.18
mistress	1.56	1.19
peace	1.57	0.52
dance	1.57	0.65
flora	1.58	1.18
smiling	1.59	1.40
wise	1.59	1.05
favorable	1.59	1.78
kiss	1.59	1.29
breeze	1.60	0.83
sober	1.61	0.62
singing	1.61	0.60
combination	1.62	1.28
efficient	1.62	0.60
affection	1.62	1.44
always	1.63	1.29
glad	1.63	1.06
quite	1.64	1.16
shelter	1.64	0.59
sing	1.64	0.60
proud	1.64	0.84
mutual	1.65	0.67
dry	1.67	0.83
delighted	1.70	1.05
hot	1.70	0.81
lacking	1.70	1.00
sun	1.71	0.81
girls	1.71	0.95
flower	1.71	0.51
pure	1.71	1.14
lucy	1.72	1.24
color	1.72	0.51
secure	1.72	0.77
nice	1.73	1.18
fairly	1.73	0.55
betsy	1.74	1.02
colors	1.76	0.60
fun	1.79	1.14
handsome	1.80	0.86
earned	1.81	0.72
cold	1.82	0.78
remarkable	1.82	1.12
strong	1.84	1.02
spring	1.85	0.91
wedding	1.85	1.17
neat	1.86	0.60
slender	1.86	1.05
luxury	1.86	0.43
flowers	1.87	0.59
hers	1.90	1.11
ladies	1.90	1.10
ease	1.91	1.08
autumn	1.92	0.90
fresh	1.93	0.66
touch	1.93	1.19
bright	1.94	0.66
sang	1.94	1.16
firm	1.95	0.57
kisses	1.95	1.49
life	1.96	1.08
apt	1.96	1.55
promise	1.96	1.42
comfort	1.97	0.65
pleasure	1.98	0.83
stable	1.99	0.49
famous	1.99	1.13
generous	1.99	0.55
reasonable	2.01	1.11
mild	2.03	1.34
companion	2.03	0.94
blonde	2.04	0.76
suitable	2.08	1.07
casual	2.08	1.32
achieve	2.09	1.17
offering	2.10	1.03
careful	2.11	1.33
arrangement	2.12	1.23
kindly	2.14	1.08
slim	2.14	0.93
rare	2.16	1.13
intelligent	2.16	1.05
sunshine	2.16	0.85
intimate	2.18	1.05
decent	2.21	0.99
polite	2.22	1.14
modest	2.22	1.12
friendship	2.25	1.21
complete	2.25	1.16
sunlight	2.26	0.79
bride	2.26	1.01
brilliant	2.32	0.84
splendid	2.32	0.83
friendly	2.33	1.09
calm	2.35	0.71
gardens	2.37	1.15
shining	2.38	1.20
favorite	2.38	0.99
gentle	2.40	0.91
warmth	2.40	1.02
exciting	2.41	1.25
happily	2.43	1.02
apart	2.43	1.73
favored	2.45	1.24
safe	2.46	0.89
enjoy	2.48	0.91
quiet	2.51	1.10
model	2.53	1.16
confident	2.53	0.86
soft	2.53	1.02
easy	2.56	1.25
healthy	2.57	0.58
warm	2.57	1.27
tender	2.58	0.87
sweet	2.60	0.79
ideal	2.60	0.99
wonderful	2.60	0.60
fond	2.62	0.67
golden	2.69	0.97
pin	2.69	1.07
comfortable	2.74	1.12
happiness	2.75	1.05
attractive	2.79	0.70
charming	2.80	0.77
perfectly	2.80	0.74
satisfactory	2.81	0.89
gay	2.81	0.88
cheerful	2.85	1.06
welcome	2.87	1.08
peaceful	2.93	0.97
delicate	2.94	0.74
beauty	2.96	0.75
beautiful	3.02	0.55
cool	3.04	1.00
enjoyed	3.12	1.08
clear	3.16	0.74
