ugly	-4.64	0.94
cruel	-4.25	0.77
dirty	-4.23	0.93
dreadful	-4.22	1.27
bloody	-4.21	0.95
worse	-4.11	1.09
silly	-4.06	0.97
ridiculous	-4.05	1.10
dangerous	-3.99	1.07
jews	-3.93	1.84
stupid	-3.91	0.58
miserable	-3.87	1.07
naked	-3.83	1.66
desperate	-3.80	1.24
helpless	-3.77	1.15
fantastic	-3.69	1.44
terrible	-3.67	1.18
death	-3.60	1.31
blind	-3.56	1.24
damned	-3.54	0.76
destruction	-3.51	1.21
fool	-3.50	1.03
horror	-3.47	1.32
terror	-3.45	1.27
tired	-3.44	1.60
sick	-3.41	1.05
publicity	-3.37	1.62
struggle	-3.36	1.21
shock	-3.33	1.58
enemies	-3.33	1.56
devil	-3.33	1.28
lonely	-3.28	1.59
smelled	-3.21	1.48
awful	-3.20	1.49
uncomfortable	-3.18	1.74
wounded	-3.12	1.21
desperately	-3.08	1.58
whip	-3.08	2.13
corruption	-3.07	1.67
grim	-3.07	1.27
dying	-3.05	1.16
exhausted	-3.05	1.77
bored	-3.00	1.60
surely	-2.96	1.23
worst	-2.95	1.36
grave	-2.90	1.23
badly	-2.88	1.33
ill	-2.87	1.79
furious	-2.86	0.63
socrates	-2.86	1.42
tragic	-2.83	1.82
hungry	-2.82	1.88
fury	-2.80	1.51
bitter	-2.79	1.14
angry	-2.79	1.78
acts	-2.78	1.80
fear	-2.77	1.54
nonsense	-2.76	1.06
weary	-2.76	1.15
panic	-2.74	0.82
dull	-2.72	0.86
unnecessary	-2.72	0.69
habit	-2.71	1.77
destroy	-2.71	1.79
suffering	-2.71	0.62
mad	-2.70	0.43
sore	-2.70	1.35
shame	-2.69	1.41
rage	-2.67	1.58
anger	-2.67	1.57
violence	-2.65	0.84
double	-2.64	2.25
jew	-2.62	1.70
mark	-2.60	1.96
scared	-2.60	0.53
weak	-2.59	1.08
punishment	-2.59	0.53
pain	-2.58	0.85
dead	-2.57	1.58
increasingly	-2.55	1.90
slave	-2.54	1.53
uneasy	-2.51	1.91
intent	-2.47	1.98
worried	-2.44	1.96
confused	-2.44	1.95
beast	-2.44	1.66
inadequate	-2.43	1.15
kill	-2.43	1.71
twisted	-2.42	0.57
hidden	-2.42	1.97
frightened	-2.40	1.44
innocent	-2.39	1.15
exception	-2.38	2.11
troubled	-2.38	2.00
bitterly	-2.37	1.64
loss	-2.36	0.77
useless	-2.34	0.74
sin	-2.30	1.59
battle	-2.30	0.49
disappointed	-2.28	2.02
root	-2.24	2.08
queer	-2.24	1.58
hatred	-2.24	1.98
tragedy	-2.21	0.80
fled	-2.19	0.63
gods	-2.18	1.79
sudden	-2.17	0.94
reveal	-2.15	2.06
experiences	-2.15	2.03
killed	-2.14	0.57
cry	-2.14	1.56
illegal	-2.11	0.56
screamed	-2.10	0.68
drunk	-2.10	0.69
shared	-2.10	1.92
defeat	-2.10	0.59
murder	-2.10	0.38
crazy	-2.08	0.61
deadly	-2.08	0.64
despair	-2.08	1.24
hostile	-2.07	0.47
disaster	-2.05	0.69
suffer	-2.04	0.73
mistakes	-2.03	0.44
upset	-2.03	2.09
torn	-2.02	0.54
sad	-2.02	1.74
democracy	-2.01	2.22
dream	-2.01	1.65
utterly	-2.00	0.62
cause	-1.98	0.67
communism	-1.97	1.05
nervous	-1.96	1.17
odd	-1.96	2.11
killing	-1.96	0.38
guilt	-1.95	1.04
fight	-1.95	0.78
mess	-1.94	0.62
damage	-1.94	0.65
anxious	-1.93	2.17
garry	-1.93	1.82
feared	-1.92	1.87
terribly	-1.92	0.82
alarm	-1.92	0.74
protest	-1.92	0.57
vague	-1.91	0.98
hell	-1.91	1.69
hitler	-1.90	0.83
suffered	-1.90	1.02
seeing	-1.89	2.16
whatever	-1.89	1.94
cat	-1.88	0.63
pig	-1.88	0.70
guilty	-1.88	0.39
committed	-1.87	0.46
polish	-1.87	0.87
fears	-1.86	0.69
confusion	-1.86	0.75
affair	-1.85	0.40
violent	-1.85	0.79
old	-1.84	1.43
germans	-1.84	0.82
buried	-1.83	0.89
injured	-1.83	0.41
crime	-1.82	0.66
dies	-1.82	0.81
disturbed	-1.81	1.68
ruin	-1.81	0.58
beaten	-1.80	0.53
anxiety	-1.78	1.10
poland	-1.77	0.86
russians	-1.77	0.87
thou	-1.77	1.68
uncertain	-1.76	1.33
emotions	-1.76	0.97
seriously	-1.73	0.90
prison	-1.72	0.47
revolution	-1.71	0.95
sometimes	-1.71	1.86
inevitable	-1.69	0.74
fast	-1.68	2.41
severe	-1.68	0.88
refugees	-1.67	0.67
scream	-1.65	0.58
unconscious	-1.65	0.57
puzzled	-1.63	1.46
fought	-1.62	0.58
felt	-1.62	0.68
tense	-1.62	1.34
preferred	-1.62	2.47
angrily	-1.61	0.67
strain	-1.61	0.56
occupation	-1.61	0.73
ending	-1.60	0.89
accident	-1.60	0.75
dirt	-1.59	0.61
destroyed	-1.59	0.57
revolt	-1.59	0.65
soap	-1.59	0.65
painted	-1.59	0.69
captured	-1.59	0.39
promising	-1.59	2.24
danger	-1.58	0.40
enemy	-1.58	0.60
charlotte	-1.58	1.95
suspicion	-1.58	1.35
depression	-1.58	0.65
criminal	-1.57	0.53
sentence	-1.57	0.52
illness	-1.56	0.62
wild	-1.55	0.57
mere	-1.55	1.71
imagined	-1.55	1.96
released	-1.55	0.43
trembling	-1.54	1.02
forgive	-1.54	1.77
war	-1.53	0.59
die	-1.52	0.62
jewish	-1.52	0.76
damn	-1.51	0.67
camps	-1.51	0.65
dog	-1.51	1.02
emotion	-1.51	1.37
serious	-1.50	0.91
complained	-1.49	0.64
serving	-1.48	0.71
fighting	-1.48	0.51
excitement	-1.48	1.00
joke	-1.47	0.67
feeling	-1.47	0.69
foolish	-1.47	1.44
consequences	-1.47	0.65
escaped	-1.47	0.43
prisoners	-1.45	0.43
caused	-1.45	0.59
waste	-1.45	0.48
fox	-1.45	0.76
charges	-1.45	0.60
victim	-1.44	0.55
crash	-1.44	0.61
trouble	-1.44	2.25
wars	-1.43	0.61
explosion	-1.43	0.62
relief	-1.43	0.86
embarrassed	-1.42	1.59
mistake	-1.42	0.45
hurt	-1.42	0.91
conscious	-1.41	0.50
thoughts	-1.41	0.63
temper	-1.40	0.77
contempt	-1.40	0.97
alleged	-1.40	0.64
cheap	-1.40	0.54
intense	-1.40	0.69
revolutionary	-1.39	0.86
heading	-1.39	0.53
charity	-1.38	2.24
inevitably	-1.38	0.78
stuck	-1.38	0.55
lot	-1.36	2.15
wash	-1.35	0.68
incident	-1.35	0.78
funny	-1.35	1.47
mud	-1.34	0.67
discrimination	-1.34	0.67
suddenly	-1.34	0.58
extreme	-1.34	0.65
remembering	-1.33	0.52
lion	-1.33	0.60
unknown	-1.33	0.62
instant	-1.33	0.56
weakness	-1.32	0.58
dogs	-1.32	0.63
alive	-1.31	0.54
wildly	-1.31	0.67
hard	-1.31	2.32
christian	-1.31	0.85
spirit	-1.30	1.93
vaguely	-1.30	0.71
stroke	-1.30	0.63
stern	-1.30	0.74
pride	-1.28	1.95
acting	-1.28	0.44
ashamed	-1.28	1.38
adjustment	-1.28	2.16
yelled	-1.28	0.64
virtue	-1.28	1.84
experienced	-1.27	0.52
cow	-1.27	0.89
prisoner	-1.26	0.41
bore	-1.26	0.54
victims	-1.25	0.31
dependent	-1.25	0.32
margo	-1.25	0.50
memories	-1.23	0.55
causes	-1.23	0.51
arrested	-1.23	0.25
pants	-1.23	0.79
escape	-1.22	0.47
aggression	-1.22	0.64
slaves	-1.22	0.50
aged	-1.21	1.03
conflict	-1.21	0.48
jail	-1.21	0.24
justified	-1.21	0.44
cure	-1.20	0.43
guessed	-1.20	2.13
arrest	-1.20	0.27
trick	-1.19	0.63
fault	-1.19	0.54
clothes	-1.18	0.76
born	-1.18	2.18
losses	-1.18	0.50
chick	-1.17	0.56
contrary	-1.17	0.48
strikes	-1.16	0.59
roar	-1.16	0.70
urgent	-1.16	0.66
conscience	-1.16	0.77
effects	-1.16	0.70
fate	-1.16	0.90
bomb	-1.16	0.75
tobacco	-1.16	0.65
symptoms	-1.15	0.58
harsh	-1.15	0.98
rescue	-1.14	0.39
chambers	-1.14	0.47
feelings	-1.14	0.88
painful	-1.14	2.24
rubashov	-1.14	0.43
startled	-1.13	1.22
stiff	-1.13	0.63
cared	-1.12	2.14
trial	-1.12	0.30
shut	-1.12	0.54
wet	-1.11	0.85
poles	-1.11	0.62
notion	-1.10	0.49
frozen	-1.10	0.42
warfare	-1.10	0.59
hills	-1.10	0.65
accused	-1.10	0.32
strangely	-1.10	0.95
endless	-1.09	0.54
error	-1.09	0.46
faced	-1.09	0.64
washing	-1.09	0.68
searching	-1.09	0.75
deeply	-1.09	1.02
sense	-1.09	0.61
tore	-1.08	0.63
hospital	-1.08	0.73
kind	-1.08	1.84
lie	-1.08	0.70
bare	-1.07	0.63
events	-1.07	0.78
gambling	-1.07	0.68
irish	-1.07	0.59
nerves	-1.07	0.62
fed	-1.06	0.65
armies	-1.06	0.35
lies	-1.05	0.55
horn	-1.05	0.38
storm	-1.05	0.88
jokes	-1.05	0.67
negroes	-1.05	0.56
laugh	-1.05	0.66
suicide	-1.04	0.47
bull	-1.04	0.58
politicians	-1.04	0.76
feed	-1.04	0.64
patients	-1.04	0.64
son	-1.04	2.14
marrow	-1.04	0.48
instantly	-1.03	0.59
plainly	-1.02	0.70
attacks	-1.02	0.37
mob	-1.02	0.51
oh	-1.02	1.78
burst	-1.02	0.78
sword	-1.02	0.51
defeated	-1.01	0.21
wave	-1.01	0.87
soldier	-1.01	0.98
hungarian	-1.01	0.34
threat	-1.01	0.42
drug	-1.01	0.63
sheep	-1.01	0.60
false	-1.01	0.38
burden	-1.01	0.29
rival	-1.00	0.58
walt	-1.00	0.72
reverend	-1.00	0.91
bones	-0.99	0.51
bodies	-0.99	0.59
blame	-0.99	0.56
jesus	-0.99	1.18
abruptly	-0.98	0.42
stages	-0.98	0.45
screaming	-0.98	0.79
buffalo	-0.98	0.61
stalin	-0.98	0.37
charge	-0.98	0.29
lightning	-0.97	0.82
bear	-0.97	0.48
gideon	-0.96	0.79
nest	-0.96	0.51
curiously	-0.96	0.84
tears	-0.96	1.21
fever	-0.96	0.54
mysterious	-0.96	2.35
blank	-0.95	0.54
intensity	-0.95	0.98
aware	-0.95	0.94
concerned	-0.95	0.99
dorrie	-0.95	0.63
hungary	-0.95	0.45
webster	-0.94	0.49
smoke	-0.94	0.78
spite	-0.94	0.52
driven	-0.93	0.20
disease	-0.93	0.57
clean	-0.93	0.81
knocked	-0.93	0.42
tension	-0.93	0.69
bit	-0.92	0.80
kremlin	-0.92	0.41
pray	-0.92	1.22
blew	-0.92	0.73
hide	-0.92	0.46
directed	-0.92	0.57
treat	-0.92	0.61
communists	-0.92	0.31
shift	-0.92	0.63
desert	-0.91	0.66
identify	-0.91	0.74
consciousness	-0.91	0.46
threatened	-0.91	0.35
invasion	-0.90	0.34
wandered	-0.90	0.64
cyprian	-0.90	0.38
directions	-0.90	0.38
physician	-0.89	0.63
peg	-0.89	0.53
animal	-0.89	0.68
boy	-0.89	1.92
whisper	-0.89	0.54
sorts	-0.89	1.21
troubles	-0.89	0.51
failure	-0.89	0.49
snapped	-0.89	0.56
surprise	-0.88	0.74
moments	-0.88	0.98
attack	-0.88	0.34
russia	-0.88	0.41
feel	-0.88	0.58
investigating	-0.88	0.72
dust	-0.88	0.84
charged	-0.87	0.31
americans	-0.87	0.52
muttered	-0.87	0.62
crying	-0.87	2.05
corners	-0.87	0.49
manners	-0.87	2.01
barney	-0.87	0.56
ross	-0.86	0.71
timmy	-0.86	0.46
against	-0.86	0.72
lily	-0.86	0.55
willie	-0.86	0.40
roman	-0.86	0.68
sort	-0.86	0.94
literally	-0.86	0.42
pity	-0.86	2.45
strange	-0.85	2.04
actions	-0.85	0.48
criticism	-0.85	0.58
faint	-0.84	0.78
animals	-0.84	0.49
mystery	-0.84	0.90
regime	-0.84	0.37
exciting	-0.84	2.10
reactions	-0.84	0.52
flash	-0.84	0.63
jury	-0.83	0.32
soldiers	-0.83	0.57
reform	-0.82	0.91
dragged	-0.82	0.51
extremely	-0.82	0.61
partly	-0.82	0.43
cracked	-0.82	0.46
lying	-0.81	0.73
exposed	-0.81	0.43
circumstances	-0.81	0.70
comic	-0.81	0.69
drugs	-0.81	0.76
avoid	-0.81	0.35
broken	-0.81	0.42
communist	-0.80	0.38
christ	-0.80	1.16
hur	-0.80	0.46
blast	-0.80	0.39
victory	-0.80	0.71
rabbit	-0.80	0.46
seized	-0.79	0.79
swimming	-0.79	0.80
burns	-0.79	0.31
bombs	-0.79	0.58
russian	-0.79	0.43
racial	-0.78	0.71
daniel	-0.78	0.66
swept	-0.78	0.99
sounds	-0.78	0.83
cries	-0.78	0.69
julian	-0.78	0.50
crisis	-0.78	0.37
mixed	-0.78	0.68
deserted	-0.78	0.71
revealed	-0.77	0.58
hint	-0.77	0.38
died	-0.77	1.25
impact	-0.77	1.01
flood	-0.77	0.40
mister	-0.77	0.60
regret	-0.76	1.56
blown	-0.76	0.36
holy	-0.76	1.16
journey	-0.76	0.56
couple	-0.76	1.23
cases	-0.75	0.21
due	-0.75	0.37
saddle	-0.75	0.58
hunter	-0.75	0.54
pacote	-0.75	0.49
evident	-0.75	0.57
stuff	-0.75	1.09
ground	-0.75	0.59
forever	-0.74	0.54
treated	-0.74	0.54
breaks	-0.74	0.50
suspect	-0.74	0.43
fan	-0.74	0.44
eye	-0.73	0.37
discovery	-0.73	0.58
korea	-0.73	0.30
trap	-0.73	0.22
lately	-0.72	0.83
mental	-0.72	0.54
habits	-0.72	0.55
tail	-0.72	0.68
german	-0.72	0.43
david	-0.72	0.73
mind	-0.71	0.44
intention	-0.71	0.49
marked	-0.71	0.37
constantly	-0.71	0.63
protested	-0.71	0.61
heard	-0.70	0.56
occurred	-0.70	0.49
conviction	-0.70	0.36
judith	-0.70	0.75
surprised	-0.70	1.18
apparent	-0.70	0.62
rays	-0.69	0.76
soviet	-0.69	0.37
glory	-0.69	0.83
soul	-0.69	2.03
mercy	-0.69	1.97
grimly	-0.69	0.51
germany	-0.69	0.47
troops	-0.68	0.25
stirred	-0.68	0.57
secret	-0.68	0.89
berlin	-0.68	0.41
merely	-0.68	0.67
expressed	-0.68	1.08
bruce	-0.68	0.54
horses	-0.68	0.54
hunting	-0.68	0.58
doubt	-0.68	0.64
sake	-0.68	2.03
fallen	-0.68	0.38
off	-0.67	0.48
kick	-0.67	0.70
rising	-0.67	0.60
concern	-0.67	1.01
asleep	-0.67	0.61
ben	-0.67	0.47
potential	-0.67	0.58
funeral	-0.66	0.77
politics	-0.66	0.62
minds	-0.66	0.27
curious	-0.66	1.13
spy	-0.66	0.30
afterwards	-0.66	0.55
impression	-0.66	0.56
birds	-0.66	0.44
rear	-0.66	0.58
eaten	-0.65	0.96
flesh	-0.65	0.40
triumph	-0.65	0.85
shed	-0.65	0.56
emotional	-0.65	0.45
code	-0.65	0.67
act	-0.65	0.76
familiar	-0.65	2.42
korean	-0.64	0.26
sharp	-0.63	0.52
spreading	-0.63	0.24
makes	-0.63	1.02
image	-0.63	0.42
sadly	-0.63	0.46
replace	-0.63	0.56
francis	-0.63	0.71
delay	-0.62	0.25
practices	-0.62	0.68
becoming	-0.62	0.55
wound	-0.62	0.36
closely	-0.62	0.76
curiosity	-0.62	1.42
became	-0.62	0.56
brandt	-0.62	0.51
ideas	-0.62	0.32
baldwin	-0.61	0.54
vanished	-0.61	0.57
become	-0.61	0.57
treatment	-0.61	0.43
priest	-0.61	0.96
search	-0.61	0.47
jeremiah	-0.61	0.37
catch	-0.61	0.54
expense	-0.61	0.28
feels	-0.60	0.52
winds	-0.60	0.81
creation	-0.60	0.48
stretch	-0.60	0.54
blow	-0.60	0.38
magic	-0.60	0.82
lean	-0.60	1.02
away	-0.60	0.53
sounded	-0.60	0.48
action	-0.60	0.59
alone	-0.60	0.56
block	-0.59	0.44
desire	-0.59	0.71
case	-0.59	0.25
memory	-0.59	0.34
opinions	-0.59	0.39
ruined	-0.59	0.45
remark	-0.59	0.40
ancient	-0.58	0.65
spots	-0.58	0.38
senses	-0.58	0.39
kicked	-0.58	0.30
voices	-0.58	0.61
politically	-0.58	0.56
too	-0.58	0.62
excess	-0.58	0.67
bird	-0.58	0.46
becomes	-0.58	0.58
china	-0.58	0.34
considerably	-0.58	0.74
temple	-0.58	0.56
impulse	-0.57	0.81
cancer	-0.57	0.53
noise	-0.57	0.49
upon	-0.57	0.37
brain	-0.57	0.44
hero	-0.57	0.52
log	-0.57	0.56
nationalist	-0.57	0.27
persons	-0.57	0.51
cooking	-0.56	0.85
snake	-0.56	0.49
leaped	-0.56	0.34
tion	-0.56	0.33
difficult	-0.56	0.76
moscow	-0.56	0.32
external	-0.56	0.49
washed	-0.56	0.80
bearing	-0.56	0.32
prayer	-0.56	1.06
instead	-0.55	0.53
fellow	-0.55	1.68
expression	-0.55	0.49
precisely	-0.55	0.58
stranger	-0.55	0.69
far	-0.55	0.87
growing	-0.55	0.40
mixture	-0.55	1.36
empire	-0.55	0.61
worn	-0.54	0.52
soviets	-0.54	0.33
eventually	-0.54	0.58
burned	-0.54	0.49
risk	-0.54	0.24
save	-0.54	0.60
glance	-0.54	0.72
behind	-0.54	0.52
avoided	-0.54	0.52
catholic	-0.54	0.64
proved	-0.54	0.50
amused	-0.54	1.51
sound	-0.53	0.53
father	-0.53	2.10
imposed	-0.53	0.29
condition	-0.53	0.52
burn	-0.53	0.36
swear	-0.53	0.76
theme	-0.53	0.43
roared	-0.53	0.56
hearing	-0.53	0.15
dismissed	-0.52	0.22
bits	-0.52	0.24
rushed	-0.52	0.70
rush	-0.52	0.45
bothered	-0.52	0.95
sacred	-0.52	0.71
dreams	-0.52	0.64
strip	-0.52	0.18
hoping	-0.52	0.77
start	-0.52	0.86
cried	-0.52	1.12
propaganda	-0.52	0.31
remains	-0.52	0.38
responsibilities	-0.52	0.23
judge	-0.51	0.23
witness	-0.51	0.24
smoking	-0.51	0.56
chinese	-0.51	0.25
bigger	-0.51	0.91
patient	-0.51	0.53
church	-0.51	0.76
investigation	-0.51	0.36
expensive	-0.51	0.84
without	-0.50	0.33
reds	-0.50	0.24
testimony	-0.50	0.26
seemed	-0.50	0.37
widow	-0.50	1.97
symbol	-0.50	0.62
freeman	-0.50	0.61
remembered	-0.50	1.04
formosa	-0.49	0.29
lord	-0.49	1.11
laws	-0.49	0.77
cardinal	-0.49	0.70
ignored	-0.49	0.71
allied	-0.49	0.27
loud	-0.49	0.75
scott	-0.49	0.49
stop	-0.49	0.76
wilma	-0.48	0.57
frontier	-0.48	0.26
territory	-0.48	0.25
bend	-0.48	0.58
grows	-0.48	0.63
hear	-0.48	0.55
characters	-0.47	0.71
inner	-0.47	0.58
ceased	-0.47	0.59
alf	-0.47	0.49
khrushchev	-0.47	0.28
behavior	-0.47	0.59
spot	-0.47	0.46
wells	-0.47	0.71
emergency	-0.47	0.22
internal	-0.46	0.64
difficulties	-0.46	0.55
norman	-0.46	0.51
lesser	-0.46	0.31
gap	-0.46	0.68
poison	-0.46	0.28
body	-0.46	0.52
watson	-0.46	0.46
grew	-0.46	0.60
struck	-0.46	0.24
west	-0.46	0.34
produce	-0.45	0.52
thereby	-0.45	0.39
reality	-0.45	0.41
judd	-0.45	0.41
jumped	-0.45	0.44
tracks	-0.45	0.30
cell	-0.45	0.17
prevent	-0.45	0.28
disappeared	-0.44	0.44
identical	-0.44	0.89
israel	-0.44	0.22
reluctant	-0.44	0.64
east	-0.44	0.26
sentiment	-0.44	0.86
tradition	-0.44	0.63
trace	-0.44	0.89
witnesses	-0.44	0.22
traveling	-0.44	0.78
complaint	-0.44	0.18
japanese	-0.44	0.27
radiation	-0.44	0.41
nuclear	-0.44	0.38
ages	-0.44	0.46
chiefly	-0.44	0.43
frankly	-0.44	1.12
liquor	-0.43	0.33
defend	-0.43	0.59
surgeon	-0.43	0.36
testified	-0.43	0.26
shouted	-0.43	0.55
op	-0.43	0.48
somewhat	-0.43	0.40
influence	-0.43	0.47
chapel	-0.43	0.73
source	-0.42	0.43
lose	-0.42	0.37
attacked	-0.42	0.25
situation	-0.42	0.34
jake	-0.42	0.46
dave	-0.42	0.60
laughter	-0.42	0.76
gotten	-0.42	0.86
mccarthy	-0.42	0.27
alien	-0.42	0.61
having	-0.42	0.86
peking	-0.41	0.28
hang	-0.41	0.56
churches	-0.41	0.60
portion	-0.41	0.60
arab	-0.41	0.25
warning	-0.41	0.25
waist	-0.41	0.75
problem	-0.41	0.40
decisions	-0.41	0.19
loose	-0.41	0.23
marched	-0.40	0.27
mankind	-0.40	0.80
stronger	-0.40	0.80
liked	-0.40	2.04
track	-0.40	0.29
conduct	-0.40	0.56
indicate	-0.40	0.55
broke	-0.40	0.28
civilization	-0.40	0.62
eat	-0.40	1.10
inquiry	-0.40	0.28
custom	-0.40	0.49
fortune	-0.39	0.59
pastor	-0.39	0.78
wilderness	-0.39	0.25
zone	-0.39	0.21
returning	-0.39	0.56
rid	-0.39	0.64
swiftly	-0.39	0.58
ate	-0.39	1.11
sweat	-0.39	0.54
japan	-0.39	0.24
concentrate	-0.39	0.42
joshua	-0.39	0.51
pass	-0.39	0.54
presently	-0.39	0.26
self	-0.39	0.47
identified	-0.39	0.39
sharply	-0.39	0.46
gradually	-0.38	0.23
cattle	-0.38	0.37
making	-0.38	0.72
flies	-0.38	0.21
distant	-0.38	0.31
ours	-0.38	0.45
joab	-0.38	1.08
grand	-0.38	0.24
adenauer	-0.38	0.32
rivers	-0.38	0.18
rapidly	-0.38	0.53
associates	-0.38	0.57
charlie	-0.38	0.73
outer	-0.37	0.45
difficulty	-0.37	0.56
slightest	-0.37	0.87
showing	-0.37	0.40
examine	-0.37	0.45
surrounding	-0.37	0.49
guards	-0.37	0.27
underground	-0.37	0.46
conception	-0.37	0.53
heaven	-0.37	1.08
regarding	-0.37	0.44
hiding	-0.37	0.63
wake	-0.37	0.61
traditional	-0.37	0.60
meantime	-0.37	0.47
diet	-0.36	0.49
efforts	-0.36	0.38
appeal	-0.36	0.24
frequently	-0.36	0.66
beating	-0.36	0.31
androcles	-0.36	0.38
doc	-0.36	0.52
created	-0.36	0.35
share	-0.36	0.74
hit	-0.36	0.47
court	-0.36	0.23
stare	-0.36	0.56
thoughtfully	-0.36	0.37
remove	-0.36	0.23
wartime	-0.36	0.23
biggest	-0.36	0.68
jim	-0.35	0.68
ambition	-0.35	0.73
resort	-0.35	0.19
childhood	-0.35	0.65
bell	-0.35	0.30
fell	-0.35	0.20
tear	-0.35	0.32
controversy	-0.35	0.26
saved	-0.35	0.18
build	-0.35	0.59
pressure	-0.35	0.31
overcome	-0.35	0.32
advertising	-0.35	0.84
behalf	-0.35	0.65
serves	-0.35	0.69
sand	-0.35	0.38
indicates	-0.35	0.52
rather	-0.35	0.81
harm	-0.35	0.74
weapons	-0.35	0.36
saint	-0.35	0.97
nature	-0.35	0.60
pouring	-0.35	0.34
belief	-0.34	0.44
postwar	-0.34	0.22
includes	-0.34	0.58
ha	-0.34	0.45
jungle	-0.34	0.30
george	-0.34	1.01
ends	-0.34	0.15
rang	-0.34	0.38
cigarettes	-0.34	0.24
policeman	-0.34	0.22
much	-0.34	1.01
own	-0.34	0.38
constant	-0.34	0.45
asia	-0.34	0.27
thousands	-0.34	0.17
win	-0.34	0.22
male	-0.34	0.61
prove	-0.34	0.42
attitudes	-0.34	0.49
decline	-0.34	0.32
existence	-0.33	0.49
covered	-0.33	0.29
absence	-0.33	0.22
finds	-0.33	0.46
kings	-0.33	0.69
charles	-0.33	1.07
completely	-0.33	0.60
powder	-0.33	0.43
lack	-0.33	0.18
operations	-0.33	0.56
actual	-0.32	0.72
forces	-0.32	0.32
courts	-0.32	0.21
gave	-0.32	0.61
betsy	-0.32	0.70
religious	-0.32	0.39
questioning	-0.32	0.18
hammer	-0.32	0.39
breaking	-0.32	0.19
eating	-0.32	1.07
weapon	-0.32	0.36
janet	-0.32	0.48
panel	-0.32	0.18
hunt	-0.32	0.41
harder	-0.32	0.89
basin	-0.32	0.36
speculation	-0.32	0.43
especially	-0.32	0.81
finding	-0.32	0.56
unlike	-0.32	0.39
another	-0.32	0.64
iron	-0.32	0.58
choose	-0.32	0.48
canoe	-0.32	0.25
cast	-0.32	0.62
nasser	-0.31	0.23
less	-0.31	0.50
effort	-0.31	0.41
involving	-0.31	0.34
customs	-0.31	0.46
tide	-0.31	0.46
suspended	-0.31	0.15
taking	-0.31	0.61
resulted	-0.31	0.54
event	-0.31	0.84
halt	-0.31	0.18
silently	-0.31	0.44
worry	-0.31	0.62
insisted	-0.31	0.73
usual	-0.31	0.95
thy	-0.31	1.15
italy	-0.31	0.36
heavily	-0.31	0.35
caesar	-0.30	0.30
outstanding	-0.30	2.29
bishop	-0.30	0.94
solved	-0.30	0.39
nehru	-0.30	0.26
experience	-0.30	0.47
appeals	-0.30	0.19
shouting	-0.30	0.77
macarthur	-0.30	0.19
retreat	-0.30	0.20
itself	-0.30	0.45
keep	-0.30	0.49
resistance	-0.30	0.28
drink	-0.30	0.37
plunged	-0.30	0.18
predicted	-0.30	0.60
mountains	-0.30	0.14
doctors	-0.30	0.55
indians	-0.30	0.24
ball	-0.30	0.57
views	-0.30	0.37
periods	-0.30	0.21
problems	-0.29	0.39
remote	-0.29	0.74
policemen	-0.29	0.18
chancellor	-0.29	0.26
judgment	-0.29	0.30
physicians	-0.29	0.56
judges	-0.29	0.18
challenge	-0.29	0.56
under	-0.29	0.63
stir	-0.29	0.93
obviously	-0.29	0.42
bottles	-0.29	0.33
hearings	-0.29	0.21
whisky	-0.29	0.33
drinks	-0.29	0.38
deck	-0.29	0.22
fellows	-0.29	0.74
suspected	-0.29	0.94
infantry	-0.29	0.24
camp	-0.29	0.12
boat	-0.28	0.18
obscure	-0.28	0.66
determined	-0.28	0.55
satellite	-0.28	0.26
yourself	-0.28	0.60
rough	-0.28	0.94
southeast	-0.28	0.35
create	-0.28	0.60
am	-0.28	0.65
waves	-0.28	0.47
moment	-0.28	0.40
armed	-0.28	0.21
surrender	-0.28	0.23
contest	-0.28	0.16
ye	-0.28	0.54
wine	-0.28	0.38
claimed	-0.28	0.80
bottle	-0.28	0.35
egyptian	-0.28	0.19
clinical	-0.28	0.53
billy	-0.28	0.51
knowing	-0.28	1.16
religion	-0.28	0.61
bullet	-0.28	0.59
figured	-0.27	0.76
participation	-0.27	0.57
morissa	-0.27	0.29
whiskey	-0.27	0.35
fibers	-0.27	0.30
jeff	-0.27	0.34
alongside	-0.27	0.14
interstate	-0.27	0.28
lay	-0.27	0.34
taylor	-0.27	0.59
rome	-0.27	0.42
mainly	-0.27	0.30
stomach	-0.27	0.66
glasses	-0.27	0.37
immediately	-0.27	0.31
shocked	-0.27	1.50
subcommittee	-0.27	0.22
doctrine	-0.27	0.87
hydrogen	-0.27	0.39
falling	-0.27	0.26
observation	-0.27	0.51
won	-0.26	0.18
drank	-0.26	0.36
trail	-0.26	0.21
flames	-0.26	0.35
excited	-0.26	2.08
manley	-0.26	0.38
slowly	-0.26	0.53
race	-0.26	0.16
grin	-0.26	0.42
horse	-0.26	0.69
gil	-0.26	0.35
occur	-0.26	0.21
drinking	-0.26	0.33
cloth	-0.26	0.31
rocks	-0.26	0.28
natives	-0.26	0.17
unemployment	-0.26	0.37
craft	-0.26	0.20
hence	-0.26	0.46
result	-0.26	0.58
beer	-0.26	0.36
champagne	-0.26	0.38
vision	-0.26	0.57
associated	-0.26	0.40
consequently	-0.26	0.24
segregation	-0.26	0.25
clock	-0.25	0.16
sight	-0.25	0.50
temporary	-0.25	0.58
match	-0.25	0.22
western	-0.25	0.29
shaking	-0.25	0.76
sarah	-0.25	0.74
affairs	-0.25	0.19
valley	-0.25	0.17
bar	-0.25	0.31
hopes	-0.25	0.30
colleagues	-0.25	0.39
row	-0.25	0.68
persuade	-0.25	0.53
clearing	-0.25	0.19
effect	-0.25	0.35
arrangement	-0.25	0.48
essentially	-0.25	0.28
andy	-0.25	0.55
institutions	-0.25	0.71
jimmy	-0.25	0.70
crude	-0.24	0.81
developments	-0.24	0.49
affected	-0.24	0.91
larry	-0.24	0.48
care	-0.24	0.59
inquired	-0.24	0.43
miller	-0.24	0.36
formation	-0.24	0.26
bernard	-0.24	0.42
concept	-0.24	0.33
pack	-0.24	0.20
cont	-0.24	0.41
tom	-0.24	0.87
jones	-0.23	0.64
pipe	-0.23	0.22
eastern	-0.23	0.16
depend	-0.23	0.50
cover	-0.23	0.64
hole	-0.23	0.16
primitive	-0.23	0.20
jackie	-0.23	0.33
deliberately	-0.23	0.38
mabel	-0.23	0.56
claims	-0.23	0.20
blowing	-0.23	1.14
attorney	-0.23	0.28
mostly	-0.23	1.05
combat	-0.23	0.21
target	-0.23	0.17
waiter	-0.23	0.36
glass	-0.23	0.35
significance	-0.23	0.51
principles	-0.23	0.72
urge	-0.23	0.42
bother	-0.23	0.60
north	-0.23	0.15
gravity	-0.23	0.49
dim	-0.23	0.44
ashore	-0.23	0.13
brings	-0.22	0.16
slightly	-0.22	0.34
liberal	-0.22	0.24
blood	-0.22	0.55
crowd	-0.22	0.85
mama	-0.22	0.99
load	-0.22	0.19
northwest	-0.22	0.11
largely	-0.22	0.27
dealt	-0.22	0.25
thrown	-0.22	0.21
campaign	-0.22	0.16
pope	-0.22	0.76
pine	-0.22	0.83
nelson	-0.22	0.44
medicine	-0.22	0.34
tongue	-0.22	0.54
keeps	-0.22	0.50
phase	-0.22	0.22
resist	-0.22	0.33
despite	-0.22	0.44
police	-0.22	0.14
gaze	-0.22	0.41
sheriff	-0.21	0.29
hollow	-0.21	0.25
originally	-0.21	0.44
fire	-0.21	0.29
issues	-0.21	0.26
syria	-0.21	0.29
handling	-0.21	0.60
morris	-0.21	0.57
egg	-0.21	0.34
shells	-0.21	0.19
linen	-0.21	0.38
spiritual	-0.21	0.60
absorbed	-0.21	0.21
bannon	-0.21	0.39
freely	-0.21	0.56
positive	-0.21	0.97
certain	-0.21	0.57
lit	-0.21	0.33
papa	-0.21	1.32
humanity	-0.21	0.81
grabbed	-0.21	0.43
gross	-0.20	0.30
wealth	-0.20	0.56
suez	-0.20	0.11
fur	-0.20	0.51
same	-0.20	0.89
factors	-0.20	0.57
faintly	-0.20	0.57
shout	-0.20	0.77
split	-0.20	0.23
races	-0.20	0.17
roosevelt	-0.20	0.18
mountain	-0.20	0.17
different	-0.20	0.79
excuse	-0.20	0.71
seem	-0.20	0.69
asserted	-0.20	0.35
beneath	-0.20	0.62
tunnel	-0.20	0.17
coin	-0.20	0.79
derived	-0.20	0.49
somehow	-0.20	0.44
landing	-0.20	0.15
scores	-0.20	0.54
exclaimed	-0.20	0.86
money	-0.20	0.82
almost	-0.20	0.41
release	-0.20	0.20
dove	-0.20	0.42
stones	-0.20	0.27
border	-0.20	0.14
counsel	-0.20	0.23
discover	-0.20	0.44
channel	-0.20	0.25
lake	-0.20	0.21
jordan	-0.20	0.28
tests	-0.19	0.32
particular	-0.19	0.58
greece	-0.19	0.30
ones	-0.19	0.49
human	-0.19	0.64
knock	-0.19	0.24
unfortunately	-0.19	2.74
stake	-0.19	0.32
likewise	-0.19	0.16
ruled	-0.19	0.22
running	-0.19	0.62
jr	-0.19	0.72
psychological	-0.19	0.50
aimed	-0.19	0.47
dug	-0.19	0.24
identity	-0.19	0.24
uncle	-0.19	1.17
von	-0.19	0.34
guard	-0.19	0.16
true	-0.19	2.03
contributions	-0.19	0.72
ruling	-0.19	0.21
fade	-0.19	0.23
cigar	-0.19	0.21
bone	-0.18	0.48
whereas	-0.18	0.51
otherwise	-0.18	0.54
cave	-0.18	0.56
solve	-0.18	0.32
beat	-0.18	0.41
realized	-0.18	1.08
activity	-0.18	0.50
convinced	-0.18	0.91
supreme	-0.18	0.18
responsible	-0.18	0.33
bow	-0.18	0.21
marks	-0.18	0.50
agents	-0.18	0.25
definite	-0.18	0.66
pilot	-0.18	0.17
sofa	-0.18	0.55
reverse	-0.18	0.13
peoples	-0.18	0.30
withdrawal	-0.18	0.19
greatly	-0.18	0.66
foods	-0.18	0.36
circuit	-0.18	0.13
possibilities	-0.18	0.88
jump	-0.18	0.26
bunch	-0.18	0.91
frank	-0.18	0.62
wondered	-0.17	1.09
millions	-0.17	0.17
arose	-0.17	0.45
ridge	-0.17	0.25
harrison	-0.17	0.53
jerked	-0.17	0.38
tanks	-0.17	0.21
food	-0.17	0.43
india	-0.17	0.24
doctor	-0.17	0.54
removed	-0.17	0.16
iran	-0.17	0.20
islands	-0.17	0.13
woods	-0.17	0.38
malcolm	-0.17	0.60
fred	-0.17	0.47
instance	-0.17	0.59
wheels	-0.17	0.15
dumas	-0.17	0.56
stream	-0.17	0.31
fort	-0.17	0.28
repeat	-0.17	0.53
passengers	-0.17	0.10
florence	-0.17	0.66
elder	-0.17	0.92
premier	-0.16	0.19
craig	-0.16	0.62
earl	-0.16	1.12
france	-0.16	0.34
army	-0.16	0.19
flying	-0.16	0.23
connected	-0.16	0.46
approaching	-0.16	0.13
decide	-0.16	0.47
headed	-0.16	0.28
offensive	-0.16	0.32
henry	-0.16	1.12
un	-0.16	0.22
harry	-0.16	0.44
adam	-0.16	0.39
cops	-0.16	0.64
jonathan	-0.16	0.41
mood	-0.16	0.74
idea	-0.16	0.59
buck	-0.16	0.58
wallace	-0.16	0.23
county	-0.16	0.20
egypt	-0.16	0.28
marshall	-0.16	0.22
stick	-0.16	0.53
creek	-0.16	0.19
dear	-0.16	1.91
sea	-0.15	0.31
straw	-0.15	0.36
canada	-0.15	0.28
gang	-0.15	0.47
shore	-0.15	0.17
virtually	-0.15	0.62
sexual	-0.15	0.70
holes	-0.15	0.19
pushing	-0.15	0.67
gates	-0.15	0.18
factor	-0.15	0.71
aim	-0.15	0.51
boats	-0.15	0.17
eddie	-0.15	0.62
situations	-0.15	0.69
punch	-0.15	0.20
changes	-0.15	0.31
flame	-0.15	0.36
handle	-0.15	0.50
transfer	-0.15	0.09
south	-0.15	0.12
hundreds	-0.15	0.20
states	-0.15	0.24
turkey	-0.15	0.29
united	-0.15	0.22
child	-0.15	2.02
pile	-0.15	0.22
civil	-0.15	0.30
warp	-0.15	0.13
gulf	-0.14	0.16
financial	-0.14	0.29
champion	-0.14	0.19
practically	-0.14	0.61
pending	-0.14	0.24
express	-0.14	1.06
crew	-0.14	0.19
travis	-0.14	0.34
aloud	-0.14	0.63
moral	-0.14	0.42
murray	-0.14	0.62
missing	-0.14	0.45
drivers	-0.14	0.12
tent	-0.14	0.23
voyage	-0.14	0.19
bob	-0.14	0.46
matt	-0.14	0.29
vitamin	-0.14	0.21
dock	-0.14	0.11
determine	-0.14	0.63
lewis	-0.14	0.54
cairo	-0.14	0.16
arthur	-0.14	0.30
edith	-0.14	0.81
integration	-0.14	0.17
european	-0.14	0.31
danny	-0.14	0.61
dig	-0.14	0.19
ended	-0.14	0.23
boots	-0.14	0.56
happens	-0.14	0.65
future	-0.14	0.44
total	-0.14	0.31
socialist	-0.14	0.27
countries	-0.14	0.24
river	-0.14	0.19
age	-0.14	1.12
repeated	-0.14	0.52
collins	-0.14	0.27
lawyers	-0.14	0.19
wing	-0.14	0.18
churchill	-0.14	0.18
stopping	-0.14	0.26
denied	-0.14	0.20
cape	-0.13	0.27
differences	-0.13	0.28
sailed	-0.13	0.16
lead	-0.13	0.23
veteran	-0.13	0.45
republic	-0.13	0.34
waters	-0.13	0.26
europe	-0.13	0.25
rocky	-0.13	0.13
canvas	-0.13	0.19
aboard	-0.13	0.14
louis	-0.13	0.54
vessel	-0.13	0.14
hack	-0.13	0.14
dam	-0.13	0.17
particularly	-0.13	0.52
greek	-0.13	0.32
related	-0.13	0.30
era	-0.13	0.27
rapid	-0.13	0.49
harris	-0.13	0.39
admitted	-0.13	0.43
agent	-0.13	0.13
landed	-0.12	0.12
decision	-0.12	0.19
subject	-0.12	0.24
b	-0.12	0.36
flung	-0.12	0.28
matters	-0.12	0.23
expedition	-0.12	0.12
bathroom	-0.12	0.27
lock	-0.12	0.14
uses	-0.12	0.56
bridges	-0.12	0.09
lost	-0.12	0.24
calmly	-0.12	0.38
guns	-0.12	0.14
layer	-0.12	0.50
legislation	-0.12	0.35
kept	-0.12	0.58
movement	-0.12	0.26
harbor	-0.12	0.17
cargo	-0.12	0.11
involve	-0.12	0.33
system	-0.12	0.31
arkansas	-0.12	0.17
somewhere	-0.12	0.53
telling	-0.12	0.86
strategy	-0.11	0.35
andrew	-0.11	0.68
beach	-0.11	0.21
director	-0.11	0.30
inflation	-0.11	0.26
quickly	-0.11	0.27
inside	-0.11	0.14
steve	-0.11	0.37
surprising	-0.11	2.04
movements	-0.11	0.44
prew	-0.11	0.69
rigid	-0.11	0.36
canal	-0.11	0.14
port	-0.11	0.14
tied	-0.11	0.20
bars	-0.11	0.12
x	-0.11	0.29
beam	-0.11	0.31
safely	-0.11	0.46
three	-0.11	0.37
quick	-0.11	0.63
four	-0.11	0.37
merchant	-0.11	0.55
proudly	-0.11	0.38
justice	-0.11	0.27
em	-0.11	0.65
form	-0.11	0.33
shell	-0.11	0.19
disclosed	-0.11	0.21
fuel	-0.11	0.27
term	-0.11	0.24
congressional	-0.11	0.22
reach	-0.10	0.28
stone	-0.10	0.21
shadow	-0.10	0.66
district	-0.10	0.14
female	-0.10	0.69
sticks	-0.10	0.17
vessels	-0.10	0.16
barn	-0.10	0.34
patrol	-0.10	0.13
li	-0.10	0.52
connection	-0.10	0.27
veterans	-0.10	0.33
make	-0.10	0.35
dramatic	-0.10	0.96
cameron	-0.10	0.30
grown	-0.10	0.71
chairman	-0.10	0.33
ship	-0.10	0.15
push	-0.10	0.30
clark	-0.10	0.46
sail	-0.10	0.24
formerly	-0.10	0.11
h	-0.10	0.48
tactics	-0.10	0.29
threw	-0.10	0.24
cocktail	-0.10	0.36
rolling	-0.10	0.20
based	-0.10	0.50
bowers	-0.10	0.59
perhaps	-0.10	0.66
coast	-0.10	0.13
engines	-0.10	0.19
ocean	-0.10	0.31
policies	-0.10	0.30
necessity	-0.10	0.31
steadily	-0.09	0.63
passion	-0.09	1.88
breath	-0.09	0.38
ashton	-0.09	0.71
nurse	-0.09	0.82
apparently	-0.09	0.48
faster	-0.09	0.78
ships	-0.09	0.15
cigarette	-0.09	0.22
issue	-0.09	0.21
pacific	-0.09	0.15
langley	-0.09	0.71
boards	-0.09	0.20
fishing	-0.09	0.21
closing	-0.09	0.16
seek	-0.09	0.46
o	-0.09	0.50
med	-0.09	0.15
french	-0.09	0.24
caught	-0.09	0.44
dealing	-0.09	0.27
pitch	-0.09	0.17
experiments	-0.09	0.24
ladder	-0.09	0.14
al	-0.09	0.49
switch	-0.09	0.12
apt	-0.09	0.75
scientists	-0.09	0.23
canyon	-0.09	0.16
senate	-0.09	0.18
signal	-0.09	0.18
questioned	-0.09	0.29
cabin	-0.09	0.22
brush	-0.09	0.42
wade	-0.09	0.58
gate	-0.09	0.19
racing	-0.09	0.17
carriage	-0.09	0.17
imagine	-0.09	0.77
northern	-0.09	0.12
motion	-0.08	0.19
draw	-0.08	0.28
saw	-0.08	0.88
robbie	-0.08	0.88
firing	-0.08	0.18
law	-0.08	0.36
p	-0.08	0.47
zelma	-0.08	0.48
fog	-0.08	0.66
interrupted	-0.08	0.69
outside	-0.08	0.16
continuing	-0.08	0.26
origin	-0.08	0.25
each	-0.08	0.35
quit	-0.08	0.84
philosophy	-0.08	0.37
plane	-0.08	0.22
statements	-0.08	0.12
wood	-0.08	0.30
pair	-0.08	0.50
jay	-0.08	0.52
view	-0.08	0.25
winston	-0.08	0.23
voice	-0.08	0.68
britain	-0.08	0.28
v	-0.08	0.64
stephen	-0.08	0.50
forth	-0.08	0.23
prentiss	-0.08	0.71
slope	-0.08	0.15
spain	-0.08	0.54
shortage	-0.08	0.20
committee	-0.08	0.18
demanded	-0.08	0.52
fish	-0.08	0.36
british	-0.08	0.16
doors	-0.08	0.14
showed	-0.07	0.61
speed	-0.07	0.60
senator	-0.07	0.18
louise	-0.07	0.42
farther	-0.07	0.28
these	-0.07	0.41
eden	-0.07	0.20
ralph	-0.07	0.58
cleared	-0.07	0.24
changing	-0.07	0.31
environment	-0.07	0.65
joseph	-0.07	0.73
fence	-0.07	0.30
bible	-0.07	0.64
resigned	-0.07	0.17
species	-0.07	0.16
earth	-0.07	0.27
fired	-0.07	0.17
alexander	-0.07	0.80
aspects	-0.07	0.29
yards	-0.07	0.19
break	-0.07	0.30
sacrifice	-0.07	0.51
roy	-0.07	0.42
directly	-0.07	0.23
primarily	-0.07	0.29
bet	-0.07	0.73
neighbors	-0.07	0.60
clay	-0.07	0.29
capitol	-0.07	0.10
jane	-0.07	0.87
policy	-0.07	0.28
replaced	-0.07	0.61
shoes	-0.07	0.54
ai	-0.07	0.64
walter	-0.07	0.56
harold	-0.07	0.58
sedrick	-0.07	0.48
bridge	-0.07	0.10
truman	-0.06	0.12
cake	-0.06	0.40
strategic	-0.06	0.26
item	-0.06	0.22
smallwood	-0.06	0.48
hanging	-0.06	0.19
middle	-0.06	0.14
roll	-0.06	0.20
heels	-0.06	0.25
points	-0.06	0.27
principle	-0.06	0.36
jerry	-0.06	0.47
kinds	-0.06	0.38
finally	-0.06	0.38
least	-0.06	0.39
woman	-0.06	1.73
commerce	-0.06	0.29
himself	-0.06	0.35
recall	-0.06	0.38
train	-0.06	0.17
visible	-0.06	0.26
s	-0.06	0.43
region	-0.06	0.08
argument	-0.06	0.24
most	-0.06	0.46
archbishop	-0.06	0.84
smith	-0.06	0.60
robert	-0.06	0.68
africa	-0.06	0.16
reference	-0.06	0.26
d	-0.06	0.39
lumber	-0.06	0.19
produced	-0.06	0.31
covers	-0.06	0.22
poured	-0.06	0.38
l	-0.06	0.47
whether	-0.06	0.50
returns	-0.06	0.22
throwing	-0.06	0.24
t	-0.06	0.47
recalled	-0.06	0.55
hastily	-0.06	0.18
brother	-0.06	1.23
william	-0.06	0.66
rolled	-0.06	0.20
continent	-0.05	0.15
rode	-0.05	0.23
r	-0.05	0.43
ambassador	-0.05	0.22
swung	-0.05	0.27
ii	-0.05	0.77
open	-0.05	0.14
floor	-0.05	0.20
w	-0.05	0.45
direction	-0.05	0.18
nearest	-0.05	0.15
suggestion	-0.05	0.20
wilson	-0.05	0.43
alike	-0.05	0.26
senators	-0.05	0.16
beef	-0.05	0.42
reckon	-0.05	0.60
orleans	-0.05	0.24
enterprise	-0.05	0.63
deputy	-0.05	0.38
southern	-0.05	0.14
emphasis	-0.05	0.25
italian	-0.05	0.26
backed	-0.05	0.19
upward	-0.05	0.18
johnson	-0.05	0.30
general	-0.05	0.32
concentrated	-0.05	0.47
theory	-0.05	0.31
canadian	-0.05	0.19
thomas	-0.05	0.69
nearly	-0.05	0.29
fill	-0.05	0.21
philippa	-0.05	0.62
confined	-0.05	0.14
passes	-0.05	0.13
end	-0.05	0.17
lane	-0.05	0.13
forgotten	-0.05	0.51
pockets	-0.05	0.28
historic	-0.05	0.31
imported	-0.05	0.12
teeth	-0.05	0.24
admit	-0.05	0.50
extension	-0.05	0.15
paul	-0.05	0.50
pulling	-0.05	0.28
representative	-0.05	0.34
status	-0.05	0.44
farmer	-0.05	0.72
climb	-0.05	0.09
mounted	-0.04	0.25
cold	-0.04	1.08
island	-0.04	0.12
fewer	-0.04	0.39
cut	-0.04	0.24
jacket	-0.04	0.46
abandoned	-0.04	0.15
several	-0.04	0.37
milk	-0.04	0.38
tape	-0.04	0.15
phrase	-0.04	0.55
questions	-0.04	0.21
spare	-0.04	0.22
hook	-0.04	0.16
beck	-0.04	0.23
kentucky	-0.04	0.15
consists	-0.04	0.24
commonwealth	-0.04	0.19
ran	-0.04	0.37
salt	-0.04	0.48
king	-0.04	1.08
forest	-0.04	0.38
climbing	-0.04	0.17
rand	-0.04	0.22
rail	-0.04	0.10
sylvia	-0.04	0.50
ray	-0.04	0.41
minor	-0.04	0.55
newsmen	-0.04	0.10
net	-0.04	0.33
reaction	-0.04	0.49
closet	-0.04	0.16
discussing	-0.04	0.26
franklin	-0.04	0.44
climbed	-0.04	0.17
find	-0.04	0.57
medical	-0.04	0.60
pierre	-0.04	0.36
comment	-0.04	0.18
bud	-0.04	0.49
powell	-0.04	0.37
door	-0.04	0.16
purely	-0.04	0.32
peter	-0.04	0.65
virginia	-0.04	0.22
bay	-0.04	0.14
opened	-0.04	0.17
fat	-0.04	0.78
often	-0.04	0.74
burning	-0.04	0.46
democrat	-0.04	0.17
tony	-0.04	0.79
laurel	-0.04	0.38
dropping	-0.04	0.13
central	-0.04	0.12
few	-0.04	0.31
james	-0.04	0.75
swing	-0.04	0.28
divisions	-0.04	0.22
rule	-0.04	0.36
sleep	-0.04	0.36
winning	-0.03	0.12
meanwhile	-0.03	0.22
planes	-0.03	0.26
represents	-0.03	0.33
departure	-0.03	0.35
throat	-0.03	0.73
douglas	-0.03	0.34
dispute	-0.03	0.23
dan	-0.03	0.21
officer	-0.03	0.29
seven	-0.03	0.29
smell	-0.03	0.87
toward	-0.03	0.23
five	-0.03	0.30
reporters	-0.03	0.17
twelve	-0.03	0.29
thirteen	-0.03	0.29
gasoline	-0.03	0.22
seventeen	-0.03	0.29
starting	-0.03	0.23
sixteen	-0.03	0.29
issued	-0.03	0.11
eighteen	-0.03	0.29
rocket	-0.03	0.29
wooden	-0.03	0.23
prime	-0.03	0.21
eight	-0.03	0.29
woke	-0.03	0.49
herbert	-0.03	0.36
fleet	-0.03	0.15
indicated	-0.03	0.32
nine	-0.03	0.29
begin	-0.03	0.26
choice	-0.03	0.25
australia	-0.03	0.52
motor	-0.03	0.19
trousers	-0.03	0.55
election	-0.03	0.16
various	-0.03	0.44
n	-0.03	0.47
close	-0.03	0.18
element	-0.03	0.33
fauna	-0.03	0.12
african	-0.03	0.17
platform	-0.03	0.12
fifteen	-0.03	0.29
parallel	-0.03	0.16
route	-0.03	0.06
paint	-0.03	0.47
sleeping	-0.03	0.43
committees	-0.02	0.18
ten	-0.02	0.29
leaders	-0.02	0.14
argued	-0.02	0.32
former	-0.02	0.64
history	-0.02	0.27
albert	-0.02	0.62
jack	-0.02	0.72
sam	-0.02	0.48
cross	-0.02	0.53
slipped	-0.02	0.28
six	-0.02	0.29
dozen	-0.02	0.30
commissioner	-0.02	0.20
c	-0.02	0.35
america	-0.02	0.17
eisenhower	-0.02	0.10
difference	-0.02	0.70
shall	-0.02	0.46
road	-0.02	0.10
continental	-0.02	0.19
rolls	-0.02	0.26
again	-0.02	0.50
nt	-0.02	0.85
gazed	-0.02	0.28
georgia	-0.02	0.29
fourteen	-0.02	0.29
john	-0.02	0.67
everybody	-0.02	0.88
throne	-0.02	1.07
kennedy	-0.02	0.17
forty	-0.02	0.28
statement	-0.02	0.11
stand	-0.02	0.31
raw	-0.02	0.26
walking	-0.02	0.26
story	-0.02	0.22
establish	-0.02	0.65
ward	-0.02	0.57
missiles	-0.02	0.29
concrete	-0.02	0.19
thirty	-0.02	0.29
gordon	-0.02	0.52
evidently	-0.02	0.42
joe	-0.02	0.67
meat	-0.02	0.49
nurses	-0.02	0.45
twenty	-0.02	0.28
resignation	-0.02	0.32
automatically	-0.02	0.11
e	-0.02	0.43
losing	-0.02	0.30
eleven	-0.02	0.29
evidence	-0.02	0.24
philadelphia	-0.02	0.23
acheson	-0.02	0.14
assistant	-0.02	0.42
producing	-0.01	0.30
surface	-0.01	0.32
peggy	-0.01	0.48
backward	-0.01	0.22
parts	-0.01	0.09
mount	-0.01	0.18
object	-0.01	0.21
responsibility	-0.01	0.31
warned	-0.01	0.38
remarks	-0.01	0.20
congress	-0.01	0.19
friend	-0.01	1.29
automobile	-0.01	0.20
brick	-0.01	0.18
minister	-0.01	0.20
atlantic	-0.01	0.27
shelter	-0.01	0.13
taft	-0.01	0.10
coming	-0.01	0.56
got	-0.01	0.73
appointed	-0.01	0.14
humphrey	-0.01	0.18
sidewalk	-0.01	0.13
parliament	-0.01	0.29
describe	-0.01	0.48
legal	-0.01	0.20
miles	-0.01	0.18
tank	-0.01	0.17
mississippi	-0.01	0.17
guys	-0.01	0.96
slid	-0.01	0.27
drives	-0.01	0.12
mission	-0.01	0.17
gov	-0.01	0.19
map	-0.01	0.13
peculiar	-0.01	1.13
every	-0.01	0.29
systems	-0.01	0.24
hits	-0.01	0.15
jeep	-0.01	0.12
nixon	-0.01	0.10
hoddan	-0.01	0.34
official	-0.01	0.10
period	-0.01	0.15
counted	-0.01	0.14
harriman	-0.01	0.11
f	-0.01	0.48
ike	-0.01	0.14
question	-0.01	0.25
missouri	-0.01	0.14
hundred	-0.01	0.28
rock	-0.01	0.21
positions	-0.00	0.15
including	-0.00	0.30
organized	-0.00	0.18
pitcher	-0.00	0.15
tropical	-0.00	0.13
leading	-0.00	0.64
getting	-0.00	0.89
louisiana	-0.00	0.16
fishes	-0.00	0.12
sixty	-0.00	0.27
fanny	-0.00	0.93
lighted	-0.00	0.33
towards	-0.00	0.17
turning	-0.00	0.63
aspect	-0.00	0.27
drove	-0.00	0.18
sank	-0.00	0.29
along	-0.00	0.17
associate	-0.00	0.41
tray	-0.00	0.39
walked	0.00	0.30
anthony	0.00	0.25
entrance	0.00	0.10
led	0.00	0.21
collective	0.00	0.35
distance	0.00	0.22
aye	0.00	0.76
regulation	0.00	0.34
speeches	0.00	0.17
demands	0.00	0.19
etc	0.00	0.52
democrats	0.00	0.12
bottom	0.00	0.19
cress	0.00	0.65
thousand	0.00	0.27
signs	0.00	0.50
freight	0.00	0.19
deal	0.00	0.91
substance	0.00	0.49
regions	0.00	0.08
remaining	0.00	0.23
republican	0.00	0.11
captain	0.00	0.37
foreign	0.00	0.15
tennessee	0.00	0.20
duke	0.00	1.02
electricity	0.00	0.33
dulles	0.00	0.15
lodge	0.01	0.18
moving	0.01	0.26
cultural	0.01	0.33
grinned	0.01	0.55
curb	0.01	0.12
friends	0.01	1.02
m	0.01	0.39
provisions	0.01	0.37
thoroughly	0.01	0.57
governor	0.01	0.11
observed	0.01	0.53
warren	0.01	0.47
wisconsin	0.01	0.15
debate	0.01	0.14
abraham	0.01	0.49
started	0.01	0.33
reported	0.01	0.16
alaska	0.01	0.15
railroad	0.01	0.21
cab	0.01	0.16
alfred	0.01	0.45
morgan	0.01	0.43
grounds	0.01	0.24
catherine	0.01	1.05
highway	0.01	0.07
thinking	0.01	0.67
suit	0.01	0.54
thought	0.01	0.83
fly	0.01	0.19
observe	0.01	0.71
president	0.01	0.13
affect	0.01	0.84
williams	0.01	0.62
secretary	0.01	0.27
attempts	0.01	0.30
stevenson	0.01	0.09
arguments	0.01	0.22
dad	0.01	0.67
cliff	0.01	0.16
carolina	0.01	0.15
mile	0.01	0.11
flew	0.01	0.19
many	0.01	0.29
emperor	0.01	0.78
conclusion	0.01	0.29
votes	0.01	0.16
argue	0.02	0.34
supplied	0.02	0.19
similar	0.02	0.50
fifty	0.02	0.27
nato	0.02	0.28
stopped	0.02	0.37
laughed	0.02	0.71
driving	0.02	0.10
railway	0.02	0.22
gas	0.02	0.33
generations	0.02	0.60
government	0.02	0.18
buy	0.02	0.16
extent	0.02	0.24
world	0.02	0.41
staff	0.02	0.15
g	0.02	0.46
re	0.02	0.29
plot	0.02	0.51
hospitals	0.02	0.55
results	0.02	0.32
martin	0.02	0.49
loudly	0.02	0.64
series	0.02	0.26
kingdom	0.02	0.78
decade	0.02	0.24
point	0.02	0.32
opening	0.02	0.14
elections	0.02	0.16
hurried	0.02	0.35
hung	0.02	0.20
covering	0.02	0.19
citizens	0.02	0.21
gavin	0.02	0.74
carefully	0.02	0.19
passed	0.02	0.16
trains	0.02	0.19
attempt	0.02	0.32
dedicated	0.02	0.69
single	0.02	0.67
marine	0.02	0.19
whenever	0.02	0.53
republicans	0.02	0.11
seeking	0.02	0.30
formula	0.02	0.29
pull	0.02	0.20
dewey	0.02	0.10
chiefs	0.02	0.17
ticket	0.02	0.10
occurs	0.02	0.18
steam	0.02	0.44
bill	0.02	0.21
hill	0.02	0.19
dress	0.02	0.54
division	0.02	0.12
leather	0.02	0.39
very	0.03	0.55
oldest	0.03	0.95
units	0.03	0.16
field	0.03	0.17
declared	0.03	0.35
elevator	0.03	0.17
type	0.03	0.67
legislative	0.03	0.20
sidney	0.03	0.62
coach	0.03	0.24
presidency	0.03	0.13
cabinet	0.03	0.13
armistice	0.03	0.22
jackson	0.03	0.59
passenger	0.03	0.19
centuries	0.03	0.24
embassy	0.03	0.15
current	0.03	0.32
missile	0.03	0.32
pulled	0.03	0.25
rubber	0.03	0.26
cleveland	0.03	0.24
adult	0.03	0.69
winner	0.03	0.22
ile	0.03	0.35
twice	0.03	0.25
smart	0.03	1.88
outcome	0.03	0.72
controlled	0.03	0.75
alan	0.03	0.46
chase	0.03	0.23
officers	0.03	0.24
ride	0.03	0.26
rose	0.03	0.26
bed	0.03	0.37
replied	0.03	0.52
experiment	0.03	0.27
democratic	0.03	0.11
throws	0.03	0.22
driver	0.03	0.14
area	0.03	0.11
examination	0.03	0.21
depends	0.03	0.28
impressed	0.03	1.21
falls	0.03	0.21
base	0.03	0.15
corps	0.03	0.16
tie	0.03	0.26
whole	0.03	0.19
within	0.03	0.20
stevens	0.03	0.19
cup	0.03	0.34
bath	0.03	0.76
davis	0.03	0.49
reduce	0.03	0.26
london	0.03	0.18
burr	0.03	0.37
chosen	0.03	0.66
passage	0.04	0.14
wind	0.04	0.79
crossing	0.04	0.22
massachusetts	0.04	0.26
lancelot	0.04	0.31
commission	0.04	0.18
mr	0.04	0.48
tendency	0.04	0.26
flight	0.04	0.21
dutch	0.04	0.16
military	0.04	0.23
loaded	0.04	0.06
facts	0.04	0.25
midst	0.04	0.29
wagon	0.04	0.24
nearby	0.04	0.18
activities	0.04	0.26
therefore	0.04	0.37
grow	0.04	0.33
lucas	0.04	0.37
neutral	0.04	0.27
chief	0.04	0.35
giving	0.04	0.44
register	0.04	0.12
feet	0.04	0.19
years	0.04	0.28
throw	0.04	0.28
lands	0.04	0.56
bus	0.04	0.08
wings	0.04	0.31
reply	0.04	0.25
nations	0.04	0.24
altogether	0.04	0.51
margin	0.04	0.24
legislature	0.04	0.14
vice	0.04	0.29
ahead	0.04	0.75
parade	0.04	0.17
samuel	0.04	0.45
thrust	0.04	0.31
authorities	0.04	0.16
qualified	0.04	0.23
truce	0.04	0.21
ago	0.04	0.27
words	0.04	0.51
forgot	0.04	0.54
recent	0.04	0.32
amendment	0.04	0.31
truck	0.04	0.09
illinois	0.04	0.15
lora	0.04	0.52
stolen	0.04	0.48
sections	0.04	0.15
step	0.04	0.26
gives	0.04	0.31
hoover	0.04	0.11
roof	0.04	0.21
posts	0.04	0.10
howard	0.05	0.54
possession	0.05	0.63
queens	0.05	0.11
pa	0.05	0.57
usually	0.05	0.69
frowned	0.05	0.46
recommendations	0.05	0.17
approach	0.05	0.31
grandfather	0.05	1.35
delegation	0.05	0.11
y	0.05	0.49
snow	0.05	0.70
texas	0.05	0.17
conclusions	0.05	0.25
message	0.05	0.16
assembly	0.05	0.12
grain	0.05	0.30
dishes	0.05	0.70
swallowed	0.05	0.33
bringing	0.05	0.40
sheets	0.05	0.22
counter	0.05	0.21
succeeded	0.05	0.62
vote	0.05	0.12
presidential	0.05	0.10
cars	0.05	0.11
hesitated	0.05	0.52
referred	0.05	0.36
below	0.05	0.12
reduction	0.05	0.21
richard	0.05	1.05
accepting	0.05	0.21
mayor	0.05	0.12
hey	0.05	0.66
regulations	0.05	0.40
shirt	0.05	0.49
wire	0.05	0.15
luke	0.05	0.36
preliminary	0.05	0.26
natural	0.05	0.57
iii	0.05	1.06
straightened	0.05	0.39
pittsburgh	0.05	0.23
extend	0.05	0.11
admiral	0.05	0.28
announced	0.05	0.27
deeper	0.05	0.33
taxi	0.05	0.09
command	0.05	0.18
ellis	0.05	0.33
social	0.05	0.33
drawer	0.05	0.15
range	0.05	0.22
closed	0.05	0.22
obvious	0.05	0.74
max	0.05	0.53
drop	0.06	0.16
shops	0.06	0.10
indiana	0.06	0.15
onto	0.06	0.14
candy	0.06	0.19
upper	0.06	0.13
located	0.06	0.16
such	0.06	0.67
hold	0.06	0.33
reasons	0.06	0.30
minutes	0.06	0.24
seconds	0.06	0.21
confident	0.06	2.41
explaining	0.06	0.45
theories	0.06	0.31
instructions	0.06	0.15
assumption	0.06	0.34
commented	0.06	0.51
pilots	0.06	0.20
pen	0.06	0.29
candidate	0.06	0.11
blanket	0.06	0.23
ears	0.06	0.30
ranch	0.06	0.21
faith	0.06	0.81
delegates	0.06	0.10
transport	0.06	0.19
approximately	0.06	0.21
sheer	0.06	0.67
roads	0.06	0.08
warden	0.06	0.60
sailors	0.06	0.35
took	0.06	0.26
railroads	0.06	0.23
logic	0.06	0.33
clerk	0.06	0.20
streets	0.06	0.19
auto	0.06	0.21
representatives	0.06	0.12
plan	0.06	0.20
meals	0.06	0.73
advance	0.06	0.27
person	0.06	0.53
stores	0.06	0.13
counting	0.06	0.16
concerning	0.06	0.27
windows	0.06	0.16
candidates	0.06	0.12
voters	0.06	0.10
began	0.06	0.33
party	0.06	0.16
leader	0.06	0.12
risen	0.06	0.20
taxes	0.06	0.25
marshal	0.06	0.48
suggests	0.06	0.24
baby	0.06	1.27
distributed	0.06	0.13
satisfaction	0.06	1.25
czar	0.06	0.56
stairs	0.07	0.14
fiscal	0.07	0.20
scientist	0.07	0.13
wishes	0.07	0.42
team	0.07	0.15
spanish	0.07	0.22
spread	0.07	0.16
existing	0.07	0.22
civilian	0.07	0.14
boston	0.07	0.21
dick	0.07	0.62
kansas	0.07	0.15
opposed	0.07	0.21
thus	0.07	0.29
state	0.07	0.13
live	0.07	0.57
centers	0.07	0.21
retired	0.07	0.24
came	0.07	0.40
expenditures	0.07	0.22
apart	0.07	0.21
tube	0.07	0.23
anderson	0.07	0.36
floating	0.07	0.68
slight	0.07	0.73
softly	0.07	0.77
scenes	0.07	0.20
shot	0.07	0.11
rod	0.07	0.20
graham	0.07	0.47
blocks	0.07	0.10
lift	0.07	0.23
sighed	0.07	0.46
represented	0.07	0.19
voted	0.07	0.12
seems	0.07	0.50
operator	0.07	0.25
benson	0.07	0.19
saving	0.07	0.15
report	0.07	0.11
initial	0.07	0.20
pushed	0.07	0.32
quantities	0.07	0.22
reputation	0.07	0.52
divided	0.07	0.17
rings	0.07	0.45
slip	0.07	0.16
commander	0.07	0.25
ohio	0.07	0.16
detective	0.07	0.15
joint	0.07	0.12
recorded	0.07	0.52
rifle	0.07	0.13
engineers	0.07	0.17
tour	0.07	0.12
shook	0.07	0.54
individual	0.08	0.28
conservative	0.08	0.20
stole	0.08	0.44
appropriations	0.08	0.15
remarked	0.08	0.53
process	0.08	0.21
beyond	0.08	0.18
houston	0.08	0.25
frederick	0.08	0.61
drew	0.08	0.25
abroad	0.08	0.09
pole	0.08	0.21
lawyer	0.08	0.40
operation	0.08	0.23
half	0.08	0.23
resolution	0.08	0.16
convention	0.08	0.10
squad	0.08	0.66
across	0.08	0.14
coffee	0.08	0.43
interpretation	0.08	0.29
window	0.08	0.14
connecticut	0.08	0.16
explained	0.08	0.53
board	0.08	0.12
hoped	0.08	0.87
travel	0.08	0.11
begins	0.08	0.23
shy	0.08	1.10
jersey	0.08	0.13
restaurant	0.08	0.39
minute	0.08	0.36
pointed	0.08	0.46
sherry	0.08	0.45
amounts	0.08	0.19
rooms	0.08	0.21
dropped	0.08	0.22
wear	0.08	0.59
detroit	0.08	0.20
constitutional	0.08	0.34
involved	0.08	0.40
settle	0.08	0.25
lieutenant	0.08	0.30
relation	0.08	0.77
california	0.08	0.16
baltimore	0.08	0.22
account	0.08	0.23
gibbs	0.08	0.33
pennsylvania	0.08	0.15
confirmed	0.08	0.20
suggest	0.08	0.28
publisher	0.08	0.32
asked	0.08	0.58
department	0.08	0.11
front	0.08	0.14
answered	0.08	0.54
officials	0.08	0.09
proposals	0.08	0.12
special	0.09	0.68
filed	0.09	0.19
pieces	0.09	0.28
together	0.09	0.44
navy	0.09	0.19
katherine	0.09	0.72
position	0.09	0.23
pete	0.09	0.60
answering	0.09	0.29
deny	0.09	0.49
drive	0.09	0.14
visiting	0.09	0.44
league	0.09	0.13
colorado	0.09	0.16
answers	0.09	0.14
considering	0.09	0.33
summit	0.09	0.13
things	0.09	0.77
skirt	0.09	0.48
shifted	0.09	0.11
oscar	0.09	0.50
nomination	0.09	0.12
name	0.09	1.16
tossed	0.09	0.19
urged	0.09	0.32
percent	0.09	0.20
transportation	0.09	0.10
sink	0.09	0.54
culture	0.09	0.31
partner	0.09	0.44
bags	0.09	0.24
scarcely	0.09	0.86
tennis	0.09	0.21
moses	0.09	0.35
american	0.09	0.15
parker	0.09	0.53
generally	0.09	0.44
organizations	0.09	0.21
iowa	0.09	0.21
breakfast	0.09	0.79
numerous	0.09	0.26
failed	0.09	0.36
headquarters	0.10	0.12
speaker	0.10	0.21
electrical	0.10	0.22
brooklyn	0.10	0.12
through	0.10	0.22
shrugged	0.10	0.43
provision	0.10	0.30
member	0.10	0.16
accustomed	0.10	0.70
indeed	0.10	0.59
personality	0.10	0.32
passing	0.10	0.14
gloves	0.10	0.47
finish	0.10	0.35
michigan	0.10	0.16
constitution	0.10	0.47
discuss	0.10	0.18
lincoln	0.10	0.36
hot	0.10	1.23
paused	0.10	0.43
button	0.10	0.24
delegate	0.10	0.12
esther	0.10	0.74
measure	0.10	0.20
tower	0.10	0.20
robinson	0.10	0.22
alley	0.10	0.17
naval	0.10	0.21
york	0.10	0.13
discussed	0.10	0.31
staring	0.10	0.26
profits	0.10	0.30
conducted	0.10	0.18
glanced	0.10	0.52
acted	0.10	0.54
diplomatic	0.10	0.26
slept	0.10	0.44
carl	0.10	0.29
ministers	0.10	0.11
distribution	0.10	0.10
picking	0.10	0.43
planet	0.10	0.21
muscles	0.10	0.58
soup	0.10	0.61
spokesman	0.10	0.10
faded	0.10	0.35
doll	0.10	0.97
recommended	0.10	0.16
watched	0.10	0.47
handed	0.10	0.25
telephone	0.10	0.29
fires	0.10	0.42
contains	0.10	0.21
proposed	0.10	0.15
went	0.10	0.34
florida	0.10	0.15
interests	0.10	0.27
aircraft	0.10	0.24
cost	0.10	0.20
importance	0.10	0.34
du	0.10	0.27
number	0.11	0.22
angeles	0.11	0.22
adopted	0.11	0.22
top	0.11	0.18
request	0.11	0.15
agencies	0.11	0.23
subjects	0.11	0.29
russell	0.11	0.18
advantage	0.11	0.62
session	0.11	0.11
promises	0.11	0.59
elsewhere	0.11	0.50
score	0.11	0.16
individuals	0.11	0.56
jet	0.11	0.26
games	0.11	0.16
council	0.11	0.11
protect	0.11	0.70
street	0.11	0.14
celia	0.11	0.51
checked	0.11	0.21
distinct	0.11	0.27
compared	0.11	0.24
crossed	0.11	0.15
roughly	0.11	0.22
corridor	0.11	0.15
revenue	0.11	0.21
proposal	0.11	0.14
shipping	0.11	0.12
roles	0.11	0.70
coat	0.11	0.39
furthermore	0.11	0.67
experts	0.11	0.18
still	0.11	0.33
glances	0.11	0.24
stepped	0.11	0.35
parking	0.11	0.20
parties	0.11	0.11
community	0.11	0.33
chamber	0.11	0.10
apply	0.11	0.27
universal	0.11	0.93
pact	0.11	0.30
space	0.11	0.16
putting	0.11	0.31
rural	0.11	0.30
names	0.11	0.52
administration	0.11	0.18
pillow	0.11	0.31
master	0.11	0.65
yeah	0.12	0.67
wall	0.12	0.18
sources	0.12	0.17
wholly	0.12	0.46
yesterday	0.12	0.12
faces	0.12	0.23
appear	0.12	0.24
inches	0.12	0.18
villages	0.12	0.24
chain	0.12	0.15
today	0.12	0.12
servant	0.12	0.75
added	0.12	0.39
hall	0.12	0.15
ivanhoe	0.12	0.30
delivered	0.12	0.11
income	0.12	0.24
wore	0.12	0.56
federal	0.12	0.26
country	0.12	0.19
regard	0.12	0.62
bases	0.12	0.21
bush	0.12	0.42
controls	0.12	0.25
mirror	0.12	0.16
prince	0.12	1.11
swinging	0.12	0.18
restrictions	0.12	0.29
indication	0.12	0.28
character	0.12	0.34
insist	0.12	0.27
pro	0.12	0.16
contain	0.12	0.22
tax	0.12	0.20
placed	0.12	0.11
empty	0.12	0.17
agriculture	0.12	0.21
circle	0.12	0.13
reduced	0.12	0.24
companion	0.12	0.80
somebody	0.12	0.76
thing	0.12	0.73
los	0.12	0.25
peered	0.12	0.29
wearing	0.12	0.56
bills	0.12	0.12
firmly	0.12	0.41
bring	0.12	0.31
put	0.12	0.23
wagner	0.12	0.11
pat	0.12	0.37
fact	0.12	0.35
because	0.12	0.68
golf	0.12	0.19
per	0.12	0.20
brave	0.13	0.70
shortly	0.13	0.26
pace	0.13	0.58
laboratory	0.13	0.21
quarter	0.13	0.19
scheme	0.13	0.27
editors	0.13	0.12
wrapped	0.13	0.16
leaving	0.13	0.30
tea	0.13	0.43
site	0.13	0.12
wheat	0.13	0.30
washington	0.13	0.10
location	0.13	0.05
lawrence	0.13	0.36
refusal	0.13	0.31
executive	0.13	0.14
procedures	0.13	0.38
suggested	0.13	0.47
separated	0.13	0.73
version	0.13	0.23
selected	0.13	0.23
pan	0.13	0.20
members	0.13	0.12
columbus	0.13	0.44
picked	0.13	0.22
developing	0.13	0.24
separate	0.13	0.29
brief	0.13	0.93
brought	0.13	0.26
consideration	0.13	0.21
measures	0.13	0.26
turned	0.13	0.48
belt	0.13	0.32
approached	0.13	0.29
madam	0.13	0.54
eggs	0.13	0.54
weight	0.13	0.19
sets	0.13	0.10
themselves	0.13	0.27
areas	0.13	0.12
clothing	0.13	0.24
cent	0.13	0.21
always	0.13	0.85
claim	0.13	0.18
horizon	0.13	0.34
expert	0.13	0.18
reed	0.13	0.37
labor	0.13	0.20
station	0.13	0.06
corner	0.13	0.13
locked	0.13	0.13
survey	0.13	0.22
offering	0.13	0.27
discussion	0.13	0.16
majority	0.13	0.12
nodded	0.13	0.51
le	0.13	0.34
elected	0.13	0.11
colonial	0.14	0.17
strike	0.14	0.23
increase	0.14	0.27
chemical	0.14	0.30
dolly	0.14	0.50
wears	0.14	0.55
manager	0.14	0.23
beside	0.14	0.24
ah	0.14	0.62
plans	0.14	0.17
equivalent	0.14	0.34
okay	0.14	0.69
rejected	0.14	0.19
noticed	0.14	0.86
ways	0.14	0.30
carrying	0.14	0.12
steps	0.14	0.17
record	0.14	0.16
rope	0.14	0.18
introduced	0.14	0.17
present	0.14	0.30
barry	0.14	0.38
project	0.14	0.15
minority	0.14	0.12
press	0.14	0.06
compensation	0.14	0.32
howe	0.14	0.49
anyhow	0.14	0.82
facing	0.14	0.20
farm	0.14	0.25
fans	0.14	0.21
aunt	0.14	1.11
laid	0.14	0.20
undoubtedly	0.14	0.48
appeared	0.14	0.27
stocks	0.14	0.77
stood	0.14	0.30
sigh	0.14	0.64
continued	0.14	0.30
estimates	0.14	0.21
believes	0.14	0.45
inch	0.14	0.15
cities	0.14	0.22
hurry	0.14	0.65
mike	0.14	0.39
ordered	0.14	0.21
recently	0.14	0.36
role	0.14	0.24
add	0.14	0.22
institution	0.14	0.31
god	0.14	1.69
million	0.14	0.20
order	0.14	0.31
announcement	0.14	0.08
en	0.14	0.42
forms	0.14	0.25
traveled	0.14	0.52
businessmen	0.14	0.23
arrange	0.14	0.21
continues	0.14	0.24
spending	0.14	0.18
irene	0.14	0.18
pointing	0.14	0.38
bedroom	0.15	0.17
towns	0.15	0.19
factories	0.15	0.10
string	0.15	0.17
laughs	0.15	0.30
supply	0.15	0.19
changed	0.15	0.56
chapter	0.15	0.14
watch	0.15	0.25
appears	0.15	0.18
considered	0.15	0.51
third	0.15	0.13
adding	0.15	0.20
listen	0.15	0.59
grinning	0.15	0.80
presumably	0.15	0.55
farms	0.15	0.25
formed	0.15	0.17
assigned	0.15	0.10
hours	0.15	0.19
favored	0.15	0.16
near	0.15	0.13
moved	0.15	0.36
walls	0.15	0.26
communities	0.15	0.20
being	0.15	0.53
provides	0.15	0.29
noted	0.15	0.39
sit	0.15	0.34
supplies	0.15	0.17
dean	0.15	0.36
opens	0.15	0.20
change	0.15	0.25
game	0.15	0.16
powers	0.15	0.25
pool	0.15	0.23
during	0.15	0.18
equally	0.15	0.60
clouds	0.15	0.64
voting	0.15	0.19
listened	0.15	0.42
clubs	0.15	0.11
served	0.15	0.71
chicago	0.15	0.19
sides	0.15	0.10
political	0.15	0.32
coal	0.15	0.17
plus	0.15	0.24
walk	0.15	0.28
emphasized	0.15	0.37
car	0.15	0.13
entire	0.15	0.18
amateur	0.15	0.17
traffic	0.15	0.08
baseball	0.15	0.17
manufacturers	0.16	0.16
objects	0.16	0.63
unit	0.16	0.14
rise	0.16	0.23
details	0.16	0.05
van	0.16	0.65
collar	0.16	0.40
reporter	0.16	0.11
assume	0.16	0.19
directors	0.16	0.16
lobby	0.16	0.19
major	0.16	0.42
benefits	0.16	0.31
domestic	0.16	0.23
bid	0.16	0.20
yard	0.16	0.34
development	0.16	0.26
universe	0.16	0.57
crops	0.16	0.38
limit	0.16	0.31
dominant	0.16	0.21
population	0.16	0.22
circles	0.16	0.17
followed	0.16	0.25
looked	0.16	0.48
shadows	0.16	0.51
el	0.16	0.39
whose	0.16	0.88
widely	0.16	0.32
eighth	0.16	0.10
daddy	0.16	0.90
trend	0.16	0.21
calls	0.16	0.25
garage	0.16	0.08
night	0.16	0.22
correspondent	0.16	0.09
draft	0.16	0.13
society	0.16	0.28
include	0.16	0.21
waited	0.16	0.40
simultaneously	0.16	0.69
honor	0.16	0.51
deliver	0.16	0.11
leads	0.16	0.17
oliver	0.16	0.41
dollars	0.16	0.30
swift	0.16	0.49
shop	0.16	0.30
dr	0.16	0.49
filled	0.16	0.20
lester	0.16	0.12
sweeping	0.16	0.32
ma	0.16	0.42
increasing	0.16	0.41
demanding	0.16	0.19
reminded	0.16	0.78
expenses	0.16	0.26
highly	0.16	0.45
article	0.16	0.18
representing	0.17	0.13
regarded	0.17	0.45
madison	0.17	0.22
buildings	0.17	0.14
terrace	0.17	0.30
raising	0.17	0.13
ceiling	0.17	0.32
babe	0.17	0.24
personnel	0.17	0.09
leaning	0.17	0.21
afterward	0.17	0.44
conference	0.17	0.10
research	0.17	0.24
tonight	0.17	0.58
reports	0.17	0.18
title	0.17	0.19
section	0.17	0.07
list	0.17	0.17
intellectual	0.17	0.39
force	0.17	0.24
sell	0.17	0.16
managed	0.17	0.38
drops	0.17	0.25
expansion	0.17	0.25
pounds	0.17	0.21
newly	0.17	0.23
gun	0.17	0.15
square	0.17	0.10
personally	0.17	0.42
approved	0.17	0.17
gets	0.17	0.40
processes	0.17	0.28
later	0.17	0.38
heart	0.17	2.02
demand	0.17	0.16
lines	0.17	0.11
bread	0.17	0.54
pattern	0.17	0.31
attempted	0.17	0.35
folks	0.17	0.50
study	0.17	0.20
cap	0.17	0.44
truth	0.17	0.61
move	0.17	0.33
creative	0.17	0.61
piled	0.17	0.12
card	0.17	0.12
hat	0.17	0.45
transit	0.17	0.11
admission	0.17	0.15
included	0.17	0.20
significant	0.17	1.06
downstairs	0.17	0.22
ed	0.17	0.49
growth	0.17	0.24
historical	0.17	0.33
peak	0.17	0.13
nearer	0.17	0.50
generation	0.17	0.86
billion	0.18	0.20
smiled	0.18	0.47
wright	0.18	0.31
tons	0.18	0.15
represent	0.18	0.24
found	0.18	0.65
concluded	0.18	0.19
wo	0.18	0.62
acid	0.18	0.45
runs	0.18	0.29
farmers	0.18	0.25
projects	0.18	0.17
corn	0.18	0.35
store	0.18	0.11
studies	0.18	0.20
achieve	0.18	0.59
goin	0.18	0.49
fields	0.18	0.35
anna	0.18	0.69
functions	0.18	0.17
francisco	0.18	0.26
mexico	0.18	0.27
professional	0.18	0.15
joy	0.18	1.72
takes	0.18	0.24
scene	0.18	0.16
interior	0.18	0.30
places	0.18	0.22
trip	0.18	0.12
park	0.18	0.10
according	0.18	0.14
percentage	0.18	0.20
carries	0.18	0.15
practice	0.18	0.25
agency	0.18	0.13
disarmament	0.18	0.23
offered	0.18	0.26
limits	0.18	0.36
path	0.18	0.18
amount	0.18	0.19
someone	0.18	0.53
cents	0.18	0.19
examined	0.18	0.30
dissolve	0.18	0.12
compromise	0.19	0.28
planning	0.19	0.15
estimated	0.19	0.16
int	0.19	0.16
feature	0.19	0.18
victor	0.19	0.50
governments	0.19	0.24
meaning	0.19	0.39
football	0.19	0.16
above	0.19	0.13
halfway	0.19	0.15
returned	0.19	0.37
ext	0.19	0.12
trained	0.19	0.11
depth	0.19	0.25
urban	0.19	0.22
plain	0.19	0.56
butter	0.19	0.48
administrative	0.19	0.16
sitting	0.19	0.25
leonard	0.19	0.42
hour	0.19	0.19
federation	0.19	0.11
waiting	0.19	0.32
pulls	0.19	0.24
booth	0.19	0.14
sum	0.19	0.21
talked	0.19	0.89
analysis	0.19	0.31
advanced	0.19	0.17
ring	0.19	0.24
carry	0.19	0.20
girard	0.19	0.76
teams	0.19	0.15
begun	0.19	0.30
municipal	0.19	0.16
nevertheless	0.19	0.45
definition	0.19	0.25
medium	0.19	0.08
recovery	0.19	0.43
atomic	0.19	0.61
recognize	0.19	0.27
original	0.19	0.19
testing	0.19	0.47
electric	0.19	0.17
groups	0.19	0.16
supports	0.19	0.17
ear	0.19	0.43
watching	0.19	0.32
summoned	0.19	0.24
earlier	0.19	0.26
typical	0.19	0.69
nerve	0.19	0.44
lighting	0.19	0.26
method	0.19	0.34
na	0.19	0.52
england	0.19	0.86
types	0.20	0.35
sales	0.20	0.23
organization	0.20	0.17
upstairs	0.20	0.23
prospect	0.20	0.48
village	0.20	0.47
material	0.20	0.26
fireplace	0.20	0.21
stared	0.20	0.39
previous	0.20	0.22
check	0.20	0.16
favor	0.20	0.26
crosses	0.20	0.31
brothers	0.20	1.21
people	0.20	0.50
services	0.20	0.16
specifically	0.20	0.25
plate	0.20	0.48
turn	0.20	0.28
employers	0.20	0.22
explain	0.20	0.42
besides	0.20	0.84
fathers	0.20	0.93
leg	0.20	0.54
dressing	0.20	0.40
combination	0.20	0.37
water	0.20	0.78
average	0.20	0.24
says	0.20	0.62
delivery	0.20	0.08
player	0.20	0.16
license	0.20	0.12
received	0.20	0.20
club	0.20	0.14
eagerly	0.20	0.48
rockefeller	0.20	0.17
approve	0.20	0.19
side	0.20	0.11
paris	0.20	0.25
cuts	0.20	0.16
mines	0.20	0.17
supported	0.20	0.12
paying	0.20	0.32
avenue	0.20	0.09
myra	0.20	0.18
negro	0.20	0.74
arc	0.20	0.18
speech	0.20	0.27
personal	0.20	0.48
operate	0.20	0.23
orders	0.20	0.13
holding	0.20	0.25
scientific	0.20	0.32
finished	0.20	0.28
allies	0.20	0.65
rational	0.20	0.39
seventh	0.20	0.08
technology	0.20	0.22
service	0.20	0.13
duncan	0.21	0.52
following	0.21	0.15
drawn	0.21	0.14
those	0.21	0.41
nods	0.21	0.33
soon	0.21	0.41
heavy	0.21	0.54
edward	0.21	1.06
reaches	0.21	0.21
airport	0.21	0.16
listed	0.21	0.26
fitted	0.21	0.26
julia	0.21	0.78
volume	0.21	0.23
goods	0.21	0.18
described	0.21	0.35
kids	0.21	0.66
line	0.21	0.10
taken	0.21	0.36
private	0.21	0.30
annie	0.21	0.61
packed	0.21	0.14
example	0.21	0.71
room	0.21	0.16
angle	0.21	0.13
murmured	0.21	0.73
second	0.21	0.19
attention	0.21	0.28
prefer	0.21	0.58
fifth	0.21	0.12
rank	0.21	0.16
isolated	0.21	0.14
drawing	0.21	0.17
agricultural	0.21	0.17
permanent	0.21	0.20
watches	0.21	0.22
midnight	0.21	0.23
months	0.21	0.28
johnny	0.21	0.47
profession	0.21	0.26
lamp	0.21	0.33
union	0.21	0.14
darkness	0.21	0.32
function	0.21	0.22
tries	0.21	0.42
communications	0.21	0.09
gains	0.22	0.43
encourage	0.22	0.42
property	0.22	0.30
stands	0.22	0.21
conferences	0.22	0.10
sending	0.22	0.19
informed	0.22	0.54
stations	0.22	0.11
requirements	0.22	0.38
opinion	0.22	0.48
called	0.22	0.57
house	0.22	0.18
procedure	0.22	0.41
presented	0.22	0.22
throughout	0.22	0.37
century	0.22	0.15
increases	0.22	0.27
offers	0.22	0.29
program	0.22	0.20
consumption	0.22	0.18
hotel	0.22	0.15
latter	0.22	0.24
comes	0.22	0.27
pick	0.22	0.27
halloran	0.22	0.55
designed	0.22	0.29
discussions	0.22	0.19
accept	0.22	0.24
tin	0.22	0.32
cotton	0.22	0.27
junior	0.22	0.17
declined	0.22	0.24
helped	0.22	0.40
flow	0.22	0.33
authorized	0.22	0.17
successfully	0.22	0.44
proceed	0.22	0.17
output	0.22	0.18
file	0.22	0.16
reserves	0.22	0.19
arranged	0.22	0.17
porch	0.22	0.18
gon	0.22	0.51
materials	0.22	0.25
agreed	0.22	0.43
players	0.22	0.24
interview	0.22	0.16
direct	0.22	0.54
around	0.22	0.29
needs	0.22	0.27
realize	0.22	0.48
table	0.22	0.21
declaration	0.22	0.33
physical	0.22	0.40
launched	0.22	0.39
overseas	0.22	0.19
colony	0.22	0.36
whispered	0.23	0.92
unable	0.23	0.35
named	0.23	1.32
association	0.23	0.12
debt	0.23	0.34
numbers	0.23	0.19
granted	0.23	0.22
moves	0.23	0.24
persuaded	0.23	0.32
workers	0.23	0.21
maggy	0.23	0.36
calling	0.23	0.55
offices	0.23	0.09
sex	0.23	0.58
encouraged	0.23	0.18
mass	0.23	0.38
asks	0.23	0.57
items	0.23	0.25
stated	0.23	0.54
please	0.23	0.78
bureau	0.23	0.15
parlor	0.23	0.18
picks	0.23	0.24
resting	0.23	0.23
crop	0.23	0.33
hannah	0.23	0.73
bought	0.23	0.14
privately	0.23	0.21
submitted	0.23	0.16
shelf	0.23	0.24
sits	0.23	0.26
guy	0.23	0.89
agnes	0.23	1.09
sign	0.23	0.48
jean	0.23	0.65
limited	0.23	0.26
chances	0.23	0.73
review	0.23	0.17
maria	0.23	1.12
times	0.23	0.08
contribution	0.23	0.37
jefferson	0.23	0.60
content	0.23	0.18
officially	0.23	0.76
charter	0.23	0.31
shows	0.23	0.12
information	0.23	0.24
brains	0.23	0.39
carried	0.23	0.16
fourth	0.23	0.14
able	0.23	0.38
pleasure	0.23	0.90
household	0.24	0.49
precious	0.24	0.41
colonel	0.24	0.44
sat	0.24	0.27
crown	0.24	0.82
costs	0.24	0.22
helping	0.24	0.42
bench	0.24	0.18
sixth	0.24	0.12
follows	0.24	0.23
societies	0.24	0.21
land	0.24	0.59
appointment	0.24	0.10
boom	0.24	0.23
give	0.24	0.34
profit	0.24	0.34
news	0.24	0.11
solid	0.24	0.59
steel	0.24	0.20
lucy	0.24	0.74
entirely	0.24	0.63
meal	0.24	0.79
lower	0.24	0.17
determination	0.24	0.26
laura	0.24	0.87
building	0.24	0.14
construction	0.24	0.19
michael	0.24	0.41
sent	0.24	0.22
meetings	0.24	0.08
higher	0.24	0.26
pocket	0.24	0.24
statistics	0.24	0.23
rate	0.24	0.16
rio	0.24	0.41
seldom	0.24	0.67
advised	0.24	0.36
industrial	0.24	0.17
starts	0.24	0.24
engineer	0.25	0.29
price	0.25	0.16
facilities	0.25	0.18
specific	0.25	0.41
independent	0.25	0.25
reserve	0.25	0.24
reason	0.25	0.44
though	0.25	0.76
broadcast	0.25	0.07
walks	0.25	0.25
purse	0.25	0.28
promptly	0.25	0.22
extraordinary	0.25	1.08
inclined	0.25	0.37
doorway	0.25	0.23
application	0.25	0.24
recognized	0.25	0.88
among	0.25	0.46
acres	0.25	0.30
run	0.25	0.36
earnings	0.25	0.30
letter	0.25	0.29
boxes	0.25	0.22
prepare	0.25	0.20
purposes	0.25	0.27
matter	0.25	0.43
turns	0.25	0.25
phone	0.25	0.39
aside	0.25	0.26
tend	0.25	0.29
english	0.26	0.31
consider	0.26	0.26
older	0.26	0.79
preserve	0.26	0.70
life	0.26	0.45
flashed	0.26	0.42
annual	0.26	0.18
further	0.26	0.31
weeks	0.26	0.26
products	0.26	0.22
senior	0.26	0.26
lifting	0.26	0.19
lee	0.26	0.63
tight	0.26	0.53
spoke	0.26	0.63
accounts	0.26	0.34
lowered	0.26	0.16
scope	0.26	0.27
refused	0.26	0.35
asking	0.26	0.42
markets	0.26	0.16
high	0.26	0.14
psychology	0.26	0.24
negative	0.26	0.51
quoted	0.26	0.25
provide	0.26	0.25
control	0.26	0.29
looks	0.26	0.25
adequate	0.26	0.42
addition	0.26	0.29
envelope	0.26	0.15
substitute	0.26	0.29
sought	0.26	0.32
national	0.26	0.15
nation	0.26	0.23
juan	0.26	0.45
fall	0.26	0.23
obtain	0.26	0.26
conventional	0.26	0.39
daily	0.26	0.09
note	0.26	0.18
science	0.26	0.28
anyway	0.26	0.97
both	0.26	0.42
professor	0.26	0.29
full	0.26	0.19
city	0.26	0.13
meeting	0.26	0.20
however	0.26	0.41
beginning	0.26	0.23
afford	0.26	0.40
homes	0.26	0.61
thornhill	0.26	0.28
reached	0.26	0.22
pound	0.26	0.29
business	0.26	0.25
birth	0.27	0.92
training	0.27	0.23
flag	0.27	0.46
tables	0.27	0.26
take	0.27	0.37
given	0.27	0.25
refuse	0.27	0.42
energy	0.27	0.57
low	0.27	0.21
editorial	0.27	0.11
publicly	0.27	0.41
place	0.27	0.57
attitude	0.27	0.34
sessions	0.27	0.11
bulk	0.27	0.25
mrs	0.27	0.84
sees	0.27	0.27
assumed	0.27	0.38
sugar	0.27	0.29
missed	0.27	0.65
earn	0.27	0.29
gathered	0.27	0.21
days	0.27	0.27
rates	0.27	0.24
holmes	0.27	0.61
curtains	0.27	0.27
fail	0.27	0.30
cloud	0.27	0.66
departments	0.27	0.17
oil	0.27	0.55
correct	0.27	0.50
kitchen	0.27	0.55
terms	0.27	0.35
production	0.27	0.19
enters	0.27	0.26
newspaper	0.27	0.10
checks	0.27	0.14
columns	0.27	0.09
entered	0.27	0.30
set	0.27	0.14
prices	0.27	0.19
plant	0.27	0.20
scheduled	0.27	0.17
return	0.27	0.21
maximum	0.27	0.39
objectives	0.27	0.34
collect	0.28	0.26
prize	0.28	0.17
dealers	0.28	0.15
engineering	0.28	0.18
part	0.28	0.19
institute	0.28	0.20
trying	0.28	0.41
composed	0.28	0.15
pistol	0.28	0.16
editor	0.28	0.10
staying	0.28	0.33
fist	0.28	0.61
waving	0.28	0.79
requested	0.28	0.25
contribute	0.28	0.41
package	0.28	0.24
fix	0.28	0.47
november	0.28	0.14
forced	0.28	0.39
reflected	0.28	0.40
chicken	0.28	0.69
also	0.28	0.48
elements	0.28	0.42
enter	0.28	0.28
box	0.28	0.17
page	0.28	0.12
curtain	0.28	0.32
possibly	0.28	0.74
receive	0.28	0.23
metropolitan	0.28	0.12
narrow	0.28	0.19
sometime	0.28	0.34
shoot	0.28	0.55
wheel	0.28	0.15
circulation	0.28	0.11
sheet	0.28	0.10
till	0.28	0.22
nora	0.28	0.49
product	0.29	0.26
fen	0.29	0.36
commercial	0.29	0.27
palace	0.29	0.66
print	0.29	0.15
wide	0.29	0.18
accepted	0.29	0.19
negotiations	0.29	0.23
column	0.29	0.12
membership	0.29	0.15
unions	0.29	0.15
latest	0.29	0.26
certainly	0.29	0.58
planned	0.29	0.31
supper	0.29	0.77
knife	0.29	0.27
finance	0.29	0.29
folded	0.29	0.21
pause	0.29	0.59
allow	0.29	0.34
agree	0.29	0.46
vast	0.29	0.28
means	0.29	0.33
christine	0.29	0.50
wondering	0.29	0.56
worthy	0.29	2.50
text	0.29	0.14
equal	0.29	0.42
downtown	0.29	0.16
center	0.29	0.27
tribune	0.29	0.10
arrived	0.29	0.30
joined	0.29	0.32
ourselves	0.29	0.40
tobey	0.29	0.40
distinction	0.29	0.78
cards	0.29	0.08
gown	0.29	0.49
motors	0.29	0.20
dining	0.29	0.30
programs	0.30	0.17
philip	0.30	0.92
equipment	0.30	0.28
rises	0.30	0.27
university	0.30	0.32
neighborhood	0.30	0.59
ta	0.30	0.35
use	0.30	0.28
mls	0.30	0.29
allowed	0.30	0.42
dollar	0.30	0.22
sergeant	0.30	0.46
surplus	0.30	0.19
exits	0.30	0.28
desk	0.30	0.14
manufacturing	0.30	0.16
royal	0.30	0.77
willing	0.30	0.37
machines	0.30	0.25
neither	0.30	0.91
bag	0.30	0.22
proof	0.30	0.33
developed	0.30	0.30
geneva	0.30	0.19
intend	0.30	0.43
relieved	0.30	1.80
try	0.30	0.43
industry	0.30	0.18
magazine	0.30	0.13
resources	0.30	0.31
structure	0.30	0.26
trucks	0.30	0.27
free	0.30	0.69
flat	0.30	0.30
arrive	0.30	0.19
standing	0.30	0.30
impossible	0.30	0.45
develop	0.30	0.61
told	0.30	0.84
silk	0.31	0.44
entering	0.31	0.29
basis	0.31	0.37
consumer	0.31	0.17
require	0.31	0.23
goes	0.31	0.35
tomorrow	0.31	0.23
tuesday	0.31	0.18
portrait	0.31	0.20
ms	0.31	0.30
interested	0.31	0.63
rights	0.31	0.51
sons	0.31	1.37
languages	0.31	0.46
permit	0.31	0.21
mail	0.31	0.14
organ	0.31	0.36
properties	0.31	0.39
definitely	0.31	0.50
rest	0.31	0.25
description	0.31	0.27
edge	0.31	0.17
capital	0.31	0.24
signed	0.31	0.20
shots	0.31	0.33
suits	0.31	0.68
newspapers	0.31	0.13
mill	0.31	0.12
colleges	0.31	0.36
document	0.31	0.15
attend	0.31	0.28
journal	0.31	0.12
performed	0.31	0.22
boss	0.31	0.49
management	0.31	0.16
talks	0.31	0.19
sold	0.31	0.22
knight	0.31	0.61
day	0.31	0.18
eve	0.31	0.25
industries	0.31	0.20
permitted	0.31	0.33
prospects	0.31	0.77
radio	0.31	0.10
treaty	0.31	0.32
offer	0.32	0.20
sang	0.32	0.52
pans	0.32	0.31
ls	0.32	0.24
credit	0.32	0.36
employes	0.32	0.20
novel	0.32	0.46
go	0.32	0.46
providing	0.32	0.25
prepared	0.32	0.37
lunch	0.32	0.77
market	0.32	0.20
chose	0.32	0.49
provided	0.32	0.23
slow	0.32	0.79
values	0.32	0.53
operated	0.32	0.21
held	0.32	0.35
year	0.32	0.17
background	0.32	0.74
everyone	0.32	0.62
adams	0.32	0.41
setting	0.32	0.24
apartment	0.32	0.14
thursday	0.32	0.19
pay	0.32	0.27
main	0.32	0.29
proportion	0.32	0.27
crack	0.32	0.63
morning	0.32	0.21
entitled	0.32	0.23
yield	0.33	0.28
exit	0.33	0.30
dare	0.33	0.51
budget	0.33	0.20
mine	0.33	1.03
nowhere	0.33	0.45
purchase	0.33	0.25
until	0.33	0.28
readers	0.33	0.16
mills	0.33	0.17
machine	0.33	0.30
increased	0.33	0.50
town	0.33	0.47
applied	0.33	0.39
class	0.33	0.33
where	0.33	0.55
surrounded	0.33	0.21
detail	0.33	0.34
lifted	0.33	0.39
varied	0.33	0.61
don	0.33	0.38
monday	0.33	0.19
producers	0.33	0.17
payments	0.33	0.29
expecting	0.33	0.61
noon	0.33	0.29
word	0.33	0.55
houses	0.33	0.42
wait	0.33	0.43
forward	0.33	0.29
let	0.33	0.48
schools	0.33	0.53
belong	0.34	0.43
daylight	0.34	0.27
additional	0.34	0.30
leaves	0.34	0.73
treasury	0.34	0.34
friday	0.34	0.19
sister	0.34	1.39
guided	0.34	0.39
babies	0.34	1.15
letting	0.34	0.46
chance	0.34	0.65
speaks	0.34	0.29
helps	0.34	0.31
data	0.34	0.29
letters	0.34	0.17
preparation	0.34	0.23
myself	0.34	0.51
benefit	0.34	0.35
immediate	0.34	0.51
records	0.34	0.12
campus	0.34	0.32
moreover	0.34	0.45
mitchell	0.34	0.44
looking	0.34	0.29
mack	0.34	0.48
lip	0.34	0.35
intended	0.34	0.50
exact	0.34	0.30
papers	0.34	0.13
dressed	0.34	0.89
horace	0.34	0.47
foster	0.34	0.53
kid	0.34	0.76
puts	0.34	0.28
supporting	0.34	0.17
atmosphere	0.34	0.68
imagination	0.34	0.61
explanation	0.34	0.22
book	0.34	0.22
drama	0.34	0.45
pretty	0.34	1.70
pays	0.34	0.29
bowl	0.34	0.37
companies	0.34	0.26
necessarily	0.35	0.49
owners	0.35	0.13
cash	0.35	0.29
characteristics	0.35	0.42
cambridge	0.35	0.27
holds	0.35	0.28
penmark	0.35	0.83
answer	0.35	0.38
competition	0.35	0.23
brass	0.35	0.27
addressed	0.35	0.52
shakes	0.35	0.31
seated	0.35	0.34
afraid	0.35	0.62
show	0.35	0.10
once	0.35	0.86
must	0.35	0.46
week	0.35	0.21
wednesday	0.35	0.19
except	0.35	0.89
power	0.35	0.35
react	0.35	0.30
printed	0.35	0.15
economy	0.35	0.27
opportunity	0.35	0.26
lined	0.35	0.23
paper	0.36	0.08
address	0.36	0.27
join	0.36	0.17
mighty	0.36	0.74
dry	0.36	1.00
others	0.36	0.37
relationships	0.36	0.76
relatives	0.36	1.18
dawn	0.36	0.27
stops	0.36	0.29
wages	0.36	0.29
knows	0.36	0.68
beds	0.36	0.82
cs	0.36	0.34
past	0.36	0.35
chorus	0.36	0.36
articles	0.36	0.15
families	0.36	0.73
wage	0.36	0.28
published	0.36	0.15
test	0.36	0.59
meet	0.36	0.40
actually	0.36	0.72
broadcasting	0.36	0.13
servants	0.36	0.61
harvard	0.36	0.32
ad	0.36	0.52
light	0.36	0.45
left	0.36	0.37
mcu	0.36	0.35
visit	0.36	0.30
although	0.36	0.67
mention	0.36	0.72
technical	0.36	0.29
demonstrated	0.36	0.56
shooting	0.36	0.35
nervously	0.36	0.52
visited	0.36	0.48
college	0.36	0.35
employees	0.36	0.23
mentioned	0.36	0.79
paid	0.36	0.27
presence	0.37	0.42
owner	0.37	0.19
rebecca	0.37	0.48
ida	0.37	0.43
establishment	0.37	0.25
lights	0.37	0.43
communication	0.37	0.12
band	0.37	0.28
hello	0.37	0.79
quarters	0.37	0.39
leadership	0.37	0.41
backing	0.37	0.21
may	0.37	0.39
march	0.37	0.21
mcs	0.37	0.36
graduate	0.37	0.32
funds	0.37	0.32
author	0.37	0.24
emerged	0.37	0.45
wang	0.37	0.32
remain	0.37	0.38
copies	0.37	0.14
moore	0.37	0.50
simply	0.37	0.49
extra	0.37	0.33
maybe	0.37	0.83
hearts	0.37	1.05
smaller	0.37	0.60
student	0.38	0.36
stove	0.38	0.57
wanted	0.38	0.78
pencil	0.38	0.26
reacts	0.38	0.37
austin	0.38	0.74
handful	0.38	0.29
roots	0.38	0.89
group	0.38	0.50
comedy	0.38	0.23
theatre	0.38	0.22
belly	0.38	0.53
films	0.38	0.23
next	0.38	0.21
built	0.38	0.27
home	0.38	0.67
completed	0.38	0.57
month	0.38	0.26
expected	0.38	0.38
gone	0.38	0.68
wonder	0.38	0.56
camera	0.38	0.38
critic	0.38	0.23
lanny	0.38	0.41
tremendous	0.38	0.70
prior	0.38	0.62
selling	0.39	0.26
engine	0.39	0.54
eyes	0.39	0.29
students	0.39	0.39
natalie	0.39	0.61
effectively	0.39	0.45
investment	0.39	0.41
while	0.39	0.48
operating	0.39	0.17
sunday	0.39	0.21
normal	0.39	0.20
nor	0.39	0.85
fundamental	0.39	0.75
foot	0.39	0.42
decided	0.39	0.52
guess	0.39	0.80
sale	0.39	0.23
powerful	0.39	0.54
notes	0.39	0.11
copper	0.39	0.60
screen	0.39	0.23
wrote	0.39	0.19
columbia	0.39	0.29
copy	0.39	0.17
symphony	0.39	0.23
ready	0.39	0.39
touch	0.39	0.59
mars	0.39	0.22
tells	0.39	0.46
written	0.39	0.20
cutting	0.39	0.47
inspection	0.39	0.27
methods	0.39	0.46
de	0.39	0.50
producer	0.39	0.25
saturday	0.39	0.21
deep	0.40	0.51
airplane	0.40	0.54
strictly	0.40	0.46
talk	0.40	0.52
probably	0.40	0.73
ca	0.40	0.54
savings	0.40	0.37
faculty	0.40	0.35
discipline	0.40	0.54
january	0.40	0.19
contracts	0.40	0.21
magazines	0.40	0.19
pot	0.40	0.54
silence	0.40	0.60
forget	0.40	0.52
required	0.40	0.29
knowledge	0.40	0.51
reader	0.40	0.22
lives	0.40	0.69
pages	0.40	0.17
duty	0.40	0.40
wiped	0.40	0.59
writers	0.40	0.22
levels	0.40	0.33
follow	0.40	0.36
mouth	0.40	0.45
stayed	0.40	0.46
continuous	0.40	0.54
face	0.40	0.31
modern	0.40	0.32
contract	0.40	0.20
writer	0.41	0.19
requires	0.41	0.26
wanting	0.41	0.54
defined	0.41	0.42
economic	0.41	0.35
jaw	0.41	0.36
us	0.41	0.43
might	0.41	0.51
unless	0.41	0.47
estimate	0.41	0.23
oak	0.41	0.40
superior	0.41	0.45
weekly	0.41	0.10
television	0.41	0.13
size	0.41	0.32
abstract	0.41	0.55
permission	0.41	0.24
rules	0.41	0.79
universities	0.41	0.30
wants	0.41	0.51
obtained	0.41	0.24
conditions	0.41	0.59
plants	0.41	0.37
studio	0.41	0.16
talking	0.41	0.58
loans	0.41	0.40
readily	0.41	0.57
spent	0.41	0.17
genius	0.41	0.39
cells	0.41	0.45
cited	0.41	0.45
parents	0.41	1.17
should	0.41	0.58
tip	0.41	0.40
sport	0.42	0.56
artists	0.42	0.20
liberty	0.42	0.91
cbs	0.42	0.19
established	0.42	0.23
porter	0.42	0.53
variety	0.42	0.58
task	0.42	0.58
likes	0.42	0.66
margaret	0.42	0.88
cottage	0.42	0.42
previously	0.42	0.61
tools	0.42	0.28
breeze	0.42	1.27
read	0.42	0.22
integrity	0.42	0.76
unique	0.42	0.72
final	0.42	0.58
herself	0.42	1.12
academic	0.42	0.25
buying	0.42	0.25
payment	0.42	0.27
preparing	0.42	0.48
enormous	0.43	0.50
moon	0.43	0.47
grandmother	0.43	1.61
tv	0.43	0.15
ruth	0.43	0.90
expect	0.43	0.46
artist	0.43	0.20
stage	0.43	0.20
arts	0.43	0.22
colored	0.43	0.33
music	0.43	0.34
sooner	0.43	0.60
come	0.43	0.44
susan	0.43	0.52
delighted	0.43	0.86
uniform	0.43	0.70
queen	0.43	1.06
value	0.43	0.34
aid	0.43	0.21
afternoon	0.43	0.23
writing	0.43	0.23
shake	0.43	0.39
greater	0.44	0.44
survival	0.44	0.51
anice	0.44	0.44
wife	0.44	1.29
dorothy	0.44	0.69
attached	0.44	0.44
filling	0.44	0.44
backs	0.44	0.15
machinery	0.44	0.37
careful	0.44	0.33
robot	0.44	0.31
spell	0.44	0.34
hope	0.44	0.50
speak	0.44	0.42
length	0.44	0.24
concentration	0.44	0.49
onetime	0.44	0.46
appropriate	0.44	0.62
december	0.44	0.24
instances	0.44	0.45
family	0.44	1.12
write	0.44	0.22
trade	0.44	0.30
rain	0.44	1.04
attended	0.44	0.18
schedule	0.44	0.47
film	0.44	0.23
protection	0.44	0.40
belongs	0.44	0.56
want	0.44	0.57
reading	0.44	0.18
collected	0.45	0.24
meant	0.45	0.94
july	0.45	0.25
joan	0.45	0.86
experimental	0.45	0.53
raised	0.45	0.33
leslie	0.45	0.48
last	0.45	0.26
bonds	0.45	0.46
level	0.45	0.30
tell	0.45	0.60
chair	0.45	0.24
september	0.45	0.26
heat	0.45	0.96
novels	0.45	0.26
contrast	0.45	0.59
accompanied	0.45	0.56
opera	0.45	0.23
marjorie	0.45	0.52
advice	0.45	0.43
loan	0.45	0.43
dinner	0.45	0.65
routine	0.46	0.45
stock	0.46	0.38
sir	0.46	0.72
sybil	0.46	0.56
ties	0.46	0.41
courage	0.46	0.75
neatly	0.46	0.40
discovered	0.46	0.53
august	0.46	0.24
april	0.46	0.25
something	0.46	0.72
belonged	0.46	1.64
waved	0.46	0.55
academy	0.46	0.16
notice	0.46	0.53
educational	0.46	0.46
sports	0.46	0.54
duties	0.46	0.39
sing	0.46	0.37
sufficient	0.46	0.35
calculated	0.46	0.47
arrival	0.46	0.18
june	0.46	0.25
daughters	0.46	1.26
lived	0.46	1.62
largest	0.46	0.31
shown	0.46	0.40
play	0.46	0.24
february	0.46	0.25
substantial	0.47	0.48
doing	0.47	0.83
patterns	0.47	0.46
achievement	0.47	0.37
needle	0.47	0.32
promised	0.47	0.49
capacity	0.47	0.33
beings	0.47	0.30
smiles	0.47	0.33
la	0.47	0.45
poem	0.47	0.16
mechanical	0.47	0.37
kelly	0.47	0.72
really	0.47	0.73
dreamed	0.47	1.38
truly	0.47	0.49
played	0.47	0.29
roger	0.47	0.43
men	0.47	0.77
lap	0.47	0.35
plates	0.48	0.58
gather	0.48	0.39
supposed	0.48	0.57
knees	0.48	0.59
either	0.48	0.64
rhoda	0.48	0.91
customers	0.48	0.37
native	0.48	0.51
gathering	0.48	0.43
devices	0.48	0.35
independence	0.48	0.87
shares	0.48	0.85
miracle	0.48	0.75
spend	0.48	0.16
nights	0.48	0.29
improvement	0.48	0.57
younger	0.48	1.09
wrist	0.48	0.56
critics	0.48	0.20
invited	0.48	0.31
soil	0.48	0.59
strongly	0.48	0.36
spirits	0.48	0.47
productivity	0.48	0.27
met	0.48	0.85
divorce	0.48	0.92
ask	0.48	0.51
ellen	0.48	0.86
larger	0.48	0.58
nell	0.48	0.56
library	0.49	0.15
bargaining	0.49	0.23
easily	0.49	0.44
does	0.49	0.57
indian	0.49	0.42
neighbor	0.49	0.67
instrument	0.49	0.53
husbands	0.49	0.94
dared	0.49	0.60
kettle	0.49	0.44
protected	0.49	0.73
introduction	0.49	0.51
saying	0.49	0.61
thick	0.49	0.48
studied	0.49	0.45
silent	0.49	0.62
maintained	0.50	0.30
date	0.50	0.16
latin	0.50	0.50
neck	0.50	0.51
birthday	0.50	0.27
believe	0.50	0.64
shade	0.50	0.40
possibility	0.50	0.61
daughter	0.50	1.35
frame	0.50	0.63
spectacular	0.50	0.63
normally	0.51	0.43
leave	0.51	0.51
ice	0.51	0.53
language	0.51	0.60
founded	0.51	0.46
tried	0.51	0.40
agreement	0.51	0.23
public	0.51	0.52
hollywood	0.51	0.25
pupils	0.51	0.61
evening	0.51	0.26
why	0.51	0.66
lamps	0.51	0.47
writes	0.51	0.22
theater	0.52	0.23
husband	0.52	1.25
fee	0.52	0.47
longer	0.52	0.72
happen	0.52	0.64
pressed	0.52	0.83
tough	0.52	1.90
guarantee	0.52	0.41
standards	0.52	0.77
quite	0.52	0.64
shape	0.52	0.59
exist	0.52	0.46
prominent	0.52	0.47
technique	0.52	0.38
selection	0.52	0.40
trips	0.52	0.22
stories	0.52	0.47
crowded	0.52	0.52
books	0.52	0.19
manage	0.52	0.44
riding	0.52	0.57
contributed	0.53	0.27
considerable	0.53	0.55
delight	0.53	0.59
movie	0.53	0.25
dried	0.53	0.58
broadway	0.53	0.23
contained	0.53	0.43
ability	0.53	0.36
relatively	0.53	0.48
interest	0.53	0.97
lips	0.53	0.37
boys	0.53	0.96
miss	0.53	0.98
reasonable	0.53	1.06
barely	0.53	0.38
prestige	0.53	0.42
success	0.53	1.05
santa	0.53	0.50
raise	0.53	0.44
picture	0.53	0.37
key	0.53	0.36
hardly	0.53	0.78
curve	0.53	0.41
succeed	0.53	0.44
relative	0.54	0.52
wives	0.54	0.92
teachers	0.54	0.65
presents	0.54	0.14
reflection	0.54	0.49
maine	0.54	0.56
temperature	0.54	0.73
measured	0.54	0.32
purpose	0.54	0.50
local	0.54	0.46
ann	0.54	0.94
fiction	0.54	0.49
arrangements	0.54	0.55
employment	0.54	0.50
children	0.54	1.11
courses	0.54	0.52
documents	0.54	0.51
awake	0.55	0.54
smiling	0.55	0.58
continue	0.55	0.38
welfare	0.55	0.52
happening	0.55	0.76
remember	0.55	0.66
call	0.55	0.54
education	0.55	0.51
yet	0.55	0.83
easier	0.55	0.63
humor	0.55	0.58
dome	0.55	0.47
lecture	0.55	0.47
wisdom	0.55	0.89
working	0.55	0.68
thinks	0.55	0.62
reporting	0.56	0.42
martha	0.56	0.62
complicated	0.56	1.02
speaking	0.56	0.58
nobody	0.56	0.80
metal	0.56	0.54
stay	0.56	0.46
automatic	0.56	0.47
degree	0.56	0.31
orchestra	0.56	0.28
defense	0.56	0.60
common	0.56	0.58
existed	0.56	0.80
wish	0.56	0.58
san	0.56	0.46
foundation	0.56	0.52
network	0.56	0.45
butler	0.56	0.64
clearly	0.56	0.64
furnished	0.57	0.65
castle	0.57	0.64
mean	0.57	0.65
composer	0.57	0.19
smile	0.57	0.62
none	0.57	0.85
enthusiasm	0.57	0.79
tree	0.57	0.99
opposition	0.57	0.51
leaned	0.57	0.64
nbc	0.57	0.23
observers	0.57	0.46
school	0.58	0.61
opposite	0.58	0.53
polished	0.58	0.42
career	0.58	0.48
anyone	0.58	0.84
learn	0.58	0.52
teaching	0.58	0.51
black	0.58	0.51
quantity	0.58	0.51
vital	0.58	0.53
mary	0.58	0.88
wrong	0.58	0.70
leo	0.58	0.41
ought	0.58	0.66
housing	0.58	0.44
vacation	0.58	0.27
enough	0.58	0.39
solution	0.58	0.51
youngsters	0.59	0.64
lou	0.59	0.47
logical	0.59	0.54
serve	0.59	0.78
performance	0.59	0.25
grade	0.59	0.55
citizen	0.59	0.60
alliance	0.59	0.65
assignment	0.59	0.43
anywhere	0.59	0.93
objective	0.59	0.46
late	0.59	0.30
help	0.59	0.50
orange	0.59	0.50
briefly	0.59	0.51
sufficiently	0.60	0.56
season	0.60	0.46
containing	0.60	0.43
white	0.60	0.52
characteristic	0.60	0.65
willis	0.60	0.39
plenty	0.60	2.19
playing	0.60	0.32
bound	0.60	0.37
reaching	0.60	0.36
early	0.60	0.30
sorry	0.60	0.65
apple	0.61	0.76
teacher	0.61	0.64
post	0.61	0.50
movies	0.61	0.44
properly	0.61	0.54
warn	0.61	0.39
christmas	0.61	0.19
hats	0.61	0.83
musical	0.61	0.59
likely	0.62	0.47
shoulders	0.62	0.48
immense	0.62	0.65
long	0.62	0.31
using	0.62	0.45
gifts	0.62	0.34
actor	0.62	0.46
eager	0.62	0.73
knew	0.62	1.66
robin	0.62	0.49
need	0.63	0.56
known	0.63	0.99
learning	0.63	0.44
nose	0.63	0.43
believed	0.63	1.61
perform	0.63	0.42
occupied	0.63	0.40
naturally	0.63	0.54
talent	0.63	0.61
overhead	0.63	0.58
equipped	0.63	0.53
blue	0.63	0.52
rich	0.63	1.61
ceremony	0.63	0.37
techniques	0.63	0.44
anything	0.63	0.79
practical	0.64	0.61
acquired	0.64	0.56
youth	0.64	0.93
maintain	0.64	0.49
sky	0.64	0.58
fixed	0.64	0.69
red	0.64	0.47
impressive	0.64	0.95
secondary	0.64	0.44
listening	0.64	0.58
acceptance	0.64	0.56
pictures	0.64	0.15
banks	0.64	0.69
works	0.64	0.17
critical	0.64	0.59
between	0.65	0.37
course	0.65	0.56
earned	0.65	0.52
great	0.65	0.64
stretched	0.65	0.52
recognition	0.65	0.70
think	0.65	0.66
straight	0.65	0.77
chest	0.65	0.82
mothers	0.65	0.92
thumb	0.65	0.56
classes	0.65	0.52
large	0.65	0.54
mother	0.65	1.49
fresh	0.65	0.91
visitor	0.65	0.39
scattered	0.66	0.46
frequent	0.66	0.65
breathing	0.66	0.84
molly	0.66	0.61
handled	0.66	0.61
send	0.66	0.47
office	0.66	0.46
manhattan	0.66	0.43
happened	0.66	0.80
pop	0.66	0.43
legs	0.66	0.42
interesting	0.67	1.87
remained	0.67	0.51
sole	0.67	0.40
literature	0.67	0.42
detailed	0.67	0.57
distinguished	0.67	0.57
exists	0.67	0.46
helen	0.67	0.95
couch	0.68	0.57
keeping	0.68	0.50
yes	0.68	0.75
women	0.68	0.96
closer	0.68	0.52
approval	0.68	0.91
apparatus	0.68	0.49
height	0.68	0.48
literary	0.68	0.44
branch	0.68	0.44
marriage	0.69	2.00
color	0.69	0.46
arm	0.69	0.65
teach	0.69	0.58
skin	0.69	0.38
primary	0.69	0.50
estate	0.69	0.44
highest	0.69	0.82
elbow	0.69	0.51
grass	0.69	0.69
october	0.69	0.35
engaged	0.69	0.44
pressing	0.69	0.67
insurance	0.69	0.61
worker	0.69	0.48
lessons	0.69	0.44
consent	0.70	0.79
elizabeth	0.70	0.99
regular	0.70	0.58
style	0.70	0.66
suppose	0.70	0.65
basic	0.70	0.56
gestures	0.70	0.37
principal	0.70	0.53
employed	0.70	0.48
work	0.70	0.60
plays	0.70	0.27
fund	0.70	0.65
receiving	0.70	0.37
bowed	0.70	0.40
gray	0.71	0.50
oxygen	0.71	0.43
sally	0.71	0.61
comparison	0.71	0.52
progress	0.71	0.53
poet	0.71	0.37
finger	0.71	0.62
say	0.71	0.62
studying	0.71	0.42
anybody	0.71	0.80
learned	0.71	0.79
figures	0.71	0.41
audience	0.71	0.48
brady	0.71	0.47
branches	0.71	0.69
quietly	0.71	0.51
intelligence	0.71	0.57
available	0.71	0.51
strangers	0.72	0.40
precise	0.72	0.70
singing	0.72	0.49
going	0.72	0.72
huge	0.72	0.55
planted	0.72	0.68
head	0.72	0.58
needed	0.72	0.52
heads	0.72	0.39
freedom	0.72	0.79
everywhere	0.72	0.50
huh	0.72	0.55
massive	0.72	0.52
company	0.72	0.53
big	0.72	0.93
purple	0.72	0.46
occasion	0.73	0.50
lifetime	0.73	0.34
poetry	0.73	0.45
dates	0.74	0.33
star	0.74	0.50
factory	0.74	0.48
respect	0.74	0.97
active	0.74	0.49
fingers	0.74	0.68
maid	0.74	0.78
alice	0.74	0.94
grip	0.74	0.41
corporation	0.74	0.63
barbara	0.74	0.93
striking	0.74	0.87
thank	0.74	0.55
cousin	0.74	1.48
seen	0.74	0.95
bank	0.74	0.70
demonstration	0.75	0.49
authority	0.75	0.58
contact	0.75	0.32
support	0.75	0.43
ultimate	0.75	0.83
capable	0.75	0.75
artificial	0.76	0.45
owned	0.76	0.58
broad	0.76	0.56
accomplished	0.76	0.41
actress	0.76	0.99
understand	0.76	0.63
combined	0.76	0.31
basket	0.76	0.43
holiday	0.76	0.34
alternative	0.76	0.66
everything	0.77	0.73
praise	0.77	0.60
piano	0.77	0.31
smooth	0.77	0.50
hired	0.77	0.33
scale	0.77	0.52
appearance	0.77	0.68
arms	0.78	0.78
assistance	0.78	0.49
handkerchief	0.78	0.72
chairs	0.78	0.62
climate	0.78	0.69
cheeks	0.78	0.63
already	0.79	0.71
pleased	0.79	1.66
seat	0.79	0.62
crowds	0.79	0.68
else	0.79	0.85
exactly	0.79	0.69
worked	0.80	0.55
round	0.80	0.43
casually	0.80	0.61
eyebrows	0.81	0.34
jobs	0.81	0.46
chin	0.81	0.53
gold	0.81	0.60
bent	0.81	0.62
madame	0.81	0.57
balance	0.81	0.47
gentlemen	0.82	0.41
uh	0.82	0.61
instruments	0.82	0.50
gently	0.82	0.70
since	0.82	0.87
salary	0.82	0.60
agreements	0.82	0.54
minimum	0.82	0.89
maintenance	0.82	0.48
pale	0.82	0.43
lawn	0.82	0.57
promise	0.82	0.42
understood	0.83	1.62
probable	0.83	0.93
yellow	0.83	0.55
loyalty	0.83	0.86
nothing	0.83	0.85
confidence	0.83	0.76
thin	0.83	0.75
advantages	0.84	0.56
tightly	0.84	0.69
rubbed	0.84	0.69
grant	0.84	0.34
air	0.84	0.99
settlement	0.85	0.60
piece	0.85	0.62
complex	0.85	0.58
accurate	0.86	0.60
worth	0.86	0.75
rice	0.86	0.52
necessary	0.86	0.53
proud	0.86	1.36
unity	0.87	0.56
juice	0.87	0.55
occasional	0.87	0.73
cream	0.87	0.56
whom	0.87	1.31
response	0.88	0.53
eh	0.88	1.50
sympathy	0.88	1.88
sunlight	0.88	0.65
degrees	0.88	0.65
ordinary	0.88	0.51
gesture	0.88	0.70
admiration	0.88	1.87
giant	0.88	0.57
green	0.88	0.56
hands	0.89	0.81
look	0.89	0.56
mature	0.89	0.56
weather	0.89	1.17
used	0.89	0.56
sandy	0.89	0.40
bond	0.89	0.82
mexican	0.89	0.58
assured	0.89	0.46
extended	0.90	0.65
folk	0.90	0.52
firm	0.90	0.31
creature	0.90	0.77
furniture	0.90	0.72
seats	0.90	0.76
breast	0.90	1.00
opportunities	0.90	0.49
fruit	0.90	0.60
rested	0.90	0.46
tune	0.91	0.56
stars	0.91	0.61
never	0.91	1.49
possible	0.91	0.76
rarely	0.91	0.47
achieved	0.92	0.54
rent	0.92	0.51
museum	0.92	0.43
dance	0.92	0.44
popular	0.92	0.37
small	0.93	0.62
wherever	0.93	1.46
fit	0.93	0.53
goal	0.93	0.60
trees	0.93	0.84
restore	0.94	0.56
patience	0.94	0.70
song	0.94	0.56
garden	0.94	0.63
knee	0.95	0.94
shoulder	0.95	0.88
young	0.95	1.03
regularly	0.95	0.39
honey	0.95	0.47
unexpected	0.96	1.66
figure	0.96	0.95
touched	0.96	1.07
glow	0.96	0.68
spoken	0.96	1.62
brown	0.97	0.65
sisters	0.97	1.28
greatest	0.97	0.93
display	0.97	0.49
relax	0.97	0.71
international	0.97	0.58
conversation	0.97	0.83
alert	0.98	0.72
design	0.98	0.69
tone	0.98	0.81
occasions	0.98	0.45
danced	0.99	0.47
device	0.99	0.62
security	0.99	0.56
pink	0.99	0.63
efficiency	0.99	0.47
dark	0.99	0.63
bold	0.99	0.57
settled	0.99	0.71
fully	0.99	0.53
anne	0.99	0.92
songs	1.00	0.56
silver	1.00	0.80
ing	1.00	0.49
fashion	1.00	0.79
gift	1.00	0.45
sure	1.01	0.66
satisfied	1.01	0.83
springs	1.01	0.57
lesson	1.02	0.39
beard	1.02	0.40
ford	1.02	0.78
wished	1.02	1.44
luck	1.02	1.64
comfort	1.03	0.61
restored	1.03	0.48
gentleman	1.03	0.72
palm	1.03	0.44
touching	1.04	0.66
subtle	1.04	0.79
thanks	1.04	0.47
features	1.04	0.56
guest	1.04	0.46
dignity	1.04	0.76
living	1.04	0.28
married	1.04	1.39
classic	1.04	0.89
exchange	1.05	0.58
ranks	1.05	0.39
greeted	1.05	0.85
taste	1.05	1.99
princess	1.05	1.01
prosperity	1.05	0.60
brushed	1.06	0.49
done	1.06	0.87
sun	1.06	0.89
wool	1.06	0.59
important	1.06	1.03
nancy	1.07	0.63
possessed	1.07	0.59
wedding	1.08	0.66
steady	1.08	1.05
balanced	1.08	0.57
vigorous	1.08	0.71
elaborate	1.08	0.60
manner	1.09	0.77
reads	1.09	0.46
count	1.09	0.46
fairly	1.10	0.69
relationship	1.10	0.70
kindly	1.10	0.75
formal	1.10	0.76
art	1.11	0.46
painting	1.11	0.50
flowers	1.11	0.70
devoted	1.11	0.68
sensible	1.12	0.76
safety	1.13	0.44
fond	1.13	1.31
proper	1.13	0.92
girl	1.13	1.45
effective	1.13	0.67
laughing	1.14	1.56
colors	1.14	0.56
moderate	1.15	1.00
contemporary	1.15	0.41
forehead	1.15	0.87
hair	1.16	0.63
desired	1.16	0.60
ease	1.16	0.94
tones	1.16	0.66
winter	1.16	1.18
summer	1.16	1.00
lightly	1.17	0.95
affection	1.17	1.71
taught	1.17	1.52
hand	1.17	0.98
lots	1.17	0.85
secure	1.18	0.66
busy	1.18	1.45
famous	1.19	0.59
assurance	1.19	0.45
neat	1.20	0.81
standard	1.20	0.85
sensitive	1.22	0.70
ever	1.22	1.34
loves	1.22	1.59
exercise	1.24	0.72
autumn	1.24	1.17
skill	1.24	0.55
assembled	1.24	0.37
thoughtful	1.25	0.88
guests	1.25	0.50
quality	1.26	0.58
privilege	1.26	0.72
absolutely	1.26	1.61
relations	1.27	0.70
brilliant	1.28	0.60
competitive	1.28	0.59
noble	1.28	0.59
assure	1.30	0.69
gained	1.30	0.72
invitation	1.30	0.59
healthy	1.31	0.65
strength	1.31	0.58
best	1.31	1.99
qualities	1.32	0.59
visitors	1.33	0.61
educated	1.33	0.40
yours	1.34	1.25
mistress	1.35	1.35
kisses	1.36	1.02
cheek	1.37	1.02
understanding	1.37	0.73
gain	1.38	0.85
loyal	1.38	0.52
appreciate	1.38	0.52
reasonably	1.40	0.76
spring	1.42	1.16
peace	1.42	0.60
better	1.43	1.77
acceptable	1.43	0.82
guide	1.44	1.11
safe	1.45	0.87
clever	1.45	1.11
darling	1.46	1.11
dancing	1.46	0.57
auntie	1.47	1.36
clear	1.47	0.79
stable	1.49	0.63
applause	1.50	1.51
mild	1.51	1.80
fancy	1.52	1.43
trust	1.53	1.72
unusual	1.53	1.28
host	1.54	0.68
remarkable	1.55	1.24
real	1.55	1.44
intelligent	1.56	0.71
cooperation	1.57	0.69
marry	1.57	1.39
girls	1.58	1.21
efficient	1.58	0.67
short	1.60	0.70
romantic	1.60	1.23
bright	1.61	0.79
health	1.61	1.45
glad	1.61	1.18
cook	1.63	1.47
survive	1.63	1.95
collection	1.63	0.57
blond	1.64	1.44
satisfactory	1.64	0.82
wise	1.64	1.26
fair	1.67	1.97
mutual	1.68	1.77
warmth	1.69	0.62
tall	1.69	1.37
soft	1.69	0.88
lady	1.69	1.13
occasionally	1.69	1.61
improve	1.70	1.40
handsome	1.70	1.11
golden	1.71	0.76
blonde	1.71	1.26
ira	1.72	1.47
desirable	1.73	1.54
improved	1.74	1.30
reception	1.74	0.85
kissed	1.74	1.91
slim	1.76	1.28
valuable	1.76	1.68
absolute	1.76	1.65
fun	1.78	1.20
unlikely	1.79	1.81
strong	1.81	1.22
favorite	1.82	1.08
lover	1.83	0.99
useful	1.86	1.81
modest	1.87	1.69
examples	1.87	1.30
essential	1.87	1.21
happily	1.87	1.23
successful	1.87	1.41
masses	1.89	2.02
ladies	1.91	1.28
friendship	1.92	1.31
noel	1.93	1.50
easy	1.94	1.41
comfortable	1.96	1.69
intimate	1.97	1.26
famed	2.02	1.14
job	2.03	1.63
happiness	2.03	1.17
casual	2.04	1.47
kiss	2.05	1.59
well	2.05	1.18
favorable	2.05	1.84
suitable	2.06	1.23
simple	2.07	1.26
orderly	2.07	1.62
warm	2.09	1.72
tiny	2.09	1.47
shining	2.10	1.47
wonderful	2.10	1.15
ideal	2.11	1.25
relaxed	2.16	1.54
hers	2.16	1.53
welcome	2.18	1.15
complete	2.19	1.42
entertainment	2.19	1.54
tender	2.21	0.67
cool	2.21	1.67
attractive	2.24	1.09
peaceful	2.26	1.63
perfectly	2.26	1.00
delicate	2.27	1.14
honest	2.29	1.13
genuine	2.31	1.15
polite	2.31	1.31
generous	2.32	1.21
bride	2.32	0.88
decent	2.33	1.21
charm	2.33	1.03
grace	2.36	0.92
flower	2.36	1.16
quiet	2.37	1.47
fine	2.38	1.22
sweet	2.38	0.91
calm	2.38	1.47
model	2.40	1.37
models	2.43	1.35
magnificent	2.44	0.93
lucky	2.47	0.92
gay	2.49	1.23
grateful	2.52	1.26
enjoying	2.54	1.40
loving	2.57	0.97
gentle	2.60	1.11
friendly	2.61	1.18
cheerful	2.62	1.39
pure	2.63	1.04
enjoyed	2.69	1.25
rare	2.71	0.89
beautiful	2.73	0.80
enjoy	2.73	1.25
splendid	2.74	0.92
nice	2.77	0.82
charming	2.80	1.07
beauty	2.82	0.73
finest	2.93	0.93
