worst	-3.93	0.78
bloody	-3.86	1.29
dirty	-3.83	0.99
mess	-3.81	1.39
ugly	-3.81	0.95
fate	-3.71	1.06
terrible	-3.70	1.02
bastard	-3.61	0.76
helpless	-3.43	0.69
miserable	-3.40	1.19
sick	-3.39	0.87
horror	-3.37	1.04
useless	-3.35	1.27
badly	-3.34	1.47
blind	-3.33	1.07
terror	-3.33	1.25
poverty	-3.33	0.95
fool	-3.29	1.02
sin	-3.27	1.29
ridiculous	-3.26	1.36
cruel	-3.18	0.82
stupid	-3.18	1.06
monster	-3.16	1.27
lonely	-3.16	1.17
hungry	-3.15	1.27
haven	-3.11	1.70
tragedy	-3.09	1.33
damned	-3.07	1.12
openly	-3.06	1.82
dangerous	-3.01	1.08
beaten	-2.95	1.63
nonsense	-2.95	1.15
bitter	-2.89	1.04
misery	-2.84	1.03
irish	-2.77	1.63
trapped	-2.76	0.34
abruptly	-2.76	1.71
exhausted	-2.72	1.01
silly	-2.72	1.39
odd	-2.72	1.33
tired	-2.71	1.47
regardless	-2.71	1.61
dying	-2.69	1.34
shocked	-2.69	1.37
furious	-2.68	1.06
describe	-2.66	1.97
entitled	-2.65	1.91
desperate	-2.65	0.47
absurd	-2.64	1.56
hurt	-2.63	1.22
ill	-2.61	1.26
save	-2.60	1.58
cited	-2.60	2.09
bored	-2.59	1.65
moreover	-2.58	1.99
bitterly	-2.58	1.18
losses	-2.55	1.82
screaming	-2.55	1.38
crazy	-2.55	1.31
incident	-2.53	1.73
blame	-2.53	1.43
peasant	-2.52	1.85
shame	-2.52	1.50
creature	-2.51	1.16
pain	-2.50	0.88
fears	-2.50	1.32
frightened	-2.49	1.59
desperately	-2.45	1.74
florence	-2.45	1.96
rage	-2.43	1.59
sherman	-2.42	1.78
nervous	-2.42	1.68
weak	-2.42	1.45
strange	-2.41	1.54
fury	-2.40	1.60
mysterious	-2.38	1.68
grim	-2.34	1.64
ass	-2.34	1.54
weary	-2.33	1.56
fear	-2.32	1.68
conscience	-2.31	1.56
acts	-2.30	1.73
suffering	-2.30	0.57
dull	-2.30	0.72
uneasy	-2.28	1.75
panic	-2.28	1.11
experiences	-2.26	1.83
upset	-2.26	1.71
inadequate	-2.25	1.50
troubled	-2.25	1.72
shock	-2.24	0.92
recall	-2.24	1.85
suspect	-2.24	1.66
worse	-2.23	1.49
death	-2.22	0.37
destruction	-2.22	0.39
sad	-2.21	1.53
violence	-2.21	0.75
slave	-2.20	1.73
suffered	-2.20	0.48
awful	-2.20	1.74
struggling	-2.19	0.30
kill	-2.18	1.73
riots	-2.18	0.45
anger	-2.17	1.83
angry	-2.17	1.15
hunger	-2.16	1.15
confusion	-2.16	1.10
violent	-2.14	0.51
anxiety	-2.12	1.08
hostility	-2.12	1.87
tense	-2.11	1.79
suffer	-2.11	0.49
worried	-2.10	1.88
deadly	-2.08	0.72
aged	-2.07	2.06
drunk	-2.05	0.53
battle	-2.04	0.59
vaguely	-2.03	1.83
human	-2.03	1.92
temper	-2.01	0.73
disaster	-2.01	0.50
confused	-2.00	1.41
scared	-2.00	0.94
disappointed	-1.99	1.73
logic	-1.99	2.02
guilt	-1.99	1.16
mad	-1.98	0.55
fever	-1.97	0.58
ashamed	-1.97	0.97
depression	-1.97	0.80
familiar	-1.97	0.67
caused	-1.95	0.61
struggle	-1.92	0.57
families	-1.91	2.04
old	-1.90	1.44
trembling	-1.90	0.80
sudden	-1.90	0.94
injured	-1.89	0.42
wars	-1.87	0.65
besides	-1.84	1.66
hitler	-1.84	0.59
occurred	-1.83	0.55
stiff	-1.82	1.89
hostile	-1.82	0.58
jew	-1.81	0.71
mob	-1.81	0.69
affected	-1.79	0.82
feared	-1.78	1.67
bloom	-1.77	2.19
false	-1.76	0.68
living	-1.76	2.02
uncertain	-1.75	1.17
error	-1.74	0.42
screamed	-1.72	0.81
embarrassed	-1.71	1.38
abandoned	-1.70	0.53
beings	-1.68	1.71
enemies	-1.68	1.96
devil	-1.68	1.87
disturbed	-1.68	1.43
despair	-1.67	1.38
puzzled	-1.66	1.38
loss	-1.65	0.48
fantastic	-1.64	1.77
felt	-1.64	0.96
attacked	-1.62	0.44
jealous	-1.62	1.62
seriously	-1.62	0.62
ignored	-1.61	0.65
fought	-1.61	0.48
murder	-1.61	0.59
destroyed	-1.60	0.50
damn	-1.60	0.72
incredible	-1.60	2.09
little	-1.59	1.30
treated	-1.59	0.46
patient	-1.58	0.54
grief	-1.58	1.31
civilian	-1.58	0.78
rat	-1.57	0.39
cry	-1.57	0.77
endless	-1.57	0.81
damage	-1.56	0.46
wounded	-1.56	0.66
bit	-1.56	0.69
cat	-1.56	0.55
dog	-1.56	0.53
harsh	-1.53	0.40
alien	-1.53	0.61
print	-1.53	0.61
mason	-1.52	0.39
avoided	-1.52	0.63
killed	-1.52	0.52
sheer	-1.52	0.79
angrily	-1.52	0.63
cop	-1.52	0.65
anxious	-1.52	1.38
christ	-1.51	2.14
shit	-1.50	0.60
nigger	-1.50	0.67
ended	-1.50	0.90
stalin	-1.49	0.50
pig	-1.48	0.44
illness	-1.48	0.37
inevitably	-1.48	0.59
protest	-1.47	0.63
loves	-1.47	1.73
italian	-1.47	0.81
dismissed	-1.47	0.47
riot	-1.47	0.48
suspected	-1.47	1.95
bitch	-1.46	0.64
committed	-1.46	0.56
escape	-1.45	0.39
flood	-1.45	0.47
emotions	-1.45	1.14
invasion	-1.45	0.66
bothered	-1.43	1.91
fierce	-1.43	1.04
disease	-1.43	0.50
mental	-1.42	0.46
consequences	-1.42	0.47
guy	-1.41	2.00
garbage	-1.41	0.67
floating	-1.41	0.84
cure	-1.41	0.54
blow	-1.41	0.37
animal	-1.41	0.59
accident	-1.40	0.38
bear	-1.40	0.39
storm	-1.39	0.73
mighty	-1.39	1.60
survival	-1.39	0.57
patients	-1.38	0.42
stomach	-1.38	0.68
likes	-1.38	1.83
happens	-1.38	1.93
killing	-1.38	0.43
suspicion	-1.37	1.12
pure	-1.36	1.79
emotion	-1.35	1.63
treat	-1.35	0.43
urban	-1.35	0.94
creatures	-1.35	0.64
dead	-1.35	0.66
care	-1.34	0.65
excitement	-1.34	1.27
victim	-1.34	0.56
claimed	-1.34	0.29
biggest	-1.34	0.64
dogs	-1.33	0.39
regret	-1.33	1.09
instant	-1.33	0.67
actions	-1.32	0.57
mercy	-1.32	2.10
situations	-1.31	0.56
cries	-1.30	0.61
crime	-1.30	0.66
dutch	-1.30	0.86
concerned	-1.30	0.87
suddenly	-1.29	0.60
divine	-1.29	2.33
animals	-1.29	0.61
believed	-1.29	2.01
destroy	-1.29	0.42
observe	-1.28	0.73
ye	-1.27	2.24
polish	-1.27	0.69
hard	-1.27	2.39
explains	-1.26	0.74
escaped	-1.26	0.47
feeling	-1.26	0.85
seized	-1.25	0.66
jews	-1.25	1.07
painful	-1.25	2.28
existence	-1.25	0.48
subtle	-1.25	2.24
fife	-1.24	0.47
suspicious	-1.24	1.02
victims	-1.24	0.33
doubts	-1.23	0.91
contempt	-1.23	1.46
whites	-1.23	0.43
hatred	-1.22	2.41
aggression	-1.22	0.51
comparison	-1.22	0.67
fighting	-1.22	0.23
real	-1.21	2.07
torn	-1.21	0.74
causes	-1.21	0.41
rural	-1.21	1.17
foolish	-1.21	1.47
startled	-1.20	1.21
inevitable	-1.20	0.76
fellow	-1.20	1.72
dependent	-1.19	0.69
born	-1.19	2.09
treatment	-1.18	0.34
discrimination	-1.18	0.42
kicked	-1.18	0.49
tear	-1.18	0.46
waste	-1.18	0.51
unemployment	-1.18	0.53
german	-1.17	0.81
costly	-1.17	0.58
guilty	-1.17	0.53
tears	-1.17	1.30
rescue	-1.17	0.33
empty	-1.17	0.63
enemy	-1.16	0.47
arrest	-1.16	0.52
afford	-1.16	0.71
burst	-1.16	0.87
kick	-1.16	0.77
vague	-1.16	0.62
severe	-1.15	0.53
dragged	-1.14	0.47
instinct	-1.14	0.49
effects	-1.13	0.38
sharp	-1.13	0.63
neil	-1.13	2.09
curiosity	-1.13	1.31
assault	-1.13	0.54
humanity	-1.13	0.82
punishment	-1.13	0.48
intense	-1.11	1.25
spirit	-1.11	2.29
wrong	-1.11	2.30
mistake	-1.11	0.69
criticism	-1.11	0.87
wishes	-1.11	0.73
curious	-1.11	0.81
attitudes	-1.10	0.66
danger	-1.10	0.60
individuals	-1.10	0.75
rush	-1.10	0.75
detweiler	-1.10	0.58
scream	-1.09	0.66
bennett	-1.09	2.12
unconscious	-1.09	0.36
york	-1.09	0.89
captured	-1.09	0.20
conspiracy	-1.08	0.55
arrested	-1.08	0.41
protestant	-1.08	1.26
contributed	-1.08	0.66
lion	-1.07	0.48
reported	-1.07	0.56
deborah	-1.07	0.82
reverend	-1.07	1.08
soldiers	-1.07	0.58
seemed	-1.07	0.56
housing	-1.07	0.69
primitive	-1.07	0.70
deeply	-1.06	1.01
behavior	-1.06	0.39
whenever	-1.06	0.62
outcome	-1.06	0.49
anderson	-1.06	0.54
appeal	-1.06	0.53
demonstrations	-1.06	0.29
boston	-1.06	0.80
responsibility	-1.05	0.54
connection	-1.05	0.69
claims	-1.05	0.46
curiously	-1.05	0.76
sharply	-1.05	0.61
regularly	-1.05	0.49
terribly	-1.05	1.39
philadelphia	-1.05	0.83
threatened	-1.04	0.58
possessed	-1.04	2.28
snake	-1.04	0.38
fbi	-1.03	0.70
pride	-1.03	1.38
believes	-1.03	0.95
wisdom	-1.03	2.18
repeatedly	-1.03	0.54
rid	-1.03	0.64
cause	-1.03	0.55
sounded	-1.02	0.60
feel	-1.02	0.56
buffalo	-1.02	0.61
gap	-1.01	0.56
bunch	-1.01	0.53
refugees	-1.01	0.67
rushed	-1.01	0.44
resulted	-1.00	0.54
generations	-1.00	0.97
war	-0.99	0.22
rival	-0.99	0.58
luke	-0.99	0.47
stirred	-0.99	0.72
shooting	-0.99	0.55
burden	-0.99	0.54
dirt	-0.99	0.78
surprise	-0.99	0.84
resulting	-0.99	0.34
officially	-0.99	0.51
toilet	-0.98	0.77
jesus	-0.98	1.78
sorts	-0.98	0.88
sink	-0.98	0.81
wave	-0.98	0.58
cancer	-0.97	0.62
preacher	-0.97	1.29
prison	-0.97	0.29
brooklyn	-0.97	0.78
burke	-0.96	0.34
scenes	-0.96	0.87
against	-0.96	0.34
attack	-0.96	0.19
strain	-0.95	0.62
surely	-0.95	0.62
reaction	-0.95	0.54
yelled	-0.95	0.58
straw	-0.95	0.79
mask	-0.95	0.62
jerusalem	-0.95	1.47
totally	-0.95	0.39
convinced	-0.95	0.78
karen	-0.95	0.61
radical	-0.95	0.48
indians	-0.95	0.50
opposition	-0.94	0.79
policeman	-0.94	0.45
suicide	-0.94	0.75
madison	-0.94	0.60
mud	-0.93	0.84
impact	-0.93	0.47
bronx	-0.93	0.81
racial	-0.93	0.60
fight	-0.93	0.45
surprised	-0.93	1.39
quarters	-0.93	0.79
drugs	-0.92	0.33
bombolini	-0.92	0.42
mixture	-0.92	0.52
hudson	-0.92	0.90
exciting	-0.92	1.75
deliberately	-0.92	0.41
hunter	-0.92	0.45
identify	-0.91	0.53
rome	-0.91	0.76
asserted	-0.91	0.54
events	-0.91	0.68
feelings	-0.91	1.02
action	-0.91	0.45
avoid	-0.91	0.28
weakness	-0.91	0.65
joke	-0.91	0.73
accused	-0.91	0.49
child	-0.90	2.00
shoot	-0.90	0.45
fancy	-0.90	0.82
hollow	-0.90	0.60
tension	-0.90	0.86
ancient	-0.90	0.72
farmers	-0.90	1.06
drug	-0.89	0.30
millions	-0.89	0.97
criminal	-0.89	0.40
golk	-0.89	0.50
publicly	-0.89	0.54
demonstrators	-0.89	0.26
rumors	-0.89	0.56
rich	-0.89	1.69
pity	-0.89	2.30
shar	-0.88	0.46
jewish	-0.88	1.15
pike	-0.88	0.58
instantly	-0.88	0.67
controversy	-0.88	0.51
bible	-0.88	1.62
origin	-0.88	0.50
charged	-0.87	0.31
conduct	-0.87	0.50
controversial	-0.87	0.43
physician	-0.87	0.33
cut	-0.87	0.56
proof	-0.87	0.48
alfred	-0.87	0.37
feels	-0.87	0.84
indian	-0.87	0.79
charges	-0.87	0.31
communities	-0.87	0.90
attacks	-0.87	0.24
thinks	-0.86	0.92
innocent	-0.86	1.61
french	-0.86	0.77
suspended	-0.86	0.48
reluctant	-0.86	0.81
too	-0.86	0.53
jail	-0.86	0.34
amused	-0.86	1.34
lose	-0.85	0.49
revolutionary	-0.84	0.63
brain	-0.84	0.51
condition	-0.84	0.48
holy	-0.84	1.89
shouted	-0.84	0.59
possession	-0.84	0.72
listed	-0.84	0.62
aggressive	-0.83	0.51
occasional	-0.83	0.56
churches	-0.83	1.29
cong	-0.83	0.25
testimony	-0.83	0.53
stroke	-0.83	0.53
spanish	-0.83	0.74
rabbi	-0.83	1.54
disclosed	-0.83	0.66
shoes	-0.83	0.84
sentence	-0.82	0.30
repeat	-0.82	0.73
cops	-0.81	0.45
priest	-0.81	1.56
liked	-0.81	1.96
pray	-0.81	1.79
questioning	-0.80	0.44
railroad	-0.80	0.87
wound	-0.80	0.62
different	-0.80	0.70
ireland	-0.80	0.87
hospital	-0.80	0.35
replace	-0.80	0.60
residents	-0.79	0.85
towns	-0.79	0.87
editorial	-0.79	0.87
roman	-0.79	1.33
hospitals	-0.79	0.32
whoever	-0.79	0.57
fled	-0.79	0.36
bialystock	-0.78	0.47
catch	-0.78	0.56
arnold	-0.78	0.42
baltimore	-0.78	0.78
explosion	-0.78	0.27
literally	-0.78	0.46
temple	-0.78	1.40
appropriate	-0.78	0.78
troubles	-0.77	0.68
doctors	-0.77	0.36
hide	-0.77	0.85
prevent	-0.77	0.47
birmingham	-0.77	1.02
referred	-0.77	0.66
emotional	-0.77	0.56
rheinhardt	-0.77	0.55
bits	-0.77	0.61
risk	-0.77	0.31
kid	-0.77	0.70
moral	-0.77	0.69
nerves	-0.77	0.67
moments	-0.76	0.98
drift	-0.76	0.49
policemen	-0.76	0.23
occasionally	-0.76	0.66
catholic	-0.76	1.17
train	-0.76	0.86
bite	-0.76	0.41
medical	-0.76	0.33
ideas	-0.76	0.57
english	-0.76	0.64
challenged	-0.76	0.50
quoted	-0.75	0.71
stem	-0.75	0.38
wherever	-0.75	0.51
asks	-0.75	0.84
physical	-0.75	0.55
germans	-0.75	0.49
universe	-0.75	1.16
physicians	-0.75	0.32
causing	-0.75	0.35
prisoner	-0.75	0.21
farmer	-0.75	0.82
prisoners	-0.75	0.39
lives	-0.74	1.11
stated	-0.74	0.63
article	-0.74	0.79
trial	-0.74	0.33
explain	-0.74	0.58
beat	-0.74	0.50
crisis	-0.74	0.65
weather	-0.74	2.41
agricultural	-0.73	0.77
land	-0.73	0.81
stranger	-0.73	0.44
falling	-0.72	0.52
interests	-0.72	0.50
cleaning	-0.72	0.79
saint	-0.72	1.68
experienced	-0.72	0.34
mystery	-0.72	0.86
afraid	-0.72	0.98
willie	-0.71	0.59
necessity	-0.71	0.47
doctor	-0.71	0.61
bore	-0.71	0.48
confirmed	-0.71	0.56
jury	-0.71	0.31
responsible	-0.71	0.38
race	-0.71	0.60
noise	-0.71	0.51
conflict	-0.71	0.28
judgment	-0.70	0.60
tail	-0.70	0.38
shakespeare	-0.70	0.49
distant	-0.70	0.56
doubt	-0.70	0.75
demonstration	-0.70	0.65
weapon	-0.70	0.23
leo	-0.70	0.64
quick	-0.70	0.54
prayer	-0.70	1.82
result	-0.70	0.35
clothes	-0.69	0.84
vietnamese	-0.69	0.20
alarm	-0.69	0.54
event	-0.69	0.84
extreme	-0.69	0.94
moses	-0.69	1.67
movements	-0.69	0.60
w	-0.69	0.55
shouting	-0.69	0.60
japanese	-0.69	0.49
memories	-0.68	2.39
hoped	-0.68	0.90
oppose	-0.68	0.58
described	-0.68	0.68
overcome	-0.68	0.40
spell	-0.68	0.51
cross	-0.68	1.06
freud	-0.68	0.56
widespread	-0.68	0.55
die	-0.68	0.75
objects	-0.67	0.50
drag	-0.67	0.43
backs	-0.67	0.52
odin	-0.67	0.39
cleveland	-0.67	0.33
israel	-0.67	0.81
laugh	-0.67	0.65
discovery	-0.67	0.45
russian	-0.67	0.42
knows	-0.67	0.90
church	-0.67	1.51
re	-0.66	0.39
poland	-0.66	0.41
sigh	-0.66	0.88
alike	-0.66	0.64
specifically	-0.66	0.42
von	-0.66	0.59
blank	-0.65	0.45
levin	-0.65	0.66
cities	-0.65	0.50
smart	-0.65	0.81
agents	-0.65	0.65
conscious	-0.65	0.50
bishop	-0.65	1.10
health	-0.64	0.27
ward	-0.64	0.31
involve	-0.64	0.25
hondorp	-0.64	0.72
prayers	-0.64	1.56
closely	-0.64	0.62
smelled	-0.64	2.21
experience	-0.64	0.48
police	-0.64	0.17
weapons	-0.64	0.18
intervention	-0.64	0.23
noted	-0.64	0.66
insist	-0.63	0.61
diddy	-0.63	0.45
social	-0.63	0.66
relief	-0.63	0.81
world	-0.63	0.60
cases	-0.63	0.17
declared	-0.63	0.60
fault	-0.63	0.83
reactions	-0.63	0.27
rent	-0.63	0.78
tide	-0.63	0.62
identified	-0.62	0.28
troops	-0.62	0.18
bombs	-0.62	0.22
medicine	-0.62	0.27
counts	-0.62	0.53
acted	-0.62	0.80
gradually	-0.62	0.45
archbishop	-0.62	1.07
released	-0.61	0.18
nuts	-0.61	0.73
taste	-0.61	2.24
attracted	-0.61	0.45
village	-0.61	0.85
crash	-0.61	0.29
communists	-0.61	0.29
conventional	-0.61	0.21
offensive	-0.61	0.21
individual	-0.61	0.50
conviction	-0.61	0.45
nearer	-0.61	0.40
negroes	-0.61	0.30
sacred	-0.61	1.58
jason	-0.61	0.51
campus	-0.60	0.22
qualified	-0.60	0.47
forgot	-0.60	0.42
steal	-0.60	0.55
wages	-0.60	0.73
fanny	-0.60	0.67
increasingly	-0.60	0.61
age	-0.60	1.32
ed	-0.60	0.65
wash	-0.59	0.86
israeli	-0.59	0.56
menendez	-0.59	1.20
depend	-0.59	0.44
brings	-0.59	0.50
viet	-0.59	0.19
cardinal	-0.59	1.12
spite	-0.59	0.95
hunt	-0.59	0.20
korean	-0.59	0.23
connected	-0.59	0.80
directly	-0.59	0.51
deserted	-0.59	0.79
jose	-0.58	0.69
loud	-0.58	0.38
charge	-0.58	0.26
hopes	-0.58	0.55
stress	-0.58	0.66
appeals	-0.58	0.34
society	-0.58	0.61
criticized	-0.58	0.33
sacrifice	-0.58	0.72
flies	-0.58	0.32
crying	-0.57	0.67
expensive	-0.57	0.59
serious	-0.57	0.77
emphasis	-0.57	0.44
shout	-0.57	0.40
spreading	-0.57	0.23
kennon	-0.57	0.48
decline	-0.57	0.58
filled	-0.57	0.56
civilization	-0.57	0.46
tracks	-0.57	0.78
drama	-0.57	0.55
environment	-0.57	0.54
ordinary	-0.57	0.78
hut	-0.56	0.54
latest	-0.56	0.88
varied	-0.56	0.38
wonder	-0.56	0.84
justified	-0.56	0.63
unlike	-0.56	0.31
investigation	-0.56	0.22
phenomenon	-0.56	0.75
dealt	-0.56	0.26
quickly	-0.56	0.49
civil	-0.56	0.21
express	-0.55	1.19
conditions	-0.55	0.48
atlanta	-0.55	0.37
races	-0.55	0.57
harm	-0.55	0.86
discovered	-0.55	1.01
italy	-0.55	0.67
pretend	-0.55	0.71
belief	-0.55	0.86
nature	-0.55	0.56
habits	-0.55	0.51
angel	-0.55	0.89
peculiar	-0.55	2.23
occasion	-0.55	2.81
persons	-0.55	0.64
considered	-0.55	0.53
bird	-0.54	0.30
regarding	-0.54	0.49
transfer	-0.54	0.56
dealing	-0.54	0.51
court	-0.54	0.34
judge	-0.54	0.36
initial	-0.54	0.43
puerto	-0.54	0.40
nam	-0.54	0.18
interested	-0.54	0.92
pope	-0.53	1.13
solve	-0.53	0.38
grand	-0.53	0.22
coffin	-0.53	0.40
regarded	-0.53	0.60
sounds	-0.53	0.51
bomb	-0.53	0.20
impulse	-0.53	0.82
accustomed	-0.53	0.61
sheriff	-0.53	0.17
saigon	-0.53	0.20
promptly	-0.53	0.52
eat	-0.53	0.77
bureau	-0.53	0.44
zone	-0.52	0.18
philosophy	-0.52	0.64
segregation	-0.52	0.25
personal	-0.52	0.57
proud	-0.52	1.83
exposed	-0.52	0.49
circles	-0.52	0.34
roar	-0.52	0.36
korea	-0.52	0.25
emergency	-0.52	0.19
michaels	-0.51	0.65
bullet	-0.51	0.27
russia	-0.51	0.33
kingdom	-0.51	1.74
hell	-0.51	0.93
allied	-0.51	0.29
freely	-0.51	0.47
sheep	-0.51	0.32
vast	-0.51	0.66
decisions	-0.51	0.19
slight	-0.51	0.66
servant	-0.51	0.98
argument	-0.51	0.46
wild	-0.51	0.53
difficult	-0.51	0.59
detroit	-0.51	0.36
predicted	-0.51	0.69
illustrated	-0.51	0.63
opposed	-0.51	0.21
dreams	-0.51	0.75
images	-0.50	0.82
nuclear	-0.50	0.19
chicago	-0.50	0.34
manage	-0.50	0.54
egypt	-0.50	0.96
combination	-0.50	0.60
rarely	-0.50	0.47
occasions	-0.50	0.82
threat	-0.50	0.30
jordan	-0.50	0.47
areas	-0.50	0.52
faded	-0.50	0.55
illegal	-0.50	0.77
ruling	-0.49	0.33
stuff	-0.49	2.23
nerve	-0.49	0.66
pistol	-0.49	0.27
homes	-0.49	0.99
gang	-0.49	0.32
negro	-0.49	0.33
grew	-0.49	0.50
god	-0.49	2.25
category	-0.49	0.40
houses	-0.49	0.83
upon	-0.49	0.28
identification	-0.48	0.37
earn	-0.48	0.74
driven	-0.48	0.63
guns	-0.48	0.21
traditional	-0.48	0.38
regime	-0.48	0.23
berlin	-0.48	0.29
eaten	-0.48	0.75
city	-0.48	0.33
opinions	-0.48	0.53
attract	-0.48	0.48
minor	-0.48	0.31
judges	-0.48	0.33
hit	-0.48	0.20
laos	-0.48	0.23
citizens	-0.47	0.66
roger	-0.47	0.40
cantrell	-0.47	0.47
related	-0.47	0.26
lands	-0.47	0.75
discuss	-0.47	0.49
atomic	-0.47	0.21
o	-0.47	1.39
chinese	-0.47	0.31
robin	-0.47	0.54
welfare	-0.47	0.26
knock	-0.47	0.26
tower	-0.46	0.61
waving	-0.46	0.55
boom	-0.46	0.25
echo	-0.46	0.32
examination	-0.46	0.16
germany	-0.46	0.42
extension	-0.46	0.61
naturally	-0.46	0.36
theory	-0.46	0.55
act	-0.46	0.73
strategy	-0.46	0.59
romantic	-0.46	0.77
squad	-0.45	0.17
armed	-0.45	0.18
attitude	-0.45	0.50
existing	-0.45	0.39
cave	-0.45	0.44
consciousness	-0.45	0.74
district	-0.45	0.22
courts	-0.45	0.23
fade	-0.45	0.28
failure	-0.45	0.24
centers	-0.45	0.51
true	-0.45	0.68
blood	-0.45	0.58
angeles	-0.44	0.33
bombing	-0.44	0.20
obligation	-0.44	0.35
communism	-0.44	0.26
harlem	-0.44	0.32
warned	-0.44	0.73
nevertheless	-0.44	0.40
forces	-0.44	0.24
wet	-0.44	1.08
services	-0.44	0.23
properties	-0.44	0.60
tanks	-0.44	0.19
em	-0.44	0.83
planet	-0.44	0.57
arab	-0.43	0.60
shaking	-0.43	0.59
due	-0.43	0.27
los	-0.43	0.34
orleans	-0.43	0.30
british	-0.43	0.47
raise	-0.43	0.58
communist	-0.43	0.25
alert	-0.43	1.02
built	-0.43	0.63
bring	-0.43	0.43
neighborhood	-0.43	1.02
combat	-0.43	0.16
country	-0.43	0.41
fired	-0.42	0.14
itself	-0.42	0.49
favored	-0.42	0.65
mentioned	-0.42	0.83
inspector	-0.42	0.15
awareness	-0.42	0.32
choice	-0.42	0.57
exist	-0.42	0.50
occur	-0.42	0.26
brains	-0.42	0.53
population	-0.42	0.42
slightly	-0.42	0.39
smell	-0.42	2.32
losing	-0.41	0.61
witnesses	-0.41	0.23
christian	-0.41	1.21
leaped	-0.41	0.33
villages	-0.41	0.51
natural	-0.41	0.67
dallas	-0.41	0.25
hammer	-0.41	0.68
complained	-0.41	0.73
laughter	-0.41	0.49
flash	-0.41	0.51
alcohol	-0.41	0.80
supreme	-0.41	0.20
gun	-0.41	0.26
military	-0.41	0.17
observers	-0.41	0.30
jerry	-0.40	0.42
noble	-0.40	1.68
tactics	-0.40	0.11
resistance	-0.40	0.59
examples	-0.40	0.80
larger	-0.40	0.69
self	-0.40	0.46
contrary	-0.40	0.46
russians	-0.40	0.30
focus	-0.40	0.44
detective	-0.40	0.21
duty	-0.40	0.62
beating	-0.40	0.37
impossible	-0.40	0.59
apparent	-0.40	0.33
barney	-0.40	0.28
customs	-0.40	0.29
defeat	-0.40	0.77
miami	-0.40	0.35
bull	-0.40	0.40
feeding	-0.39	0.28
obviously	-0.39	0.60
priests	-0.39	1.13
privately	-0.39	0.71
civilized	-0.39	0.78
inflation	-0.39	0.21
queens	-0.39	0.43
became	-0.39	0.39
immediately	-0.39	0.35
missing	-0.39	0.40
suggests	-0.39	0.33
socialist	-0.39	0.20
dan	-0.38	0.40
trace	-0.38	0.72
personality	-0.38	0.37
sense	-0.38	0.68
relation	-0.38	0.44
farms	-0.38	0.60
necessarily	-0.38	0.37
vietnam	-0.38	0.22
delight	-0.38	0.88
stop	-0.38	0.74
ages	-0.38	0.41
somehow	-0.38	0.60
remark	-0.38	0.40
broke	-0.38	0.32
cuban	-0.38	0.25
remind	-0.38	0.58
europeans	-0.38	0.32
knowledge	-0.38	0.81
soldier	-0.38	0.57
case	-0.38	0.22
strikes	-0.38	0.15
opinion	-0.38	0.28
psychological	-0.38	0.34
ing	-0.37	0.76
external	-0.37	0.18
harder	-0.37	0.95
hugh	-0.37	0.43
values	-0.37	0.35
castro	-0.37	0.25
border	-0.37	0.24
decision	-0.37	0.20
practice	-0.37	0.20
cuba	-0.37	0.27
classic	-0.37	0.52
same	-0.37	0.68
religious	-0.37	1.02
complaints	-0.37	0.21
inquiry	-0.37	0.18
protect	-0.37	0.39
heaven	-0.37	2.30
strength	-0.37	1.02
policies	-0.37	0.20
frankly	-0.37	0.75
province	-0.37	0.26
competition	-0.37	0.28
mixed	-0.37	0.54
agree	-0.37	0.53
american	-0.37	0.30
feed	-0.37	0.36
mankind	-0.36	0.89
complex	-0.36	0.82
advised	-0.36	0.74
supported	-0.36	0.20
food	-0.36	0.61
leg	-0.36	0.44
marked	-0.36	0.31
discover	-0.36	0.57
lately	-0.36	0.62
south	-0.36	0.20
territory	-0.36	0.35
owners	-0.36	0.14
cattle	-0.36	0.35
saved	-0.36	0.50
missiles	-0.36	0.19
wondering	-0.36	0.91
views	-0.35	0.22
secret	-0.35	0.64
soul	-0.35	2.14
african	-0.35	0.36
deep	-0.35	0.47
backing	-0.35	0.15
fill	-0.35	0.27
response	-0.35	0.29
chiefs	-0.35	0.20
jonathan	-0.35	0.43
demanded	-0.35	0.69
somebody	-0.35	0.85
horse	-0.35	0.23
districts	-0.35	0.38
capacity	-0.35	0.62
pressures	-0.35	0.31
travis	-0.35	0.16
profession	-0.35	0.28
metropolitan	-0.35	0.34
broken	-0.35	0.19
eating	-0.35	0.72
ai	-0.34	0.79
native	-0.34	0.57
bigger	-0.34	0.76
sexual	-0.34	0.71
jacob	-0.34	0.68
asian	-0.34	0.34
justice	-0.34	0.24
student	-0.34	0.28
nor	-0.34	0.99
ruled	-0.34	0.19
urgent	-0.34	0.24
depends	-0.34	0.56
considerations	-0.34	0.44
delivered	-0.34	0.50
shots	-0.34	0.16
pack	-0.34	0.53
institutions	-0.34	0.36
latin	-0.33	0.36
west	-0.33	0.35
matthew	-0.33	0.67
signs	-0.33	0.29
fist	-0.33	0.48
na	-0.33	0.80
affect	-0.33	0.32
china	-0.33	0.28
firing	-0.33	0.19
recalled	-0.33	0.72
life	-0.33	0.49
impressed	-0.33	1.13
urge	-0.33	0.45
witness	-0.33	0.20
habit	-0.33	0.29
shall	-0.33	1.35
typical	-0.33	0.99
bother	-0.32	0.65
francisco	-0.32	0.34
practices	-0.32	0.25
unique	-0.32	1.16
behalf	-0.32	0.47
ralph	-0.32	0.31
almost	-0.32	0.44
funeral	-0.32	0.58
create	-0.32	0.36
twisted	-0.32	0.54
public	-0.32	0.20
statements	-0.32	0.27
greece	-0.32	0.65
congo	-0.32	0.36
founded	-0.32	0.52
immediate	-0.32	0.52
demands	-0.31	0.17
nation	-0.31	0.21
matters	-0.31	0.26
asia	-0.31	0.30
tests	-0.31	0.13
powers	-0.31	0.71
north	-0.31	0.21
load	-0.31	0.16
shed	-0.31	0.27
debate	-0.31	0.16
horses	-0.31	0.28
glance	-0.31	0.64
organizations	-0.31	0.32
evident	-0.31	0.32
ackerman	-0.31	0.19
revolution	-0.31	0.21
bags	-0.31	0.62
advisers	-0.31	0.08
delivery	-0.31	0.12
federal	-0.31	0.20
thoughts	-0.31	0.75
lead	-0.31	0.23
government	-0.30	0.14
louis	-0.30	0.29
societies	-0.30	0.37
southeast	-0.30	0.25
hanoi	-0.30	0.20
uses	-0.30	0.41
inclined	-0.30	0.42
types	-0.30	0.20
language	-0.30	0.52
directed	-0.30	0.77
issue	-0.30	0.31
japan	-0.30	0.40
jim	-0.30	0.46
somewhat	-0.30	0.44
army	-0.30	0.14
hang	-0.30	0.53
soviet	-0.30	0.29
wagner	-0.30	0.43
tended	-0.30	0.34
aspects	-0.29	0.20
dodd	-0.29	0.20
represented	-0.29	0.48
breathing	-0.29	0.63
authorities	-0.29	0.14
admit	-0.29	0.53
unknown	-0.29	0.56
australia	-0.29	0.39
involved	-0.29	0.32
beyond	-0.29	0.57
experimental	-0.29	0.22
stern	-0.29	0.50
questioned	-0.29	0.39
americans	-0.29	0.36
certain	-0.29	0.76
comments	-0.29	0.17
bases	-0.28	0.19
associated	-0.28	0.24
rooms	-0.28	0.74
involving	-0.28	0.18
wants	-0.28	0.67
critical	-0.28	0.32
worked	-0.28	0.87
jumped	-0.28	0.44
states	-0.28	0.27
missile	-0.28	0.18
hits	-0.28	0.13
identity	-0.28	0.28
grabbed	-0.28	0.37
species	-0.28	0.34
meal	-0.28	0.85
room	-0.28	0.68
adds	-0.28	0.35
learning	-0.28	0.24
khrushchev	-0.28	0.26
elsewhere	-0.28	0.58
funny	-0.28	1.75
jimmy	-0.28	0.55
master	-0.28	0.71
theatre	-0.27	0.48
split	-0.27	0.57
thousands	-0.27	0.53
circuit	-0.27	0.16
neither	-0.27	0.87
community	-0.27	0.47
complaint	-0.27	0.51
newspaper	-0.27	0.27
liberal	-0.27	0.16
release	-0.27	0.56
symbol	-0.27	0.55
conservative	-0.27	0.15
railway	-0.27	0.26
decade	-0.27	0.18
houston	-0.27	0.29
superior	-0.27	0.66
tore	-0.27	0.27
culture	-0.27	0.46
irma	-0.27	0.46
argued	-0.27	0.30
ile	-0.27	0.26
progressive	-0.27	0.25
financial	-0.27	0.27
patrol	-0.27	0.13
america	-0.26	0.29
situation	-0.26	0.34
names	-0.26	0.24
lifting	-0.26	0.39
count	-0.26	0.20
throat	-0.26	0.57
institution	-0.26	0.38
sort	-0.26	1.06
voting	-0.26	0.17
alabama	-0.26	0.22
mike	-0.26	0.45
literature	-0.26	0.46
devices	-0.26	0.54
blast	-0.26	0.40
fire	-0.26	0.27
reminded	-0.26	1.02
concerning	-0.26	0.25
trap	-0.26	0.28
coalition	-0.26	0.16
morris	-0.26	0.40
encountered	-0.26	0.36
strongly	-0.26	0.51
possibly	-0.26	0.70
plays	-0.26	0.58
service	-0.26	0.16
nowhere	-0.25	0.50
dig	-0.25	0.46
imposed	-0.25	0.21
efforts	-0.25	0.30
traveller	-0.25	0.46
supper	-0.25	0.83
analysis	-0.25	0.53
jersey	-0.25	0.27
mention	-0.25	0.65
languages	-0.25	0.31
strategic	-0.25	0.26
francis	-0.25	0.93
issues	-0.25	0.29
lost	-0.25	0.27
area	-0.25	0.28
fires	-0.25	0.28
officials	-0.25	0.12
countries	-0.25	0.30
thereby	-0.25	0.17
arguments	-0.25	0.18
nt	-0.25	0.70
psychology	-0.25	0.25
chancellor	-0.25	0.30
aloud	-0.25	0.84
historical	-0.25	0.31
detail	-0.25	0.89
rally	-0.25	0.20
servants	-0.25	0.54
minds	-0.24	0.72
nobody	-0.24	0.90
united	-0.24	0.28
east	-0.24	0.28
formerly	-0.24	0.85
department	-0.24	0.09
jonas	-0.24	0.41
effectively	-0.24	0.17
shells	-0.24	0.19
canada	-0.24	0.37
send	-0.24	0.45
voluntary	-0.24	0.22
text	-0.24	0.53
answering	-0.24	0.64
centuries	-0.24	0.22
san	-0.24	0.33
fabio	-0.24	0.29
boss	-0.24	0.63
commission	-0.24	0.13
adult	-0.24	0.59
concerns	-0.23	0.53
existed	-0.23	0.91
remote	-0.23	0.76
camp	-0.23	0.20
effect	-0.23	0.25
rob	-0.23	0.41
whiskey	-0.23	0.63
roosevelt	-0.23	0.24
truth	-0.23	0.65
whip	-0.23	0.18
activities	-0.23	0.24
commissioner	-0.23	0.14
technology	-0.23	0.30
leadership	-0.23	0.21
search	-0.23	0.48
era	-0.23	0.14
moscow	-0.23	0.26
childhood	-0.23	0.81
discussion	-0.23	0.15
becoming	-0.23	0.37
filed	-0.23	0.16
swear	-0.23	1.39
transit	-0.23	0.26
publisher	-0.23	0.26
hearings	-0.23	0.12
rockets	-0.23	0.20
intellectual	-0.23	0.37
mind	-0.23	0.34
colleges	-0.23	0.32
premier	-0.23	0.21
machine	-0.23	0.21
rifle	-0.23	0.20
mere	-0.22	0.82
everybody	-0.22	0.94
enforcement	-0.22	0.22
staff	-0.22	0.13
believe	-0.22	0.85
sound	-0.22	0.34
faced	-0.22	0.54
learned	-0.22	0.90
governments	-0.22	0.27
bodies	-0.22	0.41
agriculture	-0.22	0.40
burn	-0.22	0.38
acquired	-0.22	0.52
produces	-0.22	0.21
hunting	-0.22	0.47
tongue	-0.22	0.21
whisper	-0.22	0.28
ministers	-0.22	0.61
claim	-0.22	0.22
university	-0.22	0.25
target	-0.22	0.12
notion	-0.22	0.40
competitive	-0.22	0.16
political	-0.22	0.29
frontier	-0.21	0.26
history	-0.21	0.31
state	-0.21	0.17
canal	-0.21	0.31
crowd	-0.21	0.50
relatives	-0.21	0.96
tendency	-0.21	0.28
defense	-0.21	0.09
urged	-0.21	0.35
interesting	-0.21	2.18
european	-0.21	0.37
comment	-0.21	0.20
negative	-0.21	0.18
tested	-0.21	0.14
freedom	-0.21	0.52
resist	-0.21	0.27
republic	-0.21	0.39
throw	-0.21	0.32
farm	-0.21	0.45
ruth	-0.21	0.62
d	-0.21	0.50
survive	-0.21	0.18
party	-0.21	0.15
guys	-0.21	0.82
publicity	-0.21	0.29
subjects	-0.21	0.17
integration	-0.21	0.23
africa	-0.21	0.30
adams	-0.20	0.57
discussing	-0.20	0.22
farming	-0.20	0.53
spread	-0.20	0.18
warning	-0.20	0.19
sciences	-0.20	0.27
such	-0.20	0.38
pentagon	-0.20	0.15
foster	-0.20	0.39
significance	-0.20	0.24
searching	-0.20	0.25
experiments	-0.20	0.13
reality	-0.20	0.57
successfully	-0.20	0.53
newspapers	-0.20	0.21
elements	-0.20	0.18
private	-0.20	0.19
rather	-0.20	0.48
muscles	-0.20	0.68
scores	-0.20	0.11
attorney	-0.20	0.21
mel	-0.20	0.26
feature	-0.20	1.04
mayor	-0.20	0.16
pockets	-0.20	0.32
recognized	-0.20	1.24
empire	-0.20	0.33
series	-0.20	0.24
peking	-0.20	0.25
changes	-0.20	0.18
holman	-0.20	0.23
barrett	-0.19	0.26
quit	-0.19	0.56
ceremony	-0.19	0.82
happening	-0.19	0.70
forgotten	-0.19	0.86
p	-0.19	0.46
ceased	-0.19	0.35
nasser	-0.19	0.47
pete	-0.19	0.46
studies	-0.19	0.17
t	-0.19	0.48
teacher	-0.19	0.86
sam	-0.19	0.50
science	-0.19	0.33
connecticut	-0.19	0.23
assumption	-0.19	0.23
adults	-0.19	0.57
sixteen	-0.19	0.45
pennsylvania	-0.19	0.22
automatic	-0.19	0.16
register	-0.19	0.12
magazine	-0.19	0.28
lived	-0.19	1.32
whatever	-0.19	0.61
professor	-0.19	0.26
economics	-0.18	0.28
fourteen	-0.18	0.44
movement	-0.18	0.18
local	-0.18	0.14
india	-0.18	0.43
carter	-0.18	0.59
f	-0.18	0.48
gon	-0.18	0.67
eighteen	-0.18	0.45
offering	-0.18	0.52
personally	-0.18	0.93
delay	-0.18	0.53
major	-0.18	0.63
maria	-0.18	0.65
division	-0.18	0.14
europe	-0.18	0.36
reform	-0.18	0.14
foreign	-0.18	0.25
various	-0.18	0.34
projects	-0.18	0.20
eventually	-0.18	0.28
agency	-0.18	0.13
official	-0.18	0.12
circumstances	-0.18	0.66
core	-0.18	0.19
sequence	-0.18	0.15
furthermore	-0.18	0.28
mississippi	-0.18	0.17
backed	-0.18	0.25
hiding	-0.18	0.47
sleep	-0.17	0.76
meant	-0.17	0.98
departments	-0.17	0.15
among	-0.17	0.74
poetry	-0.17	0.35
published	-0.17	0.29
cow	-0.17	0.38
skull	-0.17	0.51
institute	-0.17	0.20
magazines	-0.17	0.23
nelsen	-0.17	0.75
hence	-0.17	0.22
tariff	-0.17	0.14
mass	-0.17	0.34
counsel	-0.17	0.19
expressed	-0.17	0.89
eddie	-0.17	0.55
experiment	-0.17	0.16
coup	-0.17	0.18
rainey	-0.17	0.32
whether	-0.17	0.47
agencies	-0.17	0.15
muscle	-0.17	0.46
e	-0.17	0.46
columbia	-0.17	0.26
journal	-0.17	0.25
operations	-0.17	0.16
universities	-0.17	0.26
lift	-0.17	0.23
bonn	-0.17	0.34
underground	-0.17	0.13
these	-0.17	0.34
discussed	-0.17	0.38
groups	-0.17	0.25
characters	-0.17	0.16
washington	-0.17	0.15
western	-0.17	0.31
testing	-0.17	0.16
r	-0.17	0.46
breaks	-0.17	0.27
pills	-0.17	0.25
forms	-0.17	0.13
britain	-0.16	0.35
manhattan	-0.16	0.26
concept	-0.16	0.29
knowing	-0.16	0.94
religion	-0.16	0.91
bloc	-0.16	0.28
corps	-0.16	0.17
reflect	-0.16	0.52
liberals	-0.16	0.14
agent	-0.16	0.16
laws	-0.16	0.21
bones	-0.16	0.52
h	-0.16	0.46
ate	-0.16	0.80
georgia	-0.16	0.17
powell	-0.16	0.19
publication	-0.16	0.22
ho	-0.16	0.13
version	-0.16	0.18
needs	-0.16	0.52
trucks	-0.16	0.19
offices	-0.16	0.29
newquist	-0.16	0.42
interpretation	-0.16	0.19
book	-0.16	0.44
tribune	-0.16	0.27
peoples	-0.16	0.38
smoke	-0.16	1.04
soil	-0.16	0.67
considerably	-0.16	0.39
teeth	-0.15	0.42
slightest	-0.15	0.54
nations	-0.15	0.30
books	-0.15	0.42
college	-0.15	0.29
tony	-0.15	0.46
positive	-0.15	0.21
essentially	-0.15	0.19
lessons	-0.15	0.30
ritual	-0.15	0.75
louisiana	-0.15	0.16
fix	-0.15	0.46
mexico	-0.15	0.29
persuade	-0.15	0.27
break	-0.15	0.27
spokesman	-0.15	0.15
acting	-0.15	0.19
separate	-0.15	0.11
tradition	-0.15	0.36
greatly	-0.15	0.51
cultural	-0.15	0.38
latter	-0.15	0.26
articles	-0.15	0.26
hear	-0.15	0.34
argue	-0.15	0.38
principles	-0.15	0.36
problems	-0.15	0.71
base	-0.15	0.22
strike	-0.15	0.16
board	-0.15	0.14
paul	-0.15	0.51
page	-0.15	0.23
noticed	-0.15	1.15
without	-0.15	0.36
l	-0.15	0.46
similar	-0.15	0.37
liquor	-0.15	0.32
soviets	-0.15	0.22
according	-0.14	0.28
grow	-0.14	0.49
teaching	-0.14	0.34
lawyers	-0.14	0.23
functions	-0.14	0.20
push	-0.14	0.30
expense	-0.14	0.15
courses	-0.14	0.35
emphasized	-0.14	0.31
transferred	-0.14	0.10
exception	-0.14	0.47
application	-0.14	0.59
students	-0.14	0.36
favor	-0.14	0.28
central	-0.14	0.19
measures	-0.14	0.15
subcommittee	-0.14	0.13
got	-0.14	0.65
parliament	-0.14	0.52
dispute	-0.14	0.17
crop	-0.14	0.45
laughing	-0.14	0.63
lindsay	-0.14	0.16
promises	-0.14	0.15
read	-0.14	0.43
ministry	-0.14	0.20
aides	-0.14	0.11
eager	-0.14	0.53
script	-0.14	0.15
modern	-0.14	0.30
retreat	-0.14	0.17
swept	-0.14	0.34
challenge	-0.14	0.26
naked	-0.14	0.68
victory	-0.14	0.76
frequent	-0.14	0.46
grave	-0.14	0.38
times	-0.14	0.20
desire	-0.14	0.68
hidden	-0.14	0.17
malone	-0.14	0.25
crack	-0.13	0.19
otherwise	-0.13	0.55
congressional	-0.13	0.13
wage	-0.13	0.22
castle	-0.13	0.25
factors	-0.13	0.19
shy	-0.13	1.06
guard	-0.13	0.15
france	-0.13	0.44
billy	-0.13	0.48
officers	-0.13	0.18
fiction	-0.13	0.32
meaning	-0.13	0.30
far	-0.13	0.78
less	-0.13	0.42
superintendent	-0.13	0.25
growing	-0.13	0.31
lasted	-0.13	0.28
responsibilities	-0.13	0.16
shops	-0.13	0.27
marine	-0.13	0.20
muttered	-0.13	0.56
parties	-0.13	0.14
enthusiasm	-0.13	1.01
editor	-0.13	0.29
scholars	-0.13	0.35
buck	-0.13	0.24
max	-0.13	0.32
attempted	-0.13	0.34
personnel	-0.13	0.11
spain	-0.13	0.55
consequence	-0.13	0.41
tiny	-0.12	0.47
indicated	-0.12	0.34
positions	-0.12	0.15
saul	-0.12	0.20
brief	-0.12	0.57
g	-0.12	0.44
polls	-0.12	0.15
majority	-0.12	0.15
democrats	-0.12	0.12
carolina	-0.12	0.17
council	-0.12	0.29
law	-0.12	0.22
several	-0.12	0.31
bus	-0.12	0.23
johnny	-0.12	0.64
s	-0.12	0.45
advanced	-0.12	0.23
industrial	-0.12	0.24
duff	-0.12	0.48
colony	-0.12	0.37
readers	-0.12	0.26
programs	-0.12	0.12
wallace	-0.12	0.15
stick	-0.12	0.22
collective	-0.12	0.19
sweat	-0.12	0.59
u	-0.12	0.42
leaders	-0.12	0.14
review	-0.12	0.24
b	-0.12	0.44
considerable	-0.12	0.31
defeated	-0.12	0.18
domestic	-0.12	0.14
teach	-0.12	0.37
leader	-0.12	0.14
upstairs	-0.12	0.64
discipline	-0.12	0.30
v	-0.12	0.46
units	-0.12	0.14
despite	-0.12	0.53
policy	-0.12	0.13
votes	-0.12	0.19
during	-0.11	0.37
affairs	-0.11	0.12
melanie	-0.11	0.44
object	-0.11	0.42
wing	-0.11	0.19
jack	-0.11	0.55
justify	-0.11	0.57
davis	-0.11	0.30
southern	-0.11	0.18
march	-0.11	0.19
ohio	-0.11	0.16
heard	-0.11	0.52
ignore	-0.11	0.25
disappear	-0.11	0.18
albert	-0.11	0.58
working	-0.11	0.69
counted	-0.11	0.26
exists	-0.11	0.20
daily	-0.11	0.12
obvious	-0.11	0.31
many	-0.11	0.30
developments	-0.11	0.20
minister	-0.11	0.29
harvard	-0.11	0.24
knife	-0.11	0.17
sergeant	-0.11	0.21
amos	-0.11	0.54
registered	-0.11	0.12
eliminate	-0.11	0.43
administration	-0.11	0.09
c	-0.11	0.43
rule	-0.11	0.20
michael	-0.11	0.33
lesson	-0.11	0.32
returning	-0.11	0.68
become	-0.11	0.33
hundreds	-0.11	0.37
change	-0.11	0.20
dug	-0.11	0.20
beer	-0.10	0.41
perhaps	-0.10	0.60
scientist	-0.10	0.13
taylor	-0.10	0.14
altogether	-0.10	0.36
florida	-0.10	0.17
laughs	-0.10	0.84
interrupted	-0.10	0.56
freight	-0.10	0.24
apart	-0.10	0.19
admission	-0.10	0.17
someone	-0.10	0.72
research	-0.10	0.14
virtually	-0.10	0.57
avenue	-0.10	0.20
sec	-0.10	0.23
element	-0.10	0.22
extremely	-0.10	0.54
concentrate	-0.10	0.19
instances	-0.10	0.22
jungle	-0.10	0.34
difference	-0.10	0.37
numerous	-0.10	0.32
laboratory	-0.10	0.12
railroads	-0.10	0.24
stake	-0.10	0.24
happened	-0.10	0.98
faculty	-0.10	0.27
support	-0.10	0.18
grown	-0.10	0.59
ordered	-0.10	0.14
yale	-0.10	0.23
writes	-0.10	0.24
nato	-0.10	0.29
reduction	-0.10	0.22
cigarettes	-0.10	0.65
fee	-0.10	0.25
editors	-0.10	0.22
accompanied	-0.10	0.28
seem	-0.10	0.51
minority	-0.10	0.18
taught	-0.10	0.33
chemical	-0.10	0.23
examine	-0.10	0.14
constitution	-0.10	0.21
warren	-0.10	0.25
standards	-0.10	0.51
particularly	-0.09	0.42
trains	-0.09	0.31
pays	-0.09	0.31
nearly	-0.09	0.21
withdrawal	-0.09	0.19
copies	-0.09	0.22
temporary	-0.09	0.47
definition	-0.09	0.22
illinois	-0.09	0.16
isolated	-0.09	0.18
graduate	-0.09	0.28
whole	-0.09	0.81
matter	-0.09	0.82
critics	-0.09	0.16
republicans	-0.09	0.12
internal	-0.09	0.21
indiana	-0.09	0.16
scattered	-0.09	0.30
visited	-0.09	0.75
processes	-0.09	0.24
rusk	-0.09	0.11
ray	-0.09	0.93
win	-0.09	0.19
missouri	-0.09	0.16
frequently	-0.09	0.29
schools	-0.09	0.46
burned	-0.09	0.63
controlled	-0.09	0.16
combined	-0.09	0.63
piazza	-0.09	0.19
subject	-0.09	0.26
education	-0.09	0.30
miller	-0.09	0.29
rail	-0.09	0.22
primary	-0.09	0.15
faint	-0.09	0.48
labor	-0.09	0.20
factories	-0.09	0.36
expression	-0.09	0.61
pages	-0.09	0.26
program	-0.09	0.12
integrity	-0.09	0.74
copy	-0.09	0.24
rights	-0.09	0.24
observed	-0.09	0.34
legislation	-0.09	0.16
known	-0.09	1.03
fuel	-0.08	0.30
force	-0.08	0.26
training	-0.08	0.18
employees	-0.08	0.15
wood	-0.08	0.78
hoping	-0.08	0.40
buses	-0.08	0.30
maureen	-0.08	0.66
indeed	-0.08	0.53
marshall	-0.08	0.26
shift	-0.08	0.15
bridge	-0.08	0.21
deputy	-0.08	0.18
variety	-0.08	0.33
politics	-0.08	0.16
peter	-0.08	0.61
continent	-0.08	0.29
reading	-0.08	0.39
supporters	-0.08	0.16
study	-0.08	0.17
spiritual	-0.08	1.12
traffic	-0.08	0.26
buildings	-0.08	0.38
wisconsin	-0.08	0.16
post	-0.08	0.18
legitimate	-0.08	0.71
employment	-0.08	0.22
clock	-0.08	0.18
loose	-0.08	0.22
number	-0.08	0.26
test	-0.08	0.15
m	-0.08	0.44
drivers	-0.08	0.16
printed	-0.08	0.22
rocket	-0.08	0.21
headquarters	-0.08	0.11
recognize	-0.08	0.39
joy	-0.08	1.90
scene	-0.08	0.37
cabinet	-0.08	0.23
performed	-0.08	0.46
michigan	-0.07	0.15
characteristic	-0.07	0.89
problem	-0.07	0.76
papers	-0.07	0.19
loaded	-0.07	0.18
relationships	-0.07	0.25
duties	-0.07	0.18
bottle	-0.07	0.37
intensity	-0.07	0.77
although	-0.07	0.59
economic	-0.07	0.19
recommended	-0.07	0.15
fed	-0.07	0.30
example	-0.07	0.28
signal	-0.07	0.16
stories	-0.07	0.24
tremendous	-0.07	0.31
tries	-0.07	0.34
cuts	-0.07	0.16
display	-0.07	1.01
massachusetts	-0.07	0.15
courage	-0.07	0.98
iowa	-0.07	0.18
memorial	-0.07	0.76
ending	-0.07	0.79
report	-0.07	0.19
instance	-0.07	0.41
flag	-0.07	0.15
attempts	-0.07	0.31
hole	-0.07	0.20
london	-0.07	0.28
words	-0.07	0.20
gulf	-0.07	0.33
candidate	-0.07	0.12
million	-0.07	0.23
republican	-0.07	0.13
term	-0.07	0.15
chapter	-0.07	0.18
deliver	-0.07	0.17
democracy	-0.07	0.23
powder	-0.07	0.53
academy	-0.07	0.24
evidence	-0.06	0.28
automatically	-0.06	0.42
eastern	-0.06	0.24
fellows	-0.06	0.59
officer	-0.06	0.14
texas	-0.06	0.18
reader	-0.06	0.26
located	-0.06	0.13
bottles	-0.06	0.39
reasons	-0.06	0.38
stevenson	-0.06	0.15
owner	-0.06	0.11
pile	-0.06	0.31
downtown	-0.06	0.24
election	-0.06	0.21
dust	-0.06	0.78
instruction	-0.06	0.37
lines	-0.06	0.19
senate	-0.06	0.10
defend	-0.06	0.47
launched	-0.06	0.15
nine	-0.06	0.26
passenger	-0.06	0.29
professors	-0.06	0.21
strang	-0.06	0.32
concluded	-0.06	0.64
streets	-0.06	0.24
authority	-0.06	0.20
conducted	-0.06	0.14
restrictions	-0.06	0.13
pressure	-0.06	0.35
requested	-0.06	0.21
attached	-0.06	0.14
fifteen	-0.06	0.26
speaker	-0.06	0.13
announced	-0.06	0.24
en	-0.06	0.45
involves	-0.06	0.20
smaller	-0.06	0.39
total	-0.06	0.21
paying	-0.06	0.35
six	-0.06	0.26
guessed	-0.05	1.18
hay	-0.05	0.36
panel	-0.05	0.14
thirteen	-0.05	0.26
twenty	-0.05	0.26
ten	-0.05	0.26
twice	-0.05	0.27
thrown	-0.05	0.19
gains	-0.05	0.79
voters	-0.05	0.14
twelve	-0.05	0.27
wondered	-0.05	1.19
engineers	-0.05	0.14
hearing	-0.05	0.32
figured	-0.05	0.86
massive	-0.05	0.42
meetings	-0.05	0.15
democratic	-0.05	0.14
prove	-0.05	0.33
gaze	-0.05	0.49
conclusion	-0.05	0.39
regional	-0.05	0.18
nomination	-0.05	0.12
bone	-0.05	0.50
bob	-0.05	0.81
proposed	-0.05	0.14
grain	-0.05	0.32
thirty	-0.05	0.26
included	-0.05	0.25
eight	-0.05	0.27
island	-0.05	0.26
five	-0.05	0.26
seven	-0.05	0.26
develop	-0.05	0.16
employes	-0.05	0.21
california	-0.05	0.19
particles	-0.05	0.25
dim	-0.05	0.38
promised	-0.05	0.43
breaking	-0.05	0.59
own	-0.05	0.30
burning	-0.05	0.95
failed	-0.05	0.32
huh	-0.05	0.84
rockefeller	-0.05	0.17
y	-0.05	0.32
newsmen	-0.05	0.11
transportation	-0.05	0.24
campaign	-0.05	0.12
yesterday	-0.05	0.14
missed	-0.05	0.40
x	-0.05	0.33
opponent	-0.05	0.12
property	-0.05	0.18
ticket	-0.05	0.13
precisely	-0.05	0.52
cars	-0.05	0.22
pump	-0.04	0.29
johnson	-0.04	0.13
however	-0.04	0.42
contest	-0.04	0.15
decide	-0.04	0.30
academic	-0.04	0.23
forty	-0.04	0.25
pacific	-0.04	0.22
union	-0.04	0.17
forced	-0.04	0.36
rules	-0.04	0.18
proved	-0.04	0.32
jaw	-0.04	0.32
economy	-0.04	0.17
turtleheart	-0.04	0.39
equality	-0.04	0.29
doctrine	-0.04	0.69
wholly	-0.04	0.54
written	-0.04	0.25
humphrey	-0.04	0.12
paris	-0.04	0.29
workers	-0.04	0.21
removed	-0.04	0.23
handful	-0.04	0.66
governor	-0.04	0.15
allies	-0.04	0.38
chris	-0.04	0.41
bell	-0.04	0.18
carry	-0.04	0.21
tend	-0.04	0.26
both	-0.04	0.27
lodge	-0.04	0.18
passage	-0.04	0.12
house	-0.04	0.20
aims	-0.04	0.17
embassy	-0.04	0.16
nixon	-0.04	0.13
heavily	-0.04	0.25
gaulle	-0.04	0.30
weekly	-0.04	0.15
sixty	-0.04	0.24
fifty	-0.04	0.24
convention	-0.04	0.13
grandfather	-0.04	0.87
attempt	-0.04	0.31
naval	-0.04	0.24
don	-0.04	0.39
revealed	-0.04	0.23
committee	-0.04	0.11
account	-0.04	0.23
influence	-0.03	0.21
northern	-0.03	0.22
provisions	-0.03	0.16
poured	-0.03	0.36
acres	-0.03	0.48
grateful	-0.03	1.92
net	-0.03	0.18
fail	-0.03	0.37
recommendations	-0.03	0.11
lady	-0.03	1.74
throwing	-0.03	0.24
presently	-0.03	0.10
reagan	-0.03	0.15
absolutely	-0.03	0.53
national	-0.03	0.21
elections	-0.03	0.16
great	-0.03	0.56
custom	-0.03	0.65
apparently	-0.03	0.53
list	-0.03	0.21
town	-0.03	0.50
hundred	-0.03	0.24
whose	-0.03	0.66
junior	-0.03	0.30
thought	-0.03	1.09
cooking	-0.03	0.97
presidential	-0.03	0.13
legislature	-0.03	0.11
prefer	-0.03	0.37
special	-0.03	0.72
goldwater	-0.03	0.15
eleven	-0.03	0.26
faintly	-0.03	0.54
plans	-0.03	0.16
patterns	-0.03	0.23
running	-0.03	0.25
include	-0.03	0.23
salary	-0.03	0.25
determination	-0.03	0.34
member	-0.03	0.16
block	-0.03	0.25
each	-0.03	0.32
barely	-0.03	0.60
memory	-0.03	0.58
threw	-0.03	0.32
oregon	-0.03	0.17
scientists	-0.03	0.14
aware	-0.03	0.69
farther	-0.03	0.30
managed	-0.02	0.37
inner	-0.02	0.18
federation	-0.02	0.26
independent	-0.02	0.15
slip	-0.02	0.19
fundamental	-0.02	0.30
stir	-0.02	0.48
remarks	-0.02	0.22
islands	-0.02	0.25
platoon	-0.02	0.20
candidates	-0.02	0.14
body	-0.02	0.51
least	-0.02	0.27
finally	-0.02	0.34
lyndon	-0.02	0.14
fast	-0.02	0.51
identical	-0.02	0.23
joint	-0.02	0.10
license	-0.02	0.10
jobs	-0.02	0.28
remove	-0.02	0.28
determine	-0.02	0.62
writer	-0.02	0.23
original	-0.02	0.18
portion	-0.02	0.24
thrust	-0.02	0.17
spirits	-0.02	1.98
briefly	-0.02	0.27
saving	-0.02	0.67
vote	-0.02	0.14
congress	-0.02	0.11
crosses	-0.02	0.79
waved	-0.02	0.50
newly	-0.02	0.24
coverage	-0.02	0.10
secretary	-0.02	0.14
senators	-0.02	0.19
reports	-0.02	0.30
substance	-0.02	0.48
jackson	-0.02	0.29
carol	-0.02	0.41
question	-0.02	0.37
writing	-0.02	0.22
el	-0.01	0.48
legislative	-0.01	0.09
unit	-0.01	0.11
advertising	-0.01	0.13
refuse	-0.01	0.34
died	-0.01	1.15
structure	-0.01	0.26
speech	-0.01	0.13
speeches	-0.01	0.26
word	-0.01	0.38
hook	-0.01	0.15
senator	-0.01	0.17
minnesota	-0.01	0.15
bound	-0.01	0.29
order	-0.01	0.29
swinging	-0.01	0.54
willing	-0.01	0.38
ban	-0.01	0.14
becomes	-0.01	0.25
difficulties	-0.01	0.66
prime	-0.01	0.21
riding	-0.01	0.13
n	-0.01	0.44
cover	-0.01	0.13
apt	-0.01	0.35
says	-0.01	0.56
unable	-0.01	0.33
clark	-0.01	0.26
walker	-0.01	0.15
pay	-0.01	0.30
concentration	-0.01	0.21
trail	-0.01	0.15
magic	-0.01	2.21
chief	-0.01	0.19
details	-0.01	0.10
deal	-0.01	1.20
ii	-0.01	0.50
thousand	-0.01	0.22
jump	-0.00	0.25
ultimate	-0.00	0.34
years	-0.00	0.24
eisenhower	-0.00	0.15
assume	-0.00	0.22
clyde	-0.00	0.37
may	-0.00	0.40
replaced	-0.00	0.39
aimed	-0.00	0.28
merely	-0.00	0.41
velocity	-0.00	0.14
boyd	-0.00	0.41
trained	-0.00	0.22
pronounced	-0.00	0.20
pieces	-0.00	0.23
tobacco	-0.00	1.14
kennedy	-0.00	0.12
ability	-0.00	0.43
everyone	-0.00	0.66
therefore	-0.00	0.26
handled	0.00	0.14
wrote	0.00	0.26
vehicles	0.00	0.17
strip	0.00	0.41
novel	0.00	0.22
bet	0.00	0.64
half	0.00	0.20
dozen	0.00	0.31
technique	0.00	0.57
president	0.00	0.15
organization	0.00	0.17
approximately	0.00	0.18
statement	0.00	0.14
including	0.00	0.25
amendment	0.00	0.13
aid	0.00	0.14
piled	0.00	0.35
consideration	0.00	0.20
fewer	0.01	0.31
voted	0.01	0.11
fat	0.01	0.44
destiny	0.01	0.73
station	0.01	0.17
swung	0.01	0.31
santa	0.01	0.25
concern	0.01	0.63
samuel	0.01	0.36
entry	0.01	0.14
ya	0.01	0.61
throughout	0.01	0.14
cried	0.01	0.67
democrat	0.01	0.20
granted	0.01	0.48
assistant	0.01	0.20
particular	0.01	0.97
presidency	0.01	0.15
inspection	0.01	0.25
engine	0.01	0.19
automobile	0.01	0.10
delegation	0.01	0.14
reach	0.01	0.20
intended	0.01	0.46
energy	0.01	0.23
specific	0.01	0.42
grows	0.01	0.23
passengers	0.01	0.28
activity	0.01	0.21
electricity	0.01	0.22
expect	0.01	0.52
literary	0.01	0.23
helen	0.01	0.45
somewhere	0.01	0.46
vincent	0.01	0.25
ad	0.01	0.15
large	0.01	0.31
pipe	0.01	0.36
stone	0.01	0.65
refused	0.01	0.34
letting	0.01	0.43
organized	0.01	0.13
size	0.01	0.20
press	0.01	0.12
fiscal	0.01	0.17
distinct	0.01	0.69
command	0.01	0.18
principle	0.01	0.27
dignity	0.01	0.73
supplies	0.01	0.31
budget	0.02	0.09
effort	0.02	0.31
suggestion	0.02	0.18
experts	0.02	0.19
scope	0.02	0.14
ago	0.02	0.22
delegates	0.02	0.12
england	0.02	0.55
faster	0.02	0.82
guards	0.02	0.19
solid	0.02	0.65
dean	0.02	0.23
canadian	0.02	0.25
margin	0.02	0.19
sometimes	0.02	0.52
congressman	0.02	0.20
today	0.02	0.14
mechanical	0.02	0.22
minutes	0.02	0.22
few	0.02	0.32
operated	0.02	0.13
worry	0.02	0.74
abraham	0.02	0.74
numbers	0.02	0.17
benefits	0.02	0.20
pleasure	0.02	0.89
school	0.02	0.46
getting	0.02	0.89
signals	0.02	0.17
nearby	0.02	0.33
ways	0.02	0.22
stronger	0.02	0.92
begun	0.02	0.30
also	0.02	0.47
labour	0.02	0.19
ears	0.02	0.26
counting	0.02	0.34
plot	0.02	0.22
terms	0.02	0.20
costs	0.02	0.16
crops	0.02	0.50
teachers	0.03	0.45
percentage	0.03	0.14
author	0.03	0.22
lee	0.03	0.53
quarter	0.03	0.15
waves	0.03	0.41
assembly	0.03	0.13
fell	0.03	0.22
coast	0.03	0.24
imagination	0.03	0.41
helicopter	0.03	0.26
reporting	0.03	0.19
thus	0.03	0.29
knocked	0.03	0.24
bill	0.03	0.11
horn	0.03	0.14
mill	0.03	0.20
surplus	0.03	0.30
pull	0.03	0.23
crew	0.03	0.25
pressing	0.03	0.49
meanwhile	0.03	0.49
scotland	0.03	0.74
introduction	0.03	0.19
truck	0.03	0.17
sought	0.03	0.35
using	0.03	0.23
grade	0.03	0.31
stores	0.03	0.27
subsequent	0.03	0.31
commitment	0.03	0.72
sending	0.03	0.19
status	0.03	0.27
drop	0.03	0.17
tight	0.03	0.50
developed	0.03	0.24
radiation	0.03	0.29
adopted	0.03	0.18
educational	0.03	0.26
rapidly	0.03	0.21
found	0.03	0.45
wildly	0.03	0.40
nervously	0.03	0.52
historians	0.03	0.16
reason	0.03	0.78
snapped	0.03	0.59
fact	0.03	0.48
moment	0.03	0.39
decided	0.04	0.39
tossed	0.04	0.27
actually	0.04	1.03
rivers	0.04	0.35
shoe	0.04	0.32
sections	0.04	0.14
section	0.04	0.08
learn	0.04	0.32
snow	0.04	1.01
boards	0.04	0.17
boats	0.04	0.25
income	0.04	0.15
make	0.04	0.36
title	0.04	0.13
scott	0.04	0.27
point	0.04	0.37
aspect	0.04	0.84
yet	0.04	0.67
switch	0.04	0.12
reporter	0.04	0.21
construction	0.04	0.19
prepared	0.04	0.35
nelson	0.04	0.17
critic	0.04	0.17
checking	0.04	0.23
allowed	0.04	0.41
wagon	0.04	0.17
arrangements	0.04	0.20
reduce	0.04	0.21
scientific	0.04	0.28
recent	0.04	0.31
increases	0.04	0.17
shell	0.04	0.24
news	0.04	0.15
created	0.04	0.36
atlantic	0.04	0.23
producer	0.04	0.10
occurs	0.04	0.25
drinks	0.04	0.35
employed	0.04	0.19
stuck	0.04	0.18
gravity	0.04	0.27
joseph	0.04	0.35
ext	0.04	0.12
showing	0.04	0.76
fleet	0.04	0.23
simply	0.04	0.49
dialogue	0.04	0.46
taxes	0.04	0.15
persuaded	0.04	0.33
regulations	0.04	0.18
miles	0.04	0.17
ridge	0.04	0.14
belly	0.04	0.34
profound	0.05	0.72
center	0.05	0.15
simultaneously	0.05	0.12
rejected	0.05	0.20
bay	0.05	0.26
winning	0.05	0.24
decades	0.05	0.29
senior	0.05	0.21
honor	0.05	0.62
preserve	0.05	0.44
share	0.05	0.46
parking	0.05	0.15
pushed	0.05	0.34
description	0.05	0.19
letters	0.05	0.17
able	0.05	0.38
lincoln	0.05	0.20
session	0.05	0.06
loyalty	0.05	0.89
engines	0.05	0.22
county	0.05	0.51
column	0.05	0.26
questions	0.05	0.34
impression	0.05	0.25
factory	0.05	0.23
apply	0.05	0.15
highly	0.05	0.32
exports	0.05	0.17
keith	0.05	0.23
representatives	0.05	0.13
technical	0.05	0.18
bend	0.05	0.13
treasury	0.05	0.10
elementary	0.05	0.42
sale	0.05	0.14
winner	0.05	0.16
realized	0.05	1.09
grades	0.05	0.46
helped	0.05	0.40
roughly	0.05	0.15
pilot	0.05	0.27
allow	0.05	0.29
most	0.05	0.31
average	0.05	0.16
aircraft	0.05	0.36
four	0.05	0.29
between	0.05	0.81
ultimately	0.06	0.32
cleared	0.06	0.46
resolution	0.06	0.09
weight	0.06	0.17
understood	0.06	1.09
tax	0.06	0.11
highway	0.06	0.19
driving	0.06	0.12
rina	0.06	0.66
proposals	0.06	0.10
representing	0.06	0.09
plan	0.06	0.16
demand	0.06	0.18
historian	0.06	0.20
ear	0.06	0.26
blew	0.06	0.52
greek	0.06	0.66
either	0.06	0.60
sessions	0.06	0.10
patience	0.06	0.91
grants	0.06	0.27
find	0.06	0.45
three	0.06	0.28
designed	0.06	0.26
lawrence	0.06	0.22
chairman	0.06	0.24
much	0.06	1.09
estate	0.06	0.60
principal	0.06	0.83
spacecraft	0.06	0.27
corporations	0.06	0.29
discussions	0.06	0.14
happen	0.06	0.84
within	0.06	0.14
view	0.06	0.17
franklin	0.06	0.25
resigned	0.06	0.18
imports	0.06	0.16
pick	0.07	0.24
button	0.07	0.16
writers	0.07	0.17
transport	0.07	0.22
likely	0.07	0.36
skill	0.07	0.73
electrical	0.07	0.13
demanding	0.07	0.23
barry	0.07	0.46
landed	0.07	0.21
hired	0.07	0.29
limited	0.07	0.26
ambassador	0.07	0.18
phrase	0.07	0.45
approaching	0.07	0.16
write	0.07	0.21
estimated	0.07	0.19
tried	0.07	0.38
expected	0.07	0.39
louie	0.07	0.42
position	0.07	0.16
protested	0.07	0.52
contract	0.07	0.18
shake	0.07	0.22
single	0.07	0.29
appear	0.07	0.27
followed	0.07	0.38
whereas	0.07	0.18
think	0.07	0.88
equally	0.07	0.45
represent	0.07	0.18
expansion	0.07	0.19
satellite	0.07	0.19
goin	0.07	0.66
extent	0.07	0.23
increase	0.07	0.21
per	0.07	0.15
paid	0.07	0.31
operating	0.07	0.17
crossing	0.07	0.17
lieutenant	0.07	0.22
representative	0.07	0.21
primarily	0.07	0.19
distance	0.07	0.17
begin	0.07	0.18
bills	0.07	0.08
cents	0.07	0.18
person	0.07	0.67
later	0.07	0.20
declined	0.07	0.20
navy	0.07	0.27
yield	0.07	0.14
observation	0.07	0.32
curb	0.07	0.12
wolfe	0.07	0.20
generally	0.07	0.32
smile	0.07	0.81
absorbed	0.07	0.38
skills	0.08	0.33
soon	0.08	0.36
class	0.08	0.43
pounds	0.08	0.17
anthony	0.08	0.19
spending	0.08	0.11
ran	0.08	0.38
deficit	0.08	0.15
library	0.08	0.19
outer	0.08	0.22
message	0.08	0.11
diet	0.08	0.30
pass	0.08	0.17
larry	0.08	0.31
scarcely	0.08	0.62
phase	0.08	0.22
lawyer	0.08	0.28
small	0.08	0.63
ratio	0.08	0.17
jefferson	0.08	0.19
rate	0.08	0.15
boxes	0.08	0.31
director	0.08	0.27
build	0.08	0.24
emerged	0.08	0.41
hold	0.08	0.26
filling	0.08	0.24
craft	0.08	0.26
blowing	0.08	1.15
track	0.08	0.23
third	0.08	0.15
suggest	0.08	0.31
appointed	0.08	0.16
members	0.08	0.19
preferred	0.08	0.59
drinking	0.08	0.32
relative	0.08	0.24
months	0.08	0.22
expand	0.08	0.18
russell	0.08	0.18
shut	0.09	0.23
praise	0.09	1.29
distinction	0.09	0.22
everything	0.09	0.97
procedures	0.09	0.24
probably	0.09	0.69
scale	0.09	0.21
region	0.09	0.24
consumption	0.09	0.16
changed	0.09	0.37
fly	0.09	0.37
ha	0.09	0.40
again	0.09	0.28
harbor	0.09	0.25
cost	0.09	0.15
shore	0.09	0.25
originally	0.09	0.28
group	0.09	0.29
points	0.09	0.18
executive	0.09	0.16
often	0.09	0.47
every	0.09	0.30
cab	0.09	0.15
proposal	0.09	0.16
model	0.09	0.15
airport	0.09	0.20
attention	0.09	0.60
attended	0.09	0.43
contribute	0.09	0.15
operate	0.09	0.12
taxi	0.09	0.15
tends	0.09	0.26
swing	0.09	0.22
chamber	0.09	0.18
recently	0.09	0.29
john	0.09	0.42
commander	0.09	0.26
planes	0.09	0.38
building	0.09	0.27
assigned	0.09	0.16
arranged	0.09	0.68
gross	0.09	0.14
ranks	0.09	0.18
stein	0.09	0.30
approved	0.09	0.13
seldom	0.09	0.52
vice	0.09	0.19
course	0.09	0.77
rolled	0.09	0.27
gas	0.09	0.40
planned	0.09	0.25
masters	0.09	0.46
request	0.10	0.19
divided	0.10	0.15
encouraged	0.10	0.64
represents	0.10	0.25
establishment	0.10	0.10
billion	0.10	0.11
volume	0.10	0.14
reads	0.10	0.22
ships	0.10	0.25
retired	0.10	0.28
general	0.10	0.19
vehicle	0.10	0.24
associate	0.10	0.30
buy	0.10	0.15
makes	0.10	0.56
hint	0.10	0.62
huge	0.10	0.32
wealthy	0.10	0.81
gear	0.10	0.13
motor	0.10	0.13
smith	0.10	0.19
cent	0.10	0.15
because	0.10	0.69
messages	0.10	0.10
acid	0.10	0.33
overall	0.10	0.18
steadily	0.10	0.20
veteran	0.10	0.18
propaganda	0.10	0.46
membership	0.10	0.16
off	0.10	0.36
anna	0.10	0.96
handkerchief	0.10	0.34
produce	0.10	0.17
grasp	0.10	0.13
administrative	0.10	0.13
actors	0.10	0.14
contribution	0.10	0.31
earned	0.10	0.19
engineering	0.10	0.16
clearly	0.10	0.35
network	0.10	0.16
weeks	0.10	0.21
insisted	0.10	0.49
mccarthy	0.10	0.14
trend	0.10	0.21
bringing	0.10	0.30
midst	0.10	0.63
ready	0.10	0.38
halt	0.10	0.16
drive	0.10	0.12
creative	0.10	0.50
anybody	0.11	0.78
equilibrium	0.11	0.20
overseas	0.11	0.20
arthur	0.11	0.24
laughed	0.11	0.55
equal	0.11	0.31
landing	0.11	0.27
tons	0.11	0.20
auto	0.11	0.11
wheels	0.11	0.15
explaining	0.11	0.26
passing	0.11	0.16
occupied	0.11	0.38
period	0.11	0.20
bullitt	0.11	0.15
issued	0.11	0.16
norman	0.11	0.29
findings	0.11	0.28
yards	0.11	0.17
pigs	0.11	0.42
rates	0.11	0.18
thinking	0.11	0.81
checks	0.11	0.08
those	0.11	0.52
annual	0.11	0.11
arts	0.11	0.21
oil	0.11	0.25
dropping	0.11	0.17
project	0.11	0.13
production	0.11	0.19
jets	0.11	0.38
operator	0.11	0.12
proportion	0.11	0.14
determined	0.11	0.28
measure	0.11	0.13
exactly	0.11	0.86
except	0.11	0.77
mail	0.12	0.07
plane	0.12	0.37
pupils	0.12	0.56
unless	0.12	0.63
largest	0.12	0.16
un	0.12	0.21
degrees	0.12	0.14
engineer	0.12	0.09
intention	0.12	0.33
tickets	0.12	0.14
excess	0.12	0.22
measured	0.12	0.20
office	0.12	0.13
belongs	0.12	0.65
machinery	0.12	0.22
note	0.12	0.16
williams	0.12	0.23
himself	0.12	0.42
classes	0.12	0.47
ross	0.12	0.11
nearest	0.12	0.19
closet	0.12	0.39
mobile	0.12	0.23
sources	0.12	0.27
cape	0.12	0.26
widely	0.12	0.20
sonny	0.12	0.73
boat	0.12	0.29
distribution	0.12	0.20
hours	0.12	0.23
unions	0.12	0.22
continental	0.12	0.22
levels	0.12	0.23
ones	0.12	0.51
corn	0.12	0.45
crown	0.12	0.61
flying	0.12	0.37
won	0.12	0.22
doing	0.12	0.89
mouth	0.12	0.33
places	0.12	0.20
rubber	0.12	0.28
dr	0.12	0.33
bending	0.12	0.56
examined	0.12	0.29
stations	0.12	0.09
introduced	0.12	0.37
revenue	0.12	0.15
contracts	0.12	0.13
device	0.12	0.23
signed	0.12	0.13
solved	0.12	0.30
association	0.12	0.15
used	0.12	0.26
apartment	0.13	0.25
enterprise	0.13	0.23
treaty	0.13	0.28
fishing	0.13	0.27
bonnie	0.13	0.37
consumer	0.13	0.15
big	0.13	0.89
anyway	0.13	1.10
earlier	0.13	0.18
virginia	0.13	0.27
intend	0.13	0.47
pole	0.13	0.17
tools	0.13	0.20
year	0.13	0.19
authorized	0.13	0.17
cracked	0.13	0.20
robert	0.13	0.32
limit	0.13	0.15
waters	0.13	0.37
road	0.13	0.20
instructions	0.13	0.19
submitted	0.13	0.16
helping	0.13	0.37
douglas	0.13	0.21
earth	0.13	0.40
stones	0.13	0.84
current	0.13	0.23
shares	0.13	0.16
tank	0.13	0.35
jr	0.13	0.38
pushing	0.13	0.24
though	0.13	0.78
trying	0.13	0.38
role	0.13	0.19
shortly	0.13	0.24
radar	0.13	0.15
might	0.13	0.55
oxygen	0.13	0.36
prepare	0.13	0.14
climb	0.13	0.12
crucial	0.13	0.39
constitutional	0.13	0.25
washing	0.13	0.57
grace	0.13	1.52
themselves	0.13	0.43
mills	0.13	0.21
disappeared	0.13	0.48
constantly	0.13	0.47
sissie	0.13	0.45
ocean	0.13	0.24
suggested	0.13	0.49
pilots	0.13	0.36
extend	0.13	0.07
expert	0.13	0.18
market	0.13	0.12
largely	0.14	0.35
excited	0.14	1.80
legal	0.14	0.51
cotton	0.14	0.39
humbert	0.14	0.20
mile	0.14	0.16
daniel	0.14	0.40
roof	0.14	0.24
follow	0.14	0.23
port	0.14	0.25
racing	0.14	0.19
wished	0.14	0.72
wheat	0.14	0.45
intelligence	0.14	0.83
earnings	0.14	0.12
dropped	0.14	0.24
limits	0.14	0.23
call	0.14	0.55
confined	0.14	0.15
drink	0.14	0.35
end	0.14	0.20
capitol	0.14	0.17
contemporary	0.14	0.27
techniques	0.14	0.21
instead	0.14	0.37
expenses	0.14	0.19
story	0.14	0.24
bar	0.14	0.26
markets	0.14	0.13
middle	0.14	0.10
goals	0.14	0.21
pulled	0.14	0.30
glasses	0.14	0.35
surrounded	0.14	0.59
finds	0.14	0.52
prize	0.14	0.16
mainly	0.14	0.34
marginal	0.14	0.22
ourselves	0.14	0.43
rising	0.14	0.13
controls	0.14	0.17
parts	0.14	0.18
moderate	0.14	0.27
others	0.14	0.45
former	0.14	0.30
mark	0.14	0.18
anyone	0.14	0.83
airlines	0.14	0.34
easily	0.15	0.36
dollars	0.15	0.30
secondary	0.15	0.30
shower	0.15	0.53
astronauts	0.15	0.27
characteristics	0.15	0.39
definitely	0.15	0.81
rise	0.15	0.16
roles	0.15	0.24
hill	0.15	0.15
broadcast	0.15	0.10
store	0.15	0.17
slipped	0.15	0.35
radio	0.15	0.07
manager	0.15	0.27
aboard	0.15	0.27
jeep	0.15	0.17
broadway	0.15	0.15
routine	0.15	0.16
added	0.15	0.40
everett	0.15	0.83
run	0.15	0.23
shot	0.15	0.13
wire	0.15	0.20
commerce	0.15	0.16
certainly	0.15	0.62
tube	0.15	0.29
permitted	0.15	0.33
howard	0.15	0.23
kate	0.15	0.29
having	0.15	0.81
establish	0.15	0.22
richard	0.15	0.34
must	0.15	0.43
gary	0.15	0.44
parked	0.15	0.13
ship	0.15	0.27
capital	0.15	0.16
lie	0.15	0.21
work	0.15	0.65
content	0.15	0.18
shown	0.15	0.28
plastic	0.15	0.22
immense	0.15	0.34
stars	0.15	0.73
profits	0.15	0.15
procedure	0.16	0.20
structures	0.16	0.30
trading	0.16	0.15
greater	0.16	0.32
fort	0.16	0.24
began	0.16	0.29
legs	0.16	0.27
motion	0.16	0.23
garage	0.16	0.16
century	0.16	0.19
jet	0.16	0.38
flew	0.16	0.39
match	0.16	0.42
corporate	0.16	0.25
aim	0.16	0.16
should	0.16	0.49
orbit	0.16	0.32
belt	0.16	0.21
enable	0.16	0.33
taken	0.16	0.45
made	0.16	0.36
carries	0.16	0.15
already	0.16	0.62
pencil	0.16	0.12
prices	0.16	0.15
diplomatic	0.16	0.24
tied	0.16	0.15
electric	0.16	0.15
function	0.16	0.36
philip	0.16	0.89
alexander	0.16	0.21
commercial	0.16	0.14
adding	0.16	0.17
kitchen	0.16	0.34
purely	0.16	0.23
guess	0.16	0.96
greatest	0.16	0.77
prestige	0.16	0.43
drives	0.16	0.12
theater	0.16	0.16
joyce	0.16	0.17
seeking	0.16	0.55
hour	0.16	0.24
output	0.16	0.16
longer	0.16	0.53
liquid	0.16	0.49
selling	0.16	0.10
lake	0.16	0.32
plus	0.16	0.21
draft	0.16	0.16
handle	0.16	0.22
george	0.16	0.34
pad	0.16	0.11
resources	0.17	0.27
addition	0.17	0.23
start	0.17	0.31
moon	0.17	0.36
cage	0.17	0.19
sales	0.17	0.10
bargaining	0.17	0.22
geneva	0.17	0.25
speak	0.17	0.41
pen	0.17	0.11
cells	0.17	0.31
anyhow	0.17	0.74
tin	0.17	0.32
river	0.17	0.30
allen	0.17	0.22
eric	0.17	0.28
glass	0.17	0.37
dissolve	0.17	0.10
deeper	0.17	0.36
reply	0.17	0.26
part	0.17	0.27
following	0.17	0.24
power	0.17	0.30
announcement	0.17	0.10
hall	0.17	0.25
urging	0.17	0.26
business	0.17	0.16
crowded	0.17	0.25
carl	0.17	0.33
does	0.17	0.58
accomplished	0.17	0.48
committees	0.17	0.14
wish	0.17	0.45
payments	0.17	0.25
under	0.17	0.09
hardly	0.17	0.79
space	0.17	0.33
carrying	0.17	0.20
shop	0.18	0.25
tent	0.18	0.23
arrive	0.18	0.14
formula	0.18	0.23
strangers	0.18	0.43
film	0.18	0.18
draw	0.18	0.20
appeared	0.18	0.56
industries	0.18	0.16
heels	0.18	0.31
range	0.18	0.19
price	0.18	0.19
cheap	0.18	0.63
curve	0.18	0.20
site	0.18	0.21
mounted	0.18	0.15
flow	0.18	0.28
shifted	0.18	0.39
movies	0.18	0.11
lewis	0.18	0.23
sell	0.18	0.16
drank	0.18	0.35
sent	0.18	0.19
producers	0.18	0.10
wider	0.18	0.22
al	0.18	0.36
qualities	0.18	0.92
flight	0.18	0.36
gov	0.18	0.19
henry	0.18	0.54
previously	0.18	0.31
consumers	0.18	0.22
neck	0.18	0.29
finding	0.18	0.87
approach	0.18	0.24
admiral	0.18	0.35
encourage	0.19	0.17
sold	0.19	0.13
trade	0.19	0.21
coach	0.19	0.33
cannon	0.19	0.57
dick	0.19	0.26
coal	0.19	0.22
electronic	0.19	0.23
hurried	0.19	0.43
mirror	0.19	0.23
climbed	0.19	0.26
continue	0.19	0.26
sea	0.19	0.34
possible	0.19	0.34
birds	0.19	0.54
purpose	0.19	0.27
none	0.19	0.84
location	0.19	0.16
established	0.19	0.24
started	0.19	0.36
things	0.19	0.89
goods	0.19	0.19
accept	0.19	0.21
boy	0.19	0.78
gordon	0.19	0.31
higher	0.19	0.21
informed	0.19	0.51
possibility	0.19	0.42
passed	0.19	0.31
communication	0.19	0.24
sixth	0.19	0.12
realize	0.19	0.63
car	0.19	0.17
blade	0.19	0.19
bud	0.19	0.25
worth	0.19	0.25
channel	0.19	0.17
cans	0.19	0.39
increasing	0.19	0.31
colleagues	0.19	0.26
pulling	0.19	0.19
admitted	0.19	0.69
truman	0.19	0.30
sooner	0.19	0.74
covering	0.20	0.20
slid	0.20	0.28
driver	0.20	0.16
slope	0.20	0.20
passion	0.20	2.02
past	0.20	0.20
development	0.20	0.15
thomas	0.20	0.41
clerk	0.20	0.07
reggie	0.20	0.18
wanting	0.20	0.50
fran	0.20	0.25
street	0.20	0.14
produced	0.20	0.22
studio	0.20	0.16
flesh	0.20	0.60
swimming	0.20	0.20
elevator	0.20	0.19
tv	0.20	0.10
whispered	0.20	0.55
bag	0.20	0.25
future	0.20	0.28
voices	0.20	0.39
television	0.20	0.10
screen	0.20	0.21
actor	0.20	0.14
helps	0.20	0.49
agreed	0.20	0.50
percent	0.20	0.18
put	0.20	0.23
system	0.20	0.20
communications	0.20	0.14
lobby	0.20	0.22
fifth	0.20	0.16
captain	0.20	0.29
planning	0.20	0.17
older	0.20	1.00
overhead	0.20	0.35
bathroom	0.21	0.36
paper	0.21	0.10
direct	0.21	0.43
take	0.21	0.30
interview	0.21	0.12
martin	0.21	0.41
broadcasting	0.21	0.10
currently	0.21	0.12
face	0.21	0.29
systems	0.21	0.25
usually	0.21	0.43
de	0.21	0.46
carried	0.21	0.20
restored	0.21	0.38
int	0.21	0.13
owned	0.21	0.36
et	0.21	0.44
creek	0.21	0.31
tion	0.21	0.21
falls	0.21	0.14
worker	0.21	0.25
chest	0.21	0.51
interest	0.21	0.61
piece	0.21	0.42
awake	0.21	0.33
wrapped	0.21	0.16
steam	0.21	0.39
conference	0.21	0.10
idea	0.21	0.80
remains	0.21	0.22
means	0.21	0.30
extensive	0.22	0.24
studied	0.22	0.34
presidents	0.22	0.27
code	0.22	0.54
international	0.22	0.27
rod	0.22	0.16
sandy	0.22	0.68
platform	0.22	0.19
films	0.22	0.28
satisfaction	0.22	0.92
speed	0.22	0.20
james	0.22	0.39
direction	0.22	0.11
main	0.22	0.27
notebook	0.22	0.10
gathering	0.22	0.21
ought	0.22	0.59
box	0.22	0.22
edward	0.22	0.56
david	0.22	0.28
else	0.22	0.83
rasmussen	0.22	0.44
keep	0.22	0.51
clay	0.22	0.84
items	0.22	0.20
assistance	0.22	0.19
differences	0.22	0.36
nothing	0.22	0.98
dare	0.22	0.50
explanation	0.22	0.23
once	0.22	0.74
solution	0.22	0.33
giant	0.22	0.26
stare	0.22	0.34
pot	0.22	0.83
cigarette	0.23	0.41
hanging	0.23	0.18
machines	0.23	0.21
repeated	0.23	0.65
reaching	0.23	0.17
raised	0.23	0.16
hollywood	0.23	0.15
season	0.23	0.87
serving	0.23	0.49
regular	0.23	0.22
try	0.23	0.42
proceed	0.23	0.11
advance	0.23	0.12
myself	0.23	0.57
entrance	0.23	0.17
away	0.23	0.21
valley	0.23	0.26
bought	0.23	0.16
blix	0.23	0.83
map	0.23	0.13
instrument	0.23	0.72
brought	0.23	0.33
live	0.23	0.86
summit	0.23	0.24
headed	0.23	0.24
engaged	0.23	0.31
boots	0.23	0.54
switched	0.23	0.24
participation	0.23	0.23
hero	0.23	0.39
buried	0.23	0.25
harold	0.23	0.24
bars	0.23	0.12
second	0.23	0.14
spoken	0.23	1.02
ever	0.23	0.99
household	0.23	0.44
inches	0.23	0.19
process	0.23	0.24
basement	0.23	0.23
amount	0.23	0.25
payment	0.23	0.27
loudly	0.23	0.35
requirements	0.23	0.24
movie	0.23	0.14
something	0.23	0.94
cigar	0.24	0.42
absolute	0.24	0.61
raw	0.24	0.34
profit	0.24	0.15
ours	0.24	0.39
rapid	0.24	0.34
swim	0.24	0.22
drove	0.24	0.26
defined	0.24	0.37
vacuum	0.24	0.45
eyes	0.24	0.27
raises	0.24	0.15
buying	0.24	0.17
backward	0.24	0.16
show	0.24	0.20
advantages	0.24	0.29
risen	0.24	0.17
townsend	0.24	0.37
suppose	0.24	0.76
drops	0.24	0.24
anne	0.24	0.74
substantial	0.24	0.35
applied	0.24	0.26
lower	0.24	0.15
april	0.24	0.19
seventh	0.24	0.17
materials	0.24	0.25
month	0.24	0.20
sticks	0.24	0.21
supply	0.24	0.28
november	0.24	0.18
rang	0.24	0.22
politically	0.24	0.42
tucker	0.24	0.31
stage	0.24	0.17
independence	0.24	0.38
till	0.24	0.31
sue	0.24	0.57
speaks	0.24	0.27
reduced	0.24	0.47
executives	0.24	0.15
ringwald	0.24	0.38
gain	0.24	0.26
upper	0.24	0.15
upward	0.24	0.19
faye	0.24	0.55
rank	0.25	0.13
king	0.25	0.75
song	0.25	0.68
sum	0.25	0.22
anywhere	0.25	0.67
beneath	0.25	0.24
since	0.25	0.22
feet	0.25	0.24
days	0.25	0.38
medium	0.25	0.09
nbc	0.25	0.10
gave	0.25	0.49
loans	0.25	0.37
booth	0.25	0.11
demonstrated	0.25	0.39
provision	0.25	0.46
pretty	0.25	1.72
seems	0.25	0.54
changing	0.25	0.35
line	0.25	0.12
succeed	0.25	0.14
knee	0.25	0.29
finance	0.25	0.29
expanded	0.25	0.45
equipment	0.25	0.22
camera	0.25	0.16
corridor	0.25	0.20
visiting	0.25	0.38
present	0.25	0.60
bobby	0.25	0.29
aside	0.25	0.20
arc	0.25	0.18
attend	0.25	0.26
sports	0.25	0.30
handling	0.25	0.19
near	0.25	0.21
babies	0.25	0.99
roy	0.25	0.63
starting	0.25	0.16
use	0.25	0.19
inch	0.25	0.16
masses	0.25	0.48
gets	0.25	0.35
accepted	0.25	0.40
struck	0.25	0.64
cast	0.25	0.19
rock	0.25	0.88
estimates	0.26	0.27
parade	0.26	0.47
properly	0.26	0.28
inside	0.26	0.18
turn	0.26	0.29
fish	0.26	0.36
caught	0.26	0.81
thumb	0.26	0.23
league	0.26	0.28
salesman	0.26	0.15
arms	0.26	0.28
received	0.26	0.24
sign	0.26	0.20
security	0.26	0.22
ned	0.26	0.27
opening	0.26	0.17
permission	0.26	0.26
scheme	0.26	0.39
tape	0.26	0.13
beam	0.26	0.20
spot	0.26	0.20
clouds	0.26	0.71
lying	0.26	0.28
holes	0.26	0.34
move	0.26	0.26
restaurant	0.26	0.31
meat	0.26	0.50
package	0.26	0.18
indication	0.26	0.25
heads	0.26	0.25
lord	0.26	1.46
circle	0.26	0.17
rigid	0.26	0.75
survey	0.26	0.26
consider	0.26	0.32
held	0.26	0.20
peak	0.26	0.16
sheet	0.26	0.15
until	0.26	0.20
pan	0.26	0.14
high	0.26	0.15
hotel	0.26	0.24
enterprises	0.27	0.18
springs	0.27	0.64
exchange	0.27	0.14
le	0.27	0.34
seconds	0.27	0.18
copper	0.27	0.27
baker	0.27	0.36
breath	0.27	0.92
colonel	0.27	0.18
form	0.27	0.50
products	0.27	0.26
asleep	0.27	0.29
background	0.27	0.37
industry	0.27	0.18
voice	0.27	0.43
week	0.27	0.19
source	0.27	0.53
plates	0.27	0.34
talks	0.27	0.25
holding	0.27	0.21
puts	0.27	0.35
notes	0.27	0.20
flights	0.27	0.37
clothing	0.27	0.34
barn	0.27	0.23
contain	0.27	0.26
key	0.27	0.18
directions	0.27	0.15
counter	0.27	0.19
cheeks	0.27	0.37
previous	0.27	0.65
wiped	0.27	0.35
art	0.27	0.41
type	0.27	0.50
sufficiently	0.27	0.32
scheduled	0.27	0.15
ground	0.27	0.35
appears	0.27	0.23
field	0.27	0.23
interior	0.27	0.17
shrugged	0.27	0.65
purchase	0.27	0.22
took	0.27	0.32
level	0.27	0.19
la	0.27	0.31
fixed	0.27	0.36
minimum	0.27	0.23
preparing	0.27	0.20
throws	0.27	0.26
negotiations	0.27	0.24
closing	0.27	0.16
card	0.27	0.11
powerful	0.27	0.63
tray	0.28	0.38
roads	0.28	0.45
recognition	0.28	0.83
unexpected	0.28	0.99
led	0.28	0.24
cards	0.28	0.09
amounts	0.28	0.27
undoubtedly	0.28	0.35
facilities	0.28	0.50
neighbor	0.28	0.93
lunch	0.28	0.43
cbs	0.28	0.14
pocket	0.28	0.18
knees	0.28	0.24
supposed	0.28	0.53
picked	0.28	0.24
lifted	0.28	0.29
firms	0.28	0.17
dining	0.28	0.32
lael	0.28	0.31
moving	0.28	0.16
herbert	0.28	0.25
task	0.28	0.38
heart	0.28	1.86
meeting	0.28	0.19
william	0.28	0.39
length	0.28	0.19
shook	0.28	0.70
thing	0.28	0.87
additional	0.28	0.35
let	0.28	0.50
night	0.28	0.27
aluminum	0.28	0.19
doll	0.28	0.24
telling	0.28	0.88
stepped	0.28	0.45
difficulty	0.28	0.69
temperature	0.29	0.72
audience	0.29	0.15
beginning	0.29	0.19
fred	0.29	0.19
basic	0.29	0.48
lips	0.29	0.23
opponents	0.29	0.22
taking	0.29	0.41
shakes	0.29	0.67
tea	0.29	0.43
abc	0.29	0.14
drew	0.29	0.30
check	0.29	0.13
image	0.29	0.42
maybe	0.29	0.82
heading	0.29	0.16
last	0.29	0.22
mountains	0.29	0.28
operation	0.29	0.17
pulls	0.29	0.27
ford	0.29	0.18
lock	0.29	0.16
sometime	0.29	0.40
sidewalk	0.29	0.15
around	0.29	0.18
earl	0.29	0.31
respond	0.29	0.45
lip	0.29	0.22
remarked	0.29	0.64
agreement	0.29	0.18
open	0.29	0.20
deck	0.29	0.20
poem	0.29	0.42
pointing	0.29	0.25
address	0.29	0.17
joe	0.30	0.39
wanted	0.30	0.64
mount	0.30	0.14
balls	0.30	0.22
calls	0.30	0.23
danny	0.30	0.58
done	0.30	0.94
dreamed	0.30	1.61
another	0.30	0.56
relieved	0.30	1.68
date	0.30	0.33
genuine	0.30	0.90
bowed	0.30	0.45
envelope	0.30	0.11
gained	0.30	0.55
sheets	0.30	0.23
insurance	0.30	0.31
wertenbaker	0.30	0.29
stock	0.30	0.15
require	0.30	0.24
appearance	0.30	0.63
sons	0.30	1.25
royal	0.30	0.60
funds	0.30	0.32
debt	0.30	0.23
marks	0.30	0.34
works	0.30	0.20
duke	0.30	0.54
frame	0.30	0.14
steel	0.30	0.19
explained	0.30	0.79
ladder	0.31	0.18
cup	0.31	0.46
reached	0.31	0.31
succession	0.31	0.39
corners	0.31	0.19
mitch	0.31	0.20
stairs	0.31	0.22
further	0.31	0.47
fall	0.31	0.43
wheel	0.31	0.20
youngsters	0.31	0.79
continued	0.31	0.23
january	0.31	0.22
drawer	0.31	0.14
investment	0.31	0.23
being	0.31	0.57
conception	0.31	0.61
hesitated	0.31	0.74
complicated	0.31	0.70
wilson	0.31	0.19
cutting	0.31	0.39
blocks	0.31	0.30
family	0.31	1.13
fourth	0.31	0.18
asking	0.31	0.52
ahead	0.31	0.14
july	0.31	0.23
credit	0.31	0.31
making	0.31	0.72
rest	0.31	0.19
star	0.31	0.29
opera	0.31	0.21
veronique	0.31	0.39
mccullough	0.31	0.39
nose	0.31	0.25
hung	0.31	0.16
december	0.32	0.23
september	0.32	0.23
trouble	0.32	2.28
handed	0.32	0.40
gesture	0.32	0.48
smoking	0.32	0.29
give	0.32	0.34
karger	0.32	0.30
seen	0.32	1.03
careful	0.32	0.48
downstairs	0.32	0.26
never	0.32	0.96
reveal	0.32	0.44
keys	0.32	0.15
turning	0.32	0.34
wings	0.32	0.75
contact	0.32	0.45
really	0.32	0.79
shoulders	0.32	0.26
reaches	0.32	0.31
rice	0.32	0.50
design	0.32	0.20
management	0.32	0.18
lundquist	0.32	0.35
vanished	0.32	0.33
spent	0.33	0.40
tightly	0.33	0.18
bedroom	0.33	0.25
indicates	0.33	0.34
sighed	0.33	0.46
consists	0.33	0.23
reverse	0.33	0.13
fingers	0.33	0.29
wednesday	0.33	0.22
mean	0.33	0.83
next	0.33	0.25
cloth	0.33	0.40
door	0.33	0.21
waiter	0.33	0.25
october	0.33	0.25
parallel	0.33	0.15
close	0.33	0.14
checked	0.33	0.55
august	0.33	0.25
opens	0.33	0.26
heavy	0.33	0.34
cargo	0.33	0.19
champion	0.33	0.28
below	0.33	0.24
formed	0.33	0.15
glances	0.33	0.35
foot	0.33	0.20
ca	0.33	0.54
instruments	0.33	0.21
chain	0.33	0.16
head	0.34	0.26
coffee	0.34	0.44
money	0.34	1.23
very	0.34	0.42
placed	0.34	0.19
nodded	0.34	0.73
pictures	0.34	0.22
opportunity	0.34	0.29
return	0.34	0.25
especially	0.34	0.45
stopped	0.34	0.68
tuesday	0.34	0.21
glory	0.34	1.39
leads	0.34	0.23
follows	0.34	0.28
flame	0.34	0.40
ball	0.34	0.25
cloud	0.34	0.69
yourself	0.34	0.59
cash	0.34	0.30
orders	0.34	0.34
boon	0.34	0.55
unusual	0.34	2.14
ice	0.34	0.59
bonds	0.34	0.32
simon	0.34	0.37
soup	0.34	0.54
strong	0.34	1.87
assembled	0.34	0.22
bottom	0.34	0.35
begins	0.35	0.21
takes	0.35	0.33
rises	0.35	0.43
stove	0.35	0.60
lies	0.35	0.18
eye	0.35	0.16
steps	0.35	0.16
thursday	0.35	0.22
slept	0.35	0.29
meals	0.35	0.66
wrist	0.35	0.26
regard	0.35	0.59
towards	0.35	0.13
morgan	0.35	0.54
smiled	0.35	0.59
control	0.35	0.21
relationship	0.35	0.46
strict	0.35	0.19
periods	0.35	0.60
toward	0.35	0.14
doors	0.35	0.20
wind	0.35	1.05
alive	0.35	0.71
importance	0.35	0.39
paused	0.35	0.65
job	0.35	1.14
finger	0.35	0.26
returns	0.36	0.34
answered	0.36	0.64
plate	0.36	0.47
passes	0.36	0.25
say	0.36	0.67
entering	0.36	0.12
bare	0.36	0.25
along	0.36	0.17
choose	0.36	0.41
beach	0.36	0.27
sufficient	0.36	0.51
sunday	0.36	0.24
monday	0.36	0.22
adam	0.36	0.65
dawn	0.36	0.30
drawing	0.36	0.16
constant	0.36	0.21
closed	0.36	0.20
horizon	0.36	0.36
vital	0.36	0.49
collected	0.36	0.19
starts	0.36	0.29
acknowledged	0.37	0.67
iii	0.37	0.47
holds	0.37	0.29
park	0.37	0.30
forth	0.37	0.21
top	0.37	0.17
plain	0.37	0.53
common	0.37	0.42
exit	0.37	0.22
metal	0.37	0.28
min	0.37	0.19
covered	0.37	0.34
supplied	0.37	0.37
woke	0.37	0.28
arm	0.37	0.26
trousers	0.37	0.53
walk	0.37	0.21
laid	0.37	0.17
lit	0.37	0.40
step	0.37	0.10
requires	0.37	0.26
moves	0.37	0.27
friday	0.37	0.24
pointed	0.37	0.62
opened	0.37	0.23
remaining	0.37	0.29
mountain	0.37	0.28
want	0.37	0.58
pants	0.37	0.52
raising	0.37	0.44
went	0.37	0.41
method	0.37	0.28
morning	0.37	0.27
replied	0.37	0.55
customer	0.37	0.29
easier	0.37	0.95
manufacturers	0.37	0.16
curtain	0.37	0.19
storage	0.37	0.32
day	0.38	0.38
slowly	0.38	0.16
washed	0.38	0.78
skin	0.38	0.26
dressing	0.38	0.24
indicating	0.38	0.27
fallen	0.38	0.31
shoulder	0.38	0.29
leaving	0.38	0.24
why	0.38	0.75
saturday	0.38	0.26
daley	0.38	0.55
arrived	0.38	0.42
rear	0.38	0.20
quite	0.38	0.62
hey	0.38	0.61
closer	0.38	0.16
tells	0.38	0.57
stops	0.38	0.31
stolen	0.38	0.46
receiving	0.38	0.47
walked	0.38	0.48
professional	0.38	0.69
career	0.38	0.17
stretched	0.38	0.22
hat	0.38	0.48
teams	0.38	0.31
pro	0.39	0.29
sand	0.39	0.86
walking	0.39	0.26
angle	0.39	0.15
concrete	0.39	0.43
thru	0.39	0.27
evening	0.39	0.37
place	0.39	0.56
collect	0.39	0.47
above	0.39	0.21
cliff	0.39	0.55
character	0.39	0.50
sides	0.39	0.17
rode	0.39	0.13
round	0.39	0.24
ellen	0.39	0.94
talk	0.39	0.63
compromise	0.39	0.15
enjoyed	0.40	1.98
sweeping	0.40	0.21
carefully	0.40	0.22
log	0.40	0.20
spoke	0.40	0.71
pattern	0.40	0.26
halfway	0.40	0.15
elderly	0.40	0.80
exact	0.40	0.67
gate	0.40	0.16
stares	0.40	0.36
prince	0.40	0.77
queen	0.40	0.90
rolls	0.40	0.17
dollar	0.40	0.22
iron	0.40	0.27
midnight	0.40	0.23
increased	0.40	0.48
served	0.40	0.62
understand	0.40	0.57
square	0.40	0.21
protection	0.40	0.22
murmured	0.40	0.60
item	0.40	0.65
sympathy	0.40	0.94
mission	0.40	0.55
liberty	0.40	0.47
games	0.40	0.31
fashion	0.40	0.59
sadly	0.40	0.42
lot	0.40	2.21
blanket	0.40	0.28
extraordinary	0.41	1.04
chicken	0.41	0.59
forward	0.41	0.15
roll	0.41	0.25
spare	0.41	0.56
affair	0.41	0.69
access	0.41	0.24
gone	0.41	0.84
robe	0.41	0.41
hills	0.41	0.36
jacket	0.41	0.47
appointment	0.41	0.59
cap	0.41	0.40
van	0.41	0.66
everywhere	0.41	0.34
skirt	0.41	0.42
manufacturing	0.41	0.14
generation	0.41	0.79
genius	0.41	0.47
asked	0.41	0.92
tip	0.41	0.25
presence	0.41	0.61
factor	0.41	0.48
folded	0.42	0.18
shirt	0.42	0.50
knew	0.42	1.77
withdraw	0.42	0.44
crossed	0.42	0.21
rain	0.42	1.11
across	0.42	0.18
runs	0.42	0.26
goes	0.42	0.38
maximum	0.42	0.25
politicians	0.42	0.44
windows	0.42	0.31
walks	0.42	0.26
benefit	0.42	0.42
cemetery	0.42	0.41
birth	0.42	1.07
tommy	0.42	0.39
pair	0.42	0.54
looks	0.42	0.36
clients	0.42	0.26
rope	0.42	0.20
sees	0.42	0.28
watch	0.42	0.32
rose	0.42	0.22
baseball	0.42	0.35
right	0.42	0.80
performance	0.42	0.33
indicate	0.43	0.41
outside	0.43	0.17
watches	0.43	0.35
rocks	0.43	0.72
called	0.43	0.75
degree	0.43	0.44
ranch	0.43	0.26
museum	0.43	0.22
anything	0.43	0.82
daddy	0.43	0.56
customers	0.43	0.17
telephone	0.43	0.16
presents	0.43	0.51
cell	0.43	0.34
fur	0.43	0.51
bowl	0.43	0.36
citizen	0.43	0.68
based	0.43	0.40
grinned	0.43	0.52
drawn	0.43	0.12
game	0.43	0.32
glanced	0.43	0.78
improvement	0.43	0.45
chin	0.43	0.26
cabin	0.43	0.17
moved	0.43	0.41
tom	0.44	0.28
damp	0.44	1.31
trick	0.44	1.49
comes	0.44	0.29
formation	0.44	0.35
route	0.44	0.60
afterward	0.44	0.36
surface	0.44	0.51
businessmen	0.44	0.46
folks	0.44	0.49
offered	0.44	0.33
looked	0.44	0.78
martha	0.44	0.97
lack	0.44	0.55
coat	0.44	0.45
turned	0.44	0.76
continuous	0.44	0.34
breakfast	0.45	0.59
turns	0.45	0.37
client	0.45	0.26
doorway	0.45	0.21
entirely	0.45	0.41
frank	0.45	0.46
equipped	0.45	0.47
bread	0.45	0.54
conversation	0.45	0.38
motors	0.45	0.14
file	0.45	0.47
february	0.45	0.28
window	0.45	0.26
confidence	0.45	0.74
noon	0.45	0.24
hand	0.45	0.27
virtue	0.45	0.79
mothers	0.45	1.12
double	0.45	0.20
showed	0.45	0.52
alma	0.46	0.52
stayed	0.46	0.37
picks	0.46	0.31
lamp	0.46	0.34
leave	0.46	0.32
look	0.46	0.38
ceiling	0.46	0.22
photographs	0.46	0.22
methods	0.46	0.39
stretch	0.46	0.22
nurse	0.46	0.53
together	0.46	0.52
lowered	0.46	0.15
colors	0.46	0.84
going	0.46	0.71
nights	0.46	0.47
reference	0.46	0.43
tomorrow	0.46	0.24
packed	0.46	0.27
winds	0.46	1.15
finish	0.46	0.18
results	0.46	0.44
imagine	0.46	0.72
offer	0.46	0.31
need	0.46	0.59
photograph	0.46	0.15
early	0.46	0.45
late	0.47	0.38
unfortunately	0.47	0.84
dramatic	0.47	1.11
schedule	0.47	0.41
june	0.47	0.13
separated	0.47	0.51
entire	0.47	0.44
nevada	0.47	0.50
approaches	0.47	0.22
came	0.47	0.65
jean	0.47	0.42
name	0.47	0.77
bent	0.47	0.23
ben	0.47	0.24
stared	0.47	0.74
football	0.47	0.33
swiftly	0.47	0.30
respected	0.47	0.60
given	0.48	0.32
partly	0.48	0.42
annie	0.48	0.52
speaking	0.48	0.46
talking	0.48	0.59
similarly	0.48	0.48
definite	0.48	0.70
looking	0.48	0.39
value	0.48	0.51
crude	0.48	0.41
elbow	0.48	0.23
pound	0.48	0.32
left	0.48	0.33
associates	0.48	0.63
completely	0.48	0.44
enter	0.49	0.20
join	0.49	0.27
suit	0.49	0.50
gallery	0.49	0.21
companies	0.49	0.19
continues	0.49	0.21
golf	0.49	0.25
seats	0.49	0.39
onto	0.49	0.23
wool	0.49	0.47
reserve	0.49	0.61
waited	0.49	0.60
facts	0.49	0.40
settle	0.49	0.30
lots	0.49	0.71
potential	0.49	0.49
kinds	0.49	0.56
score	0.49	0.24
staring	0.50	0.34
wealth	0.50	0.56
remembered	0.50	1.74
reflected	0.50	0.39
parents	0.50	1.19
extended	0.50	0.34
chance	0.50	0.90
told	0.50	0.96
dress	0.50	0.46
son	0.50	1.17
chose	0.50	0.36
stand	0.50	0.27
intent	0.50	0.33
watched	0.50	0.78
hannaberry	0.50	0.30
breast	0.50	0.35
lew	0.50	0.93
felix	0.50	0.14
doc	0.50	0.40
wall	0.50	0.23
listened	0.50	0.85
devoted	0.50	0.50
maintenance	0.51	0.41
quantity	0.51	0.52
tie	0.51	0.41
bulk	0.51	0.40
assumed	0.51	0.60
desert	0.51	0.50
progress	0.51	0.24
truly	0.51	0.56
necessary	0.51	0.50
elaine	0.51	0.25
silence	0.51	0.46
sole	0.51	0.41
fog	0.51	0.76
full	0.51	0.41
add	0.51	0.59
goldfinger	0.51	0.16
actual	0.51	0.49
kids	0.51	0.76
pace	0.51	0.27
mostly	0.52	0.53
lap	0.52	0.18
grounds	0.52	0.28
pop	0.52	0.21
listening	0.52	0.34
favorable	0.52	0.56
cake	0.52	0.46
lacking	0.52	0.63
answer	0.52	0.33
returned	0.52	0.44
continuing	0.52	0.27
entered	0.52	0.53
wo	0.52	0.51
compared	0.52	0.54
row	0.52	0.26
pillow	0.52	0.28
lay	0.52	0.26
bearing	0.52	0.42
clean	0.52	1.15
succeeded	0.52	0.32
jones	0.52	0.44
link	0.52	0.42
dinner	0.52	0.54
floor	0.53	0.32
meet	0.53	0.43
juice	0.53	0.42
children	0.53	1.08
delayed	0.53	0.41
stands	0.53	0.29
final	0.53	0.54
hands	0.53	0.28
water	0.53	0.80
us	0.53	0.55
fathers	0.53	0.89
vision	0.53	0.54
perform	0.53	0.39
accounts	0.53	0.30
presented	0.53	0.48
includes	0.53	0.47
wise	0.53	0.58
forehead	0.53	0.28
bond	0.53	0.17
fabric	0.54	0.39
foundation	0.54	0.57
corner	0.54	0.22
silently	0.54	0.28
approval	0.54	0.69
pressed	0.54	0.28
product	0.54	0.52
play	0.54	0.26
exclaimed	0.54	0.38
giving	0.54	0.55
stopping	0.54	0.37
evidently	0.54	0.73
leaned	0.54	0.50
visible	0.54	0.34
sugar	0.54	0.38
pa	0.55	0.46
wears	0.55	0.50
depth	0.55	0.40
notice	0.55	0.79
wooden	0.55	0.31
reception	0.55	0.74
hack	0.55	0.12
still	0.55	0.30
studying	0.55	0.30
lucy	0.55	0.81
walls	0.55	0.33
material	0.55	0.75
wearing	0.55	0.52
alone	0.55	0.31
come	0.56	0.42
lighted	0.56	0.26
ted	0.56	0.28
humor	0.56	0.40
calling	0.56	0.37
faces	0.56	0.32
enters	0.56	0.30
educated	0.56	0.74
porch	0.56	0.23
side	0.56	0.24
collar	0.56	0.43
advantage	0.56	0.55
algeria	0.56	0.61
sits	0.56	0.34
uniform	0.56	0.43
keeps	0.57	0.34
ride	0.57	0.41
met	0.57	1.02
remembering	0.57	0.39
front	0.57	0.26
pool	0.57	0.28
miracle	0.57	0.94
daylight	0.57	0.34
ask	0.57	0.51
shopping	0.57	0.52
equivalent	0.57	0.51
travel	0.57	0.64
team	0.58	0.73
formal	0.58	0.46
coming	0.58	0.36
enough	0.58	0.38
standard	0.58	0.74
wore	0.58	0.51
lane	0.58	0.29
elizabeth	0.58	0.99
opposite	0.58	0.27
behind	0.58	0.21
fully	0.58	0.43
lights	0.58	0.34
chances	0.59	0.41
tough	0.59	0.88
elder	0.59	0.91
joan	0.59	0.78
highest	0.59	0.68
cold	0.59	1.35
sensitive	0.59	0.59
guarantee	0.59	0.25
normal	0.59	0.51
figure	0.59	0.20
tables	0.59	0.37
computer	0.59	0.43
walter	0.59	0.52
visits	0.59	0.53
directors	0.59	0.55
tennis	0.59	0.29
cared	0.60	1.62
help	0.60	0.58
hot	0.60	1.20
sake	0.60	1.80
loan	0.60	0.67
invited	0.60	0.52
logical	0.60	0.49
players	0.60	0.66
belonged	0.60	1.68
banks	0.60	0.69
leonard	0.60	0.34
desk	0.60	0.28
promising	0.60	1.00
usual	0.60	0.29
stages	0.61	0.50
fields	0.61	0.44
edge	0.61	0.23
improve	0.61	0.71
long	0.61	0.21
milk	0.61	0.58
wine	0.61	0.37
listen	0.61	0.52
alongside	0.61	0.52
afternoon	0.61	0.60
stanton	0.62	0.33
arrangement	0.62	0.34
dedicated	0.62	0.54
readily	0.62	0.43
simple	0.62	0.48
relatively	0.62	0.46
receive	0.62	0.51
butter	0.62	0.45
thoroughly	0.62	0.50
savings	0.62	0.67
promise	0.63	0.37
mine	0.63	0.86
brass	0.63	0.28
dried	0.63	0.75
nods	0.63	0.40
bed	0.63	0.34
softly	0.63	0.42
belong	0.63	0.63
reputation	0.63	0.37
set	0.63	0.47
shape	0.63	0.35
sail	0.63	0.53
player	0.63	0.67
swift	0.63	0.68
darkness	0.64	0.37
stay	0.64	0.38
musical	0.64	0.38
through	0.64	0.37
needed	0.64	0.52
ends	0.64	0.34
pitch	0.64	0.32
salt	0.64	0.72
saw	0.64	1.78
gotten	0.64	1.48
achievement	0.64	0.33
whom	0.64	1.49
finished	0.64	0.36
sure	0.64	0.81
firmly	0.64	0.32
objective	0.64	0.37
talent	0.64	0.59
traveling	0.65	0.58
alice	0.65	0.71
putting	0.65	0.42
herself	0.65	0.74
record	0.65	0.55
facing	0.65	0.28
rubbed	0.65	0.24
plant	0.65	0.20
tell	0.65	0.56
men	0.65	0.86
suits	0.65	0.72
bank	0.65	0.68
stephen	0.65	0.45
brothers	0.65	0.90
growth	0.65	0.37
cream	0.66	0.49
curtains	0.66	0.34
politician	0.66	0.46
creation	0.66	0.49
orchestra	0.66	0.33
dressed	0.66	0.62
letter	0.66	0.48
benjamin	0.66	0.31
robinson	0.66	0.26
waiting	0.66	0.31
stood	0.66	0.61
stanley	0.66	0.56
wake	0.66	0.35
brother	0.66	0.99
climate	0.67	0.87
foods	0.67	0.47
wide	0.67	0.26
departure	0.67	0.53
table	0.67	0.35
named	0.67	0.74
enormous	0.67	0.47
achieve	0.67	0.23
provide	0.67	0.57
archie	0.67	0.28
phil	0.68	0.44
guest	0.68	0.40
brave	0.68	0.54
always	0.68	1.39
rings	0.68	0.18
pine	0.68	0.42
abroad	0.68	0.46
completed	0.68	0.48
playing	0.68	0.31
straight	0.68	0.22
relevant	0.68	0.81
unlikely	0.68	0.71
air	0.69	1.28
palace	0.69	0.33
tone	0.69	0.74
addressed	0.69	0.55
striking	0.69	1.00
shaped	0.69	0.35
respect	0.69	0.84
purposes	0.69	0.48
watching	0.69	0.35
mama	0.70	0.74
selected	0.70	0.42
leaning	0.70	0.22
flat	0.70	0.55
glow	0.70	0.32
famous	0.70	0.25
bench	0.70	0.35
talked	0.70	1.77
leading	0.70	0.43
partner	0.70	0.77
prior	0.71	0.37
lean	0.71	0.53
brick	0.71	0.58
seek	0.71	0.42
pause	0.71	0.34
gathered	0.71	0.36
sport	0.71	0.39
fence	0.71	0.34
approached	0.71	0.69
supporting	0.71	0.42
loyal	0.71	0.38
company	0.72	0.48
brush	0.72	0.42
grinning	0.72	0.45
popular	0.72	0.43
charlie	0.72	0.98
deny	0.72	0.41
ties	0.72	0.57
developing	0.73	0.38
recorded	0.73	0.40
vegetables	0.73	0.64
barbara	0.73	0.68
yard	0.73	0.35
active	0.73	0.58
sky	0.73	0.51
spend	0.73	0.64
deliberate	0.73	0.63
beard	0.73	0.33
painter	0.73	0.36
denied	0.73	0.49
joined	0.73	0.42
paint	0.73	0.36
maintain	0.73	0.40
shows	0.74	0.42
silk	0.74	0.50
frozen	0.74	0.65
wives	0.74	0.90
corporation	0.74	0.57
separation	0.74	0.59
standing	0.74	0.43
available	0.74	0.55
lined	0.75	0.35
bath	0.75	0.94
forget	0.75	0.56
rested	0.75	0.22
poet	0.75	0.34
stability	0.75	0.36
presumably	0.75	0.43
am	0.75	0.85
elected	0.75	0.64
basket	0.75	0.50
fond	0.76	1.53
mary	0.76	0.60
breasts	0.76	0.35
traveled	0.76	0.43
sympathetic	0.76	0.88
worn	0.76	0.65
pines	0.76	0.43
seeing	0.76	0.75
reporters	0.77	0.44
heat	0.77	0.84
sarah	0.77	0.82
provided	0.77	0.60
visitors	0.77	0.44
information	0.77	0.47
covers	0.77	0.63
beside	0.78	0.31
string	0.78	0.29
grip	0.78	0.54
elaborate	0.78	0.83
containing	0.78	0.54
features	0.78	0.40
gives	0.78	0.52
sat	0.78	0.33
guests	0.78	0.60
candy	0.78	0.58
selection	0.78	0.38
path	0.78	0.33
light	0.78	0.37
saying	0.78	0.52
balance	0.79	0.73
clever	0.79	1.11
willard	0.79	1.12
hope	0.79	0.63
contained	0.79	0.53
wear	0.79	0.63
wait	0.79	0.37
records	0.79	0.35
clearing	0.79	0.37
provides	0.79	0.54
sight	0.79	0.44
important	0.79	0.90
sank	0.79	0.54
lily	0.79	0.86
shadow	0.79	0.44
host	0.79	0.40
sets	0.80	0.43
eggs	0.80	0.65
guidance	0.80	0.58
bold	0.80	0.61
understanding	0.80	0.73
safety	0.80	0.43
efficiency	0.81	0.64
lydia	0.81	0.34
height	0.82	0.45
producing	0.82	0.30
friend	0.82	0.92
sing	0.82	0.58
grant	0.82	0.90
serve	0.82	0.62
slow	0.82	0.53
obtained	0.82	0.75
sisters	0.82	0.99
phone	0.82	0.21
remember	0.82	0.70
concentrated	0.83	0.49
branch	0.83	0.42
sally	0.83	0.58
rhythm	0.83	0.37
uncle	0.83	0.80
low	0.83	0.55
while	0.84	0.42
quietly	0.84	0.21
universal	0.84	0.40
required	0.84	0.49
significant	0.84	1.01
rolling	0.84	0.49
trunk	0.84	0.30
oldest	0.84	0.83
best	0.84	1.95
raymond	0.85	0.32
wesley	0.85	0.47
waist	0.85	0.41
sit	0.85	0.21
crowds	0.85	0.59
summer	0.85	1.29
friends	0.85	0.83
bow	0.86	0.53
statistics	0.86	0.57
yeah	0.86	0.74
offers	0.86	0.39
egg	0.86	0.50
folk	0.86	0.50
atmosphere	0.86	0.79
gentleman	0.86	0.74
excuse	0.87	0.69
margaret	0.87	0.93
detailed	0.87	0.57
distinguished	0.87	0.46
ease	0.87	0.75
shelter	0.87	0.37
plants	0.88	0.55
easy	0.88	0.78
surrounding	0.88	0.52
pleased	0.88	1.58
caroline	0.88	0.86
spots	0.88	0.43
preparation	0.89	0.54
possibilities	0.89	0.53
artists	0.89	0.39
calculated	0.89	0.55
normally	0.89	0.45
privilege	0.89	0.73
club	0.89	0.42
dry	0.89	1.01
mood	0.89	0.61
younger	0.89	0.93
smiles	0.90	0.88
touched	0.90	0.43
band	0.90	0.50
safely	0.90	0.40
protected	0.91	0.40
boys	0.91	0.69
remain	0.91	0.32
father	0.91	1.41
faith	0.91	1.84
husband	0.91	1.02
aunt	0.92	0.97
neatly	0.92	0.56
portrait	0.92	0.44
sister	0.92	1.03
ring	0.92	0.30
exercise	0.93	0.51
jane	0.93	0.66
mr	0.93	0.29
black	0.93	0.48
success	0.94	0.53
advice	0.94	0.64
visitor	0.94	0.51
pengo	0.94	0.61
mister	0.94	0.44
winter	0.94	1.29
hughes	0.94	0.40
staying	0.94	0.42
capable	0.94	0.39
figures	0.94	0.43
artificial	0.94	0.44
sleeping	0.95	0.54
clubs	0.95	0.46
youth	0.95	0.48
gather	0.95	0.60
fund	0.95	0.88
keeping	0.95	0.44
nancy	0.95	0.85
dance	0.95	0.46
melody	0.96	0.52
breeze	0.96	1.01
appreciate	0.96	0.55
smiling	0.96	0.33
expecting	0.96	0.59
okay	0.96	0.73
silent	0.97	0.43
luck	0.97	1.87
married	0.97	1.02
ma	0.97	0.40
peace	0.97	0.73
extra	0.97	0.61
wife	0.97	1.02
kind	0.97	1.59
female	0.97	0.46
trips	0.97	0.83
minute	0.97	0.44
male	0.98	0.43
charles	0.98	1.11
opportunities	0.98	0.47
effective	0.98	0.52
artist	0.98	0.37
unity	0.99	0.52
alliance	0.99	0.80
painted	0.99	0.42
contains	0.99	0.53
rows	0.99	0.60
calmly	0.99	0.30
data	0.99	0.62
derek	0.99	0.79
trip	1.00	0.89
shadows	1.00	0.48
gift	1.00	0.89
miss	1.00	0.60
correct	1.00	0.63
gifts	1.00	0.54
arrival	1.00	0.52
practical	1.00	0.77
white	1.01	0.49
theme	1.01	0.47
pat	1.01	0.37
outstanding	1.02	0.90
gestures	1.02	0.66
widow	1.02	0.99
invitation	1.02	0.37
shining	1.02	0.52
blue	1.02	0.50
maid	1.02	0.46
remained	1.02	0.61
impressive	1.02	2.01
music	1.03	0.51
strictly	1.03	0.34
silver	1.03	0.44
rare	1.03	0.76
ann	1.03	1.42
remarkable	1.04	1.77
leather	1.04	0.70
tune	1.04	0.51
kept	1.04	0.41
cousin	1.04	0.94
wedding	1.04	0.68
broad	1.04	0.55
baxter	1.04	0.45
woods	1.04	0.51
acceptance	1.04	0.41
rational	1.04	0.66
prospects	1.04	0.69
gilian	1.04	1.53
greeted	1.04	0.60
songs	1.04	0.53
sun	1.05	0.68
adequate	1.05	0.74
affection	1.05	1.74
obtain	1.05	0.50
daughter	1.05	0.97
brown	1.06	0.44
daughters	1.06	0.91
style	1.06	0.41
desired	1.06	0.57
played	1.06	0.46
narrow	1.06	0.46
couple	1.06	0.65
achieved	1.06	0.57
estimate	1.06	0.63
disarmament	1.06	0.65
sir	1.07	0.38
neighbors	1.07	0.49
clear	1.07	0.69
dark	1.08	0.42
touch	1.08	0.36
responded	1.08	0.38
grin	1.08	1.42
visit	1.08	0.68
piano	1.08	0.49
stream	1.08	0.64
thick	1.09	0.56
gray	1.09	0.47
harriet	1.09	0.48
mate	1.09	0.49
baby	1.09	0.68
short	1.10	0.46
color	1.10	0.44
manner	1.11	0.79
maintained	1.11	0.65
collection	1.11	0.43
hair	1.12	0.41
goal	1.12	0.49
pink	1.12	0.45
grandmother	1.12	1.37
oak	1.12	0.41
dolly	1.13	0.33
permit	1.13	0.46
resting	1.13	0.52
tonight	1.14	0.35
red	1.14	0.49
cheek	1.14	0.57
furniture	1.14	0.55
paintings	1.14	0.47
betty	1.14	0.51
spring	1.15	1.13
sitting	1.15	0.52
lightly	1.15	0.55
yours	1.16	0.43
couch	1.16	0.65
comfort	1.16	0.45
vigorous	1.16	0.46
thin	1.16	0.47
seated	1.17	0.54
relax	1.17	0.73
lucky	1.17	1.71
yellow	1.17	0.48
trust	1.17	1.83
free	1.17	0.52
women	1.17	0.67
models	1.17	0.57
alternative	1.18	0.45
settlement	1.18	0.61
palm	1.18	0.48
seat	1.18	0.64
chair	1.19	0.61
locked	1.19	0.45
contributions	1.19	0.47
shade	1.20	0.48
settled	1.20	0.62
young	1.20	0.72
rough	1.20	1.91
sofa	1.21	0.66
birthday	1.21	1.04
forgive	1.21	1.52
ah	1.21	0.60
porter	1.22	0.29
chairs	1.22	0.68
picking	1.22	0.42
acceptable	1.22	0.51
orange	1.22	0.56
colored	1.22	0.54
beds	1.23	0.55
purvis	1.23	0.38
cheese	1.23	0.52
prosper	1.24	1.49
gold	1.24	0.51
sorry	1.25	0.53
honey	1.25	0.44
hangs	1.26	0.82
mother	1.26	1.23
harry	1.26	0.92
forest	1.26	0.63
proper	1.26	0.51
relations	1.27	0.53
assure	1.27	0.71
sex	1.27	1.55
singing	1.27	0.57
fine	1.28	1.71
michelangelo	1.28	0.54
home	1.29	0.45
kissed	1.29	0.65
successful	1.29	0.59
suitable	1.29	0.64
pale	1.29	0.48
hi	1.31	0.53
dancing	1.31	0.44
hers	1.32	1.35
princess	1.33	0.67
painting	1.33	0.54
finest	1.34	0.67
surprising	1.34	1.35
basis	1.35	0.55
intelligent	1.35	0.59
daniels	1.35	0.29
hurry	1.35	0.35
etc	1.35	1.51
gentlemen	1.36	0.36
purple	1.36	0.58
composed	1.37	0.66
precious	1.38	0.44
assured	1.38	0.72
woman	1.38	0.65
creating	1.39	0.27
warmth	1.40	0.55
tour	1.40	0.69
better	1.40	1.86
seymour	1.40	1.49
marriage	1.41	1.53
delighted	1.42	1.25
yes	1.42	0.42
desirable	1.43	0.71
efficient	1.43	0.51
modest	1.44	0.77
thanks	1.44	0.78
hearts	1.44	1.22
favorite	1.45	0.44
dad	1.46	0.36
practically	1.47	1.37
soft	1.47	0.67
marble	1.48	0.63
sensible	1.48	0.54
smooth	1.49	0.78
weekend	1.50	0.82
answers	1.50	0.52
mrs	1.51	0.37
roots	1.52	0.64
tall	1.52	0.58
triumph	1.52	1.21
lawn	1.52	0.58
touching	1.53	0.51
picture	1.54	0.29
journey	1.54	1.84
pregnant	1.54	1.00
sunlight	1.55	0.64
please	1.56	0.46
branches	1.57	0.69
firm	1.57	0.66
thank	1.58	0.51
oh	1.59	0.48
busy	1.59	1.33
leaves	1.60	0.67
gently	1.62	0.36
divorce	1.63	1.53
taney	1.63	1.34
steady	1.63	0.87
handsome	1.63	0.53
cook	1.64	1.40
loving	1.64	1.16
grass	1.64	0.70
prospect	1.65	1.38
marry	1.66	1.32
fair	1.69	0.48
cooperation	1.70	0.57
shared	1.70	1.26
dream	1.70	1.08
bright	1.70	0.60
hello	1.70	0.41
absence	1.70	1.84
green	1.71	0.63
mutual	1.72	1.47
reasonable	1.73	0.49
invisible	1.74	1.48
blond	1.75	0.48
prominent	1.75	1.76
kindly	1.76	0.46
fun	1.76	0.90
quality	1.76	1.31
permanent	1.78	0.50
goodbye	1.79	0.41
contrast	1.79	1.56
providing	1.79	1.37
lover	1.81	1.02
welcome	1.83	1.22
serves	1.84	1.20
considering	1.87	1.50
tree	1.88	0.68
mild	1.88	1.32
friendship	1.88	1.27
grove	1.88	0.68
fruit	1.89	0.58
trees	1.90	0.68
fresh	1.92	1.38
improved	1.92	1.26
fortune	1.92	1.29
forever	1.93	0.97
decent	1.93	1.15
girls	1.93	0.98
eh	1.93	1.20
imagined	1.94	1.23
papa	1.95	0.68
chosen	1.95	1.50
brilliant	1.96	0.48
stable	1.99	0.64
nice	1.99	1.21
girl	2.00	0.82
neat	2.00	1.10
tender	2.02	0.81
warm	2.03	1.29
precise	2.07	1.29
satisfied	2.08	1.09
relaxed	2.08	1.55
dear	2.10	0.92
cool	2.11	1.27
quiet	2.12	1.28
charm	2.13	1.00
ladies	2.14	1.01
attractive	2.14	0.78
happiness	2.15	0.95
enjoying	2.17	0.95
healthy	2.19	0.93
glad	2.20	0.85
kiss	2.21	1.22
fairly	2.21	1.06
secure	2.22	1.47
valuable	2.23	1.36
essential	2.25	1.03
blonde	2.26	0.74
fit	2.27	1.10
happily	2.28	0.91
gentle	2.28	0.93
complete	2.28	1.28
friendly	2.29	1.05
vacation	2.30	1.51
moore	2.31	1.31
calm	2.34	1.24
substitute	2.34	1.11
setting	2.34	1.21
polite	2.38	1.05
slender	2.41	0.74
sweet	2.42	0.62
harmony	2.43	1.08
perfectly	2.43	0.87
landscape	2.43	1.03
comfortable	2.44	1.26
garden	2.45	0.48
generous	2.51	0.86
confident	2.53	1.19
plenty	2.55	1.12
reasonably	2.56	0.98
useful	2.56	1.25
accurate	2.58	0.78
christmas	2.62	1.03
darling	2.63	0.84
eve	2.65	1.13
ideal	2.66	1.02
sang	2.68	0.82
holiday	2.69	1.14
gay	2.70	0.99
enjoy	2.71	1.25
guide	2.72	1.17
charming	2.72	0.83
delicate	2.72	0.87
beauty	2.73	0.73
peaceful	2.76	1.18
golden	2.77	0.72
honest	2.77	0.87
wonderful	2.79	0.60
flowers	2.81	0.70
magnificent	2.84	0.79
safe	3.02	0.90
flower	3.12	0.81
beautiful	3.12	0.41
satisfactory	3.26	0.71
