tragic	-4.18	1.64
adam	-3.89	1.63
mad	-3.79	0.96
enemies	-3.73	1.84
ugly	-3.64	1.24
sick	-3.53	1.30
helpless	-3.52	1.37
tragedy	-3.46	1.82
strange	-3.43	1.79
plot	-3.41	1.94
dangerous	-3.37	1.68
ridiculous	-3.30	1.63
terrible	-3.28	1.82
disappear	-3.21	2.20
cruel	-3.19	1.28
alien	-3.18	1.74
poverty	-3.16	1.48
lonely	-3.08	1.52
hungry	-3.08	1.35
trapped	-3.06	2.10
corruption	-3.06	2.03
painful	-3.04	1.63
error	-3.03	1.97
newly	-3.02	2.11
afterward	-3.02	2.45
destruction	-3.01	1.84
openly	-2.97	1.92
uncomfortable	-2.96	2.06
recalled	-2.95	2.07
awful	-2.81	2.03
peculiar	-2.79	1.81
ashamed	-2.76	1.99
fool	-2.72	1.41
desperate	-2.69	1.05
burn	-2.69	2.26
created	-2.67	2.05
uneasy	-2.65	2.14
despair	-2.65	1.66
harsh	-2.64	1.96
stupid	-2.64	1.41
housing	-2.63	2.14
burning	-2.62	2.28
odd	-2.61	1.94
care	-2.61	1.81
encounter	-2.60	2.15
weak	-2.60	1.04
damned	-2.59	0.99
uncertain	-2.58	2.04
dumb	-2.57	1.05
grim	-2.56	1.81
worst	-2.55	1.99
referred	-2.54	2.50
depressed	-2.53	2.01
minority	-2.51	2.15
blacks	-2.51	2.23
anxious	-2.49	2.37
magic	-2.48	1.92
whites	-2.48	2.22
puerto	-2.48	2.23
upset	-2.40	2.13
bloody	-2.40	1.00
remark	-2.40	2.28
everywhere	-2.38	2.31
fate	-2.38	1.99
taste	-2.31	2.14
root	-2.30	2.45
americans	-2.28	2.22
worried	-2.28	2.23
suggests	-2.27	2.50
bothered	-2.27	2.14
shame	-2.26	2.06
basically	-2.25	2.05
contempt	-2.25	2.37
elderly	-2.22	1.84
devil	-2.20	1.91
terror	-2.20	0.71
live	-2.13	2.03
ill	-2.13	0.83
feel	-2.12	1.74
tired	-2.11	1.30
mankind	-2.11	2.35
justify	-2.11	2.66
daniel	-2.11	2.66
regardless	-2.11	2.55
incredible	-2.11	2.13
surely	-2.06	1.95
talked	-2.06	2.33
sin	-2.05	2.02
suspected	-2.05	2.24
foolish	-2.04	0.68
bored	-2.03	1.45
contrary	-2.02	2.24
barry	-2.00	2.51
families	-1.99	2.26
drunk	-1.99	0.40
negro	-1.99	2.20
smell	-1.98	2.33
bink	-1.97	2.25
gods	-1.93	2.15
aged	-1.92	2.29
fault	-1.91	1.86
nervous	-1.89	1.55
troubled	-1.88	2.13
disappointed	-1.88	2.36
universal	-1.87	2.38
injured	-1.86	0.52
wealthy	-1.86	2.04
blind	-1.85	0.72
pain	-1.84	0.87
bother	-1.84	2.11
destroy	-1.83	0.44
consequences	-1.83	0.86
horror	-1.82	1.10
badly	-1.81	0.70
inevitable	-1.80	0.60
savage	-1.80	0.53
dying	-1.78	0.54
confused	-1.77	1.78
curiosity	-1.72	2.19
deaths	-1.72	0.56
hurt	-1.72	1.10
enemy	-1.72	0.69
dirty	-1.71	0.52
unusual	-1.69	2.17
suburbs	-1.69	1.73
violence	-1.68	0.64
burned	-1.68	1.16
accident	-1.68	0.64
scared	-1.67	1.39
little	-1.67	1.42
depression	-1.66	0.76
felt	-1.66	0.71
typical	-1.66	2.48
frightened	-1.65	1.43
fires	-1.64	1.06
snake	-1.64	0.62
smoke	-1.64	1.14
guilt	-1.64	1.11
supporters	-1.63	0.79
universe	-1.62	2.38
defeat	-1.62	0.74
mixed	-1.61	0.72
bastard	-1.60	0.47
respected	-1.60	2.15
seriously	-1.60	0.62
crime	-1.60	1.01
suffering	-1.59	0.61
excessive	-1.59	0.93
existence	-1.58	2.36
kidding	-1.58	2.16
widespread	-1.58	0.55
demonstration	-1.58	2.65
mixture	-1.58	1.21
angry	-1.57	1.65
residents	-1.56	1.64
sad	-1.56	2.04
feared	-1.55	1.99
mask	-1.54	0.61
racial	-1.53	1.45
scandal	-1.52	0.66
mistake	-1.51	0.69
wounded	-1.51	0.52
grief	-1.51	1.21
liberals	-1.50	1.32
fire	-1.49	1.29
ella	-1.49	2.72
embarrassed	-1.49	1.75
destroyed	-1.48	0.57
african	-1.47	1.40
rural	-1.47	1.48
allies	-1.46	0.71
dependent	-1.46	0.90
voters	-1.45	1.31
bomb	-1.45	0.92
illegal	-1.45	0.59
eliminate	-1.45	0.58
invisible	-1.45	0.52
afraid	-1.45	0.99
africa	-1.43	1.27
threatened	-1.43	0.70
stuff	-1.42	2.22
anger	-1.41	1.34
vague	-1.41	0.49
fellow	-1.40	1.89
cared	-1.40	2.02
collapse	-1.39	0.59
whom	-1.39	1.93
weather	-1.39	2.66
communities	-1.38	1.47
urban	-1.37	1.36
protest	-1.37	0.70
occurred	-1.37	0.77
confusion	-1.36	1.10
lit	-1.36	1.29
pity	-1.36	2.37
different	-1.36	1.25
living	-1.36	2.24
persons	-1.35	1.27
terribly	-1.35	0.95
silly	-1.34	0.60
roy	-1.34	0.77
overcome	-1.34	0.63
ultimate	-1.34	1.34
patients	-1.33	0.81
peoples	-1.33	1.00
incident	-1.32	0.87
damage	-1.32	0.39
likes	-1.32	2.15
children	-1.32	2.17
anyway	-1.31	2.33
abuse	-1.31	0.68
cities	-1.31	1.36
death	-1.31	0.63
kind	-1.29	1.95
punishment	-1.29	0.65
exhausted	-1.29	1.11
discrimination	-1.29	1.35
integration	-1.29	1.07
lighting	-1.28	1.31
ages	-1.28	1.07
damn	-1.27	0.65
tremendous	-1.27	1.00
nursing	-1.25	1.07
cigarette	-1.25	1.26
clients	-1.25	0.67
hospitals	-1.25	0.96
criticized	-1.25	0.86
treated	-1.25	0.55
creatures	-1.25	1.02
flame	-1.24	1.33
illness	-1.24	0.31
bernadette	-1.23	1.97
treatment	-1.23	0.79
external	-1.23	0.59
threatening	-1.22	0.58
homes	-1.22	1.36
pollution	-1.22	0.57
lamp	-1.21	1.28
concerning	-1.21	0.75
vaguely	-1.21	1.02
hospital	-1.20	0.91
lot	-1.20	2.36
hero	-1.20	0.68
knew	-1.20	2.10
beast	-1.20	0.51
addicts	-1.20	0.76
clever	-1.20	1.36
medical	-1.19	0.99
disaster	-1.19	0.75
mercy	-1.19	1.79
unique	-1.18	0.96
shock	-1.18	0.81
suburban	-1.18	1.29
escaped	-1.18	0.57
explosion	-1.18	0.63
affected	-1.18	0.97
scores	-1.18	0.54
fever	-1.18	0.57
disturbed	-1.18	1.68
burns	-1.18	0.95
physician	-1.17	0.87
feels	-1.17	0.70
distinct	-1.17	0.75
anxiety	-1.17	1.39
regret	-1.17	1.25
majority	-1.17	1.07
depend	-1.17	0.72
crazy	-1.17	0.64
black	-1.16	1.64
bitter	-1.16	0.90
throughout	-1.15	0.49
fuel	-1.15	1.14
mental	-1.14	0.34
hostages	-1.14	0.49
causes	-1.14	0.34
consequence	-1.14	0.76
faced	-1.13	0.50
suspicious	-1.13	1.33
population	-1.13	1.08
searching	-1.12	0.45
tobacco	-1.12	0.64
dozens	-1.12	0.55
doctors	-1.12	0.93
described	-1.12	0.68
plain	-1.11	0.55
wars	-1.11	0.53
groups	-1.11	1.13
smoking	-1.11	0.75
story	-1.10	0.96
health	-1.10	1.06
involvement	-1.10	0.64
busing	-1.10	0.91
physicians	-1.10	0.86
areas	-1.10	1.09
tense	-1.10	1.61
complain	-1.09	0.72
sort	-1.09	0.87
creating	-1.09	0.70
attack	-1.09	0.53
gas	-1.09	1.10
houses	-1.09	1.19
patient	-1.09	0.79
evidently	-1.08	0.72
rome	-1.08	0.76
build	-1.08	0.81
citizens	-1.08	1.29
medicine	-1.07	0.86
group	-1.07	1.06
gather	-1.06	0.59
alcohol	-1.06	0.64
city	-1.06	1.16
combination	-1.05	0.89
boy	-1.04	1.91
clinic	-1.04	0.88
creature	-1.04	1.59
pit	-1.04	0.58
questioned	-1.03	1.38
pig	-1.03	0.54
hitler	-1.02	0.67
jews	-1.02	1.40
members	-1.02	0.97
stranger	-1.02	0.55
farmers	-1.02	0.90
arrest	-1.02	0.63
bitch	-1.01	0.56
admired	-1.01	2.12
formed	-1.01	0.50
rent	-1.01	1.16
inevitably	-1.01	0.46
generations	-1.01	1.20
neighborhood	-1.01	1.28
desperately	-1.01	0.50
noted	-1.01	0.89
virtue	-1.00	2.35
shah	-1.00	0.60
farms	-1.00	0.99
sudden	-1.00	0.64
unemployment	-1.00	0.75
threats	-1.00	0.53
districts	-1.00	0.98
transportation	-1.00	1.00
physically	-0.99	0.79
services	-0.99	0.93
alleged	-0.99	0.77
complained	-0.99	0.91
ford	-0.99	0.89
organized	-0.98	0.61
scattered	-0.98	0.52
extreme	-0.98	0.73
troubles	-0.98	0.38
public	-0.98	0.83
freely	-0.98	0.57
stiff	-0.98	1.17
germans	-0.97	0.78
treat	-0.97	0.55
towns	-0.97	1.03
resident	-0.97	0.97
recession	-0.96	0.63
projects	-0.96	0.96
admit	-0.96	0.73
distribution	-0.96	0.74
survive	-0.95	0.42
suspicion	-0.95	1.20
drug	-0.95	0.45
revolution	-0.95	0.67
suffered	-0.95	0.28
beaten	-0.95	0.78
feed	-0.95	0.72
suffer	-0.94	0.57
membership	-0.94	0.90
feeling	-0.93	0.68
farm	-0.93	0.90
crimes	-0.93	1.17
surrounded	-0.93	0.87
among	-0.93	0.65
familiar	-0.93	1.13
russians	-0.92	0.87
visited	-0.92	0.70
couple	-0.92	1.29
satisfied	-0.92	1.26
rage	-0.92	1.31
victims	-0.91	0.82
finance	-0.91	0.82
severe	-0.91	0.66
cigarettes	-0.91	0.95
races	-0.91	0.72
charged	-0.91	0.83
leader	-0.90	0.80
rescue	-0.90	0.38
create	-0.90	0.47
remaining	-0.90	0.66
students	-0.90	1.28
die	-0.90	0.56
thousands	-0.89	0.77
gross	-0.89	0.81
revolutionary	-0.89	0.80
independent	-0.89	0.62
outcome	-0.89	0.69
weakness	-0.88	0.54
fear	-0.88	1.30
beings	-0.88	1.11
commissioner	-0.88	0.84
stated	-0.88	0.77
surgery	-0.88	0.83
too	-0.88	0.77
crops	-0.87	0.84
naturally	-0.87	0.56
rolls	-0.87	0.61
chase	-0.87	0.59
captured	-0.87	0.72
operating	-0.86	0.66
divine	-0.86	2.39
crash	-0.86	0.20
unlike	-0.86	0.72
defendants	-0.86	0.77
suspect	-0.86	0.62
nurses	-0.86	0.88
supporting	-0.86	0.57
roads	-0.85	0.81
costly	-0.85	0.91
special	-0.85	0.93
businessmen	-0.85	0.84
caused	-0.85	0.33
investigation	-0.85	0.69
america	-0.85	0.77
stomach	-0.85	0.47
breathe	-0.85	0.84
happening	-0.85	0.89
make	-0.84	0.68
region	-0.84	0.56
jail	-0.84	0.72
missed	-0.84	0.97
cigar	-0.83	0.97
crisis	-0.83	0.60
heroin	-0.83	0.33
cage	-0.83	0.52
clark	-0.83	0.84
puzzled	-0.83	1.59
pipe	-0.83	0.99
project	-0.82	0.75
fed	-0.82	0.71
financing	-0.82	0.77
considering	-0.82	0.79
survival	-0.82	1.05
loss	-0.82	0.40
nation	-0.82	0.59
buildings	-0.82	0.96
scott	-0.81	0.50
transit	-0.81	0.77
transfer	-0.81	0.61
imposed	-0.81	0.59
justified	-0.81	0.77
recently	-0.81	0.54
diseases	-0.81	0.28
quit	-0.80	0.68
feelings	-0.80	1.17
mess	-0.80	0.65
individuals	-0.80	0.80
catholics	-0.80	1.08
islands	-0.80	0.94
arthur	-0.79	0.55
jobs	-0.79	1.33
stunned	-0.79	0.98
handful	-0.78	0.55
blew	-0.78	0.76
schools	-0.78	0.95
opponents	-0.78	0.73
corn	-0.78	0.70
lots	-0.78	0.66
avoid	-0.78	0.67
divided	-0.77	0.41
advance	-0.77	0.61
fighting	-0.77	0.14
makes	-0.77	0.77
departure	-0.77	0.74
killed	-0.77	0.37
confirmed	-0.77	0.74
feeding	-0.77	0.67
cited	-0.76	0.86
wondering	-0.76	0.80
country	-0.76	0.56
expense	-0.76	0.77
fierce	-0.76	0.71
stove	-0.76	1.11
planet	-0.76	0.71
development	-0.76	0.70
panic	-0.75	0.68
connected	-0.75	0.52
drugs	-0.75	0.37
cancer	-0.75	0.36
losses	-0.75	0.19
existed	-0.75	0.79
circle	-0.75	0.56
eat	-0.75	0.91
steal	-0.75	0.38
manage	-0.75	0.58
battle	-0.75	0.18
represent	-0.74	0.52
recognized	-0.74	1.32
sentence	-0.74	0.70
delay	-0.74	0.50
centers	-0.74	0.87
relief	-0.74	1.37
liquor	-0.74	0.65
attacked	-0.74	0.31
powerful	-0.74	0.61
abroad	-0.73	0.80
civilization	-0.73	0.87
construction	-0.73	0.84
mysterious	-0.73	0.97
vanished	-0.73	0.50
regularly	-0.72	0.39
sensed	-0.72	1.02
acts	-0.72	0.66
mao	-0.72	0.62
bombing	-0.72	0.18
warned	-0.72	0.50
nelson	-0.72	0.84
indians	-0.72	1.10
ease	-0.71	0.76
cause	-0.71	0.26
jackson	-0.71	0.83
profound	-0.71	0.87
animal	-0.71	0.58
world	-0.71	0.57
violent	-0.70	0.35
area	-0.70	0.77
shoe	-0.70	0.49
dominated	-0.70	0.64
listed	-0.70	0.64
acknowledged	-0.70	0.85
exists	-0.70	0.79
adults	-0.70	1.42
approve	-0.70	0.65
possibly	-0.70	0.71
prominent	-0.69	0.70
defined	-0.69	0.68
giant	-0.69	0.52
sweeping	-0.69	0.50
bird	-0.69	0.51
communists	-0.69	0.29
defend	-0.69	0.64
comment	-0.69	0.86
democrats	-0.69	0.60
mentioned	-0.68	0.97
republicans	-0.68	0.56
hut	-0.68	0.57
declared	-0.68	0.80
making	-0.68	0.66
survived	-0.68	0.51
unknown	-0.67	0.48
lately	-0.67	0.84
resulted	-0.67	0.37
existing	-0.67	0.56
alone	-0.67	0.68
scheme	-0.67	0.60
solve	-0.67	0.66
increasingly	-0.67	0.67
facilities	-0.67	0.80
sentences	-0.67	0.64
shocked	-0.67	1.57
danger	-0.66	0.50
politicians	-0.66	0.68
ultimately	-0.66	0.48
notice	-0.66	0.86
threat	-0.66	0.64
gang	-0.66	0.78
customers	-0.66	0.82
school	-0.66	1.03
bunch	-0.66	0.70
particular	-0.66	0.84
ideal	-0.66	2.56
cases	-0.66	0.22
hostile	-0.65	1.16
type	-0.65	0.67
utility	-0.65	0.55
opportunities	-0.65	0.76
similarly	-0.65	0.39
attacks	-0.64	0.14
voting	-0.64	0.56
struck	-0.64	0.65
minor	-0.64	0.51
whole	-0.64	0.74
predicted	-0.64	0.51
appointment	-0.64	0.63
recalls	-0.63	0.77
technology	-0.63	0.75
campus	-0.63	0.69
ward	-0.63	0.95
addition	-0.63	0.69
joined	-0.63	0.53
established	-0.63	0.57
parking	-0.63	0.70
affect	-0.63	0.67
detail	-0.63	0.79
revealed	-0.62	0.71
electric	-0.62	0.86
commit	-0.62	0.73
gathering	-0.62	0.55
flood	-0.62	0.37
coalition	-0.62	0.59
slip	-0.62	0.65
drivers	-0.62	0.16
ending	-0.62	0.78
learn	-0.62	0.59
young	-0.62	1.72
dealing	-0.61	0.43
lose	-0.61	0.36
basic	-0.61	0.70
operate	-0.61	0.52
concerned	-0.61	1.21
quoted	-0.61	0.82
slept	-0.61	0.76
favored	-0.61	0.68
garbage	-0.61	0.82
publicly	-0.61	0.75
nations	-0.60	0.53
disease	-0.60	0.42
isolated	-0.60	0.43
statement	-0.60	0.82
tion	-0.60	0.65
numbers	-0.60	0.62
thing	-0.60	1.09
trick	-0.60	0.60
discussions	-0.60	0.59
rice	-0.60	0.72
mystery	-0.60	0.73
observers	-0.60	0.55
identified	-0.60	0.43
employment	-0.59	1.07
teachers	-0.59	1.05
south	-0.59	0.43
discussed	-0.59	0.76
claimed	-0.59	0.79
resistance	-0.59	0.15
recreation	-0.59	0.61
drop	-0.59	0.65
dozen	-0.59	0.27
prevent	-0.59	0.69
depends	-0.59	0.65
afford	-0.59	0.74
determine	-0.59	0.70
discovered	-0.58	0.78
suggested	-0.58	0.93
necessarily	-0.58	1.08
candidates	-0.58	0.48
crop	-0.58	0.50
emotion	-0.58	1.35
departments	-0.58	0.51
factories	-0.57	0.65
cambodia	-0.57	0.22
party	-0.57	0.49
gary	-0.57	0.85
states	-0.57	0.41
emergency	-0.57	0.36
others	-0.57	0.60
torn	-0.57	0.21
great	-0.57	1.02
educational	-0.57	0.72
soap	-0.57	0.82
bits	-0.56	0.49
vietnamese	-0.56	0.22
eaten	-0.56	0.70
returning	-0.56	0.55
several	-0.56	0.41
dream	-0.56	0.46
primitive	-0.56	0.48
democratic	-0.56	0.50
sense	-0.55	0.76
suggest	-0.55	0.61
fought	-0.55	0.17
parties	-0.55	0.51
delegates	-0.55	0.48
strikes	-0.55	0.21
mostly	-0.55	0.50
animals	-0.55	0.46
criminal	-0.55	0.51
reference	-0.55	0.67
withdraw	-0.55	0.68
committed	-0.55	0.98
asia	-0.55	0.43
arrival	-0.54	0.56
senators	-0.54	0.50
universities	-0.54	0.63
parks	-0.54	0.76
continent	-0.54	0.44
cat	-0.54	0.71
human	-0.54	0.92
regime	-0.54	0.27
comments	-0.54	0.71
cattle	-0.54	0.54
governments	-0.54	0.39
dogs	-0.53	0.49
student	-0.53	0.67
eager	-0.53	0.72
spite	-0.53	0.81
persuaded	-0.53	0.52
countries	-0.53	0.37
privately	-0.53	0.69
institutions	-0.53	0.64
aware	-0.53	0.82
camps	-0.53	0.55
ones	-0.53	0.58
primarily	-0.53	0.49
thoroughly	-0.53	0.83
reluctant	-0.53	0.74
republican	-0.53	0.47
southeast	-0.53	0.40
vietnam	-0.53	0.20
gathered	-0.53	0.52
faculty	-0.53	0.74
connection	-0.53	0.56
troops	-0.53	0.20
reported	-0.52	0.45
fucking	-0.52	0.57
blame	-0.52	0.62
whose	-0.52	0.78
municipal	-0.52	0.51
radical	-0.52	0.34
symptoms	-0.52	0.48
organizations	-0.52	0.59
conservative	-0.52	0.51
acted	-0.52	0.72
trap	-0.52	0.56
remarks	-0.52	0.84
surrounding	-0.52	0.43
investigators	-0.52	0.23
mcgovern	-0.52	0.38
conversation	-0.52	0.64
local	-0.52	0.47
candidate	-0.52	0.42
widely	-0.51	0.62
russia	-0.51	0.47
kid	-0.51	0.82
serious	-0.51	0.79
fight	-0.51	0.16
dust	-0.51	0.73
dead	-0.51	0.61
glow	-0.51	0.87
succeeded	-0.51	0.50
grain	-0.51	0.41
pakistan	-0.51	0.36
adds	-0.51	0.67
boston	-0.51	0.80
bit	-0.51	0.76
metropolitan	-0.51	1.21
invasion	-0.51	0.21
made	-0.50	0.62
due	-0.50	0.25
hundreds	-0.50	0.34
war	-0.50	0.11
totally	-0.50	0.41
thereby	-0.50	0.47
profession	-0.50	0.47
joke	-0.50	0.68
university	-0.50	0.61
lecture	-0.50	0.63
grown	-0.50	0.40
sheep	-0.50	0.44
plant	-0.49	0.85
vote	-0.49	0.43
struggling	-0.49	0.25
represented	-0.49	0.32
wild	-0.49	0.55
dealt	-0.49	0.64
agricultural	-0.49	0.53
alike	-0.49	0.57
essentially	-0.49	0.60
votes	-0.49	0.46
communist	-0.49	0.25
roosevelt	-0.49	0.72
hunt	-0.49	0.24
brain	-0.49	0.23
doctor	-0.49	0.83
sounded	-0.49	0.76
providing	-0.49	0.59
agencies	-0.49	0.39
enter	-0.49	0.60
associated	-0.49	0.25
sensitive	-0.49	0.85
policemen	-0.49	0.44
deliberately	-0.49	0.28
concept	-0.48	0.81
run	-0.48	0.51
chicago	-0.48	0.71
southern	-0.48	0.41
kids	-0.48	0.87
vegas	-0.48	0.60
korea	-0.48	0.26
presently	-0.48	0.58
detroit	-0.48	0.75
auto	-0.48	0.22
europe	-0.48	0.45
reagan	-0.48	0.37
grow	-0.48	0.64
prefer	-0.47	0.65
recall	-0.47	0.47
am	-0.47	0.83
symbol	-0.47	0.89
involving	-0.47	0.39
leaders	-0.47	0.48
discover	-0.47	0.50
share	-0.47	0.36
northern	-0.47	0.45
hide	-0.47	0.52
primary	-0.47	0.36
hay	-0.47	0.48
forces	-0.47	0.20
traveled	-0.47	0.76
creation	-0.47	1.46
many	-0.47	0.32
room	-0.47	0.84
organization	-0.47	0.54
proud	-0.47	1.92
dreamed	-0.47	0.70
birds	-0.47	0.39
occur	-0.47	0.27
agents	-0.47	0.19
units	-0.47	0.41
muskie	-0.47	0.37
liberal	-0.47	0.41
retired	-0.47	0.85
separate	-0.46	0.29
switch	-0.46	0.84
checking	-0.46	0.54
apartment	-0.46	0.83
tend	-0.46	0.67
cows	-0.46	0.44
those	-0.46	0.36
presidential	-0.46	0.35
humphrey	-0.46	0.35
intense	-0.46	0.84
bedroom	-0.46	0.79
millions	-0.46	0.88
patrick	-0.46	0.88
storm	-0.46	0.67
thinking	-0.46	0.83
spotted	-0.46	0.49
concentration	-0.46	0.74
arrange	-0.46	0.69
hollow	-0.46	0.78
spots	-0.46	0.41
western	-0.46	0.40
desired	-0.45	0.70
farmer	-0.45	0.48
prison	-0.45	0.34
kitchen	-0.45	0.68
expressed	-0.45	0.97
opposition	-0.45	0.25
colleges	-0.45	0.67
realized	-0.45	1.03
soil	-0.45	0.92
repeatedly	-0.45	0.30
preparation	-0.45	0.44
worse	-0.45	2.18
cry	-0.45	0.63
sometimes	-0.45	0.66
developed	-0.45	0.48
classes	-0.45	0.66
goldman	-0.45	2.55
qualified	-0.44	0.50
agriculture	-0.44	0.40
secondary	-0.44	0.26
various	-0.44	0.48
legitimate	-0.44	0.55
conspiracy	-0.44	0.55
produced	-0.44	0.44
rarely	-0.44	0.69
winds	-0.44	0.82
kinds	-0.44	0.33
rank	-0.44	0.50
related	-0.44	0.35
working	-0.44	0.62
indicated	-0.44	0.47
reach	-0.44	0.31
escape	-0.44	0.21
startled	-0.44	1.36
programs	-0.44	0.50
consists	-0.44	0.56
numerous	-0.44	0.25
broken	-0.44	0.26
while	-0.44	0.65
tanks	-0.44	0.23
taking	-0.44	0.45
sole	-0.44	1.00
soldiers	-0.43	0.37
ate	-0.43	0.75
adding	-0.43	0.58
colleagues	-0.43	0.61
talking	-0.43	0.67
planning	-0.43	0.29
tale	-0.43	0.77
harvard	-0.43	0.50
columbia	-0.43	0.53
conan	-0.43	0.91
mothers	-0.43	1.41
responsibility	-0.43	0.48
ban	-0.43	0.18
number	-0.43	0.25
explain	-0.43	0.65
election	-0.43	0.43
atomic	-0.43	0.22
rush	-0.43	0.41
saigon	-0.43	0.23
artificial	-0.43	0.31
neighbors	-0.43	0.63
these	-0.43	0.48
charges	-0.43	0.53
fired	-0.43	0.29
map	-0.43	0.77
iran	-0.43	0.22
blast	-0.42	0.38
regional	-0.42	0.47
spiritual	-0.42	1.07
labor	-0.42	0.44
discipline	-0.42	0.58
tourists	-0.42	1.35
graduate	-0.42	0.63
life	-0.42	0.72
unlikely	-0.42	2.96
kill	-0.42	0.51
socialist	-0.42	0.41
happiness	-0.42	2.30
nomination	-0.42	0.38
automobile	-0.42	0.14
disclosed	-0.42	0.32
otto	-0.42	0.64
societies	-0.42	0.72
cuba	-0.42	0.38
protect	-0.42	0.57
goddamn	-0.42	0.48
ireland	-0.42	0.37
determined	-0.42	0.78
thought	-0.42	0.90
risks	-0.42	0.26
college	-0.42	0.70
because	-0.42	0.78
degree	-0.42	0.62
philadelphia	-0.42	0.68
india	-0.42	0.47
condition	-0.41	0.32
lawyers	-0.41	0.31
application	-0.41	0.55
association	-0.41	0.41
turn	-0.41	0.43
alan	-0.41	0.68
brief	-0.41	0.55
uses	-0.41	0.59
causing	-0.41	0.48
authorities	-0.41	0.36
grows	-0.41	0.47
marks	-0.41	0.50
fit	-0.41	0.60
policeman	-0.41	0.58
wheat	-0.41	0.45
experts	-0.41	0.20
needs	-0.41	0.35
muttered	-0.41	0.34
ignore	-0.41	0.56
elections	-0.41	0.42
habit	-0.41	0.43
defeated	-0.41	0.26
china	-0.41	0.42
effects	-0.41	0.19
fewer	-0.41	0.27
few	-0.41	0.34
frequently	-0.41	0.59
met	-0.41	1.06
growing	-0.41	0.19
retirement	-0.41	0.42
land	-0.41	0.55
examination	-0.41	0.38
against	-0.41	0.23
extend	-0.41	0.62
utterly	-0.41	0.55
move	-0.41	0.49
missing	-0.41	0.15
murdered	-0.41	0.54
chinese	-0.40	0.42
service	-0.40	0.39
consciousness	-0.40	1.05
charge	-0.40	0.50
stand	-0.40	0.54
decade	-0.40	0.27
instantly	-0.40	0.49
abandoned	-0.40	0.22
border	-0.40	0.23
hood	-0.40	0.51
crying	-0.40	0.44
campaign	-0.40	0.30
stations	-0.40	0.30
connally	-0.40	0.33
money	-0.40	0.71
ignored	-0.40	0.52
muscle	-0.40	0.50
impact	-0.40	0.28
similar	-0.40	0.87
burton	-0.40	0.52
during	-0.40	0.28
turner	-0.40	0.59
watergate	-0.40	0.23
core	-0.39	0.59
bobby	-0.39	0.65
shapes	-0.39	0.78
comic	-0.39	0.79
owners	-0.39	0.49
surprised	-0.39	1.50
furthermore	-0.39	0.41
cia	-0.39	0.14
electricity	-0.39	0.38
express	-0.39	0.57
harm	-0.39	0.66
bases	-0.39	0.20
government	-0.39	0.32
climbing	-0.39	0.58
agnew	-0.39	0.29
wound	-0.39	0.29
education	-0.39	1.11
voted	-0.39	0.27
informed	-0.39	0.62
wallace	-0.39	0.38
driven	-0.39	0.12
welfare	-0.39	0.42
offense	-0.39	0.48
eastern	-0.39	0.32
rid	-0.39	0.34
program	-0.39	0.40
names	-0.39	0.51
controversy	-0.38	0.36
presidency	-0.38	0.32
acres	-0.38	0.42
churches	-0.38	0.72
viet	-0.38	0.19
cure	-0.38	0.50
bear	-0.38	0.21
identify	-0.38	0.29
select	-0.38	0.12
belong	-0.38	0.58
combat	-0.38	0.16
japan	-0.38	0.37
guys	-0.38	0.97
zone	-0.38	0.25
nuclear	-0.38	0.25
politically	-0.38	0.73
dog	-0.38	0.56
nam	-0.37	0.19
strangers	-0.37	0.45
victim	-0.37	0.79
demonstrate	-0.37	0.75
strike	-0.37	0.19
located	-0.37	0.30
economists	-0.37	0.17
american	-0.37	0.33
burden	-0.37	0.23
inspired	-0.37	0.65
nixon	-0.37	0.29
elected	-0.37	0.33
worker	-0.37	0.68
province	-0.37	0.35
republic	-0.37	0.46
including	-0.37	0.31
board	-0.37	0.49
negative	-0.36	0.38
older	-0.36	1.31
advisers	-0.36	0.21
stress	-0.36	0.32
types	-0.36	0.21
teacher	-0.36	1.02
referring	-0.36	0.60
concluded	-0.36	0.39
fees	-0.36	0.35
stirred	-0.36	0.43
partly	-0.36	0.47
institute	-0.36	0.38
committees	-0.36	0.33
insurance	-0.36	0.21
european	-0.36	0.35
admitted	-0.36	0.64
financial	-0.36	0.20
activities	-0.36	0.34
favor	-0.36	0.20
released	-0.36	0.24
member	-0.36	0.61
gasoline	-0.36	0.31
became	-0.36	0.52
kennedy	-0.35	0.37
prisoners	-0.35	0.24
preferred	-0.35	0.57
senator	-0.35	0.37
assumed	-0.35	0.91
whiskey	-0.35	0.25
shortage	-0.35	0.26
responsible	-0.35	0.28
spoken	-0.35	1.04
driving	-0.35	0.16
recommended	-0.35	0.22
vehicle	-0.35	0.14
lawyer	-0.35	0.87
detective	-0.35	0.60
match	-0.35	0.61
countryside	-0.34	0.43
pigs	-0.34	0.44
castle	-0.34	0.99
absence	-0.34	0.41
mechanical	-0.34	0.59
carter	-0.34	0.29
pressures	-0.34	0.33
rest	-0.34	0.40
greece	-0.34	0.38
avoided	-0.34	0.60
north	-0.34	0.25
department	-0.34	0.30
yale	-0.34	0.49
industrial	-0.34	0.36
decisions	-0.34	0.18
teaching	-0.34	0.59
mention	-0.34	0.64
deal	-0.34	0.88
evident	-0.34	0.63
junior	-0.34	0.66
grew	-0.34	0.46
judges	-0.34	0.22
blank	-0.34	0.18
saw	-0.34	1.04
satisfy	-0.34	0.57
represents	-0.34	0.41
split	-0.33	0.30
inner	-0.33	0.17
senate	-0.33	0.28
jimmy	-0.33	0.28
noticed	-0.33	1.07
reserve	-0.33	0.24
drinking	-0.33	0.21
struggle	-0.33	0.24
physical	-0.33	0.36
offices	-0.33	0.47
resignation	-0.33	0.18
example	-0.33	0.64
bus	-0.33	0.24
suicide	-0.33	0.44
central	-0.33	0.32
produces	-0.33	0.22
temporary	-0.33	0.65
movement	-0.33	0.42
centuries	-0.33	0.44
queens	-0.33	0.36
engineers	-0.33	0.34
anymore	-0.33	0.83
vehicles	-0.33	0.16
swept	-0.33	0.16
taught	-0.33	0.49
specific	-0.33	0.48
committee	-0.33	0.31
conflict	-0.33	0.30
national	-0.33	0.34
periods	-0.33	0.51
buses	-0.33	0.28
district	-0.33	0.37
four	-0.33	0.33
missile	-0.33	0.15
baltimore	-0.32	0.65
trains	-0.32	0.26
trial	-0.32	0.37
lloyd	-0.32	0.30
ancient	-0.32	0.90
instance	-0.32	0.56
prisoner	-0.32	0.53
unions	-0.32	0.37
commerce	-0.32	0.34
courses	-0.32	0.64
prove	-0.32	0.66
wages	-0.32	0.50
fathers	-0.32	1.32
community	-0.32	0.79
representatives	-0.32	0.41
contest	-0.32	0.29
serves	-0.32	0.48
soviet	-0.32	0.31
three	-0.32	0.33
energy	-0.32	0.28
lesser	-0.32	0.50
courts	-0.32	0.23
shake	-0.32	0.61
drag	-0.32	0.29
seats	-0.32	0.39
maintenance	-0.32	0.73
relation	-0.32	0.63
previously	-0.32	0.58
elsewhere	-0.32	0.18
principles	-0.32	0.72
same	-0.32	2.14
prosecutor	-0.32	0.22
officials	-0.31	0.23
examine	-0.31	0.36
difficult	-0.31	0.77
police	-0.31	0.25
angeles	-0.31	0.59
relatives	-0.31	1.31
council	-0.31	0.37
cotton	-0.31	0.52
aid	-0.31	0.26
williams	-0.31	0.52
labour	-0.31	0.40
state	-0.31	0.40
individual	-0.31	0.29
each	-0.31	0.97
imagine	-0.31	0.68
stores	-0.31	0.52
hanoi	-0.31	0.23
identity	-0.31	0.52
storage	-0.31	0.27
murder	-0.31	0.69
such	-0.30	0.54
wondered	-0.30	1.33
backing	-0.30	0.21
form	-0.30	0.54
workers	-0.30	0.42
observed	-0.30	0.64
lindsay	-0.30	0.31
jersey	-0.30	0.44
representative	-0.30	0.38
certain	-0.30	0.83
grave	-0.30	0.16
becoming	-0.30	0.52
jury	-0.30	0.31
congressional	-0.30	0.26
alexander	-0.30	0.83
premier	-0.30	0.28
panama	-0.30	0.26
prosecution	-0.30	0.32
harlie	-0.30	0.66
catholic	-0.30	0.66
called	-0.30	0.84
seem	-0.30	0.72
stronger	-0.30	0.76
midst	-0.30	0.53
convention	-0.30	0.29
snow	-0.30	0.83
union	-0.29	0.38
halt	-0.29	0.18
belongs	-0.29	0.60
class	-0.29	0.75
rejected	-0.29	0.26
delegation	-0.29	0.34
biological	-0.29	0.30
foreign	-0.29	0.29
rather	-0.29	0.69
beer	-0.29	0.24
getting	-0.29	1.18
conservation	-0.29	0.34
degrees	-0.29	0.27
senior	-0.29	0.35
experiences	-0.29	0.49
spokesman	-0.29	0.19
agent	-0.29	0.23
besides	-0.29	0.91
concentrated	-0.29	0.38
collective	-0.29	0.73
commission	-0.29	0.23
highly	-0.29	0.46
academic	-0.29	0.41
polls	-0.29	0.27
acceptance	-0.29	0.56
explained	-0.29	0.96
germany	-0.29	0.35
list	-0.28	0.33
research	-0.28	0.33
reaction	-0.28	0.66
civilian	-0.28	0.33
decision	-0.28	0.14
president	-0.28	0.26
lungs	-0.28	0.27
passenger	-0.28	0.25
italy	-0.28	0.38
lives	-0.28	1.10
supreme	-0.28	0.17
indiana	-0.28	0.38
nearby	-0.28	0.39
realize	-0.28	0.49
busy	-0.28	0.78
risk	-0.28	0.31
age	-0.28	1.42
yesterday	-0.28	0.22
recent	-0.28	0.32
veteran	-0.28	0.22
united	-0.28	0.37
fare	-0.28	0.27
arranged	-0.28	0.62
remarked	-0.28	0.44
never	-0.28	0.95
practices	-0.28	0.54
studying	-0.28	0.23
administration	-0.28	0.16
court	-0.28	0.19
chosen	-0.28	0.57
reveal	-0.28	0.25
dealers	-0.27	0.23
show	-0.27	0.35
aides	-0.27	0.25
peking	-0.27	0.30
registered	-0.27	0.18
massachusetts	-0.27	0.38
complaints	-0.27	0.12
wing	-0.27	0.16
exist	-0.27	0.51
witnesses	-0.27	0.23
nerve	-0.27	0.18
promptly	-0.27	0.31
emotions	-0.27	0.91
private	-0.27	0.31
extremely	-0.27	0.76
trucks	-0.27	0.16
eating	-0.27	0.85
streets	-0.27	0.48
motor	-0.27	0.17
myth	-0.27	1.19
separated	-0.27	0.95
subsequent	-0.27	0.33
latin	-0.27	0.48
downtown	-0.27	0.44
embassy	-0.27	0.23
judge	-0.27	0.25
teach	-0.27	0.43
habits	-0.27	0.41
democrat	-0.27	0.35
engines	-0.27	0.25
governor	-0.27	0.37
fish	-0.27	0.41
involved	-0.27	0.41
funds	-0.27	0.26
vice	-0.26	0.35
military	-0.26	0.23
federal	-0.26	0.23
railway	-0.26	0.30
california	-0.26	0.39
ministers	-0.26	0.36
sixteen	-0.26	0.42
ended	-0.26	0.26
legislative	-0.26	0.19
stay	-0.26	0.45
pass	-0.26	0.22
counsel	-0.26	0.28
wage	-0.26	0.31
environmental	-0.26	0.29
rockefeller	-0.26	0.36
generation	-0.26	0.89
emotional	-0.26	0.41
taylor	-0.26	0.75
dining	-0.26	0.79
missiles	-0.26	0.17
chairman	-0.26	0.38
species	-0.26	0.47
common	-0.26	0.57
involve	-0.26	0.30
bronx	-0.26	0.48
expenses	-0.26	0.28
carolina	-0.26	0.35
monetary	-0.26	0.15
era	-0.26	0.13
keeps	-0.26	0.74
hearings	-0.26	0.14
recognize	-0.26	0.40
conventional	-0.26	0.24
political	-0.26	0.21
unexpected	-0.26	0.87
hence	-0.26	0.52
assembly	-0.26	0.29
adams	-0.26	0.55
told	-0.26	1.18
west	-0.25	0.34
petroleum	-0.25	0.27
island	-0.25	0.46
therefore	-0.25	0.53
lead	-0.25	0.27
justice	-0.25	0.21
johnson	-0.25	0.33
york	-0.25	0.50
florida	-0.25	0.36
result	-0.25	0.34
japanese	-0.25	0.36
economics	-0.25	0.36
cloud	-0.25	0.45
contracts	-0.25	0.34
oil	-0.25	0.27
conscious	-0.25	0.63
fourteen	-0.25	0.27
dared	-0.25	0.75
pride	-0.25	1.18
appeal	-0.25	0.27
interests	-0.25	0.22
ruling	-0.25	0.13
supported	-0.25	0.48
excitement	-0.25	1.10
atlantic	-0.25	0.31
railroad	-0.25	0.27
none	-0.25	0.74
virginia	-0.25	0.38
questioning	-0.25	0.76
wisconsin	-0.25	0.37
demonstrated	-0.25	0.78
cars	-0.25	0.15
eighteen	-0.25	0.42
illinois	-0.25	0.36
educated	-0.25	1.00
guns	-0.25	0.18
judicial	-0.24	0.16
congress	-0.24	0.15
judgment	-0.24	0.49
younger	-0.24	1.39
corporations	-0.24	0.29
official	-0.24	0.15
armed	-0.24	0.29
enforcement	-0.24	0.24
prior	-0.24	0.32
georgia	-0.24	0.35
definition	-0.24	0.71
train	-0.24	0.19
fiscal	-0.24	0.19
alabama	-0.24	0.36
subcommittee	-0.24	0.20
eisenhower	-0.24	0.22
atlanta	-0.24	0.62
spring	-0.24	0.95
gotten	-0.24	0.65
bureau	-0.24	0.19
passengers	-0.24	0.16
blocks	-0.24	0.34
rail	-0.24	0.27
adviser	-0.24	0.29
inflation	-0.24	0.23
gulf	-0.24	0.23
fbi	-0.24	0.17
hoped	-0.24	0.83
mayor	-0.24	0.42
ministry	-0.24	0.25
operations	-0.24	0.16
learned	-0.24	0.92
handle	-0.23	0.59
jet	-0.23	0.14
interested	-0.23	1.15
debate	-0.23	0.10
air	-0.23	0.89
action	-0.23	0.12
legislature	-0.23	0.19
six	-0.23	0.27
argued	-0.23	0.55
five	-0.23	0.27
scientists	-0.23	0.25
offensive	-0.23	0.15
industries	-0.23	0.37
israeli	-0.23	0.29
ohio	-0.23	0.37
reportedly	-0.23	0.17
include	-0.23	0.32
addressed	-0.23	0.69
traffic	-0.23	0.20
drive	-0.23	0.19
decades	-0.23	0.27
difficulties	-0.23	0.38
seeing	-0.23	0.57
arrested	-0.23	0.59
establish	-0.23	0.21
fundamental	-0.23	0.64
passage	-0.23	0.13
managers	-0.23	0.29
convicted	-0.23	0.75
deficit	-0.23	0.19
route	-0.22	0.18
developing	-0.22	0.24
become	-0.22	0.44
literally	-0.22	0.11
officially	-0.22	0.17
occupation	-0.22	0.25
industry	-0.22	0.25
issued	-0.22	0.21
paying	-0.22	0.30
ruled	-0.22	0.21
cultural	-0.22	0.44
employes	-0.22	0.32
succeed	-0.22	0.25
crosses	-0.22	0.90
case	-0.22	0.23
aide	-0.22	0.29
pennsylvania	-0.22	0.35
proposal	-0.22	0.12
men	-0.22	0.91
rally	-0.22	0.76
killing	-0.22	0.48
personnel	-0.22	0.34
internal	-0.22	0.17
agency	-0.22	0.24
barn	-0.22	0.45
france	-0.22	0.34
adopted	-0.22	0.19
announced	-0.22	0.33
produce	-0.22	0.22
airline	-0.22	0.15
michigan	-0.22	0.36
cow	-0.22	0.62
nowhere	-0.22	0.55
plane	-0.22	0.13
mitchell	-0.22	0.28
voluntary	-0.22	0.34
yield	-0.21	0.21
arguments	-0.21	0.22
benefits	-0.21	0.29
exports	-0.21	0.21
drank	-0.21	0.22
doubts	-0.21	0.61
connecticut	-0.21	0.36
operation	-0.21	0.30
juan	-0.21	0.62
reflect	-0.21	0.14
cop	-0.21	0.52
mass	-0.21	0.40
assume	-0.21	0.33
fly	-0.21	0.13
hesitated	-0.21	0.98
arrived	-0.21	0.44
according	-0.21	0.27
approved	-0.21	0.19
reality	-0.21	1.00
backed	-0.21	0.22
costs	-0.21	0.28
remind	-0.21	0.66
distinguished	-0.21	0.54
house	-0.21	0.38
nature	-0.21	1.22
harry	-0.21	0.47
minnesota	-0.21	0.35
occurs	-0.21	0.23
earlier	-0.21	0.32
pack	-0.21	0.23
actual	-0.21	0.71
accused	-0.21	0.69
taxes	-0.21	0.26
guessed	-0.21	1.11
breath	-0.21	0.62
transport	-0.21	0.21
really	-0.21	0.95
heights	-0.21	0.26
ticket	-0.21	0.17
contributed	-0.21	0.21
somehow	-0.20	0.65
funny	-0.20	1.67
landed	-0.20	0.12
territory	-0.20	0.25
slaves	-0.20	1.13
despite	-0.20	0.31
airlines	-0.20	0.15
bite	-0.20	0.54
station	-0.20	0.21
boom	-0.20	0.18
dean	-0.20	0.35
remembered	-0.20	1.10
minister	-0.20	0.28
principal	-0.20	0.21
associate	-0.20	0.32
saved	-0.20	0.49
stanley	-0.20	0.58
regarded	-0.20	0.28
shooting	-0.20	0.13
personality	-0.20	0.56
base	-0.20	0.19
respond	-0.20	0.32
rivers	-0.20	0.19
aggressive	-0.20	0.51
contract	-0.20	0.27
management	-0.20	0.24
los	-0.20	0.51
successful	-0.20	0.48
crude	-0.20	0.65
introduced	-0.20	0.46
thatcher	-0.20	0.54
principle	-0.20	0.89
resigned	-0.20	0.14
building	-0.20	0.42
winter	-0.20	1.01
driver	-0.20	0.15
parked	-0.20	0.16
shown	-0.20	0.33
kick	-0.20	0.39
veto	-0.20	0.19
planes	-0.20	0.14
estimated	-0.19	0.21
controlled	-0.19	0.15
tank	-0.19	0.24
cabinet	-0.19	0.24
mile	-0.19	0.22
boards	-0.19	0.32
congressman	-0.19	0.33
treasury	-0.19	0.19
failure	-0.19	0.32
forty	-0.19	0.24
subway	-0.19	0.28
mills	-0.19	0.19
resolved	-0.19	0.33
cops	-0.19	0.43
plastic	-0.19	0.64
revolvers	-0.19	0.23
capital	-0.19	0.17
underground	-0.19	0.19
britain	-0.19	0.43
much	-0.19	1.05
writer	-0.19	0.67
coast	-0.19	0.29
except	-0.18	0.77
twelve	-0.18	0.25
social	-0.18	0.40
consumption	-0.18	0.18
purchase	-0.18	0.20
appeals	-0.18	0.19
assault	-0.18	0.78
knowing	-0.18	0.76
airport	-0.18	0.18
thirty	-0.18	0.25
observe	-0.18	0.35
squad	-0.18	0.22
selected	-0.18	0.17
edward	-0.18	0.80
truck	-0.18	0.14
economic	-0.18	0.25
east	-0.18	0.28
description	-0.18	0.67
purpose	-0.18	0.65
terminal	-0.18	0.16
employees	-0.18	0.37
eight	-0.18	0.26
effectively	-0.18	0.17
seven	-0.18	0.26
less	-0.18	0.50
attorney	-0.18	0.33
horses	-0.18	0.36
civil	-0.18	0.25
goal	-0.18	0.63
paul	-0.18	0.64
mexico	-0.18	0.38
material	-0.18	0.59
executives	-0.18	0.20
gabe	-0.18	0.53
bottle	-0.18	0.21
inquiry	-0.18	0.16
tour	-0.18	0.22
stern	-0.18	0.67
ten	-0.18	0.26
london	-0.18	0.29
dodge	-0.18	0.85
fifteen	-0.18	0.25
payments	-0.18	0.23
announcement	-0.18	0.27
berlin	-0.18	0.35
israelis	-0.17	0.39
summer	-0.17	0.98
testimony	-0.17	0.19
nine	-0.17	0.25
covering	-0.17	0.55
norton	-0.17	0.31
lance	-0.17	0.28
traveling	-0.17	0.29
handling	-0.17	0.21
heat	-0.17	0.76
sources	-0.17	0.10
cost	-0.17	0.24
canada	-0.17	0.33
society	-0.17	0.52
aim	-0.17	0.69
kings	-0.17	1.11
sounds	-0.17	0.81
fall	-0.17	0.30
studies	-0.17	0.23
domestic	-0.17	0.12
convinced	-0.17	0.79
reduce	-0.17	0.27
leave	-0.17	0.52
reform	-0.17	0.13
eleven	-0.17	0.25
guilty	-0.17	0.77
dispute	-0.17	0.20
something	-0.17	0.93
debt	-0.17	0.19
soul	-0.17	2.31
flight	-0.17	0.15
immediate	-0.17	0.68
soviets	-0.17	0.24
deputy	-0.17	0.33
executive	-0.17	0.26
flew	-0.17	0.17
fifty	-0.17	0.24
thousand	-0.17	0.24
wilderness	-0.17	0.30
leadership	-0.17	0.42
economy	-0.17	0.20
property	-0.17	0.29
sigh	-0.17	0.54
conviction	-0.17	0.89
frequent	-0.17	0.57
demands	-0.17	0.14
follow	-0.17	0.29
concentrate	-0.16	0.16
whatever	-0.16	0.63
participation	-0.16	0.24
twenty	-0.16	0.24
presumably	-0.16	0.52
mississippi	-0.16	0.31
shots	-0.16	0.20
having	-0.16	0.73
accepted	-0.16	0.33
maryland	-0.16	0.36
hundred	-0.16	0.24
ambassador	-0.16	0.26
leading	-0.16	0.15
defense	-0.16	0.19
unit	-0.16	0.10
output	-0.16	0.26
becomes	-0.16	0.35
pension	-0.16	0.25
rate	-0.16	0.21
plus	-0.16	0.23
properly	-0.16	0.50
expert	-0.16	0.22
trembling	-0.16	0.85
firing	-0.16	0.14
authority	-0.16	0.24
damp	-0.16	0.85
flying	-0.16	0.17
colorado	-0.16	0.31
staff	-0.16	0.25
sixty	-0.16	0.24
rough	-0.16	1.99
presidents	-0.16	0.24
model	-0.16	0.17
banks	-0.16	0.20
proposed	-0.16	0.12
grounds	-0.16	0.28
actions	-0.16	0.23
car	-0.16	0.14
pacific	-0.16	0.31
wine	-0.16	0.22
lights	-0.16	0.57
dim	-0.16	0.38
director	-0.15	0.35
imports	-0.15	0.17
apply	-0.15	0.28
search	-0.15	0.19
tons	-0.15	0.14
wash	-0.15	0.32
alarm	-0.15	0.51
officers	-0.15	0.36
seized	-0.15	0.18
practice	-0.15	0.19
kissinger	-0.15	0.21
effect	-0.15	0.29
security	-0.15	0.24
associates	-0.15	0.87
occupied	-0.15	0.27
demand	-0.15	0.21
led	-0.15	0.22
aircraft	-0.15	0.14
patrol	-0.15	0.25
curious	-0.15	1.16
heart	-0.15	0.66
quarters	-0.15	1.04
markets	-0.15	0.18
correspondent	-0.15	0.19
discuss	-0.15	0.37
sharply	-0.15	0.39
purposes	-0.15	0.15
tax	-0.15	0.18
engine	-0.15	0.20
dollars	-0.14	0.22
greatly	-0.14	0.81
largely	-0.14	0.27
greek	-0.14	0.76
smaller	-0.14	0.43
chiefs	-0.14	0.19
filed	-0.14	0.15
larger	-0.14	0.35
francis	-0.14	0.46
psychology	-0.14	0.29
highway	-0.14	0.23
banking	-0.14	0.19
asked	-0.14	1.02
cycle	-0.14	0.22
concerns	-0.14	0.21
sons	-0.14	1.38
plan	-0.14	0.13
freeze	-0.14	0.15
accounts	-0.14	0.12
denied	-0.14	0.26
provision	-0.14	0.23
percentage	-0.14	0.21
both	-0.14	0.29
exactly	-0.14	0.94
term	-0.14	0.26
army	-0.14	0.28
doctrine	-0.14	0.91
waste	-0.14	0.22
appointed	-0.14	0.22
cent	-0.14	0.21
directed	-0.13	0.16
study	-0.13	0.17
revolver	-0.13	0.15
talk	-0.13	0.67
join	-0.13	0.30
percent	-0.13	0.21
command	-0.13	0.19
bargaining	-0.13	0.23
structures	-0.13	0.24
active	-0.13	0.29
suggestion	-0.13	0.27
telling	-0.13	0.73
approximately	-0.13	0.18
pentagon	-0.13	0.13
survey	-0.13	0.13
force	-0.13	0.16
ours	-0.13	0.35
drinks	-0.13	0.20
resolution	-0.13	0.23
things	-0.13	1.11
arabs	-0.13	0.44
influence	-0.13	0.19
supplies	-0.13	0.27
taxi	-0.13	0.18
itself	-0.13	0.96
income	-0.13	0.20
assistant	-0.13	0.43
measures	-0.13	0.11
latter	-0.13	0.14
legislation	-0.13	0.12
weapons	-0.13	0.14
aspects	-0.13	0.35
site	-0.13	0.26
positions	-0.13	0.17
systems	-0.13	0.21
communications	-0.12	0.14
gov	-0.12	0.37
secretary	-0.12	0.31
consider	-0.12	0.44
meeting	-0.12	0.28
chief	-0.12	0.30
boys	-0.12	1.15
international	-0.12	0.21
version	-0.12	0.24
factory	-0.12	0.37
reporters	-0.12	0.24
selling	-0.12	0.30
meaning	-0.12	0.37
definite	-0.12	0.72
trace	-0.12	0.35
apparently	-0.12	0.53
fled	-0.12	0.50
guards	-0.12	0.26
certainly	-0.12	0.59
bill	-0.12	0.15
clay	-0.12	0.31
account	-0.12	0.31
psychological	-0.12	0.35
passing	-0.12	0.26
cab	-0.12	0.16
years	-0.12	0.25
sorts	-0.12	1.08
directors	-0.12	0.27
accept	-0.12	0.30
price	-0.12	0.17
concern	-0.12	0.78
leonard	-0.12	0.66
though	-0.12	0.75
elements	-0.12	0.28
prime	-0.12	0.28
benson	-0.12	0.49
ago	-0.12	0.25
deny	-0.12	0.38
spoke	-0.12	0.86
being	-0.12	0.58
grade	-0.12	0.56
ted	-0.12	0.53
table	-0.12	0.20
headed	-0.12	0.14
prices	-0.12	0.18
corps	-0.12	0.29
climb	-0.12	0.15
israel	-0.12	0.41
kansas	-0.12	0.43
expecting	-0.12	0.60
clouds	-0.12	0.46
trade	-0.12	0.22
gets	-0.12	0.48
production	-0.12	0.20
fully	-0.12	0.60
garage	-0.12	0.21
bars	-0.12	0.21
insult	-0.11	0.56
crew	-0.11	0.13
excess	-0.11	0.22
navy	-0.11	0.25
helicopter	-0.11	0.12
professor	-0.11	0.32
wheeler	-0.11	0.74
bringing	-0.11	0.39
prepare	-0.11	0.25
million	-0.11	0.21
previous	-0.11	0.28
switched	-0.11	0.33
draw	-0.11	0.23
palestinians	-0.11	0.42
russian	-0.11	0.39
arrive	-0.11	0.16
thinks	-0.11	0.78
pounds	-0.11	0.19
maximum	-0.11	0.22
fill	-0.11	0.65
sales	-0.11	0.20
panel	-0.11	0.13
palestine	-0.11	0.50
spending	-0.11	0.21
turkey	-0.11	0.34
persuade	-0.11	0.35
retreat	-0.11	0.12
whenever	-0.11	0.40
institution	-0.11	0.34
half	-0.11	0.23
occasionally	-0.11	0.26
bank	-0.10	0.14
curb	-0.10	0.13
agreed	-0.10	0.60
already	-0.10	0.77
content	-0.10	0.17
jungle	-0.10	0.39
wagon	-0.10	0.13
academy	-0.10	0.46
currency	-0.10	0.20
affairs	-0.10	0.19
pull	-0.10	0.19
saudi	-0.10	0.26
plans	-0.10	0.21
intelligence	-0.10	0.18
bodies	-0.10	0.27
donald	-0.10	0.37
chemical	-0.10	0.24
proposals	-0.10	0.10
loans	-0.10	0.19
payment	-0.10	0.25
raising	-0.10	0.13
brick	-0.10	0.28
past	-0.10	0.20
jump	-0.10	0.23
naval	-0.10	0.28
proportion	-0.10	0.22
lasted	-0.10	0.21
request	-0.10	0.22
carry	-0.10	0.18
poured	-0.10	0.22
officer	-0.10	0.33
headquarters	-0.10	0.28
hold	-0.10	0.22
rigid	-0.10	0.95
pot	-0.10	1.04
object	-0.10	0.25
arabia	-0.10	0.27
assistance	-0.10	0.27
cells	-0.10	0.20
el	-0.10	0.58
fund	-0.10	0.21
claims	-0.10	0.17
particularly	-0.10	0.50
remove	-0.09	0.25
constantly	-0.09	0.45
deck	-0.09	0.11
suddenly	-0.09	0.55
logan	-0.09	0.50
equal	-0.09	0.68
robert	-0.09	0.49
opposed	-0.09	0.67
notion	-0.09	0.44
egyptian	-0.09	0.35
whereas	-0.09	0.61
bills	-0.09	0.21
controversial	-0.09	0.31
witness	-0.09	0.20
mission	-0.09	0.19
pay	-0.09	0.33
glance	-0.09	0.84
shift	-0.09	0.60
measured	-0.09	0.39
traditional	-0.09	0.36
listened	-0.09	0.86
complicated	-0.09	1.18
pilot	-0.09	0.13
smart	-0.09	0.68
firms	-0.09	0.20
wings	-0.09	0.20
insist	-0.09	0.44
testing	-0.09	0.16
use	-0.08	0.19
withdrawal	-0.08	0.21
investment	-0.08	0.18
swiss	-0.08	0.12
implications	-0.08	0.29
law	-0.08	0.19
office	-0.08	0.31
rifle	-0.08	0.15
angrily	-0.08	0.41
response	-0.08	0.30
report	-0.08	0.18
fields	-0.08	0.54
market	-0.08	0.16
least	-0.08	0.46
reflected	-0.08	0.41
sell	-0.08	0.19
range	-0.08	0.30
corridor	-0.08	0.36
break	-0.08	0.25
procedure	-0.08	0.22
absolute	-0.08	2.67
bulk	-0.08	0.69
estimates	-0.08	0.17
meanwhile	-0.08	0.26
founded	-0.08	0.40
rogers	-0.08	0.21
tracks	-0.08	0.19
pair	-0.08	0.38
light	-0.08	0.58
passed	-0.08	0.26
customer	-0.08	0.13
character	-0.08	0.58
marshall	-0.08	0.21
forest	-0.08	0.30
terms	-0.08	0.37
shrugged	-0.08	0.88
port	-0.08	0.22
former	-0.08	0.44
wished	-0.07	1.07
stages	-0.07	0.17
fat	-0.07	0.92
adult	-0.07	0.99
follows	-0.07	0.27
rabbit	-0.07	0.65
applied	-0.07	0.52
rates	-0.07	0.15
flies	-0.07	0.17
journey	-0.07	0.19
laboratory	-0.07	0.18
horse	-0.07	0.19
frowned	-0.07	0.68
james	-0.07	0.76
francisco	-0.07	0.47
develop	-0.07	0.16
suppose	-0.07	0.82
drives	-0.07	0.17
billion	-0.07	0.17
hunting	-0.07	0.24
discussion	-0.07	0.25
shit	-0.07	0.70
ride	-0.07	0.19
continue	-0.07	0.40
russell	-0.07	0.16
personally	-0.07	0.30
budget	-0.07	0.14
thus	-0.07	0.33
achieve	-0.07	0.24
experiment	-0.07	0.12
bellows	-0.07	0.32
ordered	-0.07	0.20
merely	-0.07	0.40
speaking	-0.07	0.77
companies	-0.07	0.19
counting	-0.07	0.28
months	-0.07	0.23
news	-0.07	0.20
problems	-0.07	0.36
corporation	-0.07	0.20
sword	-0.07	0.79
especially	-0.07	0.44
policies	-0.07	0.13
intention	-0.06	0.30
shoot	-0.06	0.24
old	-0.06	1.93
regular	-0.06	0.17
showed	-0.06	0.24
syria	-0.06	0.40
hell	-0.06	0.74
revenue	-0.06	0.22
think	-0.06	0.84
cold	-0.06	0.81
hit	-0.06	0.27
media	-0.06	0.10
giving	-0.06	0.38
savings	-0.06	0.16
critic	-0.06	0.61
indicates	-0.06	0.65
shares	-0.06	0.17
speech	-0.06	0.25
vance	-0.06	0.23
putting	-0.06	0.41
drove	-0.06	0.25
division	-0.06	0.21
stake	-0.06	0.22
annual	-0.06	0.21
urged	-0.06	0.38
arab	-0.06	0.37
controls	-0.06	0.13
benefit	-0.06	0.12
paid	-0.06	0.25
critics	-0.06	0.20
sail	-0.06	0.20
series	-0.06	0.27
aboard	-0.06	0.12
small	-0.06	0.55
falling	-0.06	0.18
heavily	-0.06	0.32
consumer	-0.06	0.28
corporate	-0.06	0.21
lines	-0.06	0.20
act	-0.06	0.13
laws	-0.06	0.22
texas	-0.06	0.36
salary	-0.06	0.36
manufacturers	-0.05	0.20
false	-0.05	0.86
serve	-0.05	0.17
sold	-0.05	0.16
reporter	-0.05	0.20
session	-0.05	0.12
developments	-0.05	0.15
broadcasting	-0.05	0.11
walk	-0.05	0.26
interviews	-0.05	0.24
ranch	-0.05	0.35
sight	-0.05	0.48
awake	-0.05	0.38
massive	-0.05	0.26
estate	-0.05	0.65
pills	-0.05	0.20
tested	-0.05	0.17
yelled	-0.05	0.27
schedule	-0.05	0.18
capitol	-0.05	0.15
bay	-0.05	0.24
sheer	-0.05	0.81
opinions	-0.05	0.36
moscow	-0.05	0.29
built	-0.05	0.46
washington	-0.05	0.28
blow	-0.05	0.27
sections	-0.05	0.21
substance	-0.05	0.98
democracy	-0.05	0.42
buying	-0.05	0.18
customs	-0.05	0.17
visits	-0.05	0.53
bonds	-0.05	0.17
wind	-0.05	0.82
profits	-0.05	0.20
engineering	-0.05	0.21
major	-0.05	0.47
package	-0.05	0.10
conclusion	-0.05	0.32
desire	-0.05	1.01
opinion	-0.05	0.13
approaches	-0.05	0.17
reports	-0.05	0.19
pile	-0.05	0.20
organic	-0.05	0.25
target	-0.05	0.17
cash	-0.05	0.17
networks	-0.05	0.14
named	-0.05	1.06
rope	-0.05	0.15
brooklyn	-0.05	0.44
canal	-0.05	0.24
exchange	-0.04	0.15
vitamin	-0.04	0.27
mountain	-0.04	0.23
altogether	-0.04	0.38
details	-0.04	0.17
presence	-0.04	0.44
loan	-0.04	0.18
assumption	-0.04	0.70
household	-0.04	0.79
period	-0.04	0.15
brothers	-0.04	1.28
potential	-0.04	0.33
rule	-0.04	0.24
affair	-0.04	0.62
policy	-0.04	0.12
indicate	-0.04	0.41
constitutional	-0.04	0.32
tests	-0.04	0.14
enterprise	-0.04	0.20
perhaps	-0.04	0.58
stairs	-0.04	0.28
contrast	-0.04	0.25
masters	-0.04	0.65
figures	-0.04	0.17
receiving	-0.04	0.18
store	-0.04	0.36
later	-0.04	0.25
commander	-0.04	0.20
fleet	-0.04	0.19
handled	-0.04	0.75
appear	-0.04	0.39
bring	-0.04	0.26
sticks	-0.04	0.12
louis	-0.04	0.26
acting	-0.04	0.28
richard	-0.04	0.47
firm	-0.04	0.22
parlor	-0.04	0.31
confrontation	-0.04	0.27
sink	-0.04	0.29
doorway	-0.04	0.21
facing	-0.04	0.17
circuit	-0.03	0.13
square	-0.03	0.23
alley	-0.03	0.16
possession	-0.03	0.59
temperature	-0.03	0.68
egypt	-0.03	0.31
newsmen	-0.03	0.19
peter	-0.03	0.65
figured	-0.03	1.03
waters	-0.03	0.22
within	-0.03	0.24
happened	-0.03	0.87
following	-0.03	0.29
running	-0.03	0.40
times	-0.03	0.16
trail	-0.03	0.18
exposed	-0.03	0.13
interior	-0.03	0.22
german	-0.03	0.29
san	-0.03	0.43
reserves	-0.03	0.23
jr	-0.03	0.45
self	-0.03	0.88
lodge	-0.03	0.46
block	-0.03	0.31
rain	-0.03	0.90
net	-0.03	0.15
goals	-0.03	0.25
apple	-0.03	0.75
clothes	-0.03	0.31
thru	-0.03	0.09
park	-0.03	0.28
compared	-0.03	0.15
limit	-0.03	0.13
engineer	-0.03	0.26
clubs	-0.03	0.53
constitution	-0.03	0.36
shared	-0.03	0.38
priests	-0.03	1.02
int	-0.03	0.23
learning	-0.03	0.19
cbs	-0.02	0.13
set	-0.02	0.12
leaving	-0.02	0.24
visible	-0.02	0.27
ideas	-0.02	0.36
find	-0.02	0.45
decide	-0.02	0.34
check	-0.02	0.16
leg	-0.02	0.27
per	-0.02	0.18
shop	-0.02	0.38
hoover	-0.02	0.19
directly	-0.02	0.29
wonder	-0.02	0.70
function	-0.02	0.18
near	-0.02	0.19
context	-0.02	0.37
buck	-0.02	0.13
often	-0.02	0.51
intensity	-0.02	0.40
yards	-0.02	0.19
consumers	-0.02	0.21
hill	-0.02	0.20
watched	-0.02	0.74
rise	-0.02	0.17
cents	-0.02	0.17
earl	-0.02	0.38
rights	-0.02	0.41
resources	-0.02	0.31
direct	-0.02	0.21
viewed	-0.02	0.21
road	-0.02	0.16
estimate	-0.02	0.22
weapon	-0.02	0.13
stock	-0.02	0.17
paris	-0.02	0.27
lane	-0.02	0.15
experiments	-0.02	0.16
liquid	-0.02	0.20
cuts	-0.02	0.11
tube	-0.02	0.19
reverse	-0.02	0.23
politics	-0.02	0.24
seemed	-0.02	0.54
contain	-0.02	0.20
sea	-0.02	0.22
course	-0.02	0.72
press	-0.01	0.19
joint	-0.01	0.17
entered	-0.01	0.31
supply	-0.01	0.18
models	-0.01	0.11
conference	-0.01	0.12
argue	-0.01	0.34
barrel	-0.01	0.13
stopping	-0.01	0.21
lie	-0.01	0.43
huge	-0.01	0.32
nonetheless	-0.01	0.20
brings	-0.01	0.19
jokes	-0.01	0.66
every	-0.01	0.32
secret	-0.01	0.19
increases	-0.01	0.19
british	-0.01	0.28
andrew	-0.01	0.59
appeared	-0.01	0.41
roughly	-0.01	0.22
hall	-0.01	0.37
readily	-0.01	0.23
cries	-0.01	0.46
discussing	-0.01	0.58
bullet	-0.01	0.10
pushing	-0.01	0.24
raise	-0.01	0.16
cap	-0.01	0.31
travel	-0.01	0.35
host	-0.01	0.67
ships	-0.01	0.15
ellis	-0.01	0.56
buy	-0.01	0.20
hat	-0.01	0.34
pick	-0.01	0.23
baker	-0.01	0.24
conducted	-0.01	0.17
general	-0.01	0.18
irving	-0.01	0.19
outdoor	-0.01	0.35
keep	-0.01	0.38
brezhnev	-0.01	0.25
town	-0.01	0.64
flash	-0.01	0.30
bears	-0.01	0.12
boats	-0.01	0.18
cabin	-0.00	0.20
night	-0.00	0.23
personal	-0.00	0.40
horn	-0.00	0.19
interest	-0.00	0.96
entering	-0.00	0.17
studied	-0.00	0.39
emerged	-0.00	0.30
aimed	-0.00	0.17
pays	-0.00	0.29
load	-0.00	0.14
looked	-0.00	0.70
middle	-0.00	0.25
miles	-0.00	0.24
findings	-0.00	0.15
tribune	-0.00	0.19
protein	-0.00	0.33
hang	-0.00	0.21
statements	-0.00	0.31
take	-0.00	0.39
ass	-0.00	0.50
sale	-0.00	0.20
repeat	-0.00	0.47
infant	-0.00	1.10
clean	-0.00	0.73
ran	-0.00	0.31
difficulty	0.00	0.35
palestinian	0.00	0.36
babies	0.00	1.22
electronic	0.00	0.24
moral	0.00	0.48
nearly	0.00	0.26
william	0.00	0.46
wives	0.00	1.36
end	0.00	0.16
seen	0.00	0.91
choose	0.00	0.54
mark	0.00	0.17
miami	0.00	0.35
subjects	0.00	0.23
agree	0.00	0.39
process	0.00	0.19
stood	0.00	0.48
chapter	0.00	0.29
location	0.00	0.78
automatic	0.00	0.09
goods	0.00	0.21
walter	0.01	0.34
turning	0.01	0.39
strip	0.01	0.13
strain	0.01	0.70
measure	0.01	0.22
ship	0.01	0.14
points	0.01	0.24
plants	0.01	1.09
speculation	0.01	0.64
aspect	0.01	0.35
chances	0.01	0.75
offered	0.01	0.28
item	0.01	0.33
delivery	0.01	0.70
moving	0.01	0.28
concrete	0.01	0.27
theories	0.01	0.44
actually	0.01	0.67
christian	0.01	1.07
spread	0.01	0.11
roof	0.01	0.24
followed	0.01	0.38
declined	0.01	0.19
demanding	0.01	0.16
components	0.01	0.18
size	0.01	0.27
seems	0.01	0.50
laugh	0.01	0.69
acquired	0.01	0.24
somewhat	0.01	0.47
sweat	0.01	0.75
swing	0.01	0.14
faded	0.01	0.39
bishop	0.01	0.53
network	0.01	0.14
originally	0.01	0.13
lessons	0.01	0.33
miller	0.01	0.29
stopped	0.01	0.52
unity	0.01	1.16
involves	0.01	0.27
checked	0.01	0.18
desert	0.01	0.27
broadcast	0.01	0.13
pistol	0.01	0.11
eventually	0.01	0.28
future	0.01	0.73
sadat	0.01	0.26
loaded	0.01	0.10
largest	0.01	0.20
bathroom	0.01	0.29
channel	0.01	0.13
apparent	0.01	0.47
sacred	0.01	1.33
owned	0.01	0.73
weeks	0.02	0.26
selection	0.02	0.21
using	0.02	0.32
stroke	0.02	0.18
valley	0.02	0.25
turned	0.02	0.64
used	0.02	0.67
sleep	0.02	0.20
editorial	0.02	0.26
landing	0.02	0.18
today	0.02	0.20
source	0.02	0.19
drama	0.02	0.70
imagined	0.02	0.90
lands	0.02	0.55
go	0.02	0.55
days	0.02	0.26
deeply	0.02	1.46
forcing	0.02	0.30
chamber	0.02	0.25
seat	0.02	0.13
italian	0.02	0.28
mama	0.02	0.59
negotiations	0.02	0.17
attention	0.02	0.31
complaint	0.02	0.45
mountains	0.02	0.22
formula	0.02	0.34
asks	0.02	0.62
year	0.02	0.17
technique	0.02	0.21
trip	0.02	0.28
combined	0.03	0.73
marked	0.03	0.29
leather	0.03	0.48
company	0.03	0.26
attempted	0.03	0.37
circles	0.03	0.15
roman	0.03	0.71
amendment	0.03	0.23
indian	0.03	0.81
ocean	0.03	0.22
another	0.03	0.36
came	0.03	0.49
sofa	0.03	0.27
single	0.03	0.32
method	0.03	0.29
window	0.03	0.20
count	0.03	0.18
usually	0.03	0.46
straw	0.03	0.32
gap	0.03	0.11
add	0.03	0.17
deeper	0.03	0.25
doing	0.03	1.10
rode	0.03	0.13
bed	0.03	0.17
secrets	0.03	0.68
extension	0.03	0.12
county	0.03	0.74
approached	0.03	0.34
pocket	0.03	0.19
rubber	0.03	0.16
windows	0.03	0.27
level	0.03	0.15
forms	0.03	0.49
waiting	0.03	0.31
test	0.03	0.17
racing	0.03	0.12
average	0.03	0.16
section	0.03	0.17
stared	0.03	0.72
liberty	0.03	0.79
abe	0.03	0.68
necessity	0.03	0.42
distinction	0.03	0.60
theory	0.03	0.37
basement	0.03	0.38
system	0.03	0.16
hurried	0.03	0.31
minutes	0.04	0.27
moved	0.04	0.43
served	0.04	0.39
un	0.04	0.36
blood	0.04	0.27
reduction	0.04	0.24
douglas	0.04	0.23
further	0.04	0.39
science	0.04	0.37
encourage	0.04	0.20
novel	0.04	0.73
interview	0.04	0.31
suit	0.04	0.55
shore	0.04	0.19
reminded	0.04	1.10
visit	0.04	0.52
guard	0.04	0.26
fort	0.04	0.38
christ	0.04	0.86
assure	0.04	0.30
views	0.04	0.29
overhead	0.04	0.33
deliver	0.04	0.20
regulations	0.04	0.16
corner	0.04	0.16
values	0.04	0.38
november	0.04	0.18
matters	0.04	0.23
path	0.04	0.14
woke	0.04	0.24
women	0.04	1.25
meet	0.04	0.42
pole	0.04	0.13
climbed	0.04	0.22
pressure	0.04	0.26
paused	0.04	0.74
gun	0.04	0.12
wilson	0.04	0.27
sit	0.04	0.28
hearing	0.05	0.19
branch	0.05	0.32
soldier	0.05	0.76
growth	0.05	0.26
sets	0.05	0.27
returns	0.05	0.17
cracked	0.05	0.58
commercial	0.05	0.10
emma	0.05	0.71
solution	0.05	0.32
amounts	0.05	0.17
vast	0.05	0.55
summit	0.05	0.19
jordan	0.05	0.31
environment	0.05	0.57
slide	0.05	0.16
offer	0.05	0.23
tail	0.05	0.41
toilet	0.05	0.25
reaches	0.05	0.34
specifically	0.05	0.20
john	0.05	0.47
activity	0.05	0.15
standing	0.05	0.25
portion	0.05	0.17
change	0.05	0.29
diplomatic	0.05	0.27
bar	0.05	0.22
strategic	0.05	0.16
expectations	0.05	0.26
professional	0.05	0.17
throw	0.05	0.21
closet	0.05	0.27
joseph	0.05	0.84
polish	0.05	0.23
carries	0.05	0.20
nurse	0.05	0.81
moreover	0.05	0.48
crossed	0.05	0.19
holy	0.05	1.27
producers	0.05	0.10
main	0.05	0.25
glass	0.05	0.20
winner	0.06	0.21
either	0.06	0.61
culture	0.06	0.51
roots	0.06	1.07
factors	0.06	0.50
bench	0.06	0.15
fears	0.06	0.45
machine	0.06	0.17
liberation	0.06	0.83
raises	0.06	0.15
walked	0.06	0.38
shell	0.06	0.19
stands	0.06	0.33
tends	0.06	0.45
reporting	0.06	0.18
faces	0.06	0.24
resist	0.06	0.40
amount	0.06	0.21
phenomenon	0.06	0.30
claim	0.06	0.30
food	0.06	0.41
shoes	0.06	0.41
tells	0.06	0.83
runs	0.06	0.25
gives	0.06	0.29
provisions	0.06	0.16
outside	0.06	0.16
dismissed	0.06	0.39
simply	0.06	0.46
without	0.06	0.37
glanced	0.06	0.72
protested	0.06	0.67
heading	0.06	0.13
looking	0.06	0.50
river	0.06	0.17
compromise	0.06	0.12
support	0.06	0.16
crowded	0.06	0.27
saving	0.06	0.12
rapidly	0.06	0.24
wheels	0.06	0.10
problem	0.06	0.43
hardly	0.06	0.62
gone	0.06	0.72
fix	0.06	0.37
results	0.06	0.15
give	0.06	0.35
substantial	0.06	0.46
rooms	0.06	0.47
planned	0.06	0.21
door	0.06	0.26
crossing	0.07	0.13
examined	0.07	0.42
advertising	0.07	0.12
sitting	0.07	0.22
along	0.07	0.14
village	0.07	0.72
saying	0.07	0.60
characteristic	0.07	0.69
variety	0.07	0.53
offering	0.07	0.20
long	0.07	0.23
powers	0.07	0.73
dirt	0.07	0.27
added	0.07	0.45
invented	0.07	0.38
hours	0.07	0.26
grin	0.07	0.44
obviously	0.07	0.61
entrance	0.07	0.16
won	0.07	0.14
front	0.07	0.12
relative	0.07	0.73
step	0.07	0.22
breaking	0.07	0.21
ai	0.07	0.63
jerusalem	0.07	0.52
managed	0.07	0.44
tilden	0.07	0.94
passes	0.07	0.24
sees	0.07	0.41
shirts	0.07	0.54
person	0.07	0.47
bones	0.07	0.21
techniques	0.07	0.21
meant	0.07	0.90
broke	0.07	0.31
collect	0.07	0.16
explaining	0.07	0.44
eagle	0.07	0.22
seated	0.07	0.21
subject	0.07	0.27
excited	0.07	1.91
mainly	0.07	0.16
chantry	0.07	0.18
stepped	0.07	0.48
sits	0.07	0.32
rear	0.07	0.10
functions	0.08	0.18
pulls	0.08	0.33
instant	0.08	0.30
levels	0.08	0.19
porch	0.08	0.18
catch	0.08	0.17
last	0.08	0.22
rolled	0.08	0.22
since	0.08	0.29
machinery	0.08	0.19
suite	0.08	0.34
closely	0.08	0.11
starting	0.08	0.30
independence	0.08	0.80
current	0.08	0.74
goes	0.08	0.35
bigger	0.08	0.82
word	0.08	0.49
code	0.08	0.09
protection	0.08	0.31
killer	0.08	0.34
motel	0.08	0.28
twisted	0.08	0.22
minimum	0.08	0.20
need	0.08	0.51
orders	0.08	0.15
preparing	0.08	0.19
friday	0.08	0.19
gate	0.08	0.16
appears	0.08	0.30
inches	0.08	0.16
gear	0.08	0.11
staring	0.08	0.38
contributions	0.08	0.21
tie	0.08	0.49
regard	0.08	0.25
power	0.08	0.26
rules	0.08	0.18
shot	0.08	0.10
moments	0.08	0.63
turns	0.08	0.35
pointed	0.08	0.59
silent	0.08	0.70
admiral	0.08	0.17
additional	0.08	0.22
issues	0.08	0.30
behalf	0.08	0.22
disappeared	0.08	0.36
wear	0.08	0.59
thursday	0.08	0.19
origin	0.08	0.38
walks	0.08	0.29
design	0.08	0.25
reply	0.09	0.52
beside	0.09	0.20
took	0.09	0.28
administrative	0.09	0.12
nor	0.09	0.63
enormous	0.09	0.72
bottles	0.09	0.18
returned	0.09	0.39
highest	0.09	0.11
rises	0.09	0.29
understand	0.09	0.68
went	0.09	0.38
family	0.09	1.33
glasses	0.09	0.19
supper	0.09	0.48
takes	0.09	0.31
experience	0.09	0.52
warning	0.09	0.30
devices	0.09	0.22
flesh	0.09	0.64
mind	0.09	0.50
methods	0.09	0.24
kicked	0.09	0.21
hamilton	0.09	0.62
structure	0.09	0.21
fuck	0.09	0.52
holes	0.09	0.17
want	0.09	0.67
cross	0.09	0.29
insisted	0.09	0.80
memories	0.09	0.66
midnight	0.09	0.23
refused	0.09	0.41
settlement	0.09	0.20
criticism	0.09	0.27
column	0.09	0.22
based	0.09	0.72
place	0.09	0.74
peak	0.10	0.18
knocked	0.10	0.24
considerable	0.10	0.57
collar	0.10	0.48
september	0.10	0.26
craft	0.10	0.16
weekly	0.10	0.16
rushed	0.10	0.30
anthony	0.10	0.74
nights	0.10	0.31
puts	0.10	0.31
tickets	0.10	0.20
logic	0.10	0.34
riding	0.10	0.14
sleeping	0.10	0.20
stop	0.10	0.38
together	0.10	0.22
wesley	0.10	0.95
harbor	0.10	0.26
tide	0.10	0.20
image	0.10	0.59
quantity	0.10	0.19
native	0.10	0.67
outer	0.10	0.12
anything	0.10	0.76
coming	0.10	0.46
acid	0.10	0.19
inch	0.10	0.15
started	0.10	0.38
nothing	0.10	0.92
scientific	0.10	0.27
darkness	0.10	0.28
helps	0.10	0.39
thrown	0.10	0.20
release	0.10	0.40
breakfast	0.10	0.52
article	0.10	0.28
laughs	0.10	0.65
else	0.10	0.84
currently	0.10	0.09
morris	0.10	0.24
watching	0.10	0.39
opposite	0.10	0.13
lift	0.10	0.17
french	0.10	0.23
standard	0.10	0.21
fallen	0.10	0.24
opens	0.10	0.23
suitcase	0.10	0.13
settle	0.10	0.37
send	0.10	0.25
solar	0.10	0.27
recovered	0.10	0.35
contains	0.10	0.19
monday	0.10	0.20
ile	0.10	0.43
looks	0.10	0.38
slipped	0.10	0.31
spectacular	0.10	0.89
wore	0.10	0.61
radio	0.10	0.13
hotel	0.11	0.36
literary	0.11	0.60
products	0.11	0.22
ext	0.11	0.15
halfway	0.11	0.14
talks	0.11	0.14
camp	0.11	0.28
sat	0.11	0.36
harder	0.11	0.96
scheduled	0.11	0.12
wears	0.11	0.60
religious	0.11	0.75
spirits	0.11	2.36
explanation	0.11	0.37
chairs	0.11	0.18
feet	0.11	0.13
probably	0.11	0.90
shortly	0.11	0.21
employed	0.11	0.29
tuesday	0.11	0.20
invited	0.11	0.45
apart	0.11	0.14
bag	0.11	0.13
idea	0.11	0.83
brought	0.11	0.34
launched	0.11	0.23
side	0.11	0.10
increasing	0.11	0.38
staying	0.11	0.56
hoping	0.11	0.47
alongside	0.11	0.13
describe	0.11	0.48
tossed	0.11	0.22
discovery	0.11	0.44
walking	0.11	0.19
falls	0.11	0.18
morning	0.11	0.24
limits	0.11	0.15
canyon	0.11	0.15
shakes	0.11	0.33
signed	0.11	0.17
dollar	0.11	0.14
slid	0.11	0.29
possibilities	0.11	0.31
seeking	0.11	0.35
license	0.11	0.09
calvin	0.11	0.31
dawn	0.11	0.21
issue	0.11	0.26
permit	0.11	0.22
fabian	0.11	0.61
otherwise	0.11	0.41
race	0.12	0.55
plate	0.12	0.23
editor	0.12	0.21
attached	0.12	0.12
doors	0.12	0.24
geneva	0.12	0.26
daley	0.12	0.75
enters	0.12	0.32
reflection	0.12	0.19
worn	0.12	0.45
allows	0.12	0.24
early	0.12	0.23
backs	0.12	0.19
biggest	0.12	0.69
leads	0.12	0.16
gates	0.12	0.33
starts	0.12	0.36
intent	0.12	0.44
questions	0.12	0.34
tray	0.12	0.24
january	0.12	0.22
drew	0.12	0.31
reduced	0.12	0.25
pants	0.12	0.45
attempts	0.12	0.45
lying	0.12	0.19
month	0.12	0.23
boots	0.12	0.35
december	0.12	0.21
kalki	0.12	0.44
anyone	0.12	0.67
philosophy	0.12	0.39
waited	0.12	0.60
spare	0.12	0.11
coffee	0.12	0.22
trousers	0.12	0.44
opening	0.12	0.14
coal	0.12	0.86
october	0.12	0.22
hammer	0.12	0.10
replaced	0.12	0.07
television	0.12	0.15
ways	0.12	0.29
abruptly	0.12	0.38
heard	0.12	0.55
fell	0.12	0.18
english	0.12	0.25
wednesday	0.12	0.20
forth	0.12	0.17
training	0.12	0.54
wearing	0.12	0.60
smiles	0.12	0.48
treaty	0.12	0.21
unconscious	0.12	0.30
equipment	0.12	0.23
put	0.12	0.21
pulling	0.12	0.19
through	0.12	0.18
george	0.12	0.47
removed	0.12	0.18
likely	0.12	0.84
statistics	0.12	0.18
march	0.12	0.21
steps	0.12	0.14
editors	0.13	0.19
directions	0.13	0.20
ever	0.13	0.90
owner	0.13	0.15
speak	0.13	0.40
blowing	0.13	0.51
pulled	0.13	0.27
grab	0.13	0.33
mirror	0.13	0.16
knee	0.13	0.35
creek	0.13	0.17
continuing	0.13	0.25
designed	0.13	0.37
moves	0.13	0.34
hole	0.13	0.18
sequence	0.13	0.24
dragged	0.13	0.17
checks	0.13	0.12
wholly	0.13	0.32
pretend	0.13	0.66
twice	0.13	0.35
observation	0.13	0.26
risen	0.13	0.13
higher	0.13	0.16
jacket	0.13	0.42
easily	0.13	0.44
con	0.13	0.15
daily	0.13	0.16
grant	0.13	0.11
gave	0.13	0.32
shook	0.13	0.71
deep	0.13	0.42
regulation	0.13	0.14
drops	0.13	0.25
lobby	0.13	0.32
wheel	0.13	0.10
shadows	0.13	0.37
woods	0.13	0.26
considerably	0.13	0.61
balls	0.13	0.23
carrying	0.13	0.14
point	0.13	0.46
failed	0.13	0.44
throat	0.13	0.34
washing	0.13	0.50
awareness	0.13	0.48
pope	0.13	0.56
track	0.13	0.17
lay	0.13	0.21
images	0.13	0.31
whether	0.13	0.48
approaching	0.13	0.23
ordinary	0.13	0.35
significance	0.13	0.33
latest	0.13	0.23
increase	0.13	0.22
reached	0.13	0.32
procedures	0.13	0.21
next	0.13	0.24
choice	0.13	0.57
uniform	0.14	0.43
serving	0.14	0.61
throws	0.14	0.27
argument	0.14	0.35
saddle	0.14	0.11
downstairs	0.14	0.28
worth	0.14	0.17
experienced	0.14	0.54
week	0.14	0.23
bought	0.14	0.11
charlie	0.14	0.58
etc	0.14	0.36
floors	0.14	0.34
died	0.14	1.12
differences	0.14	0.20
ourselves	0.14	0.36
warren	0.14	0.22
conscience	0.14	0.81
clock	0.14	0.23
sidewalk	0.14	0.16
difference	0.14	0.56
tv	0.14	0.15
freedom	0.14	0.90
also	0.14	0.59
device	0.14	0.16
forgotten	0.14	0.68
april	0.14	0.24
although	0.14	0.50
line	0.14	0.09
demanded	0.14	0.58
computer	0.14	0.10
hills	0.14	0.27
yet	0.14	0.77
value	0.14	0.22
capacity	0.14	0.26
rolling	0.14	0.17
suits	0.14	0.43
signal	0.14	0.15
albert	0.14	0.42
loose	0.14	0.13
focus	0.14	0.24
pierce	0.14	0.49
club	0.14	0.31
attended	0.14	0.28
skirt	0.15	0.51
canadian	0.15	0.27
forced	0.15	0.42
fishing	0.15	0.24
street	0.15	0.25
dressing	0.15	0.32
given	0.15	0.27
stares	0.15	0.40
jimbo	0.15	0.28
agreement	0.15	0.14
impossible	0.15	0.89
shirt	0.15	0.44
readers	0.15	0.32
springs	0.15	0.13
believed	0.15	1.63
quickly	0.15	0.30
hour	0.15	0.25
tended	0.15	0.28
happens	0.15	0.71
publicity	0.15	0.65
mexican	0.15	0.38
review	0.15	0.25
couch	0.15	0.15
identical	0.15	0.74
moment	0.15	0.40
compartment	0.15	0.22
mate	0.15	0.18
asleep	0.15	0.20
begun	0.15	0.40
steam	0.15	0.53
feature	0.15	0.23
efforts	0.15	0.35
inside	0.15	0.12
double	0.15	0.12
toward	0.15	0.13
analysis	0.15	0.24
opened	0.15	0.18
attempt	0.15	0.47
cohn	0.15	0.57
slightly	0.15	0.34
string	0.15	0.13
keeping	0.15	0.38
weight	0.15	0.16
faster	0.15	0.87
harris	0.15	0.28
expected	0.15	0.46
wave	0.15	0.60
stops	0.15	0.40
lesson	0.15	0.20
access	0.15	0.18
spent	0.16	0.34
swung	0.16	0.28
comes	0.16	0.31
branches	0.16	0.94
high	0.16	0.14
waiter	0.16	0.17
decided	0.16	0.48
events	0.16	0.54
seek	0.16	0.34
containing	0.16	0.14
attempting	0.16	0.45
extraordinary	0.16	0.92
worry	0.16	0.76
tears	0.16	1.05
ad	0.16	0.25
asking	0.16	0.50
handed	0.16	0.30
completely	0.16	0.32
unless	0.16	0.62
boat	0.16	0.16
purse	0.16	0.10
rosy	0.16	0.25
writers	0.16	0.25
length	0.16	0.17
began	0.16	0.33
shows	0.16	0.19
tendency	0.16	0.34
shed	0.16	0.43
provide	0.16	0.24
provided	0.16	0.20
spanish	0.16	0.22
intended	0.16	0.46
requirements	0.16	0.18
flung	0.16	0.21
somebody	0.16	0.79
dried	0.16	0.44
until	0.16	0.25
information	0.16	0.21
hughes	0.16	0.43
bags	0.16	0.15
lake	0.16	0.20
shadow	0.16	0.25
belief	0.16	0.92
shifted	0.16	0.24
approach	0.16	0.26
empty	0.16	0.14
ahead	0.16	0.34
losing	0.16	0.22
holding	0.16	0.25
begin	0.16	0.28
allowing	0.16	0.33
century	0.16	0.24
moon	0.16	0.30
center	0.16	0.65
below	0.16	0.11
van	0.16	0.17
history	0.16	0.34
dan	0.16	0.65
order	0.16	0.40
lunch	0.16	0.45
briefly	0.16	0.31
august	0.16	0.24
assigned	0.17	0.28
tim	0.17	0.18
ryan	0.17	0.27
afternoon	0.17	0.31
dig	0.17	0.29
sought	0.17	0.39
off	0.17	0.17
journal	0.17	0.23
irish	0.17	0.39
lewis	0.17	0.36
jumped	0.17	0.30
recovery	0.17	0.45
drawn	0.17	0.15
part	0.17	0.30
unable	0.17	0.44
carey	0.17	0.70
parliament	0.17	0.39
somewhere	0.17	0.58
remember	0.17	0.68
soon	0.17	0.35
catching	0.17	0.18
reasons	0.17	0.33
threw	0.17	0.25
possibility	0.17	0.42
cody	0.17	0.40
saturday	0.17	0.24
ghost	0.17	0.58
till	0.17	0.26
son	0.17	1.20
upper	0.17	0.16
initial	0.17	0.59
producer	0.17	0.15
maybe	0.17	0.96
chair	0.17	0.14
urge	0.17	0.43
nods	0.17	0.39
closing	0.17	0.16
proved	0.17	0.36
ha	0.17	0.64
watches	0.17	0.36
mount	0.17	0.13
february	0.17	0.24
technical	0.17	0.26
sheriff	0.17	0.21
father	0.17	1.15
steel	0.17	0.15
bridge	0.17	0.15
thrust	0.18	0.20
hard	0.18	0.86
desk	0.18	0.13
under	0.18	0.10
modern	0.18	0.41
late	0.18	0.23
pushed	0.18	0.27
beat	0.18	0.55
page	0.18	0.28
machines	0.18	0.19
happen	0.18	0.77
register	0.18	0.20
trading	0.18	0.16
effort	0.18	0.43
picking	0.18	0.20
instruments	0.18	0.62
requires	0.18	0.24
presented	0.18	0.25
behind	0.18	0.15
themselves	0.18	0.36
extent	0.18	0.46
signs	0.18	0.22
snapped	0.18	0.38
screamed	0.18	0.42
dropped	0.18	0.18
holds	0.18	0.26
equally	0.18	0.47
june	0.18	0.24
earth	0.18	0.81
advised	0.18	0.53
essence	0.18	1.52
beginning	0.18	0.23
sign	0.18	0.18
grip	0.18	0.22
tried	0.18	0.49
fail	0.18	0.46
stories	0.18	0.38
cell	0.18	0.63
angle	0.18	0.10
settled	0.18	0.43
wall	0.19	0.13
product	0.19	0.27
top	0.19	0.10
july	0.19	0.23
lower	0.19	0.10
beneath	0.19	0.18
finally	0.19	0.35
greater	0.19	0.60
lawn	0.19	0.27
picked	0.19	0.28
instead	0.19	0.53
slight	0.19	0.34
johnny	0.19	0.54
expansion	0.19	0.51
swim	0.19	0.16
ceiling	0.19	0.41
surprising	0.19	1.18
index	0.19	0.15
evidence	0.19	0.26
chose	0.19	0.43
blanket	0.19	0.14
parts	0.19	0.45
rising	0.19	0.14
understood	0.19	1.70
bull	0.19	0.19
limited	0.19	0.21
read	0.19	0.31
curtain	0.19	0.16
refuse	0.19	0.46
leaning	0.19	0.25
quarter	0.19	0.23
franklin	0.19	0.28
shooter	0.20	0.77
encouraged	0.20	0.49
replace	0.20	0.34
pouring	0.20	0.28
placed	0.20	0.17
thomas	0.20	0.40
architect	0.20	0.35
elevator	0.20	0.39
vulnerable	0.20	2.08
letting	0.20	0.39
partner	0.20	0.36
allow	0.20	0.39
continued	0.20	0.41
carried	0.20	0.19
helped	0.20	0.45
save	0.20	0.41
rich	0.20	1.96
penny	0.20	0.37
flow	0.20	0.23
arc	0.20	0.14
towel	0.20	0.28
however	0.20	0.41
equivalent	0.20	0.32
continues	0.20	0.28
lieutenant	0.20	0.21
gordon	0.20	0.31
stretch	0.20	0.18
sides	0.20	0.11
open	0.20	0.15
autumn	0.20	0.88
laid	0.20	0.18
platform	0.20	0.12
overall	0.20	0.21
frozen	0.20	0.29
provides	0.20	0.24
laughed	0.20	0.81
newspaper	0.20	0.22
friends	0.20	1.17
nobody	0.20	0.80
stretched	0.20	0.14
willing	0.20	0.46
religion	0.20	0.80
standards	0.21	0.27
words	0.21	0.33
far	0.21	0.99
lifting	0.21	0.15
steadily	0.21	0.27
lawrence	0.21	0.32
win	0.21	0.25
space	0.21	0.27
seconds	0.21	0.26
dry	0.21	0.70
avenue	0.21	0.34
narrow	0.21	0.14
prepared	0.21	0.41
tied	0.21	0.10
water	0.21	0.38
horizon	0.21	0.26
martin	0.21	0.72
lined	0.21	0.28
born	0.21	1.29
tea	0.21	0.22
needle	0.21	0.14
lyle	0.21	0.51
milk	0.21	0.28
bone	0.21	0.22
perry	0.21	0.46
cleveland	0.21	0.32
jefferson	0.21	0.42
hits	0.21	0.14
allowed	0.21	0.40
surprise	0.21	0.67
bech	0.22	0.56
receive	0.22	0.20
towards	0.22	0.11
dubin	0.22	0.59
natural	0.22	0.53
lock	0.22	0.12
tiny	0.22	0.38
noon	0.22	0.25
away	0.22	0.17
sergeant	0.22	0.23
sunday	0.22	0.24
scientist	0.22	0.41
edge	0.22	0.13
showing	0.22	0.27
meetings	0.22	0.27
direction	0.22	0.21
repeated	0.22	0.55
buffalo	0.22	0.43
trained	0.22	0.24
restaurant	0.22	0.31
shockley	0.22	0.17
caught	0.22	0.44
magazine	0.22	0.26
phrase	0.22	0.25
closed	0.22	0.16
forget	0.22	0.70
helping	0.22	0.38
rapid	0.22	0.22
advantage	0.22	0.15
challenge	0.22	0.47
perform	0.22	0.16
coat	0.22	0.35
longer	0.22	0.67
grasp	0.23	0.52
wanting	0.23	0.52
sending	0.23	0.39
sports	0.23	0.28
exit	0.23	0.67
distance	0.23	0.32
lowered	0.23	0.17
cliff	0.23	0.22
keys	0.23	0.16
received	0.23	0.19
upstairs	0.23	0.29
simon	0.23	0.59
waves	0.23	0.28
counter	0.23	0.12
stone	0.23	0.67
routine	0.23	0.44
parents	0.23	1.30
seldom	0.23	0.57
davis	0.23	0.32
explains	0.23	0.85
upon	0.23	0.35
sheets	0.23	0.14
swinging	0.23	0.19
swiftly	0.23	0.20
spencer	0.23	0.18
beach	0.23	0.18
language	0.23	0.26
ray	0.23	0.58
ice	0.23	0.32
em	0.23	0.61
grabbed	0.23	0.27
sent	0.23	0.32
washed	0.23	0.36
cleared	0.23	0.45
changes	0.23	0.31
gain	0.23	0.23
childhood	0.23	0.80
watch	0.23	0.27
entertainment	0.24	0.20
protestant	0.24	0.60
characters	0.24	0.50
leaned	0.24	0.52
cut	0.24	0.12
heavy	0.24	0.28
dr	0.24	0.51
intend	0.24	0.48
factor	0.24	0.39
across	0.24	0.11
belt	0.24	0.21
considered	0.24	0.50
fast	0.24	0.32
look	0.24	0.69
element	0.24	0.27
key	0.24	0.30
dutch	0.24	0.29
onto	0.24	0.12
surface	0.24	0.30
packed	0.24	0.10
us	0.24	0.51
print	0.24	0.32
heads	0.24	0.26
church	0.24	0.79
establishment	0.24	0.47
tools	0.24	0.18
speaks	0.24	0.32
data	0.24	0.21
slave	0.24	0.52
bible	0.24	0.98
responded	0.24	0.39
places	0.24	0.66
processes	0.24	0.25
lived	0.24	1.70
daughters	0.24	1.32
breeze	0.25	0.82
ends	0.25	0.15
noise	0.25	0.40
pine	0.25	0.38
sympathy	0.25	1.11
sisters	0.25	1.30
bore	0.25	0.32
vision	0.25	0.65
jones	0.25	0.18
star	0.25	0.29
upward	0.25	0.11
memory	0.25	0.49
tries	0.25	0.44
wrapped	0.25	0.12
spell	0.25	0.34
title	0.25	0.59
scarcely	0.25	0.55
foster	0.25	0.79
fence	0.25	0.24
importance	0.25	0.35
conduct	0.25	0.21
control	0.25	0.14
dress	0.25	0.45
figure	0.25	0.26
england	0.25	0.52
wanted	0.25	0.57
speeches	0.25	0.30
held	0.25	0.20
stream	0.25	0.20
hidden	0.25	0.59
stayed	0.25	0.48
tomorrow	0.25	0.29
able	0.25	0.46
haven	0.25	0.49
satisfaction	0.25	1.13
ask	0.25	0.55
mule	0.25	0.24
does	0.25	0.61
manager	0.25	0.22
decline	0.26	0.48
ritual	0.26	0.64
supposed	0.26	0.59
wooden	0.26	0.16
pace	0.26	0.26
defensive	0.26	0.10
b	0.26	0.19
hanging	0.26	0.12
nearest	0.26	0.13
stare	0.26	0.63
scream	0.26	0.37
d	0.26	0.19
flat	0.26	0.29
lester	0.26	0.45
stars	0.26	0.30
giants	0.26	0.28
laughing	0.26	0.50
spain	0.26	0.44
cheap	0.26	0.69
shops	0.26	0.59
aloud	0.26	0.41
contained	0.26	0.15
filling	0.26	0.16
buried	0.26	0.28
around	0.26	0.13
arrangement	0.26	0.79
nodded	0.26	0.69
basket	0.26	0.23
pockets	0.26	0.15
large	0.26	0.45
view	0.26	0.33
cover	0.26	0.25
worked	0.26	0.80
shut	0.26	0.21
mud	0.26	0.35
cans	0.26	0.17
raised	0.26	0.23
note	0.26	0.26
visiting	0.26	0.69
remains	0.26	0.26
sometime	0.26	0.32
drawing	0.26	0.16
egg	0.27	0.35
role	0.27	0.19
al	0.27	0.19
lifted	0.27	0.27
speed	0.27	0.24
documents	0.27	0.25
generally	0.27	0.38
grinned	0.27	0.53
howard	0.27	0.23
trying	0.27	0.49
picks	0.27	0.31
successfully	0.27	0.29
strictly	0.27	0.15
knowledge	0.27	0.59
intellectual	0.27	0.40
clerk	0.27	0.18
relax	0.27	0.63
gesture	0.27	0.59
hears	0.27	0.38
belonged	0.27	1.64
mounted	0.27	0.14
close	0.27	0.18
knows	0.27	0.72
re	0.27	0.21
may	0.27	0.49
say	0.27	0.65
field	0.27	0.22
himself	0.27	0.46
randolph	0.27	0.14
juice	0.27	0.27
frank	0.27	0.31
speaker	0.27	0.22
foot	0.27	0.12
above	0.27	0.12
trust	0.27	0.34
stage	0.28	0.74
sun	0.28	0.46
sooner	0.28	0.76
santa	0.28	0.38
pound	0.28	0.19
immediately	0.28	0.46
sheet	0.28	0.13
enough	0.28	0.44
once	0.28	0.63
leo	0.28	0.23
wants	0.28	0.85
yard	0.28	0.21
silk	0.28	0.59
myself	0.28	0.48
newspapers	0.28	0.26
instructions	0.28	0.19
bandit	0.28	0.13
cleaning	0.28	0.50
hannah	0.28	0.56
brother	0.28	1.11
neither	0.29	0.58
x	0.29	0.17
ii	0.29	0.40
permission	0.29	0.34
arren	0.29	0.57
return	0.29	0.63
priest	0.29	0.73
walls	0.29	0.25
wet	0.29	0.48
wealth	0.29	0.57
cups	0.29	0.23
everything	0.29	0.85
jack	0.29	0.31
jesus	0.29	0.79
reaching	0.29	0.20
replied	0.29	0.64
hired	0.29	0.34
owen	0.29	0.25
parent	0.29	1.09
chain	0.29	0.22
knife	0.29	0.18
thompson	0.29	0.59
iii	0.29	0.46
logical	0.29	0.40
exposure	0.29	0.49
believes	0.29	0.77
cape	0.29	0.51
thick	0.30	0.44
files	0.30	0.28
document	0.30	0.16
matter	0.30	0.73
shining	0.30	0.26
stuck	0.30	0.19
henry	0.30	0.28
movies	0.30	0.27
pen	0.30	0.18
yvonne	0.30	0.34
write	0.30	0.30
trend	0.30	0.66
achieved	0.30	0.42
white	0.30	0.64
crack	0.30	0.47
c	0.30	0.19
wrote	0.30	0.30
skills	0.30	0.25
calls	0.30	0.30
evening	0.30	0.30
drawer	0.30	0.12
volume	0.30	0.20
alternative	0.30	0.34
balance	0.30	0.22
sharp	0.30	0.20
citizen	0.31	0.65
seemingly	0.31	0.36
bound	0.31	0.44
clearly	0.31	0.49
reading	0.31	0.32
michael	0.31	0.31
business	0.31	0.49
dishes	0.31	0.69
curve	0.31	0.15
prize	0.31	0.15
chest	0.31	0.29
screen	0.31	0.16
writing	0.31	0.35
rocks	0.31	0.38
needed	0.31	0.34
dare	0.31	0.50
movements	0.31	0.29
should	0.31	0.52
beard	0.31	0.37
tapes	0.31	0.17
ground	0.31	0.35
pan	0.31	0.56
address	0.31	0.26
arguing	0.31	0.37
dressed	0.31	0.61
bearing	0.31	0.64
box	0.31	0.16
anybody	0.31	0.72
legs	0.31	0.21
pleasure	0.32	0.98
cameras	0.32	0.16
eye	0.32	0.21
hiding	0.32	0.52
duty	0.32	0.44
booth	0.32	0.14
trevayne	0.32	0.18
beyond	0.32	0.18
guy	0.32	1.16
eggs	0.32	0.43
contribution	0.32	0.41
foundation	0.32	0.57
aside	0.32	0.16
tin	0.32	0.21
bottom	0.32	0.16
trunk	0.32	0.24
stick	0.32	0.33
must	0.32	0.51
charles	0.32	0.38
row	0.32	0.24
beef	0.32	0.62
writes	0.32	0.29
reader	0.32	0.32
necessary	0.32	0.45
niles	0.32	0.32
status	0.32	0.48
unfortunately	0.32	0.20
normally	0.32	0.37
cup	0.32	0.25
try	0.33	0.51
reads	0.33	0.24
edges	0.33	0.26
capable	0.33	0.30
morgan	0.33	0.19
hint	0.33	0.45
heels	0.33	0.19
colored	0.33	0.61
walker	0.33	0.29
notes	0.33	0.23
advice	0.33	0.29
hooker	0.33	0.30
robe	0.33	0.25
hung	0.33	0.13
wire	0.33	0.17
knight	0.33	0.17
cloth	0.33	0.22
sky	0.33	0.41
round	0.33	0.19
tight	0.33	0.17
paper	0.34	0.17
floor	0.34	0.23
recognition	0.34	0.20
philip	0.34	0.50
brady	0.34	0.17
kate	0.34	0.12
draft	0.34	0.33
winning	0.34	0.16
frame	0.34	0.11
prospect	0.34	0.48
emphasis	0.34	0.26
sighed	0.34	0.60
home	0.34	0.79
remote	0.34	0.51
brewster	0.34	0.17
camera	0.34	0.09
wo	0.34	0.54
u	0.34	0.22
forgot	0.34	0.78
girls	0.34	0.94
allen	0.34	0.19
sunlight	0.34	0.44
finds	0.34	0.41
apollo	0.34	0.61
arms	0.34	0.20
tactics	0.35	0.41
abortion	0.35	0.69
pages	0.35	0.32
shouting	0.35	0.65
fist	0.35	0.27
present	0.35	0.96
dropping	0.35	0.19
mere	0.35	0.76
alliance	0.35	0.65
still	0.35	0.48
bath	0.35	0.42
articles	0.35	0.30
final	0.35	0.60
league	0.35	0.22
included	0.35	0.49
scenes	0.35	0.39
genuine	0.35	0.80
shelf	0.35	0.13
body	0.35	0.34
ought	0.35	0.54
printed	0.35	0.29
preserve	0.35	0.47
approval	0.35	0.59
farther	0.35	0.70
message	0.36	0.27
endless	0.36	0.86
available	0.36	0.29
child	0.36	1.18
ing	0.36	0.33
shout	0.36	0.36
s	0.36	0.20
start	0.36	0.54
literature	0.36	0.34
sandwich	0.36	0.35
hess	0.36	0.20
carl	0.36	0.43
wood	0.36	0.23
jerry	0.36	0.25
ma	0.36	0.57
nick	0.36	0.37
tip	0.36	0.33
goin	0.36	0.64
book	0.36	0.37
thoughts	0.36	0.33
backward	0.36	0.12
depth	0.36	0.84
ralph	0.37	0.17
bell	0.37	0.22
distant	0.37	0.53
again	0.37	0.30
jory	0.37	0.67
gray	0.37	0.59
dominant	0.37	0.27
visitor	0.37	0.49
meadows	0.37	0.28
facts	0.37	0.51
trinity	0.37	0.42
buddy	0.37	0.59
greatest	0.37	0.81
real	0.37	2.09
lets	0.37	0.30
known	0.37	0.80
captain	0.37	0.16
envelope	0.37	0.14
h	0.37	0.20
publication	0.37	0.31
big	0.37	0.81
suspended	0.37	0.35
servants	0.37	0.60
ed	0.37	0.18
pillow	0.37	0.18
motion	0.37	0.19
foods	0.37	0.50
taken	0.37	0.60
quality	0.37	0.74
shopping	0.37	0.58
wishes	0.38	0.46
brush	0.38	0.32
promises	0.38	0.67
shelly	0.38	0.84
p	0.38	0.24
setting	0.38	0.44
shouted	0.38	0.41
drink	0.38	0.44
lies	0.38	0.73
file	0.38	0.14
says	0.38	0.42
promised	0.38	0.51
closer	0.38	0.52
arm	0.38	0.30
n	0.38	0.24
cutting	0.38	0.28
silently	0.38	0.34
willie	0.38	0.52
tightly	0.38	0.21
eddie	0.38	0.22
impression	0.38	0.36
grand	0.38	0.47
copy	0.38	0.28
tension	0.38	0.62
entirely	0.38	0.40
movie	0.39	0.27
sport	0.39	0.23
wrong	0.39	0.94
tables	0.39	0.25
radiation	0.39	0.50
anywhere	0.39	0.85
invitation	0.39	0.30
wish	0.39	0.50
iron	0.39	0.19
published	0.39	0.31
forward	0.39	0.18
found	0.39	0.51
knock	0.39	0.47
hollywood	0.39	0.19
almost	0.39	0.39
en	0.39	0.26
guru	0.39	1.22
belly	0.39	0.27
remembering	0.39	0.48
lord	0.39	1.15
waist	0.39	0.22
remain	0.39	0.44
buddusky	0.39	0.29
meat	0.39	0.58
beating	0.40	0.32
treece	0.40	0.12
appearance	0.40	0.26
burst	0.40	0.56
female	0.40	1.02
meals	0.40	0.86
behavior	0.40	0.44
madison	0.40	0.24
deals	0.40	0.46
screaming	0.40	0.24
why	0.40	0.62
basis	0.40	0.28
wayne	0.40	0.18
emperor	0.40	0.65
legal	0.40	0.67
joe	0.41	0.28
ready	0.41	0.48
actors	0.41	0.25
r	0.41	0.22
straight	0.41	0.24
dark	0.41	0.50
tell	0.41	0.68
mines	0.41	0.68
david	0.41	0.63
chicken	0.41	0.81
winslow	0.41	0.64
fans	0.41	0.23
billy	0.41	0.32
g	0.41	0.19
whoever	0.41	0.36
crowds	0.41	0.62
dull	0.41	1.86
breast	0.41	0.34
own	0.41	0.47
clair	0.41	0.25
blue	0.41	0.63
smiled	0.41	0.62
author	0.41	0.35
male	0.41	0.95
jewish	0.41	0.82
scale	0.42	0.40
touch	0.42	0.58
assured	0.42	0.90
required	0.42	0.37
sugar	0.42	0.27
e	0.42	0.24
film	0.42	0.25
knees	0.42	0.23
travis	0.42	0.20
gestures	0.42	0.54
furniture	0.42	0.28
t	0.42	0.22
dates	0.42	0.44
attitudes	0.43	0.35
tall	0.43	0.95
season	0.43	0.27
competition	0.43	0.47
blade	0.43	0.17
got	0.43	0.89
expression	0.43	0.46
gaze	0.43	0.34
wide	0.43	0.45
wait	0.43	0.44
letters	0.43	0.25
w	0.43	0.24
advanced	0.43	0.40
someday	0.43	0.64
task	0.43	0.48
performed	0.43	0.30
covered	0.43	0.31
stephen	0.43	0.41
magazines	0.43	0.33
soup	0.43	0.69
m	0.44	0.24
liked	0.44	1.88
short	0.44	0.43
y	0.44	0.26
fond	0.44	1.27
tear	0.44	0.39
o	0.44	0.25
push	0.44	0.32
phase	0.44	0.47
answers	0.44	0.30
honor	0.44	0.67
might	0.44	0.71
historic	0.44	0.73
naked	0.44	0.33
rows	0.44	0.32
throwing	0.44	0.37
colonel	0.44	0.23
skull	0.44	0.39
smith	0.44	0.33
birth	0.44	0.99
sean	0.44	0.19
objective	0.45	0.46
striking	0.45	1.08
f	0.45	0.24
wise	0.45	1.80
l	0.45	0.21
ranks	0.45	0.47
swear	0.45	0.43
contemporary	0.45	0.35
come	0.45	0.60
slowly	0.45	0.22
hack	0.45	0.15
initiative	0.45	0.35
max	0.45	0.20
actor	0.45	0.17
easier	0.46	0.74
entry	0.46	0.44
folks	0.46	0.55
hot	0.46	0.52
palace	0.46	0.56
require	0.46	0.45
progress	0.46	0.41
partners	0.46	1.02
miners	0.46	0.41
sexual	0.46	0.87
bread	0.46	0.41
left	0.46	0.43
pool	0.46	0.26
guarantee	0.46	0.64
consideration	0.46	0.34
solid	0.46	0.40
situations	0.46	0.48
attend	0.46	0.49
plenty	0.46	0.58
obtain	0.47	0.42
classic	0.47	0.68
hook	0.47	0.12
mean	0.47	0.84
answer	0.47	0.44
fixed	0.47	0.37
guide	0.47	0.19
medium	0.47	0.35
pray	0.47	1.05
lacey	0.47	0.26
vital	0.47	0.41
waved	0.47	0.41
steed	0.47	0.16
arlene	0.47	0.51
hudson	0.47	0.14
shaking	0.47	0.31
sanders	0.47	0.57
respect	0.47	0.85
master	0.47	0.53
bowl	0.47	0.20
someone	0.48	0.61
covers	0.48	0.20
lack	0.48	0.48
anderson	0.48	0.20
coach	0.48	0.20
dianne	0.48	0.28
finished	0.48	0.46
papers	0.48	0.28
cheese	0.48	0.41
hawley	0.48	0.17
lost	0.48	0.36
swimming	0.48	0.26
changing	0.48	0.74
copies	0.48	0.32
metal	0.48	0.25
ability	0.48	0.38
very	0.48	0.59
lou	0.48	0.19
cave	0.49	0.35
let	0.49	0.50
blume	0.49	0.24
victory	0.49	0.52
kept	0.49	0.40
simple	0.49	0.65
shoulders	0.49	0.25
folded	0.49	0.19
indication	0.49	0.30
nothin	0.49	0.65
moderate	0.49	0.54
believe	0.49	0.58
brody	0.49	0.18
rosie	0.50	0.38
maintained	0.50	0.27
brown	0.50	0.59
ball	0.50	0.19
credit	0.50	0.43
minds	0.50	0.23
brian	0.50	0.47
effective	0.50	0.48
pa	0.50	0.24
instrument	0.50	0.27
contact	0.50	0.30
diet	0.50	0.62
essential	0.50	0.51
tool	0.50	0.30
comparison	0.50	0.34
entire	0.50	0.65
conversations	0.50	0.46
golf	0.50	0.28
susan	0.50	0.73
sophisticated	0.50	0.40
call	0.50	0.36
odds	0.50	0.46
heaven	0.50	1.26
rang	0.50	0.29
complex	0.50	0.48
friend	0.50	0.82
profit	0.50	0.45
spot	0.50	0.38
norman	0.50	0.52
linda	0.51	0.29
plates	0.51	0.24
critical	0.51	0.66
shall	0.51	0.50
meal	0.51	0.91
between	0.51	0.43
shape	0.51	0.64
miracle	0.51	0.84
indeed	0.51	0.47
pretty	0.51	1.63
na	0.51	0.64
elaborate	0.51	0.50
milton	0.51	0.26
examples	0.51	0.72
question	0.51	0.42
maintain	0.51	0.39
memorial	0.51	0.57
original	0.51	0.50
position	0.52	0.39
dreams	0.52	0.55
gon	0.52	0.64
teams	0.52	0.31
hoss	0.52	0.64
normal	0.52	0.29
raw	0.52	0.49
flag	0.52	0.18
levanter	0.52	0.23
guess	0.52	0.84
wrist	0.53	0.33
photograph	0.53	0.31
piece	0.53	0.60
tradition	0.53	0.68
roger	0.53	0.17
hands	0.53	0.29
tennis	0.53	0.25
score	0.53	0.19
attracted	0.53	0.53
canvas	0.54	0.24
materials	0.54	0.53
neck	0.54	0.29
films	0.54	0.30
faint	0.54	0.69
lee	0.54	0.49
grandfather	0.54	1.02
achievement	0.54	0.45
quite	0.54	0.60
sharing	0.54	0.62
manhattan	0.54	0.59
total	0.54	0.67
poet	0.54	0.54
players	0.55	0.33
bare	0.55	0.14
accomplished	0.55	0.34
work	0.55	0.61
houston	0.55	0.34
duties	0.55	0.37
privacy	0.55	0.50
forgive	0.55	0.62
grass	0.55	0.73
gained	0.55	0.27
appreciate	0.55	0.34
breasts	0.55	0.19
jesse	0.55	0.30
pressing	0.55	0.51
post	0.55	0.47
obvious	0.56	0.67
extra	0.56	0.41
muscles	0.56	0.65
significant	0.56	1.01
free	0.56	0.43
jeff	0.56	0.16
baby	0.56	0.95
temple	0.56	1.01
items	0.56	0.46
always	0.56	1.20
loud	0.56	0.45
jaw	0.56	0.32
jake	0.56	0.21
head	0.56	0.30
restored	0.57	0.23
arnold	0.57	0.17
trips	0.57	0.55
lip	0.57	0.30
fiction	0.57	0.50
dinner	0.57	0.83
pitch	0.57	0.49
tongue	0.57	0.33
eyes	0.57	0.22
ben	0.57	0.49
youth	0.57	0.98
corners	0.57	0.20
permitted	0.57	0.43
beds	0.57	0.62
operator	0.57	0.17
opportunity	0.58	0.45
mouth	0.58	0.38
accent	0.58	0.50
bond	0.58	0.43
finding	0.58	0.36
studio	0.58	0.26
sum	0.58	0.53
steve	0.58	0.25
reason	0.58	0.56
sophie	0.58	0.56
rare	0.58	0.55
tower	0.59	0.49
duncan	0.59	0.54
interpretation	0.59	0.48
ca	0.59	0.63
prayer	0.59	1.20
lap	0.59	0.23
pale	0.59	0.43
stones	0.59	0.67
wendy	0.59	0.40
height	0.59	0.40
king	0.59	0.60
proof	0.59	0.69
team	0.60	0.21
hopes	0.60	0.48
background	0.60	0.31
game	0.60	0.22
shower	0.60	0.36
pollifax	0.60	0.66
bebb	0.60	0.65
football	0.60	0.24
bend	0.60	0.34
crucial	0.60	0.89
bush	0.60	0.70
adventure	0.60	0.62
listening	0.60	0.55
sufficient	0.61	0.32
grandmother	0.61	1.03
bernard	0.61	0.19
trees	0.61	0.74
fur	0.61	0.56
lifetime	0.61	0.53
event	0.61	0.93
architecture	0.62	0.60
yourself	0.62	0.49
going	0.62	0.79
strategy	0.62	0.50
teeth	0.62	0.20
barely	0.62	0.31
leaves	0.62	0.70
virtually	0.62	0.36
hair	0.62	0.32
ties	0.62	0.54
wan	0.62	0.68
chris	0.62	0.23
safely	0.62	0.46
expensive	0.63	0.82
patterns	0.63	0.32
practical	0.63	0.47
royal	0.63	0.53
faith	0.63	1.13
crowd	0.63	0.64
written	0.63	0.32
wherever	0.63	0.50
games	0.63	0.19
baseball	0.63	0.24
usual	0.63	0.92
elbow	0.63	0.34
erica	0.63	0.41
ta	0.63	0.71
bet	0.64	0.83
minute	0.64	0.44
jim	0.64	0.18
finish	0.64	0.72
impulse	0.64	0.59
cast	0.64	0.46
ceremony	0.64	0.59
changed	0.64	0.89
face	0.64	0.19
performance	0.64	0.25
means	0.64	0.41
ya	0.65	0.71
pro	0.65	0.22
clothing	0.65	0.42
sound	0.65	0.48
doc	0.65	0.39
breaks	0.65	0.38
garden	0.65	0.79
fantasy	0.65	0.55
roles	0.65	0.65
uncle	0.65	0.85
features	0.65	0.29
mining	0.65	0.43
giles	0.65	0.43
granted	0.65	0.27
remained	0.65	0.47
hangs	0.65	0.30
commitment	0.65	0.73
exception	0.65	0.28
wife	0.65	1.48
shade	0.66	0.64
cheeks	0.66	0.31
entitled	0.66	0.43
strong	0.66	0.50
arts	0.66	0.56
marry	0.66	1.61
widow	0.66	1.14
earned	0.66	0.36
prince	0.66	0.70
appropriate	0.66	1.15
fact	0.66	0.53
style	0.67	0.69
completed	0.67	0.55
holland	0.67	0.41
practically	0.67	0.39
correct	0.67	0.77
trouble	0.67	0.90
help	0.67	0.48
waldo	0.67	0.30
includes	0.67	0.48
clear	0.67	0.57
betty	0.67	1.02
cheryl	0.67	0.22
restore	0.67	0.27
wiped	0.68	0.51
ears	0.68	0.29
bruce	0.68	0.27
tom	0.68	0.13
crunch	0.68	0.31
tree	0.68	0.70
fingers	0.68	0.39
telephone	0.68	0.28
pieces	0.68	0.46
career	0.68	0.26
scene	0.68	0.48
fausto	0.68	0.20
sand	0.68	0.52
expect	0.69	0.68
husband	0.69	1.12
mill	0.69	0.40
increased	0.69	0.54
harker	0.69	0.33
begins	0.69	0.34
brushed	0.69	0.49
arrangements	0.69	0.55
murchison	0.69	0.20
lean	0.69	0.60
fun	0.69	0.73
byron	0.69	0.60
saul	0.69	1.50
gradually	0.70	0.56
slow	0.70	0.28
married	0.70	1.52
garp	0.70	0.20
bailey	0.70	0.27
historical	0.70	0.89
perspective	0.70	0.39
ellie	0.70	0.35
useless	0.71	1.75
sam	0.71	0.37
relatively	0.71	0.58
cream	0.71	0.31
yellow	0.71	0.74
ari	0.71	0.12
relieved	0.71	1.63
nancy	0.71	0.55
theatre	0.72	0.27
nose	0.72	0.34
deserted	0.72	0.53
uh	0.73	0.60
loudly	0.73	0.33
arrow	0.73	0.33
kingdom	0.73	0.89
triumph	0.73	0.63
landscape	0.73	0.46
famous	0.73	0.47
chin	0.73	0.38
pardon	0.74	0.55
conor	0.74	0.26
anna	0.74	0.83
tonight	0.74	0.69
helen	0.74	0.71
relationship	0.74	0.59
pregnant	0.74	1.08
esther	0.74	0.67
fanny	0.74	0.57
rhetoric	0.74	0.41
jean	0.74	0.80
understanding	0.74	0.77
dedicated	0.74	0.31
communication	0.74	0.33
simultaneously	0.74	0.52
ellen	0.74	0.54
duke	0.75	0.62
fda	0.75	0.58
broad	0.75	0.38
roll	0.75	0.32
silence	0.75	0.54
letter	0.75	0.35
okay	0.75	0.77
artist	0.75	0.34
enthusiasm	0.75	0.95
divorce	0.75	1.69
mail	0.76	0.41
stability	0.76	0.38
talent	0.76	0.75
answered	0.76	0.51
rhythm	0.76	0.64
rose	0.76	0.43
neighbor	0.76	0.77
thin	0.76	0.56
filled	0.76	0.47
thumb	0.76	0.41
pattern	0.77	0.44
name	0.77	0.49
jew	0.77	0.44
determination	0.77	0.59
mike	0.77	0.43
candy	0.77	0.39
gentleman	0.77	0.70
theater	0.77	0.28
eve	0.77	1.03
don	0.78	0.39
creative	0.78	0.43
relationships	0.78	0.59
success	0.78	0.42
dick	0.78	0.48
green	0.78	0.77
ruth	0.79	0.54
red	0.79	0.73
record	0.79	0.42
tony	0.79	0.40
player	0.79	0.25
cried	0.79	0.58
mrs	0.79	0.24
attitude	0.79	0.48
orlean	0.80	0.29
safety	0.80	0.45
detailed	0.80	0.57
day	0.80	0.60
cousin	0.80	1.03
calling	0.80	0.40
whisper	0.80	0.43
de	0.80	0.47
larry	0.80	0.22
enid	0.80	0.33
dramatic	0.80	0.48
mutual	0.81	0.68
doubt	0.81	0.63
cooperation	0.81	0.54
promise	0.81	0.50
noble	0.81	0.48
pointing	0.81	0.44
balanced	0.81	0.39
occasional	0.81	0.45
laughter	0.82	0.49
precise	0.82	0.58
daisy	0.82	0.55
la	0.82	0.47
julia	0.82	0.72
throne	0.82	0.67
pictures	0.82	0.43
precisely	0.82	0.73
producing	0.82	0.29
positive	0.82	0.76
listen	0.82	0.49
vicky	0.83	0.71
guest	0.83	0.31
cards	0.83	0.37
empire	0.83	0.50
second	0.83	0.54
earn	0.83	0.73
shoulder	0.83	0.60
obtained	0.83	0.52
ewing	0.84	0.24
anne	0.84	1.00
gains	0.84	0.63
climate	0.84	0.83
seventh	0.84	0.62
bent	0.84	0.57
breathing	0.84	0.76
strongly	0.84	1.48
counted	0.84	0.69
le	0.85	0.51
ross	0.85	0.33
skill	0.85	0.48
rock	0.85	0.26
third	0.85	0.48
orange	0.85	0.66
politician	0.85	0.40
low	0.85	0.41
tate	0.86	0.22
artists	0.86	0.54
extensive	0.86	0.52
possible	0.86	0.55
hear	0.86	0.41
hurry	0.86	0.40
important	0.86	1.06
situation	0.86	0.51
finger	0.87	0.46
link	0.87	0.32
flowers	0.87	0.92
fifth	0.87	0.57
ring	0.87	0.34
opera	0.87	0.33
delivered	0.88	0.42
chance	0.88	0.69
daughter	0.88	1.00
gail	0.88	0.32
visitors	0.88	0.86
harold	0.89	0.21
pink	0.89	0.68
objects	0.89	0.57
skin	0.89	0.41
bob	0.89	0.36
resort	0.89	0.62
waving	0.89	0.46
mother	0.89	1.38
card	0.89	0.38
wit	0.89	0.63
possessed	0.89	0.80
barbara	0.90	0.68
fruit	0.90	0.63
reputation	0.90	0.51
funeral	0.90	0.66
stolen	0.90	0.50
qualities	0.90	0.71
elizabeth	0.90	0.93
floating	0.90	0.59
works	0.90	0.40
fashion	0.90	0.51
vacation	0.90	0.74
subtle	0.90	0.56
button	0.90	0.43
interrupted	0.90	0.53
efficiency	0.90	0.51
phone	0.91	0.35
temper	0.91	0.37
lincoln	0.91	0.42
sixth	0.91	0.61
bow	0.91	0.25
carol	0.91	0.38
calmly	0.91	0.51
library	0.91	0.85
peace	0.92	0.40
et	0.92	0.50
improve	0.92	0.69
lips	0.92	0.48
rabbi	0.92	0.59
attractive	0.92	0.50
quick	0.93	0.52
edna	0.93	0.44
picture	0.93	0.37
guests	0.93	0.37
promising	0.93	0.48
pete	0.94	0.20
hand	0.94	0.61
extended	0.94	0.39
pause	0.94	0.61
faithful	0.94	0.79
offers	0.94	0.35
accompanied	0.95	0.42
books	0.95	0.59
quietly	0.95	0.50
firmly	0.96	0.45
enjoy	0.96	0.46
sister	0.96	0.97
sharon	0.96	0.24
whispered	0.96	0.54
date	0.97	0.60
absolutely	0.97	0.57
alert	0.97	0.60
superior	0.97	0.33
engaged	0.97	0.38
patsy	0.97	0.28
classical	0.97	0.38
conditions	0.97	0.70
records	0.97	0.49
automatically	0.98	0.43
queen	0.98	0.82
play	0.98	0.29
blond	0.98	0.63
smooth	0.98	0.75
locked	0.98	0.57
best	0.98	2.05
formal	0.99	0.51
pressed	0.99	0.60
constant	0.99	0.63
acceptable	0.99	0.64
forehead	0.99	0.56
bright	1.00	0.73
occasions	1.00	0.35
useful	1.00	0.91
comfort	1.00	0.50
popular	1.01	0.30
brass	1.01	0.33
paint	1.01	0.49
wake	1.02	0.23
resting	1.02	0.55
touched	1.02	0.62
boss	1.02	0.74
angel	1.02	0.73
wisdom	1.02	1.17
diamond	1.03	0.60
palm	1.03	0.56
display	1.03	0.77
fresh	1.03	0.78
courage	1.04	0.67
servant	1.04	0.51
devoted	1.04	0.34
diana	1.04	0.25
spend	1.04	0.66
modest	1.04	0.70
permanent	1.05	0.68
carefully	1.05	0.48
voice	1.05	0.56
julie	1.05	0.47
pleased	1.05	1.45
protected	1.05	0.53
portrait	1.06	0.54
swift	1.07	0.45
yours	1.07	0.56
loves	1.07	1.63
rational	1.07	0.51
daddy	1.07	0.31
gown	1.07	0.40
voices	1.08	0.50
confidence	1.08	0.72
shy	1.08	0.55
tough	1.09	1.40
painted	1.09	0.60
painting	1.09	0.59
strength	1.10	0.54
murmured	1.10	0.47
gifts	1.10	0.67
softly	1.10	0.42
bud	1.10	0.23
woman	1.10	0.67
recorded	1.11	0.35
rings	1.11	0.44
theme	1.11	0.44
rockwell	1.13	0.70
collected	1.13	0.59
accurate	1.13	0.60
purple	1.13	0.79
poems	1.13	0.39
slim	1.13	0.49
brandon	1.13	0.50
relations	1.13	0.48
sex	1.13	1.62
humor	1.13	0.67
weekend	1.13	0.72
remarkable	1.14	0.88
mary	1.14	0.80
oglethorpe	1.14	0.31
mr	1.14	0.30
handsome	1.15	0.59
god	1.15	1.49
joy	1.15	1.51
delighted	1.15	1.48
exclaimed	1.15	0.44
eunice	1.16	0.42
fourth	1.16	0.75
jane	1.16	0.64
aye	1.16	0.32
warmth	1.16	0.58
broadway	1.16	0.40
alice	1.16	0.49
imagination	1.17	0.71
audience	1.17	0.54
crown	1.17	0.55
tommy	1.18	0.46
honey	1.18	0.29
brilliant	1.18	0.47
truly	1.18	0.44
marble	1.19	0.45
adequate	1.19	0.59
greeted	1.20	0.51
mister	1.20	0.73
helpful	1.20	0.61
impressed	1.20	1.60
cook	1.20	1.90
cooking	1.21	1.78
genius	1.21	0.69
dancing	1.21	0.45
color	1.21	0.72
alvin	1.21	0.36
boxes	1.21	0.41
fred	1.21	0.23
forever	1.21	1.49
herself	1.22	1.23
poetry	1.22	0.48
hey	1.22	0.54
charlotte	1.22	0.51
sure	1.23	0.72
exercise	1.23	0.42
elena	1.23	0.38
plays	1.23	0.36
sir	1.23	0.33
sorry	1.23	0.57
nonsense	1.24	1.18
huh	1.24	0.66
aunt	1.24	0.73
sarah	1.24	0.68
amused	1.25	1.33
fancy	1.25	0.69
fine	1.25	1.70
lover	1.25	1.12
margaret	1.26	0.73
tape	1.26	0.38
cheek	1.26	0.74
parade	1.27	0.87
justine	1.27	0.46
photographs	1.27	0.76
rob	1.27	0.26
judy	1.27	0.26
proper	1.27	0.88
princess	1.27	0.73
laura	1.28	0.67
tent	1.28	0.42
charleston	1.28	0.27
marriage	1.29	1.54
better	1.29	1.68
smile	1.29	0.59
patience	1.30	0.51
everybody	1.30	1.01
favorite	1.30	0.28
truth	1.30	1.40
spirit	1.31	1.50
lightly	1.31	0.69
ladies	1.31	0.42
exciting	1.32	1.53
martha	1.32	0.58
poem	1.33	0.44
heather	1.33	0.43
steady	1.33	0.55
gently	1.33	0.58
silver	1.34	0.64
yeah	1.34	0.69
gallery	1.35	0.73
played	1.36	0.38
presents	1.36	0.49
warm	1.36	0.79
rested	1.37	0.42
interesting	1.37	1.93
paintings	1.37	0.76
nevertheless	1.37	1.78
miss	1.37	0.50
efficient	1.39	0.61
applause	1.39	0.46
manner	1.40	0.65
easy	1.40	0.60
loyalty	1.43	1.44
done	1.43	1.54
tone	1.44	0.72
improvement	1.45	1.61
suitable	1.45	0.71
salt	1.46	0.40
ear	1.47	0.55
polite	1.47	0.82
hearts	1.47	1.35
gentlemen	1.48	0.21
impressive	1.49	1.22
janet	1.49	0.37
pure	1.50	1.31
pop	1.51	0.37
stable	1.51	0.64
butter	1.52	0.40
papa	1.53	0.21
lucy	1.53	0.52
art	1.54	0.65
mom	1.54	0.24
delight	1.55	1.18
valuable	1.56	1.82
pat	1.56	0.28
playing	1.58	0.47
joan	1.58	0.42
touching	1.58	0.60
lucky	1.58	0.98
theirs	1.58	1.44
everyone	1.58	1.02
gold	1.59	0.51
yes	1.59	0.40
loyal	1.59	0.29
sake	1.60	1.14
circumstances	1.60	1.78
dad	1.62	0.39
intelligent	1.62	0.37
complete	1.62	1.61
innocent	1.62	1.39
mighty	1.62	0.89
passion	1.63	1.30
excuse	1.64	0.45
alive	1.65	0.96
affection	1.65	1.30
lovers	1.66	1.28
please	1.68	0.38
atmosphere	1.70	0.96
oh	1.70	0.45
hello	1.70	0.38
praise	1.70	1.17
mild	1.71	1.48
band	1.71	0.42
companion	1.72	1.13
musical	1.72	0.48
hers	1.72	0.47
composed	1.72	0.44
romantic	1.72	0.96
dignity	1.73	1.27
ah	1.74	0.31
brave	1.74	0.65
eva	1.76	0.32
cool	1.76	0.69
job	1.77	1.55
neat	1.77	0.70
smiling	1.77	0.41
casual	1.78	1.49
singer	1.80	0.40
girl	1.83	0.85
hi	1.84	0.39
folk	1.85	0.45
confident	1.85	1.07
chorus	1.86	0.46
music	1.86	0.47
right	1.86	1.32
calm	1.86	0.80
sensible	1.86	1.11
reasonable	1.87	0.77
piano	1.88	0.46
exact	1.88	1.29
friendship	1.88	1.23
dance	1.89	0.45
fairly	1.89	1.22
glory	1.90	1.08
cake	1.90	0.51
careful	1.92	1.25
full	1.93	1.38
tune	1.93	0.48
kissed	1.97	1.28
comfortable	1.98	1.34
songs	1.99	0.48
rafe	1.99	0.95
meantime	2.00	1.70
luck	2.01	1.12
healthy	2.01	0.76
ada	2.05	0.97
grateful	2.05	0.79
gentle	2.05	0.53
definitely	2.06	1.05
mood	2.09	1.28
dear	2.11	0.80
enjoyed	2.13	0.83
embrace	2.13	1.09
fair	2.16	1.01
honest	2.17	0.84
lady	2.18	0.80
glad	2.18	0.74
occasion	2.21	0.98
wedding	2.23	0.82
fortune	2.23	1.03
perfectly	2.24	1.06
shelter	2.24	1.29
gay	2.25	1.27
thanks	2.25	1.01
improved	2.26	1.58
relaxed	2.26	1.30
goodbye	2.27	0.38
true	2.28	1.07
thank	2.29	0.81
christmas	2.31	0.97
singing	2.33	0.83
quiet	2.34	1.19
charity	2.35	1.05
secure	2.35	0.93
generous	2.36	0.63
hope	2.36	1.14
grace	2.36	0.99
museum	2.37	1.31
birthday	2.37	0.96
charm	2.38	0.90
kiss	2.38	0.86
colors	2.39	1.11
welcome	2.39	0.72
flower	2.39	1.06
song	2.42	0.78
delicate	2.43	0.86
holiday	2.43	0.99
golden	2.43	1.02
sing	2.44	0.81
soft	2.45	0.92
mine	2.49	0.88
elegant	2.53	0.82
loving	2.54	0.71
safe	2.55	1.16
madame	2.55	0.83
decent	2.56	0.98
peaceful	2.60	1.14
eden	2.60	0.72
friendly	2.64	0.92
kindly	2.65	0.83
enjoying	2.66	1.00
gift	2.69	0.68
happily	2.70	1.00
beauty	2.70	0.84
splendid	2.71	0.97
collection	2.72	0.98
sang	2.74	0.75
precious	2.75	0.78
wonderful	2.83	0.60
charming	2.85	0.74
darling	2.90	0.64
sweet	2.90	0.64
nice	2.92	0.66
beautiful	3.04	0.49
