cruel	-4.28	1.03
punishment	-4.03	1.49
worst	-3.67	1.90
terrible	-3.64	1.62
sick	-3.54	1.14
committed	-3.47	1.37
death	-3.40	1.67
weak	-3.39	1.28
miserable	-3.34	0.85
destruction	-3.25	1.50
corruption	-3.23	1.69
rural	-3.22	1.73
incident	-3.21	1.63
poverty	-3.19	1.48
ill	-3.16	1.29
peasants	-3.10	1.63
ugly	-3.08	1.62
reverse	-2.99	2.03
condition	-2.96	1.46
alike	-2.94	2.01
experiences	-2.94	1.79
dependent	-2.90	1.70
blind	-2.88	1.46
troubled	-2.80	1.89
chaos	-2.80	1.70
depressed	-2.80	1.84
preferred	-2.79	2.24
koch	-2.75	1.97
threats	-2.73	1.86
circumstances	-2.72	1.88
suffering	-2.72	0.92
admit	-2.71	1.98
crime	-2.69	0.67
awful	-2.63	1.68
experienced	-2.60	2.23
violence	-2.59	0.59
tired	-2.59	1.96
smell	-2.55	2.10
adams	-2.54	1.95
lately	-2.54	1.91
practically	-2.51	2.28
sin	-2.51	1.76
crimes	-2.50	0.68
frightened	-2.49	2.12
mental	-2.48	0.48
eliminate	-2.48	2.18
disaster	-2.46	0.71
considering	-2.46	2.00
worse	-2.45	1.63
weary	-2.45	2.02
strange	-2.44	1.72
unexpected	-2.43	1.93
convicted	-2.43	0.68
depression	-2.43	0.66
blame	-2.42	1.98
distinct	-2.37	2.26
upon	-2.35	2.18
assault	-2.34	0.69
confused	-2.31	2.13
guilty	-2.31	0.64
murder	-2.30	0.68
worried	-2.29	2.11
exhausted	-2.29	1.10
anxious	-2.29	2.39
badly	-2.28	0.94
terrified	-2.27	2.17
helpless	-2.26	0.53
hungry	-2.25	1.25
giant	-2.23	2.32
angry	-2.22	2.08
upset	-2.22	2.12
mistakes	-2.20	1.68
illness	-2.19	0.56
fate	-2.19	1.91
charges	-2.19	0.70
concerned	-2.18	2.21
desperate	-2.15	1.02
care	-2.15	1.97
collapse	-2.14	0.65
charged	-2.13	0.65
bored	-2.13	2.26
maid	-2.13	2.27
innocent	-2.13	1.42
memories	-2.12	1.97
mighty	-2.11	2.10
anthony	-2.10	2.41
spiritual	-2.07	2.32
sharp	-2.06	2.56
nervous	-2.06	2.21
potter	-2.04	2.15
mysterious	-2.04	1.62
violent	-2.03	0.75
remind	-2.00	2.23
accused	-2.00	0.55
spell	-1.99	2.06
drunk	-1.97	1.90
arrest	-1.97	0.62
hurt	-1.97	1.59
crisis	-1.97	0.67
tragedy	-1.94	0.52
beaten	-1.94	1.07
recession	-1.93	0.69
victims	-1.92	0.60
snake	-1.92	2.34
peculiar	-1.92	2.00
terribly	-1.92	2.14
midst	-1.92	0.39
lived	-1.89	2.14
dan	-1.88	2.24
despair	-1.87	0.77
suicide	-1.86	0.67
anita	-1.86	2.45
prison	-1.86	0.77
suffer	-1.85	0.51
troubles	-1.85	0.54
deaths	-1.84	0.73
accident	-1.84	0.70
dangerous	-1.84	2.09
victim	-1.84	0.56
spreading	-1.82	0.57
affected	-1.81	1.28
aware	-1.81	2.13
elderly	-1.81	2.15
jail	-1.81	0.71
uncomfortable	-1.80	2.34
scandal	-1.79	0.66
bother	-1.79	2.25
disturbed	-1.79	1.83
magic	-1.78	2.36
fears	-1.78	0.55
big	-1.77	1.59
negative	-1.77	2.42
treatment	-1.76	0.98
ward	-1.76	0.85
criminal	-1.76	0.50
living	-1.75	2.35
gods	-1.75	2.28
creature	-1.75	2.36
sal	-1.74	2.07
possessed	-1.73	2.47
thousands	-1.73	0.82
monster	-1.70	2.47
abuse	-1.70	0.54
disappointed	-1.70	2.32
mortal	-1.69	2.50
families	-1.68	2.41
unemployment	-1.67	0.65
pain	-1.66	0.70
physically	-1.66	0.69
illegal	-1.66	0.46
confusion	-1.66	0.69
suffered	-1.65	0.68
owen	-1.65	2.15
smelled	-1.64	2.56
danger	-1.63	0.44
dying	-1.63	0.60
severe	-1.63	0.80
charge	-1.62	0.44
psychological	-1.62	0.49
belonged	-1.62	2.02
consequences	-1.61	0.53
damn	-1.61	1.94
talked	-1.60	2.16
shock	-1.60	0.82
attacks	-1.60	0.61
patients	-1.59	0.91
aging	-1.59	0.73
painful	-1.59	0.97
overcome	-1.59	0.42
damage	-1.59	0.38
prisoners	-1.59	0.70
killing	-1.58	0.53
investigation	-1.58	0.61
feared	-1.58	2.01
mistake	-1.58	1.87
lonely	-1.57	2.12
heavily	-1.57	0.68
rage	-1.57	0.79
horror	-1.56	0.85
fear	-1.56	0.88
panic	-1.55	0.79
arrested	-1.55	0.47
disease	-1.55	0.47
spirits	-1.54	2.19
cat	-1.54	0.62
weakness	-1.54	0.34
surely	-1.54	2.23
hundreds	-1.53	0.81
isolated	-1.53	0.90
urban	-1.52	1.21
terror	-1.52	0.95
hunger	-1.51	0.72
physical	-1.51	0.37
scared	-1.51	1.39
loss	-1.50	0.64
old	-1.50	2.28
population	-1.50	1.11
harsh	-1.50	0.85
trial	-1.50	0.47
cared	-1.49	1.95
hospital	-1.49	0.98
bloody	-1.48	0.59
counts	-1.48	0.58
millions	-1.48	0.75
patient	-1.47	1.02
causing	-1.47	0.67
injury	-1.47	0.45
sometimes	-1.47	1.89
hospitals	-1.47	1.06
anymore	-1.46	2.30
sentence	-1.45	0.65
error	-1.44	1.06
wisdom	-1.44	2.39
dull	-1.44	0.69
ma	-1.44	2.07
shocked	-1.44	1.89
beast	-1.43	0.79
mym	-1.43	2.65
medical	-1.43	1.00
mess	-1.42	0.77
seriously	-1.41	0.69
dumb	-1.41	1.90
boom	-1.41	0.35
immigrants	-1.40	1.30
grim	-1.39	2.13
communities	-1.39	1.37
thou	-1.39	2.60
grief	-1.39	1.04
situation	-1.37	0.72
evidently	-1.37	2.54
wished	-1.37	2.17
stress	-1.37	0.32
pressures	-1.37	0.60
complaints	-1.36	0.59
devil	-1.36	2.05
diseases	-1.36	0.36
guilt	-1.36	0.92
causes	-1.35	0.40
mad	-1.35	0.80
nation	-1.35	0.68
threatening	-1.34	0.65
satan	-1.34	2.62
getting	-1.34	2.06
mass	-1.34	0.55
responsible	-1.34	0.61
stupid	-1.33	0.74
explosion	-1.33	0.53
divided	-1.32	0.45
welfare	-1.32	1.33
damned	-1.32	0.77
sudden	-1.31	0.72
symptoms	-1.31	0.57
mississippi	-1.31	1.04
changed	-1.30	2.04
health	-1.30	0.87
fault	-1.30	2.01
housing	-1.30	1.36
burden	-1.29	0.52
events	-1.29	1.07
agree	-1.28	0.76
embarrassed	-1.28	1.84
crash	-1.28	0.57
cases	-1.27	0.34
abandoned	-1.27	0.81
tobacco	-1.27	0.98
maine	-1.26	1.02
remote	-1.26	1.09
stunned	-1.24	1.33
real	-1.24	2.16
residents	-1.24	1.38
awareness	-1.24	0.58
infant	-1.23	2.27
injured	-1.23	0.36
swept	-1.23	0.67
drugs	-1.23	0.42
conviction	-1.22	0.64
favored	-1.22	0.58
puzzled	-1.22	1.45
drug	-1.21	0.29
uncertain	-1.21	1.43
dr	-1.21	2.32
meanwhile	-1.21	0.76
pity	-1.21	2.30
survived	-1.21	0.48
dog	-1.21	0.60
areas	-1.21	1.00
bull	-1.20	0.64
alcohol	-1.20	0.44
fever	-1.20	0.35
cancer	-1.19	0.43
anger	-1.19	0.95
occupied	-1.19	0.83
village	-1.19	1.30
slaves	-1.19	0.81
prefer	-1.19	1.00
aids	-1.19	0.40
exposure	-1.19	0.27
deliberately	-1.19	0.70
mexican	-1.18	0.67
difficulties	-1.18	0.75
wave	-1.18	0.75
deadly	-1.17	0.48
many	-1.17	0.62
cities	-1.17	1.05
cocaine	-1.16	0.30
towns	-1.16	1.21
treat	-1.16	0.42
fool	-1.16	0.72
sixteen	-1.16	1.27
fourteen	-1.16	1.26
countryside	-1.15	1.14
spirit	-1.15	2.32
experience	-1.15	0.71
farms	-1.15	1.27
burned	-1.14	0.91
kitchen	-1.14	0.97
admired	-1.14	2.20
tension	-1.14	0.48
jury	-1.14	0.38
connected	-1.14	0.54
smoke	-1.13	1.16
trapped	-1.13	0.44
regard	-1.12	0.78
mayor	-1.12	0.99
reveal	-1.12	0.47
impressed	-1.12	1.87
feeling	-1.12	0.76
emergency	-1.12	0.58
acts	-1.12	0.44
anxiety	-1.11	0.74
involved	-1.11	0.65
situations	-1.11	0.83
threat	-1.10	0.39
delay	-1.10	0.69
medicine	-1.10	0.69
public	-1.10	0.63
physicians	-1.10	0.95
ethnic	-1.09	0.67
burning	-1.09	1.10
bitter	-1.09	2.19
racial	-1.09	0.69
shame	-1.09	0.90
protest	-1.08	0.71
enforcement	-1.08	0.31
expectations	-1.08	0.78
defeat	-1.07	0.50
conditions	-1.07	0.89
factors	-1.07	0.67
trouble	-1.07	2.11
sorrow	-1.07	0.98
problems	-1.07	0.58
cause	-1.06	0.34
different	-1.06	1.05
rid	-1.05	0.70
furious	-1.05	0.99
animal	-1.05	0.95
stomach	-1.04	0.39
detective	-1.04	0.90
stuff	-1.04	2.03
serious	-1.04	0.79
fbi	-1.03	0.58
felt	-1.03	0.78
stroke	-1.03	0.32
argue	-1.03	0.94
poison	-1.02	0.46
startled	-1.02	1.64
suspected	-1.02	0.98
driven	-1.02	0.35
concern	-1.02	0.61
crack	-1.02	0.55
gang	-1.02	0.30
inevitable	-1.02	0.69
halt	-1.02	0.86
whites	-1.02	0.97
tissue	-1.01	0.61
wound	-1.01	0.33
resigned	-1.01	0.68
owned	-1.01	0.82
ted	-1.01	1.19
deeply	-1.01	0.95
emotions	-1.01	1.04
threatened	-1.00	0.48
agriculture	-1.00	0.97
partly	-0.99	0.47
frustration	-0.99	1.06
acceptance	-0.99	0.53
speculation	-0.99	0.46
effects	-0.99	0.25
knowledge	-0.99	1.17
ban	-0.99	0.64
environmental	-0.99	0.47
fled	-0.98	0.57
destroyed	-0.98	0.37
virus	-0.98	0.28
senses	-0.98	0.86
restrictions	-0.97	0.67
farmers	-0.97	1.28
lab	-0.97	0.81
communists	-0.97	0.75
prisoner	-0.96	0.50
facilities	-0.96	0.89
doctors	-0.96	0.67
questioned	-0.96	0.74
handful	-0.96	0.69
handling	-0.96	0.48
avoid	-0.96	0.52
inner	-0.96	0.65
losing	-0.96	0.74
cook	-0.96	1.23
challenged	-0.96	0.80
tribe	-0.96	0.65
forth	-0.96	1.54
depend	-0.96	0.55
services	-0.95	0.84
treated	-0.95	0.69
therapy	-0.95	0.50
spite	-0.94	0.40
bite	-0.94	0.54
tested	-0.94	0.49
nixon	-0.93	0.95
dirty	-0.93	0.51
feels	-0.93	0.72
transformed	-0.93	0.46
police	-0.93	0.25
regret	-0.92	0.96
witnesses	-0.92	0.30
land	-0.92	1.16
blow	-0.92	0.39
reaction	-0.92	0.73
heart	-0.92	0.40
similarly	-0.92	0.40
trembling	-0.92	0.68
emotional	-0.92	0.53
destroy	-0.92	0.54
great	-0.91	0.84
scream	-0.91	0.58
beirut	-0.91	0.72
measures	-0.91	0.72
views	-0.91	0.66
outcome	-0.91	0.44
claim	-0.91	0.69
jackson	-0.91	0.92
suspect	-0.91	0.44
intervention	-0.90	0.48
conflict	-0.90	0.59
confrontation	-0.90	0.75
cooking	-0.90	1.21
mixed	-0.90	0.79
unknown	-0.90	0.45
asleep	-0.90	0.85
responsibility	-0.90	0.45
facility	-0.89	0.46
instant	-0.89	0.53
matters	-0.89	0.56
challenge	-0.89	0.39
rose	-0.89	1.18
context	-0.89	0.69
afraid	-0.88	1.02
brain	-0.88	0.53
mainly	-0.88	0.56
random	-0.88	0.57
privately	-0.88	0.68
opponents	-0.88	0.65
stiff	-0.87	1.13
choices	-0.87	0.55
surgery	-0.87	0.42
roosevelt	-0.87	0.90
warn	-0.87	0.66
slave	-0.87	0.68
nonetheless	-0.87	0.64
case	-0.86	0.27
blew	-0.86	1.08
dealing	-0.86	0.46
acted	-0.86	0.90
impression	-0.86	0.50
problem	-0.86	0.63
faced	-0.86	0.37
alabama	-0.85	0.43
complained	-0.85	0.92
consider	-0.85	0.73
rich	-0.85	2.13
blast	-0.85	0.43
thoughts	-0.85	0.65
lifetime	-0.85	0.74
rush	-0.85	0.74
liked	-0.85	2.04
correct	-0.84	2.33
coverage	-0.84	0.69
affect	-0.84	0.75
1960s	-0.83	0.81
personally	-0.83	0.72
strain	-0.83	0.26
thread	-0.82	2.05
involving	-0.82	0.42
losses	-0.82	0.26
tank	-0.82	0.76
drawing	-0.82	0.83
boy	-0.82	2.00
drank	-0.82	0.65
aspect	-0.82	1.43
export	-0.81	0.73
alien	-0.81	0.80
bleeding	-0.81	0.29
dozen	-0.81	0.36
cure	-0.81	0.43
encounter	-0.81	0.73
woke	-0.80	0.85
figured	-0.80	2.03
wings	-0.80	1.15
focused	-0.80	0.66
powers	-0.80	1.05
offensive	-0.80	0.54
positive	-0.79	0.64
distant	-0.79	1.02
concentration	-0.79	0.74
false	-0.79	0.43
assume	-0.79	0.70
indians	-0.78	0.77
vulnerable	-0.78	0.84
relief	-0.78	0.94
guy	-0.78	2.20
farm	-0.78	1.14
pit	-0.78	0.55
perceived	-0.78	0.43
reflect	-0.78	0.60
shift	-0.77	0.66
towards	-0.77	1.04
phrase	-0.77	0.81
foolish	-0.77	0.73
huge	-0.76	0.78
escape	-0.76	0.48
shifted	-0.76	0.66
alarm	-0.76	0.53
processes	-0.76	0.67
dominated	-0.76	0.43
risk	-0.76	0.15
interested	-0.76	1.40
camps	-0.76	0.45
managers	-0.76	0.68
polish	-0.75	0.74
researchers	-0.75	0.26
dozens	-0.75	0.29
imagined	-0.75	0.81
grew	-0.75	0.75
capitalist	-0.75	0.58
addition	-0.75	0.64
authorities	-0.75	0.28
decisions	-0.75	0.53
captured	-0.74	0.23
survive	-0.74	0.56
cops	-0.74	0.98
americans	-0.74	0.90
replaced	-0.74	0.52
impact	-0.74	0.29
resulting	-0.74	0.26
freeze	-0.74	0.75
mask	-0.73	0.69
claimed	-0.73	0.89
caused	-0.73	0.54
battle	-0.73	0.72
shares	-0.73	0.79
mystery	-0.73	0.68
witness	-0.73	0.37
steam	-0.72	0.64
warfare	-0.72	0.21
bedroom	-0.72	0.94
survival	-0.72	0.69
child	-0.72	2.20
concerns	-0.72	0.30
travelers	-0.72	0.85
linked	-0.71	0.25
wolf	-0.71	0.65
seized	-0.71	0.63
places	-0.71	0.48
actions	-0.71	0.63
sleep	-0.71	0.78
colonel	-0.71	0.55
result	-0.71	0.32
dispute	-0.71	0.59
faint	-0.71	1.14
desert	-0.71	0.81
killed	-0.71	0.62
generations	-0.71	1.28
room	-0.70	1.00
reasons	-0.70	0.58
fewer	-0.70	0.30
smaller	-0.70	0.90
flesh	-0.70	0.67
wrong	-0.70	2.05
label	-0.70	0.52
stick	-0.70	0.63
attitudes	-0.70	0.77
struggle	-0.70	0.76
fed	-0.70	0.23
script	-0.70	1.01
judge	-0.70	0.23
franklin	-0.69	0.82
refugees	-0.69	0.57
familiar	-0.69	2.53
publicity	-0.69	0.53
risks	-0.69	0.22
several	-0.69	0.33
judges	-0.69	0.22
controversy	-0.68	0.23
doubts	-0.68	0.37
physician	-0.68	0.88
acknowledged	-0.68	0.90
killer	-0.68	0.37
mounted	-0.68	0.73
rough	-0.68	0.49
smoking	-0.68	0.27
based	-0.68	0.61
estimated	-0.68	0.35
excitement	-0.68	0.99
pot	-0.68	0.92
remove	-0.68	0.69
area	-0.68	0.78
attention	-0.68	0.56
sounded	-0.67	0.87
feel	-0.67	0.76
nevertheless	-0.67	0.53
warrior	-0.67	0.88
individuals	-0.67	0.57
attack	-0.67	0.23
suspicion	-0.67	0.47
recalls	-0.67	0.65
demands	-0.67	0.27
sad	-0.67	1.90
possible	-0.67	0.80
few	-0.66	0.32
changes	-0.66	0.53
lawyers	-0.66	0.27
financial	-0.66	0.24
issues	-0.66	0.30
associated	-0.66	0.27
torn	-0.66	0.24
ultimately	-0.66	0.40
feeding	-0.66	0.30
both	-0.65	0.57
personal	-0.65	0.54
poles	-0.65	0.66
illinois	-0.65	0.57
revolution	-0.65	0.58
bone	-0.64	0.57
forgive	-0.64	2.10
split	-0.64	0.47
suggest	-0.64	0.62
consciousness	-0.64	0.56
lion	-0.64	0.34
besides	-0.64	0.76
odd	-0.64	2.19
live	-0.64	0.85
fighting	-0.63	0.25
attacked	-0.63	0.25
centers	-0.63	0.79
court	-0.63	0.24
hide	-0.63	0.49
minds	-0.63	0.32
cell	-0.63	0.26
depends	-0.63	0.55
visited	-0.63	0.81
rank	-0.63	0.54
among	-0.63	0.63
three	-0.63	0.41
nine	-0.63	0.47
vague	-0.63	0.72
birdie	-0.62	0.81
deals	-0.62	0.43
inflation	-0.62	0.20
implications	-0.62	0.30
immigration	-0.62	0.37
entering	-0.62	0.56
procedure	-0.62	0.48
recognize	-0.62	0.66
twelve	-0.62	0.51
stove	-0.62	0.89
dish	-0.62	0.89
combined	-0.62	0.63
existed	-0.62	0.89
soldiers	-0.62	0.62
barry	-0.61	1.20
apartment	-0.61	1.00
massive	-0.61	0.60
four	-0.61	0.40
human	-0.61	0.97
evident	-0.61	0.86
sank	-0.61	0.31
mixture	-0.61	0.63
sixty	-0.61	0.51
nonsense	-0.61	0.63
twenty	-0.61	0.50
exist	-0.60	0.47
acquired	-0.60	0.56
too	-0.60	0.94
earth	-0.60	1.04
stronger	-0.60	0.93
relieved	-0.60	1.71
dishes	-0.60	0.96
horse	-0.60	0.57
forty	-0.60	0.52
eleven	-0.60	0.51
limits	-0.60	0.50
flood	-0.60	0.26
ohio	-0.60	0.50
carolina	-0.60	0.49
economists	-0.60	0.18
thirty	-0.59	0.52
indiana	-0.59	0.50
fifteen	-0.59	0.52
tests	-0.59	0.32
sherman	-0.59	0.67
becoming	-0.59	0.82
justice	-0.59	0.25
blacks	-0.59	0.76
excited	-0.59	2.30
surprised	-0.59	1.34
absence	-0.59	0.28
stayed	-0.59	0.66
eight	-0.59	0.43
connection	-0.59	0.23
officially	-0.59	0.62
scientists	-0.59	0.23
county	-0.59	0.28
virginia	-0.59	0.48
town	-0.59	0.98
wounded	-0.59	0.42
predicted	-0.59	0.70
prevent	-0.59	0.53
georgia	-0.58	0.48
pennsylvania	-0.58	0.49
bears	-0.58	0.36
cats	-0.58	0.40
elias	-0.58	0.80
independent	-0.58	0.55
courts	-0.58	0.21
angels	-0.58	0.87
assistant	-0.58	0.89
valentine	-0.58	0.46
wheel	-0.58	0.75
michigan	-0.58	0.50
eighteen	-0.57	0.65
ultimate	-0.57	0.66
experts	-0.57	0.21
judgment	-0.57	0.49
florida	-0.57	0.47
seven	-0.57	0.43
forever	-0.57	0.56
bottle	-0.57	0.78
especially	-0.57	0.75
behalf	-0.57	0.53
fought	-0.57	0.64
priority	-0.57	0.51
collapsed	-0.56	0.27
traveled	-0.56	0.75
issue	-0.56	0.34
bit	-0.56	0.93
bear	-0.56	0.43
potential	-0.56	0.59
desperately	-0.56	1.19
widespread	-0.56	0.43
expressed	-0.56	0.65
harm	-0.56	0.78
state	-0.56	0.42
grand	-0.55	0.35
opinions	-0.55	0.71
appeals	-0.55	0.20
developing	-0.55	0.52
resist	-0.55	0.59
radiation	-0.55	0.25
suddenly	-0.55	0.72
alongside	-0.55	0.62
enemy	-0.55	0.17
bottles	-0.55	0.76
estate	-0.55	0.56
related	-0.55	0.35
region	-0.55	0.52
businessmen	-0.55	0.51
hire	-0.55	0.52
hallway	-0.55	0.91
upstairs	-0.55	0.94
testimony	-0.55	0.23
hostages	-0.54	0.61
six	-0.54	0.38
tide	-0.54	0.31
position	-0.54	0.25
urgent	-0.54	0.71
guide	-0.54	0.58
shuttle	-0.54	0.26
intellectual	-0.54	0.63
arguments	-0.54	0.25
due	-0.54	0.26
escaped	-0.54	0.56
citizens	-0.54	0.83
influence	-0.54	0.46
atomic	-0.54	0.19
whenever	-0.53	0.71
texas	-0.53	0.45
bird	-0.53	1.07
sheriff	-0.53	0.34
muscle	-0.53	0.24
body	-0.53	0.56
cutting	-0.53	0.72
deficit	-0.53	0.20
iowa	-0.53	0.57
enemies	-0.53	0.55
resulted	-0.53	0.28
sounds	-0.53	0.60
combination	-0.53	0.59
beliefs	-0.53	0.70
farmer	-0.53	1.19
literally	-0.52	0.46
overnight	-0.52	0.60
lives	-0.52	1.07
prospects	-0.52	0.25
hut	-0.52	0.76
small	-0.52	0.71
drinking	-0.52	0.68
respond	-0.52	0.56
peoples	-0.52	0.40
difference	-0.52	0.83
moments	-0.52	0.72
five	-0.52	0.37
reads	-0.52	1.15
differences	-0.52	0.32
bomb	-0.52	0.19
learned	-0.52	1.01
protection	-0.51	0.63
event	-0.51	0.88
hundred	-0.51	0.40
thousand	-0.51	0.40
represent	-0.51	0.23
sword	-0.51	1.10
ranging	-0.51	0.27
beer	-0.51	0.78
rescue	-0.51	0.18
cage	-0.51	0.36
debt	-0.51	0.19
regarding	-0.51	0.49
kansas	-0.51	0.58
release	-0.51	0.28
ten	-0.51	0.40
mostly	-0.51	0.24
values	-0.51	0.59
cigarettes	-0.50	0.38
imposed	-0.50	0.19
jersey	-0.50	0.42
laboratory	-0.50	0.18
bigger	-0.50	1.01
massachusetts	-0.50	0.42
defend	-0.50	0.48
conscience	-0.50	0.52
number	-0.50	0.24
usual	-0.50	0.71
including	-0.50	0.26
dressing	-0.50	0.72
indian	-0.50	0.35
district	-0.50	0.33
california	-0.49	0.41
bureau	-0.49	0.20
major	-0.49	0.57
religious	-0.49	0.70
war	-0.49	0.26
social	-0.49	0.26
utility	-0.49	0.57
guerrillas	-0.49	0.26
fifty	-0.49	0.38
couple	-0.49	0.33
ruling	-0.49	0.15
colony	-0.49	0.28
exposed	-0.49	0.19
breath	-0.48	0.52
air	-0.48	1.08
recalled	-0.48	0.80
colorado	-0.48	0.40
lincoln	-0.48	0.72
discrimination	-0.48	0.40
these	-0.48	0.34
bastard	-0.48	1.01
departure	-0.48	0.21
minnesota	-0.48	0.50
iranian	-0.48	0.23
growing	-0.48	0.56
ignored	-0.48	0.76
belong	-0.48	0.87
garbage	-0.48	0.51
flies	-0.48	0.29
languages	-0.48	0.47
assumed	-0.48	0.85
border	-0.48	0.40
attorney	-0.47	0.27
knife	-0.47	0.71
approximately	-0.47	0.38
contributed	-0.47	0.62
emotion	-0.47	1.06
dogs	-0.47	0.30
foods	-0.47	0.70
endless	-0.47	0.59
jews	-0.47	0.48
needs	-0.47	0.40
increasingly	-0.47	0.75
ideological	-0.47	0.26
percent	-0.47	0.28
education	-0.47	0.43
special	-0.47	0.90
grasp	-0.47	0.45
superior	-0.46	0.52
formula	-0.46	0.54
journey	-0.46	0.57
separate	-0.46	0.24
doctrine	-0.46	0.62
shed	-0.46	0.60
employment	-0.46	0.42
dealt	-0.46	0.66
various	-0.46	0.37
difficulty	-0.46	0.66
rate	-0.46	0.23
particularly	-0.46	0.78
sheep	-0.46	0.45
norman	-0.46	0.92
lack	-0.45	0.58
skill	-0.45	1.01
serving	-0.45	0.37
pressure	-0.45	0.23
seem	-0.45	0.77
large	-0.45	0.71
wine	-0.45	0.75
combat	-0.45	0.21
seemed	-0.45	0.72
drinks	-0.45	0.74
bitch	-0.45	0.84
accept	-0.45	0.63
conservation	-0.45	0.37
unconscious	-0.45	0.45
appeal	-0.45	0.17
surprising	-0.45	0.83
stalin	-0.45	0.21
extremely	-0.45	0.74
necessarily	-0.45	0.51
persons	-0.45	0.92
crew	-0.44	0.74
counted	-0.44	0.33
debate	-0.44	0.19
mae	-0.44	0.78
created	-0.44	0.18
opinion	-0.44	0.25
obviously	-0.44	0.77
counting	-0.44	0.38
1970s	-0.44	0.19
transportation	-0.43	0.49
criticism	-0.43	0.19
ancient	-0.43	0.75
importance	-0.43	0.29
resolve	-0.43	0.27
rebels	-0.43	0.22
agency	-0.43	0.20
possibly	-0.43	0.70
waste	-0.43	0.50
profound	-0.43	0.32
lesson	-0.43	0.63
contribution	-0.43	0.44
test	-0.43	0.23
scores	-0.43	0.19
frequently	-0.43	0.56
discussing	-0.43	0.51
cultural	-0.43	0.24
obvious	-0.43	0.65
released	-0.43	0.25
vietnamese	-0.43	0.34
wilson	-0.43	0.27
supreme	-0.43	0.17
those	-0.42	0.31
lands	-0.42	0.53
visible	-0.42	0.63
informed	-0.42	0.93
constantly	-0.42	0.42
department	-0.42	0.24
naturally	-0.42	0.63
conventional	-0.42	0.62
themselves	-0.42	0.57
worked	-0.42	0.78
professionals	-0.42	0.28
wherever	-0.42	0.48
responsibilities	-0.42	0.14
governor	-0.42	0.31
gotten	-0.42	1.24
internal	-0.42	0.21
tons	-0.42	0.28
larger	-0.41	0.71
kennedy	-0.41	0.37
technical	-0.41	0.28
soul	-0.41	1.23
comments	-0.41	0.63
avoided	-0.41	0.48
status	-0.41	0.42
observers	-0.41	0.20
thoroughly	-0.41	0.63
experiments	-0.41	0.14
exploded	-0.41	0.26
half	-0.41	0.32
wealth	-0.41	0.70
city	-0.41	0.50
cattle	-0.41	0.59
animals	-0.41	0.45
repair	-0.41	0.18
affair	-0.40	0.59
agents	-0.40	0.22
factor	-0.40	0.30
bound	-0.40	0.60
natural	-0.40	0.44
regulations	-0.40	0.23
insist	-0.40	0.71
action	-0.40	0.14
such	-0.40	0.48
politicians	-0.40	0.23
collective	-0.40	0.17
int	-0.40	0.73
programs	-0.40	0.34
feed	-0.40	0.44
create	-0.40	0.49
guerrilla	-0.40	0.20
demand	-0.40	0.18
growth	-0.40	0.20
greatly	-0.39	1.14
champagne	-0.39	0.74
object	-0.39	0.33
behavior	-0.39	0.56
crude	-0.39	0.20
practice	-0.39	0.21
effect	-0.39	0.53
identity	-0.39	0.55
cuban	-0.39	0.33
deer	-0.39	0.32
economy	-0.39	0.22
henry	-0.39	1.00
minority	-0.39	0.50
democrat	-0.39	0.34
newly	-0.39	0.49
mention	-0.39	0.73
officials	-0.39	0.17
testing	-0.39	0.16
alert	-0.38	0.92
agencies	-0.38	0.22
ruled	-0.38	0.24
office	-0.38	0.50
nick	-0.38	1.11
economic	-0.38	0.20
apparent	-0.38	0.56
commissioner	-0.38	0.26
details	-0.38	0.59
ago	-0.38	0.36
surprise	-0.38	0.70
blade	-0.38	0.71
missile	-0.38	0.16
dining	-0.38	0.91
experiment	-0.38	0.31
blood	-0.38	0.31
smart	-0.38	1.81
williams	-0.38	0.28
interests	-0.38	0.25
understanding	-0.38	0.64
cheap	-0.37	0.69
federal	-0.37	0.18
involve	-0.37	0.26
sleeping	-0.37	0.37
prospect	-0.37	0.82
civilian	-0.37	0.14
defined	-0.37	0.44
benefit	-0.37	0.21
sector	-0.37	0.28
widely	-0.37	0.83
significantly	-0.37	0.26
variety	-0.37	0.45
million	-0.37	0.23
dismissed	-0.37	0.51
tray	-0.37	0.42
net	-0.37	0.16
became	-0.37	0.71
cave	-0.37	0.60
favor	-0.37	0.19
armed	-0.37	0.27
decline	-0.37	0.20
possibility	-0.37	0.39
seek	-0.36	0.61
institutions	-0.36	0.34
pounds	-0.36	0.27
slept	-0.36	0.44
barely	-0.36	0.30
southern	-0.36	0.42
spread	-0.36	0.19
private	-0.36	0.22
wars	-0.36	0.22
signs	-0.36	0.17
questions	-0.36	0.40
future	-0.36	0.47
dawn	-0.36	0.48
producing	-0.36	0.57
hitler	-0.36	0.25
circuit	-0.36	0.17
ignore	-0.36	0.63
local	-0.36	0.19
characteristic	-0.36	0.92
significance	-0.35	0.26
gap	-0.35	0.14
moreover	-0.35	0.23
fighters	-0.35	0.23
prove	-0.35	0.50
journalists	-0.35	0.29
weapons	-0.35	0.18
deeper	-0.35	0.26
amused	-0.35	1.30
beings	-0.35	0.94
lies	-0.35	0.50
eating	-0.35	0.35
nuclear	-0.35	0.16
hampshire	-0.35	0.31
tanks	-0.35	0.20
estimate	-0.35	0.18
particles	-0.35	0.23
moral	-0.35	0.62
canadian	-0.35	0.58
creation	-0.35	0.51
johnson	-0.35	0.30
extreme	-0.35	0.34
forces	-0.35	0.22
chee	-0.35	0.61
rumors	-0.34	0.21
assembled	-0.34	0.52
depending	-0.34	0.61
being	-0.34	0.75
historical	-0.34	0.25
invasion	-0.34	0.17
advised	-0.34	0.65
makes	-0.34	0.83
results	-0.34	0.13
seemingly	-0.34	0.50
within	-0.34	0.24
critics	-0.34	0.20
alaska	-0.34	0.31
gas	-0.34	0.35
nearly	-0.34	0.30
include	-0.34	0.27
aspects	-0.34	0.30
territory	-0.34	0.36
house	-0.34	1.03
unusual	-0.34	1.21
congressman	-0.34	0.34
controls	-0.34	0.21
bankers	-0.34	0.29
agricultural	-0.34	0.66
each	-0.34	0.31
political	-0.34	0.24
discover	-0.34	0.53
sense	-0.34	0.46
deal	-0.33	0.77
rates	-0.33	0.16
existence	-0.33	0.64
numerous	-0.33	0.25
sympathy	-0.33	0.92
range	-0.33	0.30
trained	-0.33	0.57
similar	-0.33	0.80
nurse	-0.33	0.90
headed	-0.33	0.63
fix	-0.33	0.69
twisted	-0.33	0.77
em	-0.33	1.00
screaming	-0.33	0.70
scientific	-0.33	0.30
employers	-0.33	0.25
per	-0.33	0.19
recall	-0.33	2.33
captain	-0.33	0.63
expansion	-0.33	0.14
plot	-0.32	0.24
miles	-0.32	0.33
whoever	-0.32	0.73
service	-0.32	0.22
cleaning	-0.32	0.36
bases	-0.32	0.21
cigarette	-0.32	0.39
counsel	-0.32	0.20
immediate	-0.32	0.29
targets	-0.32	0.15
barn	-0.32	0.72
troops	-0.32	0.23
notice	-0.32	0.77
liberals	-0.32	0.25
reduce	-0.32	0.80
industrial	-0.32	0.26
denied	-0.32	0.32
recovery	-0.32	0.16
search	-0.32	0.25
organized	-0.32	0.22
definition	-0.32	0.23
percentage	-0.31	0.20
civil	-0.31	0.27
filed	-0.31	0.21
legal	-0.31	0.27
examine	-0.31	0.52
fire	-0.31	0.40
dukakis	-0.31	0.28
senator	-0.31	0.29
groups	-0.31	0.24
resistance	-0.31	0.15
youth	-0.31	1.03
niobe	-0.31	2.90
unit	-0.31	0.26
regime	-0.31	0.16
purposes	-0.31	0.51
principal	-0.31	0.51
educational	-0.31	0.25
departments	-0.31	0.27
eat	-0.31	0.29
wildlife	-0.31	0.35
studies	-0.31	0.13
against	-0.31	0.10
arrangement	-0.31	0.43
politics	-0.31	0.16
pentagon	-0.31	0.15
roughly	-0.31	0.34
missiles	-0.30	0.15
act	-0.30	0.19
gained	-0.30	0.73
claims	-0.30	0.19
america	-0.30	0.36
benefits	-0.30	0.26
science	-0.30	0.28
wanting	-0.30	0.75
confirmed	-0.30	0.32
russians	-0.30	0.20
societies	-0.30	0.22
tremendous	-0.30	0.48
term	-0.30	0.20
solidarity	-0.30	0.24
dollars	-0.30	0.26
administration	-0.30	0.17
media	-0.30	0.17
opposition	-0.30	0.14
frozen	-0.30	0.39
dreams	-0.30	0.51
cent	-0.30	0.19
study	-0.30	0.17
policies	-0.30	0.17
creatures	-0.30	0.68
pride	-0.29	0.79
sort	-0.29	1.04
mexico	-0.29	0.31
flying	-0.29	0.35
revolutionary	-0.29	0.24
nicaragua	-0.29	0.23
recognized	-0.29	1.04
aid	-0.29	0.23
offices	-0.29	0.61
lost	-0.29	0.39
property	-0.29	0.45
engineers	-0.29	0.19
cuts	-0.29	0.19
sweat	-0.29	1.06
worry	-0.29	1.01
indicate	-0.29	0.20
landed	-0.29	0.16
wage	-0.29	0.20
regions	-0.29	0.36
customs	-0.29	0.23
program	-0.29	0.26
often	-0.29	0.70
certain	-0.29	0.44
practices	-0.28	0.25
training	-0.28	0.16
tail	-0.28	0.47
majority	-0.28	0.27
native	-0.28	0.26
colleagues	-0.28	0.59
wilderness	-0.28	0.71
sorts	-0.28	0.81
perception	-0.28	0.28
phenomenon	-0.28	0.21
pine	-0.28	1.13
institute	-0.28	0.34
camp	-0.28	0.31
discovery	-0.28	0.54
jobs	-0.28	0.35
afghanistan	-0.28	0.22
salvador	-0.28	0.25
total	-0.28	0.17
activities	-0.28	0.14
neva	-0.28	0.91
legislature	-0.28	0.27
doctor	-0.28	0.74
wages	-0.28	0.20
shooting	-0.28	0.22
ate	-0.28	0.42
servants	-0.28	1.22
retired	-0.27	0.80
symbol	-0.27	0.20
elliot	-0.27	1.02
duties	-0.27	0.14
communist	-0.27	0.24
community	-0.27	0.57
burn	-0.27	0.35
harder	-0.27	0.98
poured	-0.27	0.46
biggest	-0.27	0.95
fiscal	-0.27	0.15
cut	-0.27	0.71
because	-0.27	0.72
perspective	-0.27	0.26
intention	-0.27	0.62
survey	-0.27	0.13
output	-0.27	0.23
courage	-0.27	1.00
tax	-0.27	0.24
personnel	-0.27	0.19
bend	-0.27	0.63
rooms	-0.27	0.95
administrative	-0.27	0.07
units	-0.27	0.34
ending	-0.27	0.83
concerning	-0.27	0.32
remaining	-0.27	0.25
research	-0.27	0.21
patrol	-0.26	0.18
pipe	-0.26	0.38
germans	-0.26	0.44
flew	-0.26	0.29
northern	-0.26	0.42
operations	-0.26	0.16
images	-0.26	0.69
gains	-0.26	0.18
regulation	-0.26	0.22
possibilities	-0.26	0.28
abruptly	-0.26	0.47
numbers	-0.26	0.19
flames	-0.26	0.41
sciences	-0.26	0.25
shut	-0.26	0.54
habit	-0.26	0.26
development	-0.26	0.20
religion	-0.26	0.71
warning	-0.26	0.18
executives	-0.26	0.20
government	-0.26	0.17
least	-0.26	0.38
meese	-0.26	0.22
commerce	-0.26	0.25
carter	-0.26	0.31
active	-0.26	0.62
whole	-0.26	0.66
earnings	-0.26	0.15
sofa	-0.26	0.58
matthew	-0.25	0.92
policy	-0.25	0.13
tea	-0.25	0.44
haven	-0.25	0.65
lebanon	-0.25	0.29
arc	-0.25	0.66
filled	-0.25	0.23
skills	-0.25	0.42
dragged	-0.25	0.21
worlds	-0.25	0.20
republican	-0.25	0.23
military	-0.25	0.17
meat	-0.25	0.44
occur	-0.25	0.24
freely	-0.25	0.51
indeed	-0.25	0.70
involvement	-0.25	0.14
hence	-0.25	0.24
plus	-0.25	0.15
hour	-0.25	0.32
aircraft	-0.25	0.24
findings	-0.25	0.10
activity	-0.25	0.14
add	-0.25	0.35
slip	-0.25	0.60
craft	-0.25	0.27
working	-0.25	0.62
hunting	-0.24	0.29
billion	-0.24	0.16
society	-0.24	0.21
bodies	-0.24	0.22
rapidly	-0.24	0.23
african	-0.24	0.29
stake	-0.24	0.61
fighter	-0.24	0.23
presidents	-0.24	0.33
cents	-0.24	0.17
reserve	-0.24	0.16
reflects	-0.24	0.21
pilots	-0.24	0.25
attitude	-0.24	0.35
owners	-0.24	0.34
pilot	-0.24	0.25
spending	-0.24	0.16
defeated	-0.24	0.26
necessity	-0.24	0.29
intelligence	-0.24	0.25
hit	-0.24	0.79
taxes	-0.24	0.15
assistance	-0.24	0.27
socialist	-0.24	0.22
tommy	-0.24	0.78
planes	-0.24	0.24
voters	-0.24	0.43
convinced	-0.23	1.02
governments	-0.23	0.26
kraaz	-0.23	0.62
movement	-0.23	0.15
options	-0.23	0.28
scientist	-0.23	0.21
plane	-0.23	0.24
reforms	-0.23	0.13
theories	-0.23	0.25
statistics	-0.23	0.09
bush	-0.23	0.25
accompanied	-0.23	0.50
swing	-0.23	0.55
domestic	-0.23	0.14
instance	-0.23	0.36
jet	-0.23	0.26
mark	-0.23	0.61
eaten	-0.23	0.38
changing	-0.23	0.68
horses	-0.23	0.36
expert	-0.23	0.19
affairs	-0.23	0.13
economics	-0.23	0.23
glasses	-0.23	0.44
presidency	-0.23	0.29
function	-0.23	0.50
stairs	-0.23	0.49
force	-0.23	0.21
represented	-0.23	0.24
broken	-0.23	0.40
dare	-0.23	0.90
perhaps	-0.23	0.65
campaign	-0.22	0.23
readily	-0.22	0.65
statements	-0.22	0.22
employees	-0.22	0.19
positions	-0.22	0.13
conducted	-0.22	0.13
die	-0.22	0.45
regarded	-0.22	0.77
discussions	-0.22	0.21
carrier	-0.22	0.24
universities	-0.22	0.25
repeat	-0.22	0.59
glass	-0.22	0.46
mill	-0.22	0.47
boss	-0.22	0.49
minor	-0.22	0.51
response	-0.22	0.24
mondale	-0.22	0.25
lit	-0.22	0.49
center	-0.22	0.40
voting	-0.22	0.24
murdered	-0.22	0.77
revenue	-0.22	0.14
relation	-0.22	0.18
located	-0.22	0.46
shifting	-0.22	0.53
polls	-0.22	0.18
system	-0.22	0.21
coffee	-0.22	0.44
defense	-0.22	0.15
appointed	-0.22	0.13
rival	-0.22	0.22
hall	-0.21	0.60
prominent	-0.21	0.57
list	-0.21	0.18
operating	-0.21	0.12
management	-0.21	0.13
candidate	-0.21	0.21
learning	-0.21	0.23
springs	-0.21	0.67
flight	-0.21	0.25
revenues	-0.21	0.15
limit	-0.21	0.28
age	-0.21	1.41
congressional	-0.21	0.23
soup	-0.21	0.55
fires	-0.21	0.30
vietnam	-0.21	0.22
jimmy	-0.21	0.30
meters	-0.21	0.19
streets	-0.21	0.54
throat	-0.21	0.29
becomes	-0.21	0.56
republicans	-0.21	0.20
argument	-0.21	0.26
democratic	-0.21	0.19
closet	-0.21	0.50
participation	-0.21	0.14
grown	-0.21	0.51
enthusiasm	-0.21	0.62
ideas	-0.21	0.32
habits	-0.20	0.28
storage	-0.20	0.27
prices	-0.20	0.17
central	-0.20	0.26
law	-0.20	0.17
elsewhere	-0.20	0.18
kid	-0.20	1.13
factory	-0.20	0.32
cop	-0.20	0.67
insists	-0.20	0.38
south	-0.20	0.32
strategic	-0.20	0.19
payments	-0.20	0.22
vast	-0.20	0.35
resources	-0.20	0.22
night	-0.20	0.36
flights	-0.20	0.22
engines	-0.20	0.18
report	-0.20	0.11
university	-0.20	0.27
ages	-0.20	1.09
korean	-0.20	0.20
requirements	-0.20	0.17
democrats	-0.20	0.20
diet	-0.20	0.28
profit	-0.20	0.17
technology	-0.20	0.26
humanity	-0.20	0.87
consumer	-0.19	0.15
choose	-0.19	0.70
reagan	-0.19	0.24
delegates	-0.19	0.20
maintenance	-0.19	0.23
senators	-0.19	0.22
fan	-0.19	0.64
leaders	-0.19	0.18
income	-0.19	0.16
door	-0.19	0.43
ordinary	-0.19	0.44
hours	-0.19	0.28
increases	-0.19	0.29
vote	-0.19	0.16
universe	-0.19	0.41
party	-0.19	0.17
largely	-0.19	0.40
present	-0.19	0.31
presidential	-0.19	0.22
realize	-0.19	0.71
army	-0.19	0.26
rules	-0.19	0.26
ministry	-0.19	0.19
candidates	-0.19	0.21
cups	-0.19	0.38
financing	-0.19	0.25
transport	-0.19	0.20
demonstrated	-0.19	0.29
soviet	-0.19	0.17
national	-0.19	0.22
commission	-0.19	0.12
meant	-0.19	1.07
unions	-0.19	0.19
studying	-0.19	0.24
corridor	-0.19	0.49
poland	-0.19	0.30
basis	-0.19	0.22
official	-0.19	0.15
passengers	-0.19	0.17
flame	-0.18	0.49
scholars	-0.18	0.22
bob	-0.18	0.64
laws	-0.18	0.20
fly	-0.18	0.24
businesses	-0.18	0.30
dramatic	-0.18	1.00
initially	-0.18	0.24
iran	-0.18	0.21
gross	-0.18	0.19
environment	-0.18	0.36
asia	-0.18	0.29
individual	-0.18	0.20
argued	-0.18	0.58
average	-0.18	0.12
sooner	-0.18	0.92
become	-0.18	0.60
marked	-0.18	0.32
miami	-0.18	0.26
facts	-0.18	0.28
interest	-0.18	0.21
invisible	-0.18	0.41
theoretical	-0.18	0.37
access	-0.18	0.13
helicopter	-0.18	0.20
decision	-0.18	0.26
giving	-0.18	0.66
latin	-0.18	0.18
stranger	-0.18	0.58
seamus	-0.18	0.89
lebanese	-0.18	0.25
africa	-0.18	0.34
aboard	-0.18	0.23
grain	-0.18	0.65
senate	-0.18	0.26
crazy	-0.18	1.11
encouraged	-0.18	0.69
finding	-0.18	0.70
fight	-0.18	0.22
fuel	-0.18	0.22
bathroom	-0.18	0.53
pan	-0.18	0.40
occasionally	-0.18	0.48
meaning	-0.18	0.22
ones	-0.18	0.50
election	-0.17	0.18
airline	-0.17	0.21
nasa	-0.17	0.16
instantly	-0.17	0.44
source	-0.17	0.18
gulf	-0.17	0.18
further	-0.17	0.37
cup	-0.17	0.36
quarter	-0.17	0.16
principles	-0.17	0.30
naked	-0.17	0.22
attempted	-0.17	0.50
publicly	-0.17	0.36
gasoline	-0.17	0.14
cia	-0.17	0.17
costs	-0.17	0.17
airlines	-0.17	0.21
guns	-0.17	0.08
north	-0.17	0.27
conscious	-0.17	0.55
refuse	-0.17	0.78
salt	-0.17	0.44
labor	-0.17	0.17
leto	-0.17	0.58
memory	-0.17	0.61
convince	-0.17	0.63
cuba	-0.17	0.23
jewish	-0.17	0.54
israeli	-0.17	0.27
landing	-0.17	0.21
less	-0.17	0.57
appear	-0.17	0.43
schools	-0.17	0.36
recommended	-0.17	0.23
past	-0.17	0.24
cries	-0.16	0.48
payne	-0.16	1.04
cargo	-0.16	0.19
passing	-0.16	0.74
robin	-0.16	0.54
space	-0.16	0.24
hart	-0.16	0.25
fort	-0.16	0.34
view	-0.16	0.27
profits	-0.16	0.18
advanced	-0.16	0.20
unlike	-0.16	0.70
nato	-0.16	0.16
corporations	-0.16	0.25
votes	-0.16	0.20
carriers	-0.16	0.24
staff	-0.16	0.22
surrounding	-0.16	0.35
rising	-0.16	0.26
farther	-0.16	0.49
sweeping	-0.16	0.14
change	-0.16	0.71
fundamental	-0.16	0.30
leg	-0.16	0.22
arguing	-0.16	0.40
scarcely	-0.16	0.59
sharply	-0.16	0.21
immediately	-0.16	0.38
cabinet	-0.16	0.10
later	-0.16	0.29
amid	-0.16	0.28
sexual	-0.16	0.55
organization	-0.16	0.20
nations	-0.16	0.31
pacific	-0.16	0.23
zero	-0.16	0.14
energy	-0.16	0.21
arrangements	-0.16	0.22
neighborhood	-0.16	0.72
dream	-0.16	0.50
panel	-0.16	0.11
organizations	-0.16	0.24
pepper	-0.16	0.44
selection	-0.16	0.23
fucking	-0.16	1.14
engineering	-0.16	0.19
largest	-0.16	0.32
aides	-0.16	0.17
los	-0.16	0.26
repeatedly	-0.16	0.24
wing	-0.16	0.32
states	-0.16	0.28
roads	-0.16	0.41
angeles	-0.16	0.26
atlanta	-0.15	0.28
civilization	-0.15	0.27
oil	-0.15	0.16
capitalism	-0.15	0.21
types	-0.15	0.26
taught	-0.15	0.22
industry	-0.15	0.22
shouting	-0.15	1.03
according	-0.15	0.15
island	-0.15	0.26
planet	-0.15	0.33
exports	-0.15	0.21
concepts	-0.15	0.31
struggling	-0.15	0.43
examination	-0.15	0.52
elevator	-0.15	0.52
sources	-0.15	0.10
teaching	-0.15	0.21
price	-0.15	0.13
staying	-0.15	0.57
era	-0.15	0.20
solve	-0.15	0.42
deputy	-0.15	0.24
hearing	-0.15	0.34
own	-0.15	0.57
trick	-0.15	0.58
respect	-0.15	0.79
examined	-0.15	0.27
worth	-0.15	0.23
professional	-0.15	0.67
primarily	-0.15	0.41
expenses	-0.15	0.13
ships	-0.15	0.20
regional	-0.15	0.24
carl	-0.15	0.45
usually	-0.15	0.52
soviets	-0.15	0.22
conservative	-0.15	0.23
bringing	-0.15	0.67
ve	-0.15	0.95
evidence	-0.15	0.24
making	-0.15	0.82
continental	-0.15	0.19
visitor	-0.15	0.20
tend	-0.15	0.50
advisers	-0.15	0.22
wagon	-0.15	0.19
chemical	-0.14	0.26
stated	-0.14	0.45
months	-0.14	0.28
pack	-0.14	0.18
emphasis	-0.14	0.34
selected	-0.14	0.29
operation	-0.14	0.15
ye	-0.14	0.96
reform	-0.14	0.16
tore	-0.14	0.17
brazil	-0.14	0.29
goddamn	-0.14	0.98
higher	-0.14	0.25
promises	-0.14	0.42
engineer	-0.14	0.24
guards	-0.14	0.35
supporters	-0.14	0.22
eastern	-0.14	0.25
korea	-0.14	0.26
funding	-0.14	0.19
revealed	-0.14	0.23
admitted	-0.14	0.73
taking	-0.14	0.79
origin	-0.14	0.23
chicago	-0.14	0.30
liberation	-0.14	0.26
food	-0.14	0.38
command	-0.14	0.16
liquid	-0.13	0.31
rent	-0.13	0.15
wash	-0.13	0.44
totally	-0.13	0.63
kick	-0.13	0.45
parties	-0.13	0.19
sauce	-0.13	0.47
vehicle	-0.13	0.19
international	-0.13	0.16
technological	-0.13	0.18
francisco	-0.13	0.27
acres	-0.13	0.76
discussion	-0.13	0.20
lawyer	-0.13	0.44
class	-0.13	0.20
voted	-0.13	0.16
expense	-0.13	0.19
adviser	-0.13	0.23
screamed	-0.13	0.41
marine	-0.13	0.19
agent	-0.13	0.19
folks	-0.13	0.88
workers	-0.13	0.23
assigned	-0.13	0.12
liberal	-0.13	0.20
countries	-0.13	0.30
downstairs	-0.13	0.53
port	-0.13	0.22
referred	-0.13	0.54
primitive	-0.13	0.31
radical	-0.13	0.14
aide	-0.13	0.27
worker	-0.13	0.36
deny	-0.13	0.58
elected	-0.13	0.15
gather	-0.13	0.42
concluded	-0.13	0.57
ship	-0.12	0.23
developed	-0.12	0.16
deep	-0.12	0.24
sink	-0.12	0.36
trade	-0.12	0.23
coalition	-0.12	0.19
reduction	-0.12	0.27
decade	-0.12	0.28
philosophy	-0.12	0.24
somewhat	-0.12	0.61
navy	-0.12	0.18
associations	-0.12	0.33
relationships	-0.12	0.66
islands	-0.12	0.24
job	-0.12	1.11
conservatives	-0.12	0.14
brand	-0.12	0.76
terms	-0.12	0.21
committee	-0.12	0.23
global	-0.12	0.18
process	-0.12	0.20
virtually	-0.12	0.64
without	-0.12	0.69
chinese	-0.12	0.22
shapes	-0.12	0.59
legislation	-0.12	0.18
shaped	-0.12	0.85
estimates	-0.12	0.09
bed	-0.12	0.31
egg	-0.12	0.28
congress	-0.12	0.18
information	-0.12	0.16
opposed	-0.12	0.18
shot	-0.12	0.18
extent	-0.12	0.25
committees	-0.12	0.23
imports	-0.12	0.20
loud	-0.12	0.47
corps	-0.12	0.22
graduate	-0.12	0.25
childhood	-0.12	0.59
regularly	-0.12	0.30
representative	-0.12	0.21
mankind	-0.12	0.79
purchase	-0.12	0.18
officers	-0.12	0.24
link	-0.11	0.11
engine	-0.11	0.20
directly	-0.11	0.16
physics	-0.11	0.17
entire	-0.11	0.34
corporate	-0.11	0.24
minimum	-0.11	0.11
wishes	-0.11	0.56
noise	-0.11	0.41
gorbachev	-0.11	0.13
sales	-0.11	0.16
adding	-0.11	0.22
package	-0.11	0.10
driver	-0.11	0.18
hired	-0.11	0.26
putting	-0.11	0.75
conduct	-0.11	0.15
project	-0.11	0.20
coast	-0.11	0.23
decades	-0.11	0.39
fleet	-0.11	0.18
fierce	-0.11	0.55
accounting	-0.11	0.17
budget	-0.11	0.14
appointment	-0.11	0.17
patterns	-0.11	0.30
faculty	-0.11	0.26
expanded	-0.11	0.65
professor	-0.11	0.19
attracted	-0.11	0.83
launch	-0.11	0.16
particular	-0.11	0.42
china	-0.11	0.24
foreign	-0.11	0.19
doesn	-0.11	0.90
generation	-0.11	0.84
declared	-0.11	0.27
tears	-0.11	0.65
leadership	-0.11	0.11
lay	-0.10	0.27
fare	-0.10	0.12
western	-0.10	0.26
bought	-0.10	0.19
mere	-0.10	0.23
analysts	-0.10	0.16
identical	-0.10	0.61
general	-0.10	0.22
airport	-0.10	0.17
president	-0.10	0.25
acting	-0.10	0.44
passenger	-0.10	0.15
electricity	-0.10	0.18
subject	-0.10	0.42
courses	-0.10	0.23
drifted	-0.10	0.26
question	-0.10	0.41
el	-0.10	0.15
degree	-0.10	0.19
culture	-0.10	0.30
risen	-0.10	0.22
indicated	-0.10	0.26
harvard	-0.10	0.22
members	-0.10	0.21
explain	-0.10	0.67
homes	-0.10	1.20
drop	-0.10	0.23
existing	-0.10	0.23
however	-0.10	0.50
belly	-0.10	0.23
notion	-0.10	0.30
dealers	-0.10	0.16
elections	-0.10	0.17
otherwise	-0.10	0.65
likes	-0.10	0.82
current	-0.09	0.18
load	-0.09	0.11
properties	-0.09	0.17
determination	-0.09	0.38
jump	-0.09	0.57
support	-0.09	0.15
listened	-0.09	0.56
wonder	-0.09	0.76
union	-0.09	0.17
tool	-0.09	0.60
reference	-0.09	0.19
lower	-0.09	0.25
element	-0.09	0.31
nomination	-0.09	0.21
representation	-0.09	0.21
handle	-0.09	0.26
muttered	-0.09	0.68
waves	-0.09	0.27
rise	-0.09	0.21
baltimore	-0.09	0.36
fish	-0.09	0.33
apart	-0.09	0.08
race	-0.09	0.21
japan	-0.09	0.26
year	-0.09	0.18
marketing	-0.09	0.19
indicates	-0.09	0.16
vehicles	-0.09	0.14
drink	-0.09	0.79
chest	-0.09	0.26
jeep	-0.09	0.18
san	-0.09	0.24
india	-0.09	0.28
embassy	-0.09	0.25
bore	-0.09	0.66
rivers	-0.09	0.29
sophia	-0.09	0.59
functions	-0.09	0.21
palestinian	-0.09	0.31
high	-0.09	0.19
chose	-0.09	0.74
consumption	-0.08	0.26
removed	-0.08	0.12
specific	-0.08	0.44
itself	-0.08	0.37
communications	-0.08	0.17
student	-0.08	0.24
consideration	-0.08	0.52
operate	-0.08	0.14
colonial	-0.08	0.20
lobby	-0.08	0.50
mothers	-0.08	1.44
distinction	-0.08	0.24
mile	-0.08	0.24
theory	-0.08	0.25
communication	-0.08	0.23
definitely	-0.08	0.69
outer	-0.08	0.22
throughout	-0.08	0.16
proved	-0.08	0.51
represents	-0.08	0.20
highway	-0.08	0.15
times	-0.08	0.20
dallas	-0.08	0.33
pound	-0.08	0.29
species	-0.08	0.45
applied	-0.08	0.17
construction	-0.08	0.35
ass	-0.08	1.04
tendency	-0.08	0.47
tunnel	-0.08	0.20
seems	-0.08	0.58
idaho	-0.08	0.37
commercial	-0.08	0.16
fuck	-0.08	1.09
reducing	-0.08	0.86
canada	-0.08	0.25
storm	-0.08	0.48
language	-0.08	0.19
earn	-0.08	0.31
therefore	-0.08	0.36
nowhere	-0.08	0.97
same	-0.08	0.93
trucks	-0.08	0.12
lead	-0.07	0.18
headquarters	-0.07	0.27
reaching	-0.07	0.29
equivalent	-0.07	0.12
logic	-0.07	0.71
declined	-0.07	0.38
served	-0.07	0.39
initiative	-0.07	0.13
shit	-0.07	1.13
sold	-0.07	0.20
analysis	-0.07	0.27
chicken	-0.07	0.48
oliphant	-0.07	0.94
proposals	-0.07	0.15
attract	-0.07	0.21
assure	-0.07	0.53
atlantic	-0.07	0.20
country	-0.07	0.76
hostile	-0.07	1.09
driving	-0.07	0.14
diego	-0.07	0.26
secret	-0.07	0.21
shelter	-0.07	0.71
academic	-0.07	0.23
occurred	-0.07	0.36
wealthy	-0.07	1.16
competition	-0.07	0.17
share	-0.07	0.22
truck	-0.07	0.15
rincewind	-0.07	0.60
wondering	-0.07	0.77
generally	-0.07	0.39
aggressive	-0.07	0.75
frequent	-0.06	0.33
increase	-0.06	0.30
columbia	-0.06	0.22
granted	-0.06	0.20
point	-0.06	0.43
history	-0.06	0.14
delivery	-0.06	0.07
security	-0.06	0.29
ai	-0.06	0.96
formation	-0.06	0.15
cabin	-0.06	0.29
obtained	-0.06	0.13
discovered	-0.06	0.50
cadmann	-0.06	0.53
archie	-0.06	0.62
interviews	-0.06	0.17
limited	-0.06	0.34
presence	-0.06	0.14
strength	-0.06	0.95
leaped	-0.06	0.34
scattered	-0.06	0.28
strategy	-0.06	0.15
banking	-0.06	0.29
reports	-0.06	0.09
american	-0.06	0.14
teacher	-0.06	0.22
bones	-0.06	0.27
consent	-0.06	0.16
save	-0.06	0.31
concept	-0.06	0.26
houston	-0.06	0.26
leading	-0.06	0.15
request	-0.06	0.20
paid	-0.06	0.14
main	-0.06	0.19
launched	-0.06	0.19
manufacturing	-0.06	0.27
stolen	-0.06	0.13
salary	-0.06	0.22
ways	-0.06	0.36
need	-0.06	0.84
persuade	-0.06	0.50
mix	-0.06	0.43
wet	-0.05	1.12
poll	-0.05	0.12
skull	-0.05	0.24
car	-0.05	0.15
supply	-0.05	0.19
council	-0.05	0.19
responded	-0.05	0.58
conclusion	-0.05	0.25
crowds	-0.05	0.90
capital	-0.05	0.27
naval	-0.05	0.16
freud	-0.05	0.55
lift	-0.05	0.21
structures	-0.05	0.21
demanding	-0.05	0.72
floor	-0.05	0.40
heard	-0.05	0.39
convention	-0.05	0.17
sex	-0.05	0.61
yale	-0.05	0.26
birds	-0.05	0.66
kremlin	-0.05	0.21
bits	-0.05	0.76
trend	-0.05	0.20
promised	-0.05	0.66
essentially	-0.05	0.21
rapid	-0.05	0.25
equally	-0.05	0.71
encourage	-0.05	0.40
mel	-0.05	0.73
cab	-0.05	0.13
participants	-0.05	0.46
practical	-0.05	0.64
sale	-0.05	0.17
measure	-0.05	0.18
legislative	-0.05	0.18
supported	-0.05	0.22
stations	-0.05	0.23
between	-0.05	0.17
cars	-0.05	0.15
chances	-0.05	0.35
yards	-0.05	0.22
fee	-0.05	0.14
palestine	-0.05	0.32
spokesman	-0.05	0.17
weight	-0.05	0.19
comment	-0.05	0.38
joint	-0.05	0.15
damp	-0.05	1.23
boston	-0.05	0.29
united	-0.05	0.23
historic	-0.05	0.45
van	-0.05	0.14
parked	-0.04	0.15
viewed	-0.04	0.30
meal	-0.04	0.47
candy	-0.04	0.55
systems	-0.04	0.18
detroit	-0.04	0.31
breathe	-0.04	0.48
raw	-0.04	0.33
tale	-0.04	0.68
withdrawal	-0.04	0.21
overall	-0.04	0.15
israel	-0.04	0.29
hardly	-0.04	0.83
plate	-0.04	0.37
scenes	-0.04	0.29
falling	-0.04	0.21
yield	-0.04	0.19
executive	-0.04	0.23
zone	-0.04	0.25
reported	-0.04	0.24
annual	-0.04	0.14
explained	-0.04	0.90
kill	-0.04	0.43
example	-0.04	0.28
west	-0.04	0.29
employed	-0.04	0.23
cleveland	-0.04	0.30
built	-0.04	0.28
strikes	-0.04	0.50
advertising	-0.04	0.21
kong	-0.04	0.19
frank	-0.04	0.77
shouted	-0.04	0.50
gary	-0.04	0.41
teach	-0.04	0.21
network	-0.04	0.19
feet	-0.04	0.16
balls	-0.04	0.53
breathing	-0.04	0.31
sea	-0.04	0.19
maximum	-0.03	0.24
industries	-0.03	0.24
tone	-0.03	0.78
junior	-0.03	0.57
dollar	-0.03	0.17
fill	-0.03	0.19
politically	-0.03	0.56
philadelphia	-0.03	0.25
firing	-0.03	0.14
radar	-0.03	0.11
contracts	-0.03	0.14
involves	-0.03	0.58
inside	-0.03	0.13
weeks	-0.03	0.27
europe	-0.03	0.24
procedures	-0.03	0.25
overseas	-0.03	0.20
wire	-0.03	0.36
approval	-0.03	0.17
owns	-0.03	0.18
increasing	-0.03	0.34
plates	-0.03	0.33
boats	-0.03	0.17
drive	-0.03	0.18
instead	-0.03	0.69
orleans	-0.03	0.30
characters	-0.03	0.31
constitutional	-0.03	0.25
standards	-0.03	0.20
tracks	-0.03	0.20
leader	-0.03	0.16
pick	-0.03	0.60
anderson	-0.03	0.24
heroes	-0.03	0.62
seldom	-0.03	0.77
bill	-0.03	0.13
methods	-0.03	0.31
drag	-0.03	0.34
closer	-0.03	0.66
board	-0.03	0.15
considerably	-0.03	0.54
switch	-0.03	0.10
sound	-0.03	0.45
representatives	-0.03	0.19
recent	-0.03	0.24
parts	-0.03	0.16
arab	-0.02	0.29
finance	-0.02	0.25
retirement	-0.02	0.27
membership	-0.02	0.23
firms	-0.02	0.27
cast	-0.02	0.62
acid	-0.02	0.19
announcement	-0.02	0.14
much	-0.02	0.98
key	-0.02	0.80
tells	-0.02	0.74
days	-0.02	0.28
raise	-0.02	0.22
butter	-0.02	0.39
cape	-0.02	0.25
bus	-0.02	0.12
swallowed	-0.02	0.22
providing	-0.02	0.22
speaker	-0.02	0.16
products	-0.02	0.18
warned	-0.02	0.47
kind	-0.02	1.81
wheat	-0.02	0.76
jones	-0.02	0.35
arendt	-0.02	0.30
materials	-0.02	0.17
flour	-0.02	0.34
european	-0.02	0.21
hopes	-0.02	0.27
clients	-0.02	0.37
dropping	-0.02	0.21
lying	-0.02	0.26
purchased	-0.02	0.21
boat	-0.02	0.20
except	-0.02	0.73
beef	-0.02	0.47
shoot	-0.02	0.71
bay	-0.02	0.18
primary	-0.02	0.22
count	-0.02	0.20
contains	-0.02	0.14
israelis	-0.02	0.30
knocked	-0.02	0.20
press	-0.02	0.15
institution	-0.01	0.24
drove	-0.01	0.15
group	-0.01	0.17
index	-0.01	0.27
loan	-0.01	0.22
shower	-0.01	0.53
buyers	-0.01	0.13
mountains	-0.01	0.29
sail	-0.01	0.17
lake	-0.01	0.30
secretary	-0.01	0.26
learn	-0.01	0.45
kicked	-0.01	0.35
hayes	-0.01	0.84
make	-0.01	0.56
dust	-0.01	0.45
serve	-0.01	0.23
midnight	-0.01	0.34
contributions	-0.01	0.16
companies	-0.01	0.21
reporting	-0.01	0.13
pay	-0.01	0.15
traffic	-0.01	0.14
laugh	-0.01	0.90
turning	-0.01	0.63
use	-0.01	0.19
faster	-0.01	0.79
teachers	-0.01	0.39
students	-0.01	0.43
library	-0.01	0.29
thus	-0.01	0.39
initial	-0.01	0.71
household	-0.01	0.94
bridge	-0.01	0.18
manage	-0.01	0.45
currently	-0.01	0.21
campus	-0.01	0.29
modern	-0.00	0.24
business	-0.00	0.18
pushing	-0.00	0.50
bunch	-0.00	1.04
paying	-0.00	0.14
strictly	-0.00	0.17
consumers	-0.00	0.26
gear	-0.00	0.09
chris	-0.00	0.87
formed	-0.00	0.11
data	-0.00	0.15
raising	0.00	0.22
argues	0.00	0.31
cover	0.00	0.14
focus	0.00	0.21
remain	0.00	0.40
dominant	0.00	0.24
water	0.00	0.35
dead	0.00	0.58
greater	0.00	0.38
loans	0.00	0.25
nearby	0.00	0.49
although	0.00	0.72
route	0.00	0.16
adopted	0.00	0.28
sell	0.00	0.18
produced	0.00	0.21
via	0.00	0.07
barrel	0.00	0.10
banks	0.00	0.29
contain	0.00	0.16
called	0.01	0.68
shall	0.01	0.71
cracked	0.01	0.18
germany	0.01	0.24
urge	0.01	0.51
centuries	0.01	0.39
ocean	0.01	0.20
b	0.01	0.13
cost	0.01	0.23
highest	0.01	0.19
juice	0.01	0.43
tear	0.01	0.13
exists	0.01	0.28
hollow	0.01	0.29
arts	0.01	0.23
wheels	0.01	0.16
producers	0.01	0.28
abc	0.01	0.22
manager	0.01	0.24
forgotten	0.01	0.60
parker	0.01	0.49
networks	0.01	0.17
milk	0.01	0.43
awake	0.01	0.55
lane	0.01	0.13
documents	0.01	0.12
earned	0.01	0.18
laughter	0.01	0.91
breakfast	0.01	0.35
nearest	0.01	0.20
patience	0.01	0.69
college	0.01	0.28
egyptian	0.01	0.25
literature	0.01	0.18
washington	0.01	0.21
extra	0.01	0.19
above	0.01	0.23
expression	0.02	0.42
jerusalem	0.02	0.29
series	0.02	0.22
fact	0.02	0.58
compared	0.02	0.15
jordan	0.02	0.28
occurs	0.02	0.15
post	0.02	0.10
cloud	0.02	0.46
breast	0.02	0.49
window	0.02	0.30
fell	0.02	0.20
river	0.02	0.19
valley	0.02	0.24
turkey	0.02	0.25
racing	0.02	0.15
despite	0.02	0.31
metropolitan	0.02	0.37
also	0.02	0.61
file	0.02	0.09
signal	0.02	0.15
directors	0.02	0.20
station	0.02	0.16
corp	0.02	0.29
sequence	0.02	0.55
suggested	0.02	0.54
crucial	0.02	0.37
dealer	0.02	0.16
reminded	0.02	0.87
waters	0.02	0.22
additional	0.02	0.21
previous	0.02	0.25
eventually	0.02	0.38
ronald	0.02	0.28
direct	0.02	0.20
capitol	0.02	0.33
re	0.03	0.85
founded	0.03	0.37
coming	0.03	0.77
insisted	0.03	0.56
reporter	0.03	0.16
trail	0.03	0.15
humans	0.03	0.38
proposed	0.03	0.15
latter	0.03	0.21
sweep	0.03	0.16
everybody	0.03	0.98
company	0.03	0.21
hack	0.03	0.19
seconds	0.03	0.35
monthly	0.03	0.09
hill	0.03	0.35
clark	0.03	0.23
previously	0.03	0.34
gradually	0.03	0.43
weapon	0.03	0.18
garage	0.03	0.28
selling	0.03	0.15
stages	0.03	0.18
identified	0.03	0.50
movements	0.03	0.20
establishment	0.03	0.44
railroad	0.03	0.16
empty	0.03	0.20
steal	0.03	0.44
beyond	0.03	0.20
afterward	0.03	0.66
washed	0.03	0.32
examples	0.03	0.23
openly	0.03	0.40
basket	0.03	0.39
rights	0.03	0.31
reduced	0.03	0.56
below	0.03	0.15
introduced	0.03	0.28
rode	0.03	0.14
shell	0.04	0.15
kings	0.04	0.73
expects	0.04	0.48
traditional	0.04	0.29
russian	0.04	0.22
fired	0.04	0.29
ford	0.04	0.30
suggests	0.04	0.27
beating	0.04	0.23
principle	0.04	0.28
backed	0.04	0.24
news	0.04	0.16
comic	0.04	0.63
heading	0.04	0.16
spain	0.04	0.26
duty	0.04	0.19
german	0.04	0.21
discuss	0.04	0.48
greatest	0.04	0.83
broadcasting	0.04	0.18
talent	0.04	0.72
trace	0.04	0.43
may	0.04	0.61
climb	0.04	0.13
traders	0.04	0.25
proposal	0.04	0.15
ticket	0.04	0.11
discipline	0.04	0.34
hong	0.04	0.15
transfer	0.04	0.18
another	0.04	0.75
school	0.04	0.24
grade	0.04	0.18
editors	0.04	0.15
satellite	0.04	0.11
allies	0.04	0.45
attached	0.04	0.18
australia	0.04	0.25
exchange	0.04	0.25
enterprise	0.04	0.21
chamber	0.04	0.37
fur	0.04	0.37
searching	0.04	0.31
thompson	0.05	0.79
york	0.05	0.27
rule	0.05	0.16
japanese	0.05	0.19
boxes	0.05	0.19
motor	0.05	0.21
trading	0.05	0.25
road	0.05	0.13
writers	0.05	0.21
means	0.05	0.73
curiosity	0.05	0.56
task	0.05	0.43
amendment	0.05	0.19
train	0.05	0.09
matt	0.05	0.85
ordered	0.05	0.40
minutes	0.05	0.35
altogether	0.05	0.62
supplies	0.05	0.15
degrees	0.05	0.30
hotel	0.05	0.43
rear	0.05	0.16
division	0.05	0.21
section	0.05	0.18
substance	0.05	0.23
nobody	0.05	1.07
boys	0.05	0.82
goals	0.05	0.20
used	0.05	0.41
officer	0.05	0.22
loaded	0.05	0.08
aimed	0.05	0.17
thinks	0.05	0.81
offer	0.05	0.27
forms	0.05	0.19
enormous	0.05	0.62
lock	0.05	0.21
wondered	0.05	0.94
arrival	0.05	0.26
near	0.05	0.23
saving	0.05	0.22
horizon	0.05	0.32
spoken	0.05	0.80
filling	0.05	0.16
matter	0.05	0.56
decide	0.05	0.59
east	0.05	0.26
venture	0.06	0.32
desire	0.06	0.62
member	0.06	0.29
directions	0.06	0.16
baker	0.06	0.25
gain	0.06	0.66
crowd	0.06	0.89
grip	0.06	0.18
efforts	0.06	0.42
whisper	0.06	0.34
concrete	0.06	0.34
russia	0.06	0.24
picking	0.06	0.21
promising	0.06	0.61
bell	0.06	0.14
provided	0.06	0.24
franny	0.06	0.61
contract	0.06	0.13
recently	0.06	0.27
plan	0.06	0.17
brings	0.06	0.43
established	0.06	0.15
regular	0.06	0.21
restaurants	0.06	0.42
authors	0.06	0.16
peak	0.06	0.13
given	0.06	0.31
commander	0.06	0.23
sugar	0.06	0.37
crossing	0.06	0.11
doors	0.06	0.27
weekly	0.06	0.08
ruin	0.06	0.73
teeth	0.06	0.61
develop	0.06	0.36
anywhere	0.06	1.02
alley	0.06	0.32
provide	0.06	0.27
adds	0.06	0.37
shore	0.06	0.16
nights	0.06	0.38
produce	0.06	0.22
rarely	0.06	0.74
approach	0.07	0.25
made	0.07	0.49
cheese	0.07	0.42
seeking	0.07	0.43
approaching	0.07	0.25
isn	0.07	0.63
speed	0.07	0.25
manufacturers	0.07	0.21
bills	0.07	0.10
goods	0.07	0.26
lessons	0.07	0.24
interview	0.07	0.15
martin	0.07	0.76
markets	0.07	0.20
loose	0.07	0.38
hear	0.07	0.38
gets	0.07	0.93
clock	0.07	0.20
clouds	0.07	0.53
genius	0.07	0.73
facing	0.07	0.21
fresh	0.07	1.08
blanket	0.07	0.22
hell	0.07	1.01
tied	0.07	0.33
parent	0.07	1.19
excess	0.07	0.34
approved	0.07	0.12
reality	0.07	0.35
draw	0.07	0.34
meals	0.07	0.45
parking	0.07	0.18
greek	0.07	0.24
entry	0.07	0.11
techniques	0.07	0.29
shown	0.07	0.27
legs	0.07	0.22
wanted	0.08	0.83
yelled	0.08	0.55
alliance	0.08	0.24
neither	0.08	0.87
transition	0.08	0.18
electrical	0.08	0.12
product	0.08	0.14
closely	0.08	0.23
spotted	0.08	0.24
discussed	0.08	0.44
riding	0.08	0.19
nature	0.08	0.43
field	0.08	0.20
dick	0.08	0.45
orders	0.08	0.18
chairman	0.08	0.23
specifically	0.08	0.19
displayed	0.08	0.29
chrysler	0.08	0.30
stretch	0.08	0.15
ibm	0.08	0.16
sensed	0.08	1.47
amounts	0.08	0.22
famous	0.08	0.44
carlos	0.08	0.98
churches	0.08	0.42
rope	0.08	0.39
levels	0.08	0.21
crop	0.08	0.77
berlin	0.08	0.20
tube	0.08	0.15
moment	0.08	0.41
customer	0.08	0.10
eggs	0.08	0.42
entertainment	0.08	0.22
tongue	0.08	0.70
egypt	0.09	0.30
broadcast	0.09	0.18
supper	0.09	0.29
tom	0.09	0.63
urged	0.09	0.51
gm	0.09	0.21
bags	0.09	0.16
obtain	0.09	0.23
build	0.09	0.18
morning	0.09	0.29
makers	0.09	0.23
led	0.09	0.18
managing	0.09	0.23
showed	0.09	0.23
customers	0.09	0.17
considered	0.09	0.53
stores	0.09	0.37
receive	0.09	0.19
bread	0.09	0.44
stern	0.09	0.63
every	0.09	0.29
insurance	0.09	0.32
seeing	0.09	0.77
cbs	0.09	0.18
dirt	0.09	0.46
hesitated	0.09	0.59
content	0.09	0.26
does	0.09	1.00
single	0.09	0.35
cable	0.09	0.14
earlier	0.09	0.22
director	0.09	0.27
words	0.09	0.25
owner	0.09	0.39
routine	0.09	0.27
apparently	0.10	0.60
cited	0.10	0.45
nelson	0.10	0.41
doubt	0.10	0.52
guys	0.10	1.06
reluctant	0.10	0.61
quite	0.10	0.76
personality	0.10	0.36
eugene	0.10	0.65
reporters	0.10	0.20
senior	0.10	0.25
receiving	0.10	0.22
succeed	0.10	0.45
association	0.10	0.29
doorway	0.10	0.30
babies	0.10	1.22
guard	0.10	0.20
catch	0.10	0.39
hunt	0.10	0.41
persuaded	0.10	0.46
find	0.10	0.59
flow	0.10	0.30
auto	0.10	0.26
leaving	0.10	0.31
apply	0.10	0.23
quit	0.10	0.58
reason	0.10	0.60
text	0.10	0.24
simply	0.10	0.58
level	0.10	0.17
knee	0.10	0.19
assets	0.10	0.34
planning	0.10	0.11
circle	0.10	0.16
word	0.10	0.36
chase	0.10	0.17
pitch	0.10	0.62
containing	0.10	0.17
struggled	0.10	0.42
slight	0.10	1.10
control	0.10	0.63
tools	0.10	0.19
channel	0.10	0.16
lewis	0.10	0.27
controlled	0.10	0.51
engaged	0.10	0.16
keeping	0.10	0.69
fist	0.10	0.26
downtown	0.10	0.38
chief	0.10	0.27
toward	0.11	0.13
treaty	0.11	0.20
material	0.11	0.16
treasury	0.11	0.27
plastic	0.11	0.24
gordon	0.11	0.28
path	0.11	0.11
firm	0.11	0.32
simultaneously	0.11	0.12
noon	0.11	0.27
considerable	0.11	0.37
strip	0.11	0.22
electric	0.11	0.16
adults	0.11	0.90
method	0.11	0.59
tradition	0.11	0.28
afford	0.11	0.58
publication	0.11	0.19
buy	0.11	0.22
distribution	0.11	0.41
relations	0.11	0.25
across	0.11	0.11
cream	0.11	0.45
stock	0.11	0.31
spent	0.11	0.23
virtue	0.11	0.68
quoted	0.11	0.24
originally	0.11	0.21
corn	0.11	0.74
tent	0.11	0.27
harbor	0.11	0.19
reach	0.11	0.35
buying	0.11	0.17
donald	0.11	0.25
target	0.11	0.30
breaking	0.11	0.26
bar	0.11	0.32
hearts	0.11	0.83
yesterday	0.11	0.17
x	0.11	0.17
fields	0.11	0.84
legend	0.11	0.60
emerged	0.11	0.18
market	0.12	0.21
cash	0.12	0.23
extraordinary	0.12	0.55
exception	0.12	0.16
advantage	0.12	0.55
preparing	0.12	0.26
rushed	0.12	0.23
failure	0.12	0.52
immense	0.12	0.48
leads	0.12	0.22
offered	0.12	0.32
work	0.12	0.48
lieutenant	0.12	0.22
hook	0.12	0.34
p	0.12	0.16
direction	0.12	0.17
parliament	0.12	0.21
vice	0.12	0.24
spoke	0.12	0.70
bible	0.12	0.75
plans	0.12	0.29
outside	0.12	0.16
issued	0.12	0.11
along	0.12	0.11
women	0.12	1.20
signals	0.12	0.11
type	0.12	0.45
bennett	0.12	0.13
hidden	0.12	0.19
stuffed	0.12	0.21
seats	0.12	0.14
loudly	0.12	0.46
shots	0.12	0.35
belief	0.12	0.45
madoc	0.12	0.79
readers	0.12	0.19
negotiations	0.12	0.29
having	0.12	0.75
marshall	0.12	0.64
payment	0.12	0.12
somehow	0.12	0.59
todd	0.12	0.43
lot	0.12	1.34
spanish	0.12	0.23
forcing	0.13	0.56
italy	0.13	0.25
lists	0.13	0.11
low	0.13	0.23
backward	0.13	0.10
moon	0.13	0.34
rocky	0.13	0.19
thrown	0.13	0.21
secrets	0.13	0.26
shops	0.13	0.44
accepted	0.13	0.61
closing	0.13	0.16
available	0.13	0.21
statement	0.13	0.12
jr	0.13	0.39
pile	0.13	0.17
hills	0.13	0.41
assembly	0.13	0.19
expected	0.13	0.61
strike	0.13	0.55
f	0.13	0.14
corner	0.13	0.21
merely	0.13	0.52
jose	0.13	0.97
dennis	0.13	0.69
park	0.13	0.38
behind	0.13	0.12
sally	0.13	0.73
square	0.13	0.31
site	0.13	0.21
relatives	0.13	1.29
newspapers	0.13	0.14
joey	0.13	0.70
douglas	0.13	0.26
items	0.13	0.29
associate	0.13	0.27
push	0.13	0.30
others	0.13	0.48
noted	0.13	0.62
moscow	0.14	0.18
device	0.14	0.18
slide	0.14	0.15
preparation	0.14	0.25
express	0.14	0.52
abroad	0.14	0.40
victory	0.14	0.18
street	0.14	0.32
rifle	0.14	0.11
faith	0.14	1.01
economist	0.14	0.21
ext	0.14	0.17
prime	0.14	0.22
likely	0.14	0.67
television	0.14	0.21
described	0.14	0.58
account	0.14	0.21
joanna	0.14	0.90
opened	0.14	0.13
refused	0.14	0.57
becks	0.14	1.05
novel	0.14	0.31
magazine	0.14	0.13
increased	0.14	0.55
turner	0.14	0.31
computer	0.14	0.14
gun	0.14	0.13
sending	0.14	0.40
fail	0.14	0.65
technique	0.14	0.25
somebody	0.14	1.07
climbed	0.14	0.14
garion	0.14	0.93
shultz	0.14	0.17
wo	0.14	0.90
client	0.14	0.34
dussander	0.14	0.38
commitment	0.14	0.63
blank	0.14	0.89
voice	0.14	0.37
offering	0.14	0.27
deck	0.14	0.25
sections	0.14	0.13
inches	0.15	0.27
studied	0.15	0.30
table	0.15	0.25
block	0.15	0.45
day	0.15	0.23
aim	0.15	0.32
suggestion	0.15	0.20
glance	0.15	0.46
trips	0.15	0.18
little	0.15	0.81
fortune	0.15	0.62
compete	0.15	0.11
clearly	0.15	0.61
investors	0.15	0.36
porch	0.15	0.38
talking	0.15	0.65
sylvia	0.15	0.79
told	0.15	0.85
observe	0.15	0.48
since	0.15	0.26
sergeant	0.15	0.28
styles	0.15	0.46
curtain	0.15	0.15
warriors	0.15	0.60
machine	0.15	0.13
tiny	0.15	0.75
died	0.15	0.97
fast	0.15	0.20
britain	0.15	0.27
floating	0.15	0.12
authority	0.15	0.39
amount	0.15	0.17
away	0.15	0.09
uses	0.15	0.21
wall	0.15	0.23
together	0.15	0.22
josie	0.15	1.01
effectively	0.15	0.33
says	0.15	0.26
r	0.15	0.17
mail	0.15	0.11
travel	0.15	0.16
distance	0.15	0.21
ad	0.15	0.17
disappear	0.15	0.27
sign	0.15	0.61
idea	0.16	0.76
realized	0.16	0.82
resolution	0.16	0.19
bond	0.16	0.36
break	0.16	0.38
reflected	0.16	0.22
editor	0.16	0.17
credit	0.16	0.18
minister	0.16	0.22
bars	0.16	0.19
top	0.16	0.10
santa	0.16	0.20
locked	0.16	0.14
contained	0.16	0.16
foot	0.16	0.11
newspaper	0.16	0.14
thomas	0.16	0.35
until	0.16	0.21
unless	0.16	0.65
retreat	0.16	0.10
covering	0.16	0.14
narrow	0.16	0.13
occasional	0.16	0.80
entered	0.16	0.19
older	0.16	0.94
steadily	0.16	0.44
willing	0.16	0.66
stretched	0.16	0.10
difficult	0.16	0.48
bag	0.16	0.18
throw	0.16	0.35
again	0.16	0.27
though	0.16	0.73
story	0.16	0.26
reception	0.17	0.52
starns	0.17	0.66
savings	0.17	0.35
burst	0.17	0.51
double	0.17	0.13
tokyo	0.17	0.18
building	0.17	0.43
walter	0.17	0.32
adult	0.17	0.95
explanation	0.17	0.27
edmund	0.17	0.22
off	0.17	0.15
automatic	0.17	0.13
tickets	0.17	0.15
steep	0.17	0.17
stories	0.17	0.33
ceiling	0.17	0.31
note	0.17	0.22
disappeared	0.17	0.25
wrist	0.17	0.27
swung	0.17	0.20
expecting	0.17	0.68
sandy	0.17	0.88
part	0.17	0.55
marks	0.17	0.14
appeared	0.17	0.39
faded	0.17	0.60
journal	0.17	0.15
female	0.17	0.80
side	0.17	0.11
volume	0.17	0.19
pieces	0.17	0.23
popular	0.17	0.16
monitor	0.17	0.16
currency	0.17	0.24
wouldn	0.17	0.70
clerk	0.17	0.26
passed	0.17	0.21
muscles	0.17	0.42
cherry	0.17	0.58
eager	0.17	0.73
classes	0.17	0.34
flung	0.17	0.21
jessica	0.17	0.52
cells	0.18	0.46
coal	0.18	0.15
cloth	0.18	0.42
ride	0.18	0.26
terminal	0.18	0.10
mind	0.18	0.46
running	0.18	0.45
size	0.18	0.53
open	0.18	0.14
got	0.18	1.32
quickly	0.18	0.31
interviewed	0.18	0.39
pace	0.18	0.21
empire	0.18	0.36
far	0.18	0.85
bearing	0.18	0.56
box	0.18	0.11
myself	0.18	0.81
wake	0.18	0.32
t	0.18	0.59
needed	0.18	0.55
enough	0.18	0.66
hawk	0.18	0.80
subjects	0.18	0.14
chain	0.18	0.22
thrust	0.18	0.13
broke	0.18	0.21
files	0.18	0.11
entrance	0.18	0.25
store	0.18	0.22
mountain	0.18	0.25
whether	0.18	0.62
circles	0.18	0.18
designed	0.18	0.52
brooklyn	0.18	0.28
lose	0.18	0.56
slid	0.18	0.22
dropped	0.18	0.22
stars	0.18	0.31
any	0.18	0.90
edges	0.18	0.39
intended	0.18	0.64
listed	0.18	0.36
poet	0.18	0.65
slightly	0.18	0.29
absolute	0.18	0.49
elements	0.18	0.24
observed	0.18	0.62
unable	0.18	0.57
threw	0.18	0.25
asks	0.18	0.74
am	0.18	0.84
composed	0.18	0.14
tossed	0.18	0.16
choice	0.18	0.70
review	0.18	0.12
ice	0.18	0.44
literary	0.18	0.25
born	0.19	1.33
today	0.19	0.75
around	0.19	0.16
russell	0.19	0.85
kinds	0.19	0.46
bernard	0.19	0.68
former	0.19	0.33
names	0.19	0.25
beam	0.19	0.23
jumped	0.19	0.27
shop	0.19	0.28
front	0.19	0.18
surface	0.19	0.34
anybody	0.19	1.08
masters	0.19	0.30
inspired	0.19	0.25
pole	0.19	0.29
william	0.19	0.36
c	0.19	0.13
tends	0.19	0.58
platform	0.19	0.13
articles	0.19	0.17
satisfaction	0.19	0.67
structure	0.19	0.45
stocks	0.19	0.34
intend	0.19	0.71
magazines	0.19	0.19
run	0.19	0.44
sought	0.19	0.53
conference	0.19	0.17
either	0.19	0.74
included	0.19	0.49
republic	0.19	0.27
daily	0.19	0.10
through	0.19	0.17
longer	0.19	0.83
windows	0.19	0.35
works	0.19	0.12
before	0.19	0.21
climbing	0.19	0.09
ourselves	0.19	0.65
gone	0.19	0.69
drew	0.19	0.26
pocket	0.19	0.12
laid	0.19	0.16
trip	0.19	0.22
roof	0.20	0.33
traveling	0.20	0.18
pages	0.20	0.23
original	0.20	0.50
l	0.20	0.15
ran	0.20	0.29
atmosphere	0.20	0.77
messages	0.20	0.13
forced	0.20	0.57
cross	0.20	0.13
taste	0.20	1.09
remembering	0.20	0.55
must	0.20	0.72
significant	0.20	0.57
veteran	0.20	0.18
allow	0.20	0.57
m	0.20	0.38
decided	0.20	0.59
onto	0.20	0.09
computers	0.20	0.21
citizen	0.20	0.51
british	0.20	0.20
believes	0.20	0.45
imagination	0.20	0.69
e	0.20	0.18
carol	0.20	0.65
english	0.20	0.21
stirred	0.20	0.43
arrived	0.20	0.30
slope	0.20	0.18
determined	0.20	0.58
document	0.20	0.11
allowing	0.20	0.56
grabbed	0.20	0.26
crossed	0.20	0.12
pass	0.20	0.35
academy	0.20	0.30
edge	0.20	0.10
actually	0.20	0.93
helped	0.20	0.57
article	0.20	0.15
start	0.20	0.79
carry	0.20	0.31
h	0.20	0.17
writer	0.20	0.23
offers	0.20	0.26
permit	0.20	0.34
vanished	0.20	0.36
received	0.20	0.21
remains	0.21	0.44
manfred	0.21	0.24
brick	0.21	0.76
slipped	0.21	0.24
almost	0.21	0.52
failed	0.21	0.57
brooks	0.21	0.42
cycle	0.21	0.36
hurried	0.21	0.28
brought	0.21	0.32
fox	0.21	0.15
setting	0.21	0.34
completely	0.21	0.73
came	0.21	0.33
author	0.21	0.22
sheets	0.21	0.38
abstract	0.21	0.26
chosen	0.21	0.64
thinking	0.21	0.92
inc	0.21	0.18
blocks	0.21	0.51
silence	0.21	0.27
switched	0.21	0.08
outlaw	0.21	0.47
meetings	0.21	0.15
steps	0.21	0.19
finally	0.21	0.33
sides	0.21	0.15
wide	0.21	0.16
arm	0.21	0.27
humor	0.21	0.41
rice	0.21	0.64
notes	0.21	0.18
carrying	0.21	0.21
anyone	0.21	1.04
france	0.21	0.25
under	0.21	0.14
didn	0.21	0.78
gon	0.22	0.97
attempts	0.22	0.55
none	0.22	0.73
wrapped	0.22	0.11
ridge	0.22	0.27
easier	0.22	0.84
ready	0.22	0.63
print	0.22	0.17
plaza	0.22	0.31
letting	0.22	0.72
figures	0.22	0.17
announced	0.22	0.23
pulling	0.22	0.25
funny	0.22	1.09
drawn	0.22	0.14
give	0.22	0.46
woods	0.22	0.51
grant	0.22	0.21
attempt	0.22	0.55
tv	0.22	0.14
advice	0.22	0.25
wants	0.22	0.75
rolled	0.22	0.16
rather	0.22	0.46
races	0.22	0.23
eddie	0.22	0.82
overhead	0.22	0.50
carries	0.22	0.23
hoping	0.22	0.68
edward	0.22	0.37
set	0.22	0.14
ii	0.22	0.25
lie	0.22	0.40
published	0.22	0.19
daddy	0.22	0.70
scene	0.22	0.24
common	0.22	0.37
tried	0.22	0.62
helping	0.22	0.61
funds	0.22	0.34
reader	0.22	0.22
throwing	0.22	0.19
james	0.23	0.34
rang	0.23	0.30
ears	0.23	0.35
richard	0.23	0.31
spot	0.23	0.24
whereas	0.23	0.09
shared	0.23	0.66
na	0.23	0.96
ever	0.23	0.99
dreamed	0.23	0.69
placed	0.23	0.18
period	0.23	0.21
order	0.23	0.50
round	0.23	0.54
returning	0.23	0.22
allows	0.23	0.51
carried	0.23	0.21
ll	0.23	0.77
stream	0.23	0.21
till	0.23	0.33
try	0.23	0.70
lawrence	0.23	0.33
closed	0.23	0.11
bring	0.23	0.41
trying	0.23	0.65
rassam	0.23	0.61
managed	0.23	0.58
provides	0.23	0.26
effort	0.23	0.51
harold	0.24	0.30
should	0.24	0.76
walls	0.24	0.33
chance	0.24	0.74
tales	0.24	0.77
analyst	0.24	0.33
met	0.24	0.83
gathered	0.24	0.37
pull	0.24	0.32
line	0.24	0.09
wasn	0.24	0.58
allowed	0.24	0.59
supposed	0.24	0.79
copies	0.24	0.19
george	0.24	0.34
deliver	0.24	0.25
printed	0.24	0.19
writes	0.24	0.21
brian	0.24	0.34
ing	0.24	0.50
lines	0.24	0.10
able	0.24	0.62
opposite	0.24	0.11
ayla	0.24	0.58
took	0.24	0.30
replace	0.24	0.28
desk	0.24	0.19
ca	0.24	0.94
crying	0.24	0.56
tables	0.24	0.29
successfully	0.25	0.34
substantial	0.25	0.51
ta	0.25	0.95
geneva	0.25	0.18
poetry	0.25	0.31
ambassador	0.25	0.21
step	0.25	0.37
still	0.25	0.51
world	0.25	0.39
moving	0.25	0.28
shoe	0.25	0.23
feelings	0.25	1.76
edwards	0.25	0.20
n	0.25	0.17
take	0.25	0.53
somewhere	0.25	0.55
himself	0.25	0.43
bbc	0.25	0.32
lifting	0.25	0.18
map	0.25	0.19
miller	0.25	0.36
clay	0.25	0.42
steel	0.25	0.22
put	0.25	0.27
howard	0.25	0.25
constitution	0.25	0.27
belt	0.25	0.22
middle	0.25	0.27
abortion	0.25	0.33
accurate	0.25	0.72
assured	0.25	0.57
sometime	0.25	0.26
pattern	0.25	0.61
prepared	0.25	0.49
corners	0.25	0.20
cry	0.25	0.60
equipment	0.25	0.18
fall	0.25	0.27
helps	0.25	0.59
counter	0.25	0.32
beside	0.25	0.17
knees	0.25	0.21
bowl	0.26	0.23
serves	0.26	0.22
associates	0.26	0.56
cotton	0.26	0.57
continue	0.26	0.48
piece	0.26	0.25
knock	0.26	0.30
avenue	0.26	0.32
permitted	0.26	0.47
shows	0.26	0.15
horn	0.26	0.23
hold	0.26	0.38
arms	0.26	0.22
electronic	0.26	0.17
design	0.26	0.21
seat	0.26	0.16
photo	0.26	0.21
ahead	0.26	0.17
motion	0.26	0.21
lowered	0.26	0.17
wind	0.26	0.66
pistol	0.26	0.21
tight	0.26	0.16
conversation	0.26	0.29
us	0.26	0.93
kevin	0.26	0.37
anything	0.26	1.06
al	0.26	0.22
core	0.26	0.31
saul	0.26	0.55
rick	0.26	0.70
interpretation	0.27	0.50
basic	0.27	0.51
expect	0.27	0.91
phase	0.27	0.23
succeeded	0.27	0.41
joined	0.27	0.26
jim	0.27	0.30
warren	0.27	0.63
partners	0.27	0.65
known	0.27	0.77
message	0.27	0.22
went	0.27	0.36
pushed	0.27	0.23
books	0.27	0.27
twice	0.27	0.64
next	0.27	0.24
starting	0.27	0.30
reading	0.27	0.26
picked	0.27	0.23
audiences	0.27	0.27
covers	0.27	0.11
writing	0.27	0.23
crowded	0.27	0.43
everyone	0.27	0.74
folded	0.27	0.07
packed	0.27	0.12
hot	0.27	0.86
doc	0.27	0.61
whatever	0.27	1.00
devices	0.27	0.19
francis	0.27	0.35
occasions	0.27	0.21
opportunity	0.27	0.45
hole	0.27	0.44
started	0.27	0.41
slowed	0.27	0.15
showing	0.28	0.33
probably	0.28	0.95
advance	0.28	0.15
pulled	0.28	0.22
broad	0.28	0.21
explains	0.28	0.32
read	0.28	0.29
lunch	0.28	0.30
wish	0.28	0.70
whose	0.28	0.89
wild	0.28	0.52
walking	0.28	0.30
asking	0.28	0.64
stopping	0.28	0.15
sidewalk	0.28	0.28
morality	0.28	0.51
self	0.28	0.69
investments	0.28	0.38
subsequent	0.28	0.50
john	0.28	0.35
radio	0.28	0.26
checks	0.28	0.12
screen	0.28	0.17
floors	0.28	0.41
shaking	0.28	0.42
defensive	0.28	0.13
sang	0.28	2.15
very	0.28	0.66
hint	0.28	0.52
impossible	0.28	0.56
fantasy	0.28	0.58
hard	0.28	0.42
track	0.28	0.15
sheet	0.28	0.10
relative	0.28	0.44
upward	0.29	0.15
begin	0.29	0.25
faces	0.29	0.51
sent	0.29	0.23
form	0.29	0.61
progress	0.29	0.23
michael	0.29	0.31
angel	0.29	0.77
boyle	0.29	0.57
stay	0.29	0.47
yet	0.29	0.75
follow	0.29	0.37
might	0.29	0.77
ought	0.29	0.87
alone	0.29	0.31
handed	0.29	0.20
imagine	0.29	0.77
returned	0.29	0.40
require	0.29	0.47
curious	0.29	1.72
pictures	0.29	0.19
won	0.29	0.25
code	0.29	0.16
french	0.29	0.16
wednesday	0.29	0.23
noticed	0.29	0.74
description	0.29	0.47
slowly	0.29	0.16
knowing	0.29	0.79
booth	0.29	0.16
listening	0.29	0.29
finds	0.29	0.50
tower	0.29	0.39
guarantee	0.29	0.56
soon	0.30	0.40
recognition	0.30	0.45
joe	0.30	0.37
approached	0.30	0.35
servant	0.30	0.47
identify	0.30	0.42
taken	0.30	0.46
speaking	0.30	0.32
comparison	0.30	0.29
irish	0.30	0.50
machines	0.30	0.19
covered	0.30	0.34
accounts	0.30	0.29
charles	0.30	0.29
drama	0.30	0.38
telling	0.30	0.76
trunk	0.30	0.31
david	0.30	0.35
hanging	0.30	0.14
incredible	0.30	0.60
dim	0.30	0.32
museum	0.30	0.16
keys	0.30	0.17
establish	0.30	0.60
plain	0.30	0.77
length	0.30	0.39
money	0.30	0.19
begun	0.30	0.42
smith	0.30	0.26
beach	0.30	0.23
art	0.30	0.19
olympic	0.31	0.36
things	0.31	0.99
session	0.31	0.19
show	0.31	0.17
spots	0.31	0.21
monday	0.31	0.24
toy	0.31	0.33
priests	0.31	0.65
easily	0.31	0.50
mood	0.31	0.49
wrote	0.31	0.23
heads	0.31	0.24
stuart	0.31	0.25
hits	0.31	0.28
democracy	0.31	0.30
roles	0.31	0.31
sharing	0.31	0.57
column	0.31	0.20
neighbors	0.31	1.02
written	0.31	0.27
cliff	0.31	0.20
favorite	0.31	0.35
talks	0.31	0.24
shortly	0.31	0.25
want	0.31	0.99
license	0.31	0.21
taylor	0.31	0.33
cameras	0.31	0.14
tries	0.31	0.57
better	0.31	1.89
moved	0.31	0.32
beginning	0.32	0.26
book	0.32	0.25
artist	0.32	0.24
appears	0.32	0.41
page	0.32	0.15
full	0.32	0.48
ed	0.32	0.27
pressing	0.32	0.33
struck	0.32	0.45
essence	0.32	0.77
darkness	0.32	0.31
strongly	0.32	0.37
mud	0.32	0.52
dried	0.32	0.56
entirely	0.32	0.50
gives	0.32	0.46
beat	0.32	0.48
creative	0.32	0.47
hunter	0.32	0.13
help	0.32	0.64
creating	0.32	0.51
speak	0.32	0.48
directed	0.32	0.24
write	0.32	0.24
seated	0.32	0.20
metal	0.32	0.25
halfway	0.32	0.09
understood	0.32	1.48
birth	0.32	1.09
contrary	0.32	0.38
buddy	0.32	0.77
waited	0.32	0.39
architecture	0.32	0.26
stuck	0.32	0.20
forward	0.33	0.12
role	0.33	0.27
raised	0.33	0.24
heat	0.33	0.81
check	0.33	0.13
d	0.33	0.23
shirley	0.33	0.55
objective	0.33	0.31
corporation	0.33	0.58
medium	0.33	0.26
stones	0.33	0.21
thursday	0.33	0.25
constant	0.33	0.49
gave	0.33	0.57
stopped	0.33	0.37
nor	0.33	0.74
carefully	0.33	0.15
long	0.33	0.19
paper	0.33	0.10
version	0.33	0.32
arrive	0.33	0.19
video	0.33	0.21
fishing	0.33	0.22
someone	0.33	0.92
performed	0.33	0.41
frances	0.33	0.46
accent	0.33	0.20
interior	0.33	0.46
tuesday	0.33	0.24
couples	0.33	1.08
letters	0.33	0.19
profession	0.34	0.39
waiting	0.34	0.31
soil	0.34	0.71
furniture	0.34	0.22
copy	0.34	0.16
papers	0.34	0.16
temporary	0.34	0.33
collection	0.34	0.13
rolling	0.34	0.17
friday	0.34	0.25
return	0.34	0.26
turn	0.34	0.51
daoud	0.34	0.23
foundation	0.34	0.52
waist	0.34	0.21
adam	0.34	0.27
artists	0.34	0.22
purpose	0.34	0.39
joseph	0.34	0.30
image	0.34	0.32
austin	0.34	0.80
found	0.34	0.54
agreement	0.34	0.17
evening	0.34	0.25
last	0.34	0.27
london	0.34	0.27
rested	0.34	0.62
dean	0.34	0.40
certainly	0.34	0.64
photographs	0.34	0.17
gallery	0.34	0.19
everywhere	0.35	0.41
held	0.35	0.20
arrange	0.35	0.44
clear	0.35	0.45
settled	0.35	0.55
early	0.35	0.26
mentioned	0.35	0.74
picture	0.35	0.16
speech	0.35	0.12
dug	0.35	0.38
added	0.35	0.43
collected	0.35	0.15
began	0.35	0.31
ile	0.35	0.29
aside	0.35	0.13
lee	0.35	0.78
using	0.35	0.45
opening	0.35	0.14
medieval	0.35	0.31
stare	0.35	0.34
clan	0.35	0.60
shy	0.35	1.25
relationship	0.35	0.59
permission	0.35	0.29
envelope	0.35	0.09
stepped	0.35	0.32
tomorrow	0.35	0.40
finished	0.35	0.28
visual	0.35	0.43
hang	0.35	0.46
rob	0.35	0.42
hero	0.35	0.47
chair	0.35	0.16
movies	0.36	0.24
fallen	0.36	0.40
move	0.36	0.46
spy	0.36	0.32
unique	0.36	0.68
distinguished	0.36	0.59
master	0.36	0.32
steve	0.36	0.28
wer	0.36	0.60
artificial	0.36	0.32
contact	0.36	0.43
family	0.36	1.28
vienna	0.36	0.21
ease	0.36	0.52
nt	0.36	0.66
studio	0.36	0.24
fans	0.36	0.45
annie	0.36	0.81
delivered	0.36	0.12
tended	0.36	0.64
telephone	0.36	0.23
answers	0.36	0.39
stand	0.36	0.42
believe	0.36	0.70
fence	0.36	0.36
describe	0.36	0.42
silently	0.36	0.16
pockets	0.36	0.19
ray	0.36	0.31
perform	0.36	0.43
end	0.36	0.22
wooden	0.36	0.24
artistic	0.36	0.30
mist	0.36	0.48
prepare	0.36	0.50
let	0.36	0.73
anyway	0.37	1.05
chill	0.37	0.65
remarks	0.37	0.33
beds	0.37	0.54
walk	0.37	0.46
actual	0.37	0.78
agreed	0.37	0.51
ranks	0.37	0.33
once	0.37	0.76
jean	0.37	0.69
ya	0.37	0.93
sophisticated	0.37	0.26
clothing	0.37	0.27
male	0.37	0.87
suspended	0.37	0.55
jesse	0.37	0.31
harry	0.37	0.49
arthur	0.37	0.33
reply	0.37	0.23
hung	0.37	0.15
remained	0.37	0.43
character	0.37	0.21
thought	0.37	0.81
latest	0.37	0.44
ireland	0.37	0.26
stone	0.37	0.27
don	0.37	0.63
mechanical	0.37	0.42
basically	0.37	0.59
hull	0.37	0.18
sitting	0.37	0.19
contrast	0.37	0.60
jeff	0.37	0.42
angle	0.37	0.21
holding	0.38	0.21
pointed	0.38	0.39
delighted	0.38	1.75
delight	0.38	0.69
rome	0.38	0.31
late	0.38	0.27
sufficient	0.38	0.46
walked	0.38	0.32
win	0.38	0.21
films	0.38	0.28
really	0.38	1.07
houses	0.38	0.81
concentrated	0.38	0.35
audience	0.38	0.24
keep	0.38	0.39
yourself	0.38	0.77
title	0.38	0.26
tip	0.38	0.46
continued	0.38	0.30
catching	0.38	0.40
samuel	0.38	0.28
lights	0.38	0.34
person	0.38	0.47
wan	0.38	0.95
du	0.38	0.15
root	0.38	0.63
roman	0.38	0.48
akbal	0.38	0.51
arkady	0.38	0.52
enjoyed	0.38	1.83
november	0.38	0.26
silent	0.38	0.29
signed	0.39	0.11
converse	0.39	0.17
painter	0.39	0.27
instructions	0.39	0.41
power	0.39	0.39
reverend	0.39	0.73
objects	0.39	0.32
quarters	0.39	0.82
hope	0.39	0.65
scheme	0.39	0.39
followed	0.39	0.36
raises	0.39	0.36
genuine	0.39	0.54
gates	0.39	0.27
lifted	0.39	0.20
waved	0.39	0.26
sat	0.39	0.22
dhugal	0.39	0.37
swear	0.39	0.79
winner	0.39	0.23
determine	0.39	0.60
week	0.39	0.26
bow	0.39	0.27
beneath	0.39	0.41
catholic	0.39	0.46
mate	0.39	0.44
checked	0.39	0.13
goal	0.39	0.21
pen	0.39	0.20
points	0.40	0.39
go	0.40	0.71
hoped	0.40	0.74
painting	0.40	0.22
skin	0.40	0.39
button	0.40	0.18
tightly	0.40	0.34
describes	0.40	0.40
kids	0.40	0.59
fiction	0.40	0.52
winning	0.40	0.28
stop	0.40	0.53
camera	0.40	0.10
portrait	0.40	0.18
october	0.40	0.26
watching	0.40	0.34
second	0.40	0.20
success	0.40	0.47
rare	0.40	0.79
collar	0.40	0.34
answer	0.40	0.53
terry	0.40	0.40
caught	0.40	0.39
follows	0.40	0.33
ear	0.40	0.35
march	0.40	0.27
presumably	0.40	0.38
reached	0.40	0.23
send	0.40	0.45
moe	0.40	0.51
measured	0.40	0.45
mom	0.41	0.73
rest	0.41	0.34
devoted	0.41	0.66
o	0.41	0.57
december	0.41	0.25
intensity	0.41	0.41
permanent	0.41	0.37
month	0.41	0.29
proof	0.41	0.37
february	0.41	0.27
flash	0.41	0.42
january	0.41	0.27
pregnant	0.41	1.07
movie	0.41	0.30
flat	0.41	0.28
stanley	0.41	0.22
producer	0.41	0.25
handled	0.42	0.33
purse	0.42	0.16
shoulders	0.42	0.25
lots	0.42	0.96
le	0.42	0.17
shoulder	0.42	0.32
ability	0.42	0.45
watched	0.42	0.47
stood	0.42	0.34
item	0.42	0.35
marble	0.42	0.37
quick	0.42	0.78
talk	0.42	0.79
gaze	0.42	0.25
calls	0.42	0.35
elbow	0.42	0.25
jennifer	0.42	0.35
independence	0.43	0.33
england	0.43	0.35
paris	0.43	0.18
bench	0.43	0.12
happens	0.43	0.93
paintings	0.43	0.20
chub	0.43	0.40
snapped	0.43	0.41
shadows	0.43	0.36
continuous	0.43	0.38
neck	0.43	0.28
lined	0.43	0.25
knows	0.43	0.89
gathering	0.43	0.42
intent	0.43	0.50
loves	0.43	2.04
paul	0.43	0.31
stared	0.43	0.48
comes	0.43	0.51
improvement	0.43	0.60
fabric	0.43	0.39
mike	0.43	0.40
card	0.43	0.13
critic	0.43	0.35
scale	0.43	0.41
simon	0.43	0.25
dutch	0.43	0.41
address	0.44	0.15
arnie	0.44	0.35
exhibition	0.44	0.16
runs	0.44	0.34
brothers	0.44	1.10
thing	0.44	1.06
huh	0.44	1.02
apple	0.44	0.36
watch	0.44	0.52
bare	0.44	0.26
sand	0.44	0.43
scheduled	0.44	0.24
saved	0.44	0.63
doing	0.44	1.17
roger	0.44	0.30
sun	0.44	0.54
branch	0.44	0.54
lightning	0.44	0.50
fat	0.44	0.90
maybe	0.44	1.14
rolls	0.44	0.19
balam	0.44	0.50
ridiculous	0.44	1.22
something	0.45	1.07
begins	0.45	0.34
liz	0.45	0.43
wives	0.45	1.13
pray	0.45	0.83
fourth	0.45	0.17
leaning	0.45	0.12
feature	0.45	0.45
third	0.45	0.18
chuck	0.45	0.44
vision	0.45	0.38
truth	0.45	0.59
mission	0.45	0.41
else	0.45	1.01
y	0.45	0.32
saint	0.45	0.87
depth	0.46	0.48
sky	0.46	0.41
settle	0.46	0.39
afternoon	0.46	0.33
souchak	0.46	0.48
children	0.46	1.23
hollywood	0.46	0.32
quality	0.46	0.55
morgan	0.46	0.46
ball	0.46	0.43
protected	0.46	0.37
bank	0.46	0.60
phone	0.46	0.68
comedy	0.46	0.34
standing	0.47	0.28
grow	0.47	0.67
falls	0.47	0.32
spend	0.47	0.27
speaks	0.47	0.35
achieved	0.47	0.61
contemporary	0.47	0.38
while	0.47	0.45
louis	0.47	0.25
turned	0.47	0.41
saw	0.47	0.70
takeover	0.47	0.59
ground	0.47	0.39
saturday	0.47	0.29
stephen	0.47	0.35
willie	0.47	0.45
meeting	0.47	0.25
thumb	0.47	0.39
scored	0.47	0.42
remy	0.47	0.45
bottom	0.47	0.28
value	0.48	0.40
allen	0.48	0.44
elise	0.48	0.85
swann	0.48	0.45
asked	0.48	0.61
looking	0.48	0.41
typical	0.48	0.55
base	0.48	0.38
adequate	0.48	0.53
church	0.48	0.54
crops	0.48	1.01
seen	0.48	0.80
buildings	0.48	0.71
going	0.48	0.93
mouth	0.48	0.34
alan	0.48	0.36
clothes	0.49	0.38
albert	0.49	0.30
peter	0.49	0.40
qualities	0.49	0.68
sixth	0.49	0.16
augusta	0.49	0.45
billy	0.49	0.32
achieve	0.49	0.35
paused	0.49	0.44
portion	0.49	0.35
beth	0.49	0.44
opens	0.49	0.32
prize	0.49	0.41
supporting	0.49	0.29
honor	0.50	0.40
bid	0.50	0.50
robe	0.50	0.25
heels	0.50	0.26
christian	0.50	0.64
presented	0.50	0.39
davis	0.50	0.36
ask	0.50	0.73
closest	0.50	0.53
rings	0.50	0.63
glanced	0.50	0.45
protested	0.50	0.51
plissken	0.50	0.36
missed	0.50	1.32
honey	0.50	0.73
universal	0.51	0.54
includes	0.51	0.49
draft	0.51	0.23
parallel	0.51	0.44
morris	0.51	0.34
production	0.51	0.49
rita	0.51	0.53
demanded	0.51	0.51
happening	0.51	0.97
whispered	0.51	0.39
iii	0.51	0.35
seasons	0.51	0.27
saying	0.51	0.87
investment	0.51	0.66
looked	0.51	0.47
staring	0.51	0.32
drops	0.51	0.34
tie	0.51	0.30
pope	0.51	0.34
eye	0.51	0.20
record	0.51	0.31
already	0.52	0.71
necessary	0.52	0.53
frowned	0.52	0.57
film	0.52	0.30
application	0.52	0.66
someday	0.52	0.74
sunday	0.52	0.30
quietly	0.52	0.32
italian	0.52	0.35
shook	0.52	0.46
sheer	0.52	0.51
match	0.52	0.49
always	0.52	1.28
star	0.52	0.32
bobby	0.52	0.47
background	0.52	0.40
pleasure	0.52	0.66
actors	0.52	0.36
phil	0.52	0.62
cap	0.52	0.36
kat	0.52	0.47
trusted	0.52	1.42
securities	0.52	0.64
sees	0.52	0.50
continues	0.52	0.38
diane	0.52	0.53
protect	0.52	0.38
underground	0.52	0.35
everything	0.53	0.98
requires	0.53	0.61
surrounded	0.53	0.64
mount	0.53	0.34
swimming	0.53	0.30
september	0.53	0.29
luck	0.53	1.79
rejected	0.53	0.42
breaks	0.53	0.43
voices	0.53	0.66
passage	0.53	0.38
grin	0.53	0.34
light	0.53	0.37
knew	0.53	1.46
tony	0.53	0.34
location	0.53	0.64
forget	0.53	0.89
instrument	0.53	0.64
forgot	0.54	0.78
actor	0.54	0.35
philip	0.54	0.32
hurry	0.54	0.72
ben	0.54	0.46
coach	0.54	0.42
nothing	0.54	0.97
june	0.54	0.30
passes	0.54	0.26
younger	0.54	1.07
repeated	0.54	0.52
pretty	0.54	1.61
appropriate	0.54	0.88
glow	0.54	0.45
boards	0.54	0.55
maintained	0.55	0.22
la	0.55	0.17
jake	0.55	0.65
sets	0.55	0.37
son	0.55	1.05
cheryl	0.55	0.69
shannon	0.55	0.30
nodded	0.55	0.45
sports	0.55	0.44
april	0.55	0.30
rain	0.55	0.69
collect	0.55	0.41
temperature	0.55	0.74
lauren	0.56	0.45
baby	0.56	0.90
ends	0.56	0.34
breasts	0.56	0.38
shrugged	0.56	0.44
soldier	0.56	0.73
hiding	0.56	0.38
important	0.56	0.86
contest	0.56	0.51
sam	0.56	0.42
grace	0.56	0.80
opportunities	0.56	0.32
ghetel	0.56	0.23
competitive	0.56	0.76
loyalty	0.56	0.67
sit	0.56	0.40
come	0.56	0.75
exercise	0.57	0.39
champion	0.57	0.42
throws	0.57	0.40
efficiency	0.57	0.33
projects	0.57	0.43
bonds	0.57	0.70
unlikely	0.57	0.55
jungle	0.57	0.30
alternative	0.57	0.75
backs	0.57	0.27
capable	0.57	0.59
keeps	0.57	0.48
landscape	0.57	0.52
parents	0.57	1.23
theatre	0.57	0.39
promote	0.57	0.53
funeral	0.57	0.72
believed	0.58	1.40
leon	0.58	0.31
head	0.58	0.20
vital	0.58	0.54
leaned	0.58	0.30
referring	0.58	0.31
rises	0.58	0.40
reputation	0.58	0.41
poems	0.58	0.55
confidence	0.58	0.40
cardinal	0.59	0.32
logical	0.59	0.42
lord	0.59	0.69
schedule	0.59	0.37
allie	0.59	0.40
august	0.59	0.33
spare	0.59	0.47
eyes	0.59	0.22
briefly	0.59	0.24
left	0.59	0.34
tough	0.59	0.68
walks	0.59	0.36
men	0.59	0.72
ritual	0.59	0.32
complex	0.59	0.46
louise	0.60	0.84
lap	0.60	0.30
theater	0.60	0.38
slow	0.60	0.46
normally	0.60	0.44
stage	0.60	0.34
interrupted	0.60	0.41
seed	0.60	0.93
pete	0.60	0.31
vladimir	0.60	0.47
answered	0.60	0.41
clubs	0.61	0.39
hat	0.61	0.39
fingers	0.61	0.42
cleared	0.61	0.28
remembered	0.61	1.40
heaven	0.61	0.91
upper	0.61	0.41
performance	0.61	0.38
pleased	0.61	1.78
hitting	0.61	0.31
snow	0.61	0.58
firmly	0.61	0.42
jacket	0.61	0.34
respected	0.61	1.25
jonathan	0.61	0.61
think	0.61	1.01
winds	0.61	0.88
sons	0.62	1.16
gate	0.62	0.54
casual	0.62	1.05
periods	0.62	0.65
friends	0.62	1.04
yard	0.62	0.72
ethel	0.62	0.38
triumph	0.62	0.63
leave	0.63	0.43
poem	0.63	0.50
cards	0.63	0.33
pulls	0.63	0.37
mirror	0.63	0.23
tonight	0.63	0.65
grinning	0.63	0.43
fund	0.63	0.69
effective	0.63	0.44
kingdom	0.63	0.37
pointing	0.63	0.30
scott	0.63	0.46
duke	0.63	0.56
fellow	0.63	0.64
score	0.63	0.44
suit	0.63	0.39
hennie	0.63	0.85
milly	0.63	0.42
rational	0.63	0.38
takes	0.64	0.45
photograph	0.64	0.36
paint	0.64	0.33
home	0.64	0.58
happen	0.64	0.93
alexander	0.64	0.30
pants	0.64	0.35
equal	0.64	0.42
joel	0.64	0.22
larry	0.64	0.38
gideon	0.64	0.36
happened	0.64	0.97
concentrate	0.64	0.41
iron	0.64	0.37
danny	0.64	0.44
oldest	0.65	1.00
close	0.65	0.41
wiped	0.65	0.41
exactly	0.65	0.95
relatively	0.65	0.51
fully	0.65	0.53
remarked	0.65	0.50
finger	0.65	0.38
visiting	0.65	0.63
odds	0.65	0.43
admiral	0.65	0.35
shirt	0.65	0.37
grabs	0.65	0.42
coat	0.65	0.35
tracy	0.65	0.29
prior	0.66	0.43
starts	0.66	0.44
during	0.66	0.63
display	0.66	0.38
visit	0.66	0.41
required	0.66	0.63
call	0.66	0.55
laughed	0.66	0.43
johnny	0.67	0.56
worn	0.67	0.40
wool	0.67	0.38
standard	0.67	0.83
host	0.67	0.45
place	0.67	0.82
understand	0.67	0.79
wood	0.67	0.41
forest	0.67	0.66
skirt	0.67	0.38
classical	0.68	0.74
bath	0.68	0.53
buried	0.68	0.38
reaches	0.68	0.44
safety	0.68	0.34
ira	0.68	0.32
moves	0.68	0.45
string	0.68	0.58
charlie	0.68	0.52
completed	0.68	0.44
inch	0.68	0.55
ended	0.68	0.51
baseball	0.68	0.56
bishop	0.68	0.59
nose	0.68	0.35
rubber	0.69	0.42
look	0.69	0.83
christ	0.69	0.64
goes	0.69	0.44
roll	0.69	0.41
king	0.69	0.46
club	0.70	0.33
leather	0.70	0.36
herself	0.70	0.56
daisy	0.70	0.34
sisters	0.70	1.12
separated	0.70	0.55
model	0.70	0.60
highly	0.70	0.53
orange	0.70	0.50
done	0.71	0.97
properly	0.71	0.56
league	0.71	0.50
ann	0.71	0.55
chan	0.71	0.36
smiled	0.71	0.40
expand	0.71	0.47
entitled	0.71	0.40
yeah	0.71	1.06
jeans	0.71	0.35
searched	0.71	0.37
height	0.71	0.45
brass	0.72	0.23
tape	0.72	0.46
appearance	0.72	0.45
mac	0.72	0.30
listen	0.72	0.69
holes	0.72	0.51
uniform	0.72	0.41
continuing	0.72	0.26
boots	0.72	0.38
trousers	0.72	0.41
max	0.73	0.45
martha	0.73	0.59
daniel	0.73	0.45
whom	0.73	1.32
holds	0.73	0.40
strangers	0.73	0.67
hand	0.73	0.44
andrew	0.73	0.45
hands	0.73	0.40
grave	0.73	1.45
jason	0.73	0.50
records	0.74	0.58
following	0.74	0.47
brush	0.74	0.59
rocks	0.74	0.55
why	0.74	0.92
critical	0.74	0.46
easy	0.74	0.67
say	0.74	0.92
century	0.74	0.48
heavy	0.74	0.59
approaches	0.75	0.40
turns	0.75	0.43
watches	0.75	0.40
enters	0.75	0.37
chin	0.75	0.33
stands	0.75	0.41
aloud	0.75	0.41
clean	0.75	0.69
meet	0.75	0.31
vegetables	0.75	0.91
cold	0.76	0.90
suits	0.76	0.29
explaining	0.76	0.56
intense	0.76	0.71
tell	0.76	0.87
flag	0.76	0.47
watkins	0.76	0.29
shoes	0.76	0.37
enter	0.76	0.32
partner	0.76	0.65
camille	0.76	0.42
gifts	0.76	0.80
cried	0.76	0.69
cake	0.76	0.50
exciting	0.77	1.80
dress	0.77	0.42
puts	0.77	0.43
grateful	0.77	1.87
extended	0.77	0.35
wait	0.77	0.68
lip	0.77	0.43
calling	0.77	0.42
looks	0.78	0.47
powerful	0.78	0.62
jerry	0.78	0.43
extensive	0.78	0.50
celebrated	0.78	0.71
named	0.78	0.84
moore	0.78	0.39
palm	0.78	0.36
invited	0.78	0.45
fred	0.78	0.47
ties	0.78	0.39
cathedral	0.78	0.49
couch	0.79	0.47
wear	0.79	0.42
jesus	0.79	0.75
lydia	0.79	0.42
fifth	0.79	0.40
shining	0.79	0.43
penny	0.80	0.56
brother	0.80	1.03
unity	0.80	0.45
career	0.80	0.31
stops	0.80	0.45
daughters	0.80	1.08
warmth	0.80	0.68
shirts	0.80	0.31
pair	0.80	0.39
prayer	0.80	0.75
pressed	0.81	0.42
stares	0.81	0.42
attended	0.81	0.50
grinned	0.81	0.41
team	0.81	0.63
pursuit	0.81	0.63
miracle	0.82	0.43
unfortunately	0.82	0.44
silk	0.82	0.48
picks	0.82	0.40
wearing	0.82	0.43
exit	0.82	0.49
gabriel	0.82	0.28
royal	0.82	0.45
oak	0.82	0.63
clearing	0.82	0.48
grandmother	0.83	1.27
visitors	0.83	0.46
mutual	0.83	0.82
softly	0.83	0.28
gesture	0.83	0.44
seventh	0.83	0.38
dry	0.83	0.85
dinner	0.83	0.51
antique	0.83	0.38
face	0.83	0.21
sits	0.83	0.40
wore	0.83	0.43
teams	0.83	0.64
pat	0.83	0.38
emperor	0.84	0.47
joy	0.84	1.51
holy	0.84	0.60
course	0.84	0.82
weather	0.84	1.00
jenny	0.84	0.32
molly	0.84	0.66
sport	0.85	0.48
football	0.85	0.66
pool	0.85	0.44
presents	0.85	0.44
jack	0.85	0.47
nancy	0.85	0.61
satisfied	0.85	1.58
shadow	0.86	0.41
climate	0.86	0.81
hey	0.86	0.98
surprisingly	0.86	0.76
proud	0.86	1.38
opera	0.87	0.57
amy	0.87	0.41
lily	0.87	0.56
guess	0.87	1.04
mary	0.87	0.71
murmured	0.87	0.38
mean	0.87	1.01
folk	0.87	0.82
season	0.87	0.30
golf	0.87	0.56
basketball	0.88	0.67
smile	0.88	0.55
game	0.88	0.62
thick	0.88	0.53
kept	0.88	0.58
divorce	0.88	0.79
bruce	0.89	0.29
temple	0.89	0.41
sunlight	0.89	0.51
planned	0.89	0.43
players	0.89	0.67
preserve	0.89	0.37
solution	0.89	0.47
replied	0.89	0.41
player	0.89	0.69
waving	0.89	0.47
best	0.89	1.73
kate	0.89	0.32
settlement	0.90	0.53
tournament	0.90	0.65
dark	0.90	0.43
en	0.90	0.42
maria	0.90	0.49
soft	0.90	0.72
pro	0.90	0.67
consensus	0.90	0.49
glory	0.91	0.57
shake	0.91	0.43
broadway	0.91	0.57
neighbor	0.91	0.69
mama	0.91	0.70
chairs	0.91	0.51
restaurant	0.91	0.65
games	0.91	0.63
sighed	0.91	0.40
summit	0.91	0.44
subtle	0.91	0.77
lips	0.91	0.41
carved	0.91	0.42
dialogue	0.91	0.45
palace	0.92	0.57
bowed	0.92	0.29
normal	0.92	0.61
quiet	0.92	0.60
castle	0.93	0.77
blue	0.93	0.50
silly	0.93	1.19
essential	0.93	0.59
priest	0.94	0.55
crown	0.94	0.41
tour	0.94	0.21
chapter	0.94	0.50
dignity	0.94	0.50
tennis	0.94	0.60
rows	0.94	0.44
white	0.94	0.49
abraham	0.94	0.59
shakes	0.94	0.45
compromise	0.94	0.44
robert	0.95	0.25
excuse	0.96	0.89
ruth	0.96	0.39
useful	0.96	0.91
remarkable	0.96	0.66
young	0.96	0.97
relax	0.96	0.52
joan	0.97	0.38
lucy	0.97	0.63
expensive	0.97	0.87
shopping	0.97	0.61
dancing	0.97	0.71
red	0.97	0.47
rock	0.97	0.62
promise	0.97	0.30
ballet	0.97	0.57
black	0.97	0.48
fixed	0.98	0.40
gray	0.98	0.47
mikal	0.98	0.76
ansset	0.98	0.67
row	0.98	0.43
returns	0.98	0.49
painted	0.98	0.58
straight	0.98	0.31
gold	0.98	0.34
yellow	0.98	0.50
suppose	0.98	0.87
papa	0.99	0.55
margaret	0.99	0.55
patricia	0.99	0.55
finish	0.99	0.29
colored	0.99	0.61
detailed	0.99	0.63
final	0.99	0.56
safely	1.00	0.37
improved	1.00	1.47
successful	1.00	0.75
diplomatic	1.00	0.54
guiliano	1.00	1.20
girls	1.00	0.67
okay	1.00	0.97
style	1.01	0.50
never	1.01	1.15
thin	1.01	0.47
marriage	1.01	0.89
plant	1.01	0.87
eric	1.02	0.30
wise	1.02	0.59
crosses	1.02	0.48
peace	1.02	0.56
busy	1.02	1.21
winter	1.02	0.95
instruments	1.02	0.78
uh	1.03	0.98
musical	1.03	0.70
bent	1.03	0.49
july	1.03	0.57
orchestra	1.04	0.71
married	1.04	0.90
remember	1.04	0.74
karen	1.04	0.32
theme	1.04	0.76
recorded	1.04	0.65
automatically	1.04	0.26
ian	1.05	0.43
models	1.05	0.55
join	1.05	0.38
short	1.05	0.51
tune	1.05	1.06
maintain	1.05	0.50
wife	1.05	0.97
roots	1.05	0.93
decent	1.06	1.52
guest	1.06	0.44
efficient	1.06	0.61
forehead	1.06	0.51
manner	1.06	0.53
actress	1.06	0.51
passion	1.07	1.37
fancy	1.07	0.54
plays	1.08	0.83
father	1.08	1.21
throne	1.08	0.41
truly	1.08	0.69
gift	1.08	0.42
complicated	1.08	0.78
free	1.08	0.46
cody	1.08	0.25
manhattan	1.09	0.62
branches	1.09	0.83
pause	1.09	0.71
loyal	1.09	0.45
bonny	1.09	0.40
bright	1.10	0.58
singing	1.10	0.96
name	1.10	0.51
frame	1.11	0.53
exclaimed	1.11	1.72
addressed	1.11	0.29
husband	1.11	0.95
sorry	1.11	0.88
silver	1.12	0.55
detail	1.12	0.47
brown	1.12	0.51
daughter	1.12	0.92
hair	1.12	0.34
moderate	1.12	0.56
sight	1.13	0.41
ring	1.13	0.31
ellen	1.13	0.73
pearl	1.14	0.37
barbara	1.14	0.42
freedom	1.14	0.67
uncle	1.14	0.69
dad	1.14	0.41
anne	1.15	0.59
noble	1.15	0.66
patrick	1.15	0.36
laughs	1.15	0.48
leah	1.15	0.49
color	1.15	0.65
romantic	1.16	1.30
sarah	1.16	0.65
occasion	1.16	0.72
attend	1.16	0.40
nods	1.16	0.46
colors	1.16	0.63
summer	1.17	0.75
zoya	1.17	1.15
leo	1.17	0.33
life	1.17	1.35
laura	1.17	0.55
minute	1.18	0.72
pale	1.18	0.47
maggie	1.18	0.52
pink	1.18	0.64
smooth	1.18	0.57
piano	1.19	1.04
cheeks	1.19	0.57
de	1.20	0.32
nesbitt	1.20	0.65
checking	1.21	0.47
emily	1.21	0.46
date	1.21	0.56
jane	1.22	0.58
sum	1.22	0.55
pop	1.22	0.85
worthy	1.22	0.35
sacred	1.23	0.41
friend	1.23	0.80
fun	1.24	0.68
features	1.24	0.57
fashion	1.24	0.56
letter	1.24	0.33
queen	1.24	0.61
precious	1.24	0.45
liberty	1.24	0.56
steady	1.24	0.59
helen	1.24	0.45
gentlemen	1.25	0.33
jazz	1.25	0.87
imperial	1.25	0.35
invitation	1.26	0.39
shade	1.27	0.85
purple	1.27	0.66
cousin	1.27	0.80
touching	1.28	0.66
chalk	1.28	0.49
improve	1.29	1.36
curve	1.29	0.68
play	1.29	0.77
aunt	1.29	0.61
figure	1.30	0.51
sister	1.31	1.05
music	1.31	0.91
ceremony	1.32	0.52
god	1.32	1.24
played	1.32	1.42
fruit	1.33	0.74
playing	1.33	0.87
ladies	1.34	0.58
lean	1.34	0.63
lucky	1.34	1.45
patch	1.34	0.85
planted	1.35	1.06
dance	1.35	0.81
fairly	1.35	0.61
leaves	1.35	0.98
sir	1.35	0.64
festival	1.36	0.58
smiling	1.36	0.48
greeted	1.36	0.38
stability	1.36	0.50
susan	1.36	1.41
reasonable	1.36	0.61
grounds	1.36	0.63
fit	1.36	0.75
green	1.36	0.73
amazing	1.36	0.33
singer	1.37	0.83
band	1.37	0.93
cooperation	1.37	0.52
nicholas	1.37	0.41
elizabeth	1.37	0.66
cool	1.37	0.92
mine	1.38	0.36
outstanding	1.38	1.24
lawn	1.39	0.89
tree	1.39	0.96
guests	1.40	0.56
true	1.41	1.03
careful	1.42	0.53
modest	1.42	0.59
hi	1.42	0.74
joke	1.42	1.01
striking	1.42	1.52
cheek	1.42	0.72
touched	1.43	0.71
praise	1.43	1.26
hers	1.44	0.72
nice	1.44	1.32
grass	1.44	1.03
mrs	1.44	0.60
formal	1.45	0.58
laughing	1.46	1.21
friendship	1.46	1.30
plants	1.47	1.04
ezra	1.47	0.25
dressed	1.47	0.71
crystal	1.48	0.52
please	1.49	0.58
tall	1.49	0.80
ah	1.49	0.58
vacation	1.50	0.69
mr	1.51	1.10
trees	1.52	0.99
smiles	1.53	0.45
lightly	1.53	0.52
lionel	1.53	0.95
song	1.53	1.39
mild	1.55	1.59
fine	1.56	1.30
hello	1.56	0.58
beard	1.56	0.53
songs	1.57	1.41
spring	1.57	0.81
bet	1.59	1.18
julie	1.59	1.31
miss	1.59	0.26
enjoy	1.59	0.52
trust	1.60	1.33
rachel	1.61	0.33
anna	1.61	0.28
girl	1.62	0.95
elaborate	1.62	0.55
weekend	1.63	0.66
comfort	1.64	1.04
kissed	1.64	1.11
gentleman	1.65	0.71
sacrifice	1.65	1.14
tender	1.66	1.13
yes	1.66	0.58
eve	1.67	0.55
lover	1.67	1.13
right	1.67	1.21
oh	1.67	0.55
gently	1.67	0.58
mother	1.68	1.11
precisely	1.68	1.25
prince	1.68	0.49
proper	1.69	1.24
iris	1.69	0.32
classic	1.70	1.25
vito	1.70	0.33
sure	1.71	1.16
angelis	1.71	0.33
sake	1.72	0.97
woman	1.72	0.96
well	1.73	1.14
shape	1.73	1.27
arranged	1.73	0.33
blond	1.74	0.59
exact	1.74	1.29
ours	1.74	0.94
controversial	1.76	1.46
missing	1.76	1.20
yours	1.76	0.91
lady	1.77	0.43
ryan	1.77	1.40
marry	1.77	0.94
brave	1.77	0.78
golden	1.77	0.51
alive	1.78	1.01
princess	1.79	0.57
sensitive	1.80	0.65
honest	1.82	0.77
capacity	1.83	1.59
precise	1.83	1.22
intelligent	1.83	0.58
stable	1.83	0.64
eh	1.84	1.03
relaxed	1.84	1.28
thanks	1.84	1.10
strong	1.84	0.78
calm	1.84	1.26
beauty	1.85	1.15
brief	1.86	1.42
grandfather	1.87	0.97
accomplished	1.87	1.20
touch	1.88	1.04
simple	1.89	1.12
impressive	1.89	0.93
slim	1.89	0.60
clever	1.90	0.81
warm	1.92	1.37
confident	1.93	0.96
healthy	1.93	1.03
valuable	1.94	1.13
kisses	1.97	1.18
absolutely	1.97	0.84
brilliant	2.00	1.07
sing	2.01	1.20
complete	2.01	1.19
virgin	2.02	0.90
appreciate	2.03	0.83
thank	2.06	0.77
embrace	2.06	0.95
glad	2.09	0.98
solid	2.11	1.04
balance	2.12	1.09
perfectly	2.12	0.83
suitable	2.14	1.09
plenty	2.16	0.97
garden	2.17	1.18
friendly	2.18	0.98
celebration	2.19	0.97
comfortable	2.20	1.04
holiday	2.21	1.02
christmas	2.22	0.98
pure	2.24	0.75
birthday	2.24	0.91
delicate	2.24	0.87
kiss	2.25	0.88
fair	2.28	0.93
darling	2.28	0.65
loving	2.29	0.72
interesting	2.29	1.09
generous	2.29	0.67
ambitious	2.32	1.00
ideal	2.33	0.90
wedding	2.34	0.84
acceptable	2.36	0.94
attractive	2.37	0.90
welcome	2.40	0.96
flowers	2.41	1.01
gentle	2.42	0.88
handsome	2.42	0.90
secure	2.42	0.84
flower	2.43	1.00
gardens	2.44	0.95
neat	2.46	0.78
peaceful	2.46	1.08
happiness	2.48	0.88
safe	2.49	0.87
sweet	2.51	0.82
happily	2.60	0.64
elegant	2.63	0.90
dear	2.63	0.60
beautiful	2.74	0.57
splendid	2.76	0.56
charming	2.96	0.66
wonderful	3.00	0.53
